{
  "version" : "1.0",
  "intSvcs" : [ {
    "name" : "ActivationCodeService",
    "version" : "2.0",
    "etag" : "abcfe04f-058e-48b0-9d55-0e9cafc23d71"
  }, {
    "name" : "ClientAuthIdentityWrapper",
    "version" : "1.0",
    "etag" : "928b5cb7-a00e-49de-84d2-234021c0dcb0"
  }, {
    "name" : "ClientIdentityWrapperInternal",
    "version" : "1.0",
    "etag" : "9cfabb88-dd66-4efa-9804-834600a42f77"
  }, {
    "name" : "DependencyManager",
    "version" : "1.0",
    "etag" : "95a4bed2-4030-41cb-9fbb-ef72d5127581"
  }, {
    "name" : "DeviceProvisionJava",
    "version" : "1.0",
    "etag" : "c9d6c162-69c3-4f12-84e9-881bc4b6e31d"
  }, {
    "name" : "HIDApproveInitiation",
    "version" : "1.0",
    "etag" : "334823a1-1b8d-4a45-bd55-7bbc5979c0f5"
  }, {
    "name" : "HIDPollConsensus",
    "version" : "1.0",
    "etag" : "14c31e5b-7e06-4dff-a373-1c8efd7e3575"
  }, {
    "name" : "HIDPollConsensusWrapper",
    "version" : "1.0",
    "etag" : "3c789de5-483f-41d0-8bac-a38a68efdfb8"
  }, {
    "name" : "OTPServices",
    "version" : "1.0",
    "etag" : "af5330e3-da2e-4e4b-92c0-b5eb1fa36c8a"
  }, {
    "name" : "ScimAPIs",
    "version" : "1.0",
    "etag" : "efd3c40f-1ae0-42fe-8875-6917119e1e98"
  }, {
    "name" : "ScimAPIsOrg",
    "version" : "1.0",
    "etag" : "2352d5a4-5162-4a45-b308-54e16e393b19"
  }, {
    "name" : "SearchServices",
    "version" : "1.0",
    "etag" : "023c282f-2690-466e-bac0-d90d73a06396"
  }, {
    "name" : "TransactionAuthServices",
    "version" : "1.0",
    "etag" : "4a41ee4a-9f11-4ee4-98c2-1477f624b20d"
  } ],
  "orchSvcs" : [ {
    "name" : "ScimApisOrch",
    "version" : "1.0",
    "etag" : "30775233-8cf5-4e7e-a697-ccb2643e4078"
  }, {
    "name" : "SearchPushDevicesOrch",
    "version" : "1.0",
    "etag" : "2bf28251-ac0f-46a5-b7d7-e9cf10082119"
  }, {
    "name" : "SearchHardwareDevice",
    "version" : "1.0",
    "etag" : "8a4450ad-f927-42d2-b254-564da3fd3220"
  }, {
    "name" : "PushDeviceRegistrationOrch",
    "version" : "2.0",
    "etag" : "454bc05e-269b-4414-afb9-247bb72c46db"
  }, {
    "name" : "SearchDevices",
    "version" : "1.0",
    "etag" : "c7c23be1-31fe-428c-ad68-4a7df5404676"
  }, {
    "name" : "SearchAndAddHWDevice",
    "version" : "1.0",
    "etag" : "da2460de-7e19-49f1-8f35-f38d72d0d17f"
  }, {
    "name" : "AssignDevice",
    "version" : "1.0",
    "etag" : "8aa36d54-391c-4e76-802b-3c5b62689796"
  }, {
    "name" : "OnbaordingValidation",
    "version" : "2.0",
    "etag" : "8b5ca7a9-973e-4e89-92e6-6085664e2ff0"
  } ],
  "objectSvcs" : [ {
    "name" : "HIDObjects",
    "version" : "1.0",
    "etag" : "3694cb94-671e-438f-8eed-2acf2a102f38"
  } ],
  "identity" : [ "ClientIdentity", "customHIDLoginWithoutMFA", "OrgAdminScim" ]
}