{
  "version" : "1.0",
  "intSvcs" : [ {
    "name" : "ActivationCodeService",
    "version" : "2.0",
    "etag" : "9ed47eed-482b-40ef-b54f-3e268348fc44"
  }, {
    "name" : "AuthenticatorPolicy",
    "version" : "1.0",
    "etag" : "a595ef1a-3ffc-42f0-a3c2-f043664833d0"
  }, {
    "name" : "ClientAuthIdentityWrapper",
    "version" : "1.0",
    "etag" : "6e8bdb10-6051-46f8-9fc2-e76c5eb6dc5d"
  }, {
    "name" : "ClientIdentityWrapperInternal",
    "version" : "1.0",
    "etag" : "49f7bf21-3a77-4887-a0ca-1d6f525e2cab"
  }, {
    "name" : "DependencyManager",
    "version" : "1.0",
    "etag" : "95a4bed2-4030-41cb-9fbb-ef72d5127581"
  }, {
    "name" : "DeviceProvisionJava",
    "version" : "1.0",
    "etag" : "c7ceb714-c467-48ed-ad53-f32bd6ff9054"
  }, {
    "name" : "FIDO",
    "version" : "1.0",
    "etag" : "476cf464-7acc-44ee-bf75-cf8632d8a1a4"
  }, {
    "name" : "HIDApproveInitiation",
    "version" : "1.0",
    "etag" : "e73d9579-c769-4aad-9692-7307d22fb8fe"
  }, {
    "name" : "HIDPollConsensus",
    "version" : "1.0",
    "etag" : "dca76ca1-1142-40f1-ac93-ca346c06aa3d"
  }, {
    "name" : "OTPServices",
    "version" : "1.0",
    "etag" : "c454d284-15d1-49f8-989f-dbbd849c226a"
  }, {
    "name" : "PushedAuthorizationRequest",
    "version" : "1.0",
    "etag" : "949c45a0-71c8-416b-ac4a-bf28d829745a"
  }, {
    "name" : "ScimAPIs",
    "version" : "1.0",
    "etag" : "cc597616-7ce3-4fbd-a9e0-c27b8ada8b1d"
  }, {
    "name" : "ScimAPIsOrg",
    "version" : "1.0",
    "etag" : "013da4e1-feed-4299-9190-ca94ddc36847"
  }, {
    "name" : "SearchServices",
    "version" : "1.0",
    "etag" : "28a70b33-8200-4393-a36b-68fae056e606"
  }, {
    "name" : "TransactionAuthServices",
    "version" : "1.0",
    "etag" : "7b22965c-666b-428f-b0de-b5d95b5c03ba"
  } ],
  "orchSvcs" : [ {
    "name" : "AssignDevice",
    "version" : "1.0",
    "etag" : "8aa36d54-391c-4e76-802b-3c5b62689796"
  }, {
    "name" : "SearchDevices",
    "version" : "1.0",
    "etag" : "22fbd85e-bdd4-412c-b687-f06d947a534d"
  }, {
    "name" : "SearchHardwareDevice",
    "version" : "1.0",
    "etag" : "d971fd2c-a23e-41fb-af9d-76bfdaa30fd3"
  }, {
    "name" : "OnbaordingValidation",
    "version" : "2.0",
    "etag" : "29914e7e-7440-4855-9750-523e3216395a"
  }, {
    "name" : "ScimApisOrch",
    "version" : "1.0",
    "etag" : "21988aa3-66e3-44cf-b3b7-f678f05f2d91"
  }, {
    "name" : "SearchAndAddHWDevice",
    "version" : "1.0",
    "etag" : "da2460de-7e19-49f1-8f35-f38d72d0d17f"
  }, {
    "name" : "PushDeviceRegistrationOrch",
    "version" : "2.0",
    "etag" : "1716d1e4-f53f-4522-933f-aa7373582cc9"
  }, {
    "name" : "FIDOOrch",
    "version" : "1.0",
    "etag" : "c5a647ee-c80f-4db4-9641-6f1ceb60f6cc"
  } ],
  "objectSvcs" : [ {
    "name" : "HIDObjects",
    "version" : "1.0",
    "etag" : "b15b56a5-fb8d-4c0e-acb1-82798122388b"
  } ],
  "identity" : [ "ClientIdentity" ]
}