[ {
  "name" : "app_action_id",
  "dataType" : "string",
  "hasIndex" : false,
  "unique" : true,
  "primarykey" : true,
  "namefield" : false,
  "nullable" : false,
  "custom" : true,
  "createable" : true,
  "updateable" : true,
  "audit" : false,
  "customizable" : false,
  "fieldLength" : 40,
  "fieldOrder" : 6,
  "fieldProperties" : {
    "autoGenerated" : "false"
  },
  "etag" : "acb4da58-9a42-4744-9ff4-bdcbec9e206a",
  "isExtended" : false
}, {
  "name" : "application_id",
  "sourceFieldname" : "application_id",
  "description" : "application_id",
  "dataType" : "string",
  "hasIndex" : false,
  "unique" : false,
  "primarykey" : false,
  "namefield" : false,
  "nullable" : true,
  "custom" : false,
  "createable" : true,
  "updateable" : true,
  "audit" : false,
  "customizable" : false,
  "fieldOrder" : 1,
  "fieldProperties" : {
    "autoGenerated" : "false"
  },
  "etag" : "e0514a23-1593-4c51-b7f1-00796b6874dd",
  "isExtended" : false
}, {
  "name" : "channel_id",
  "sourceFieldname" : "channel_id",
  "description" : "channel_id",
  "dataType" : "string",
  "hasIndex" : false,
  "unique" : false,
  "primarykey" : false,
  "namefield" : false,
  "nullable" : true,
  "custom" : false,
  "createable" : true,
  "updateable" : true,
  "audit" : false,
  "customizable" : false,
  "fieldOrder" : 2,
  "fieldProperties" : {
    "autoGenerated" : "false"
  },
  "etag" : "961b318a-03d3-4a2b-b5f1-6060441e0e46",
  "isExtended" : false
}, {
  "name" : "error_code",
  "sourceFieldname" : "error_code",
  "description" : "error_code",
  "dataType" : "string",
  "hasIndex" : false,
  "unique" : false,
  "primarykey" : false,
  "namefield" : false,
  "nullable" : true,
  "custom" : false,
  "createable" : true,
  "updateable" : true,
  "audit" : false,
  "customizable" : false,
  "fieldOrder" : 3,
  "fieldProperties" : {
    "autoGenerated" : "false"
  },
  "etag" : "627c6ce0-6063-4585-895d-cecb78bae169",
  "isExtended" : false
}, {
  "name" : "error_message",
  "sourceFieldname" : "error_message",
  "description" : "error_message",
  "dataType" : "string",
  "hasIndex" : false,
  "unique" : false,
  "primarykey" : false,
  "namefield" : false,
  "nullable" : true,
  "custom" : false,
  "createable" : true,
  "updateable" : true,
  "audit" : false,
  "customizable" : false,
  "fieldOrder" : 4,
  "fieldProperties" : {
    "autoGenerated" : "false"
  },
  "etag" : "937707d3-b06a-4e94-9f1f-5c55ff4644d0",
  "isExtended" : false
}, {
  "name" : "platform",
  "dataType" : "string",
  "hasIndex" : false,
  "unique" : false,
  "primarykey" : false,
  "namefield" : false,
  "nullable" : true,
  "custom" : true,
  "createable" : true,
  "updateable" : true,
  "audit" : false,
  "customizable" : false,
  "fieldLength" : 40,
  "fieldOrder" : 7,
  "fieldProperties" : {
    "autoGenerated" : "false"
  },
  "etag" : "ae675422-91d4-4eca-86e4-353b583bffd6",
  "isExtended" : false
}, {
  "name" : "tm_action_id",
  "sourceFieldname" : "tm_action_id",
  "description" : "tm_action_id",
  "dataType" : "string",
  "hasIndex" : false,
  "unique" : false,
  "primarykey" : false,
  "namefield" : false,
  "nullable" : true,
  "custom" : false,
  "createable" : true,
  "updateable" : true,
  "audit" : false,
  "customizable" : false,
  "fieldOrder" : 5,
  "fieldProperties" : {
    "autoGenerated" : "false"
  },
  "etag" : "132b2a02-94cf-4f42-bca6-c5d1d222ff1a",
  "isExtended" : false
} ]