{
  "operationConfig" : {
    "name" : "getScanToApproveQrData3940",
    "type" : "MappedToBackend",
    "cachable" : false,
    "smsEnabled" : false,
    "security" : "public",
    "responseEncoding" : "UTF-8",
    "httpMethod" : "GET",
    "decodeResponseBody" : false,
    "iMapping" : "<?xml version=\"1.0\" encoding=\"UTF-8\" standalone=\"yes\"?>\n<mapper xmlns=\"http://www.kony.com/ns/mapper\">\n    <map inputpath=\"request_in\" outputpath=\"request_out\">\n        <set-param inputpath=\"correlationId\" outputpath=\"correlationId\"/>\n    </map>\n</mapper>\n",
    "oMapping" : "<?xml version=\"1.0\" encoding=\"UTF-8\" standalone=\"yes\"?>\n<mapper xmlns=\"http://www.kony.com/ns/mapper\">\n    <map inputpath=\"response_in\" outputpath=\"response_out\">\n        <map inputpath=\"\" outputpath=\"getScanToApproveQrData\">\n            <set-param inputpath=\"auth_req_id\" outputpath=\"auth_req_id\"/>\n            <set-param inputpath=\"interval\" outputpath=\"interval\"/>\n            <set-param inputpath=\"txid\" outputpath=\"txid\"/>\n            <set-param inputpath=\"expires_in\" outputpath=\"expires_in\"/>\n            <set-param inputpath=\"error\" outputpath=\"error\"/>\n            <set-param inputpath=\"error_description\" outputpath=\"error_description\"/>\n        </map>\n    </map>\n</mapper>\n",
    "iVisualMappingData" : "{\"nodeDataArray\":[{\"isGroup\":true,\"key\":\"request_in\",\"text\":\"getScanToApproveQrData\",\"xy\":\"150 100\"},{\"isGroup\":true,\"key\":\"request_out\",\"text\":\"GetScanToApproveQrData (1.0).getScanToApproveQrData\",\"xy\":\"770 100\"}],\"linkDataArray\":[{\"category\":\"Mapping\",\"visible\":true,\"from\":\"source:getScanToApproveQrData:correlationId:\",\"to\":\"target:correlationId:\",\"fromPort\":\"source:getScanToApproveQrData:correlationId:\",\"toPort\":\"target:correlationId:\"}],\"blockCount\":{\"variableCount\":0},\"variableMap\":{},\"xmlMappingOverride\":false}",
    "oVisualMappingData" : "{\"nodeDataArray\":[{\"isGroup\":true,\"key\":\"response_out\",\"text\":\"getScanToApproveQrData\",\"xy\":\"770 100\"},{\"isGroup\":true,\"key\":\"response_in\",\"text\":\"GetScanToApproveQrData (1.0).getScanToApproveQrData\",\"xy\":\"150 100\"}],\"linkDataArray\":[{\"from\":\"target\",\"to\":\"target:getScanToApproveQrData\",\"fromPort\":\"target\",\"toPort\":\"target:getScanToApproveQrData\",\"visible\":true,\"common\":false},{\"from\":\"target:getScanToApproveQrData\",\"to\":\"target:getScanToApproveQrData:t_p_fields\",\"fromPort\":\"target:getScanToApproveQrData\",\"toPort\":\"target:getScanToApproveQrData:t_p_fields\",\"visible\":true,\"common\":false},{\"from\":\"target:getScanToApproveQrData:t_p_fields\",\"to\":\"target:getScanToApproveQrData:auth_req_id:\",\"fromPort\":\"target:getScanToApproveQrData:t_p_fields\",\"toPort\":\"target:getScanToApproveQrData:auth_req_id:\",\"visible\":true,\"common\":false},{\"from\":\"target:getScanToApproveQrData:t_p_fields\",\"to\":\"target:getScanToApproveQrData:interval:\",\"fromPort\":\"target:getScanToApproveQrData:t_p_fields\",\"toPort\":\"target:getScanToApproveQrData:interval:\",\"visible\":true,\"common\":false},{\"from\":\"target:getScanToApproveQrData:t_p_fields\",\"to\":\"target:getScanToApproveQrData:txid:\",\"fromPort\":\"target:getScanToApproveQrData:t_p_fields\",\"toPort\":\"target:getScanToApproveQrData:txid:\",\"visible\":true,\"common\":false},{\"from\":\"target:getScanToApproveQrData:t_p_fields\",\"to\":\"target:getScanToApproveQrData:expires_in:\",\"fromPort\":\"target:getScanToApproveQrData:t_p_fields\",\"toPort\":\"target:getScanToApproveQrData:expires_in:\",\"visible\":true,\"common\":false},{\"from\":\"target:getScanToApproveQrData:t_p_fields\",\"to\":\"target:getScanToApproveQrData:error:\",\"fromPort\":\"target:getScanToApproveQrData:t_p_fields\",\"toPort\":\"target:getScanToApproveQrData:error:\",\"visible\":true,\"common\":false},{\"from\":\"target:getScanToApproveQrData:t_p_fields\",\"to\":\"target:getScanToApproveQrData:error_description:\",\"fromPort\":\"target:getScanToApproveQrData:t_p_fields\",\"toPort\":\"target:getScanToApproveQrData:error_description:\",\"visible\":true,\"common\":false},{\"from\":\"source\",\"to\":\"source:t_p_parameters\",\"fromPort\":\"source\",\"toPort\":\"source:t_p_parameters\",\"visible\":true,\"common\":false},{\"from\":\"source:t_p_parameters\",\"to\":\"source:auth_req_id:\",\"fromPort\":\"source:t_p_parameters\",\"toPort\":\"source:auth_req_id:\",\"visible\":true,\"common\":false},{\"from\":\"source:t_p_parameters\",\"to\":\"source:error:\",\"fromPort\":\"source:t_p_parameters\",\"toPort\":\"source:error:\",\"visible\":true,\"common\":false},{\"from\":\"source:t_p_parameters\",\"to\":\"source:error_description:\",\"fromPort\":\"source:t_p_parameters\",\"toPort\":\"source:error_description:\",\"visible\":true,\"common\":false},{\"from\":\"source:t_p_parameters\",\"to\":\"source:expires_in:\",\"fromPort\":\"source:t_p_parameters\",\"toPort\":\"source:expires_in:\",\"visible\":true,\"common\":false},{\"from\":\"source:t_p_parameters\",\"to\":\"source:interval:\",\"fromPort\":\"source:t_p_parameters\",\"toPort\":\"source:interval:\",\"visible\":true,\"common\":false},{\"from\":\"source:t_p_parameters\",\"to\":\"source:txid:\",\"fromPort\":\"source:t_p_parameters\",\"toPort\":\"source:txid:\",\"visible\":true,\"common\":false},{\"category\":\"Mapping\",\"from\":\"source:auth_req_id:\",\"to\":\"target:getScanToApproveQrData:auth_req_id:\",\"fromPort\":\"source:auth_req_id:\",\"toPort\":\"target:getScanToApproveQrData:auth_req_id:\",\"visible\":true,\"common\":false},{\"category\":\"Mapping\",\"from\":\"source:interval:\",\"to\":\"target:getScanToApproveQrData:interval:\",\"fromPort\":\"source:interval:\",\"toPort\":\"target:getScanToApproveQrData:interval:\",\"visible\":true,\"common\":false},{\"category\":\"Mapping\",\"from\":\"source:txid:\",\"to\":\"target:getScanToApproveQrData:txid:\",\"fromPort\":\"source:txid:\",\"toPort\":\"target:getScanToApproveQrData:txid:\",\"visible\":true,\"common\":false},{\"category\":\"Mapping\",\"from\":\"source:expires_in:\",\"to\":\"target:getScanToApproveQrData:expires_in:\",\"fromPort\":\"source:expires_in:\",\"toPort\":\"target:getScanToApproveQrData:expires_in:\",\"visible\":true,\"common\":false},{\"category\":\"Mapping\",\"from\":\"source:error:\",\"to\":\"target:getScanToApproveQrData:error:\",\"fromPort\":\"source:error:\",\"toPort\":\"target:getScanToApproveQrData:error:\",\"visible\":true,\"common\":false},{\"category\":\"Mapping\",\"from\":\"source:error_description:\",\"to\":\"target:getScanToApproveQrData:error_description:\",\"fromPort\":\"source:error_description:\",\"toPort\":\"target:getScanToApproveQrData:error_description:\",\"visible\":true,\"common\":false}],\"blockCount\":{\"variableCount\":0},\"variableMap\":{},\"xmlMappingOverride\":false}",
    "applyCommonMapping" : false,
    "applyRequestCommonMapping" : false,
    "applyResponseCommonMapping" : false,
    "backendMeta" : {
      "serviceName" : "GetScanToApproveQrData",
      "serviceVersion" : "1.0",
      "operationName" : "getScanToApproveQrData"
    },
    "relationshipHierarchyMapping" : {
      "name" : "getScanToApproveQrData",
      "children" : [ ],
      "actions" : { },
      "selected" : true
    },
    "requestXmlMappingOverride" : false,
    "responseXmlMappingOverride" : false,
    "mapperData" : [ {
      "name" : "base mapper1",
      "order" : 1,
      "iMapping" : "<?xml version=\"1.0\" encoding=\"UTF-8\" standalone=\"yes\"?><mapper xmlns=\"http://www.kony.com/ns/mapper\">  <map inputpath=\"request_in\" outputpath=\"request_out\">    <set-param inputpath=\"correlationId\" outputpath=\"correlationId\"/>  </map></mapper>",
      "oMapping" : "<?xml version=\"1.0\" encoding=\"UTF-8\" standalone=\"yes\"?>\n<mapper xmlns=\"http://www.kony.com/ns/mapper\">\n    <map inputpath=\"response_in\" outputpath=\"response_out\">\n        <map inputpath=\"\" outputpath=\"getScanToApproveQrData\">\n            <set-param inputpath=\"auth_req_id\" outputpath=\"auth_req_id\"/>\n            <set-param inputpath=\"interval\" outputpath=\"interval\"/>\n            <set-param inputpath=\"txid\" outputpath=\"txid\"/>\n            <set-param inputpath=\"expires_in\" outputpath=\"expires_in\"/>\n            <set-param inputpath=\"error\" outputpath=\"error\"/>\n            <set-param inputpath=\"error_description\" outputpath=\"error_description\"/>\n        </map>\n    </map>\n</mapper>\n",
      "iVisualMappingData" : "{\"nodeDataArray\":[{\"isGroup\":true,\"key\":\"request_in\",\"text\":\"getScanToApproveQrData\",\"xy\":\"150 100\"},{\"isGroup\":true,\"key\":\"request_out\",\"text\":\"GetScanToApproveQrData (1.0).getScanToApproveQrData\",\"xy\":\"770 100\"}],\"linkDataArray\":[{\"from\":\"source\",\"to\":\"source:getScanToApproveQrData\",\"fromPort\":\"source\",\"toPort\":\"source:getScanToApproveQrData\",\"visible\":true,\"common\":false},{\"from\":\"source:getScanToApproveQrData\",\"to\":\"source:getScanToApproveQrData:t_p_fields\",\"fromPort\":\"source:getScanToApproveQrData\",\"toPort\":\"source:getScanToApproveQrData:t_p_fields\",\"visible\":true,\"common\":false},{\"from\":\"source:getScanToApproveQrData:t_p_fields\",\"to\":\"source:getScanToApproveQrData:auth_req_id:\",\"fromPort\":\"source:getScanToApproveQrData:t_p_fields\",\"toPort\":\"source:getScanToApproveQrData:auth_req_id:\",\"visible\":true,\"common\":false},{\"from\":\"source:getScanToApproveQrData:t_p_fields\",\"to\":\"source:getScanToApproveQrData:interval:\",\"fromPort\":\"source:getScanToApproveQrData:t_p_fields\",\"toPort\":\"source:getScanToApproveQrData:interval:\",\"visible\":true,\"common\":false},{\"from\":\"source:getScanToApproveQrData:t_p_fields\",\"to\":\"source:getScanToApproveQrData:txid:\",\"fromPort\":\"source:getScanToApproveQrData:t_p_fields\",\"toPort\":\"source:getScanToApproveQrData:txid:\",\"visible\":true,\"common\":false},{\"from\":\"source:getScanToApproveQrData:t_p_fields\",\"to\":\"source:getScanToApproveQrData:expires_in:\",\"fromPort\":\"source:getScanToApproveQrData:t_p_fields\",\"toPort\":\"source:getScanToApproveQrData:expires_in:\",\"visible\":true,\"common\":false},{\"from\":\"source:getScanToApproveQrData:t_p_fields\",\"to\":\"source:getScanToApproveQrData:error:\",\"fromPort\":\"source:getScanToApproveQrData:t_p_fields\",\"toPort\":\"source:getScanToApproveQrData:error:\",\"visible\":true,\"common\":false},{\"from\":\"source:getScanToApproveQrData:t_p_fields\",\"to\":\"source:getScanToApproveQrData:error_description:\",\"fromPort\":\"source:getScanToApproveQrData:t_p_fields\",\"toPort\":\"source:getScanToApproveQrData:error_description:\",\"visible\":true,\"common\":false},{\"from\":\"source:getScanToApproveQrData:t_p_fields\",\"to\":\"source:getScanToApproveQrData:correlationId:\",\"fromPort\":\"source:getScanToApproveQrData:t_p_fields\",\"toPort\":\"source:getScanToApproveQrData:correlationId:\",\"visible\":true,\"common\":false},{\"from\":\"target\",\"to\":\"target:t_p_parameters\",\"fromPort\":\"target\",\"toPort\":\"target:t_p_parameters\",\"visible\":true,\"common\":false},{\"from\":\"target:t_p_parameters\",\"to\":\"target:acr_values:\",\"fromPort\":\"target:t_p_parameters\",\"toPort\":\"target:acr_values:\",\"visible\":true,\"common\":false},{\"from\":\"target:t_p_parameters\",\"to\":\"target:correlationId:\",\"fromPort\":\"target:t_p_parameters\",\"toPort\":\"target:correlationId:\",\"visible\":true,\"common\":false},{\"from\":\"target:t_p_parameters\",\"to\":\"target:login_hint_token:\",\"fromPort\":\"target:t_p_parameters\",\"toPort\":\"target:login_hint_token:\",\"visible\":true,\"common\":false},{\"from\":\"target:t_p_parameters\",\"to\":\"target:scope:\",\"fromPort\":\"target:t_p_parameters\",\"toPort\":\"target:scope:\",\"visible\":true,\"common\":false},{\"category\":\"Mapping\",\"visible\":true,\"from\":\"source:getScanToApproveQrData:correlationId:\",\"to\":\"target:correlationId:\",\"fromPort\":\"source:getScanToApproveQrData:correlationId:\",\"toPort\":\"target:correlationId:\"}],\"blockCount\":{\"variableCount\":0},\"variableMap\":{},\"xmlMappingOverride\":false}",
      "oVisualMappingData" : "{\"nodeDataArray\":[{\"isGroup\":true,\"key\":\"response_out\",\"text\":\"getScanToApproveQrData\",\"xy\":\"770 100\"},{\"isGroup\":true,\"key\":\"response_in\",\"text\":\"GetScanToApproveQrData (1.0).getScanToApproveQrData\",\"xy\":\"150 100\"}],\"linkDataArray\":[{\"from\":\"target\",\"to\":\"target:getScanToApproveQrData\",\"fromPort\":\"target\",\"toPort\":\"target:getScanToApproveQrData\",\"visible\":true,\"common\":false},{\"from\":\"target:getScanToApproveQrData\",\"to\":\"target:getScanToApproveQrData:t_p_fields\",\"fromPort\":\"target:getScanToApproveQrData\",\"toPort\":\"target:getScanToApproveQrData:t_p_fields\",\"visible\":true,\"common\":false},{\"from\":\"target:getScanToApproveQrData:t_p_fields\",\"to\":\"target:getScanToApproveQrData:auth_req_id:\",\"fromPort\":\"target:getScanToApproveQrData:t_p_fields\",\"toPort\":\"target:getScanToApproveQrData:auth_req_id:\",\"visible\":true,\"common\":false},{\"from\":\"target:getScanToApproveQrData:t_p_fields\",\"to\":\"target:getScanToApproveQrData:interval:\",\"fromPort\":\"target:getScanToApproveQrData:t_p_fields\",\"toPort\":\"target:getScanToApproveQrData:interval:\",\"visible\":true,\"common\":false},{\"from\":\"target:getScanToApproveQrData:t_p_fields\",\"to\":\"target:getScanToApproveQrData:txid:\",\"fromPort\":\"target:getScanToApproveQrData:t_p_fields\",\"toPort\":\"target:getScanToApproveQrData:txid:\",\"visible\":true,\"common\":false},{\"from\":\"target:getScanToApproveQrData:t_p_fields\",\"to\":\"target:getScanToApproveQrData:expires_in:\",\"fromPort\":\"target:getScanToApproveQrData:t_p_fields\",\"toPort\":\"target:getScanToApproveQrData:expires_in:\",\"visible\":true,\"common\":false},{\"from\":\"target:getScanToApproveQrData:t_p_fields\",\"to\":\"target:getScanToApproveQrData:error:\",\"fromPort\":\"target:getScanToApproveQrData:t_p_fields\",\"toPort\":\"target:getScanToApproveQrData:error:\",\"visible\":true,\"common\":false},{\"from\":\"target:getScanToApproveQrData:t_p_fields\",\"to\":\"target:getScanToApproveQrData:error_description:\",\"fromPort\":\"target:getScanToApproveQrData:t_p_fields\",\"toPort\":\"target:getScanToApproveQrData:error_description:\",\"visible\":true,\"common\":false},{\"from\":\"source\",\"to\":\"source:t_p_parameters\",\"fromPort\":\"source\",\"toPort\":\"source:t_p_parameters\",\"visible\":true,\"common\":false},{\"from\":\"source:t_p_parameters\",\"to\":\"source:auth_req_id:\",\"fromPort\":\"source:t_p_parameters\",\"toPort\":\"source:auth_req_id:\",\"visible\":true,\"common\":false},{\"from\":\"source:t_p_parameters\",\"to\":\"source:error:\",\"fromPort\":\"source:t_p_parameters\",\"toPort\":\"source:error:\",\"visible\":true,\"common\":false},{\"from\":\"source:t_p_parameters\",\"to\":\"source:error_description:\",\"fromPort\":\"source:t_p_parameters\",\"toPort\":\"source:error_description:\",\"visible\":true,\"common\":false},{\"from\":\"source:t_p_parameters\",\"to\":\"source:expires_in:\",\"fromPort\":\"source:t_p_parameters\",\"toPort\":\"source:expires_in:\",\"visible\":true,\"common\":false},{\"from\":\"source:t_p_parameters\",\"to\":\"source:interval:\",\"fromPort\":\"source:t_p_parameters\",\"toPort\":\"source:interval:\",\"visible\":true,\"common\":false},{\"from\":\"source:t_p_parameters\",\"to\":\"source:txid:\",\"fromPort\":\"source:t_p_parameters\",\"toPort\":\"source:txid:\",\"visible\":true,\"common\":false},{\"category\":\"Mapping\",\"from\":\"source:auth_req_id:\",\"to\":\"target:getScanToApproveQrData:auth_req_id:\",\"fromPort\":\"source:auth_req_id:\",\"toPort\":\"target:getScanToApproveQrData:auth_req_id:\",\"visible\":true,\"common\":false},{\"category\":\"Mapping\",\"from\":\"source:interval:\",\"to\":\"target:getScanToApproveQrData:interval:\",\"fromPort\":\"source:interval:\",\"toPort\":\"target:getScanToApproveQrData:interval:\",\"visible\":true,\"common\":false},{\"category\":\"Mapping\",\"from\":\"source:txid:\",\"to\":\"target:getScanToApproveQrData:txid:\",\"fromPort\":\"source:txid:\",\"toPort\":\"target:getScanToApproveQrData:txid:\",\"visible\":true,\"common\":false},{\"category\":\"Mapping\",\"from\":\"source:expires_in:\",\"to\":\"target:getScanToApproveQrData:expires_in:\",\"fromPort\":\"source:expires_in:\",\"toPort\":\"target:getScanToApproveQrData:expires_in:\",\"visible\":true,\"common\":false},{\"category\":\"Mapping\",\"from\":\"source:error:\",\"to\":\"target:getScanToApproveQrData:error:\",\"fromPort\":\"source:error:\",\"toPort\":\"target:getScanToApproveQrData:error:\",\"visible\":true,\"common\":false},{\"category\":\"Mapping\",\"from\":\"source:error_description:\",\"to\":\"target:getScanToApproveQrData:error_description:\",\"fromPort\":\"source:error_description:\",\"toPort\":\"target:getScanToApproveQrData:error_description:\",\"visible\":true,\"common\":false}],\"blockCount\":{\"variableCount\":0},\"variableMap\":{},\"xmlMappingOverride\":false}",
      "requestXmlMappingOverride" : false,
      "responseXmlMappingOverride" : false,
      "disabled" : false,
      "applyCommonMapping" : false,
      "applyRequestCommonMapping" : false,
      "applyResponseCommonMapping" : false
    } ]
  },
  "enableFrontendUrl" : false,
  "customVerb" : false
}