{
  "version" : "1.0",
  "intSvcs" : [ {
    "name" : "Authenticator",
    "version" : "1.0",
    "etag" : "8f8f2fd8-4055-4679-a581-944a5f10c92c"
  }, {
    "name" : "AuthenticatorServices",
    "version" : "1.0",
    "etag" : "c4b1cfe7-c136-4bba-8525-333e89d479bf"
  }, {
    "name" : "ClientAuthIdentityWrapper",
    "version" : "1.0",
    "etag" : "e00d8ab9-a3da-48d3-a8e1-0733a08dece0"
  }, {
    "name" : "ClientIdentityWrapperInternal",
    "version" : "1.0",
    "etag" : "49f7bf21-3a77-4887-a0ca-1d6f525e2cab"
  }, {
    "name" : "DependencyManager",
    "version" : "1.0",
    "etag" : "95a4bed2-4030-41cb-9fbb-ef72d5127581"
  }, {
    "name" : "OrgAdminAuthentication",
    "version" : "1.0",
    "etag" : "e4674b31-0c2a-416e-b29e-50ca5682c1a7"
  }, {
    "name" : "ScimAPIs",
    "version" : "1.0",
    "etag" : "b9aafa19-bd69-45db-9497-f239471f786d"
  }, {
    "name" : "ScimAPIsOrg",
    "version" : "1.0",
    "etag" : "e82d0a05-3987-4da9-948f-5ac01311662d"
  }, {
    "name" : "SearchServices",
    "version" : "1.0",
    "etag" : "f0b04fad-78af-489d-ae4c-e118277a980a"
  }, {
    "name" : "SelfServiceOrgIdentity",
    "version" : "1.0",
    "etag" : "7782e44d-18f8-46da-8693-ab2372a5ab19"
  }, {
    "name" : "UserAdministration",
    "version" : "1.0",
    "etag" : "31e56dc1-fa98-46f9-bcd0-459e9bc4cc1a"
  }, {
    "name" : "UserManagementService",
    "version" : "1.0",
    "etag" : "d35a8c80-054a-4be4-abdf-e2802edb60d4"
  } ],
  "orchSvcs" : [ {
    "name" : "ResetAuthenticatorFailureCount",
    "version" : "1.0",
    "etag" : "a530b345-b7d7-42a9-b765-c9366e8fc876"
  }, {
    "name" : "OrgIdentityOrch",
    "version" : "1.0",
    "etag" : "f0987ec2-4184-4f2a-b718-39ffe19ef586"
  }, {
    "name" : "PasswordPolicyLooping",
    "version" : "1.0",
    "etag" : "b0c60f6a-a38c-4d80-811b-63086d8217b5"
  }, {
    "name" : "ResetAuthenticatorFailCount",
    "version" : "1.0",
    "etag" : "3741798b-9c2d-4786-998a-ca97ad48aa2f"
  }, {
    "name" : "ChangePassword",
    "version" : "1.0",
    "etag" : "adc07d27-3e6f-4d53-a3c0-e0ea681b52f6"
  }, {
    "name" : "DeleteMultipleAuthenticators",
    "version" : "1.0",
    "etag" : "223d6bb9-fffb-46a7-827d-89c7cd3fc699"
  }, {
    "name" : "Authenticators",
    "version" : "1.0",
    "etag" : "bc188e4d-7bd8-4246-b7f5-fe6912bd3796"
  }, {
    "name" : "UserAccountReset",
    "version" : "1.0",
    "etag" : "7d457873-c6b7-4b28-9f51-28d2308c7509"
  }, {
    "name" : "AuthenticatorOrchServices",
    "version" : "1.0",
    "etag" : "c6962ec4-3a9d-4ef7-9857-28c8e373075c"
  } ],
  "objectSvcs" : [ {
    "name" : "HIDUserAdministration",
    "version" : "1.0",
    "etag" : "2a26d1e0-a145-4a0a-8d01-7ad2b46ba27b"
  } ],
  "identity" : [ "ClientIdentity", "CustomOrgIdentity", "OrgAdminScim" ]
}