{
  "version" : "1.0",
  "intSvcs" : [ {
    "name" : "Authenticator",
    "version" : "1.0",
    "etag" : "a43f598b-b747-47ea-b5e1-0b3328682c37"
  }, {
    "name" : "AuthenticatorPolicy",
    "version" : "1.0",
    "etag" : "a595ef1a-3ffc-42f0-a3c2-f043664833d0"
  }, {
    "name" : "AuthenticatorServices",
    "version" : "1.0",
    "etag" : "8138c7f1-3591-40cf-857a-13ea1d5d2cf4"
  }, {
    "name" : "ClientAuthIdentityWrapper",
    "version" : "1.0",
    "etag" : "6e8bdb10-6051-46f8-9fc2-e76c5eb6dc5d"
  }, {
    "name" : "ClientIdentityWrapperInternal",
    "version" : "1.0",
    "etag" : "49f7bf21-3a77-4887-a0ca-1d6f525e2cab"
  }, {
    "name" : "DependencyManager",
    "version" : "1.0",
    "etag" : "95a4bed2-4030-41cb-9fbb-ef72d5127581"
  }, {
    "name" : "OrgAdminAuthentication",
    "version" : "1.0",
    "etag" : "e4674b31-0c2a-416e-b29e-50ca5682c1a7"
  }, {
    "name" : "ScimAPIs",
    "version" : "1.0",
    "etag" : "cc597616-7ce3-4fbd-a9e0-c27b8ada8b1d"
  }, {
    "name" : "ScimAPIsOrg",
    "version" : "1.0",
    "etag" : "013da4e1-feed-4299-9190-ca94ddc36847"
  }, {
    "name" : "SearchServices",
    "version" : "1.0",
    "etag" : "28a70b33-8200-4393-a36b-68fae056e606"
  }, {
    "name" : "SelfServiceOrgIdentity",
    "version" : "1.0",
    "etag" : "b8dbc378-d9f7-4265-bc97-54e9271a2bb7"
  }, {
    "name" : "UserAdministration",
    "version" : "1.0",
    "etag" : "2fc94bec-f941-4723-ba46-95d625a1e718"
  }, {
    "name" : "UserManagementService",
    "version" : "1.0",
    "etag" : "b8ee36ed-e61b-4b18-9ee3-69216a5aa0b3"
  } ],
  "orchSvcs" : [ {
    "name" : "AuthenticatorOrchServices",
    "version" : "1.0",
    "etag" : "c6962ec4-3a9d-4ef7-9857-28c8e373075c"
  }, {
    "name" : "ChangePassword",
    "version" : "1.0",
    "etag" : "618d7d2e-88fe-41ca-8c5d-f8f21878f068"
  }, {
    "name" : "ResetPassword",
    "version" : "1.0",
    "etag" : "d3ce607f-1805-4735-8ab9-478de826bdd0"
  }, {
    "name" : "DeleteMultipleAuthenticators",
    "version" : "1.0",
    "etag" : "223d6bb9-fffb-46a7-827d-89c7cd3fc699"
  }, {
    "name" : "UserAccountReset",
    "version" : "1.0",
    "etag" : "7d457873-c6b7-4b28-9f51-28d2308c7509"
  }, {
    "name" : "ResetAuthenticatorFailureCount",
    "version" : "1.0",
    "etag" : "ec5e770e-0d19-403a-9851-352d48b38a60"
  }, {
    "name" : "Authenticators",
    "version" : "1.0",
    "etag" : "bc188e4d-7bd8-4246-b7f5-fe6912bd3796"
  }, {
    "name" : "PasswordPolicyLooping",
    "version" : "1.0",
    "etag" : "60a46b9d-b337-41e6-876b-d60d8da210d5"
  }, {
    "name" : "OrgIdentityOrch",
    "version" : "1.0",
    "etag" : "90ab86ae-9685-4123-b19e-7bcd6960fcb7"
  }, {
    "name" : "ResetAuthenticatorFailCount",
    "version" : "1.0",
    "etag" : "3cd14593-427f-4965-b549-78decb7d60b4"
  } ],
  "objectSvcs" : [ {
    "name" : "HIDUserAdministration",
    "version" : "1.0",
    "etag" : "86634987-bc1a-4cf8-acdc-20656ccfbff4"
  } ],
  "identity" : [ "ClientIdentity" ]
}