{
  "operationConfig" : {
    "name" : "addOOBAuthenticator5338",
    "type" : "MappedToBackend",
    "cachable" : false,
    "smsEnabled" : false,
    "security" : "authorized_app",
    "responseEncoding" : "UTF-8",
    "httpMethod" : "GET",
    "decodeResponseBody" : false,
    "iMapping" : "<?xml version=\"1.0\" encoding=\"UTF-8\" standalone=\"yes\"?>\n<mapper xmlns=\"http://www.kony.com/ns/mapper\">\n    <map inputpath=\"request_in\" outputpath=\"request_out\">\n        <set-param inputpath=\"AuthenticatorType\" outputpath=\"AuthenticatorType\"/>\n        <set-param inputpath=\"AuthenticatorValue\" outputpath=\"AuthenticatorValue\"/>\n        <set-param inputpath=\"userId\" outputpath=\"userId\"/>\n    </map>\n</mapper>\n",
    "oMapping" : "<?xml version=\"1.0\" encoding=\"UTF-8\" standalone=\"yes\"?>\n<mapper xmlns=\"http://www.kony.com/ns/mapper\">\n    <map inputpath=\"response_in\" outputpath=\"response_out\">\n        <map inputpath=\"\" outputpath=\"AddOOBAuthenticator\">\n            <set-param inputpath=\"active\" outputpath=\"active\"/>\n            <set-param inputpath=\"id\" outputpath=\"id\"/>\n            <set-param inputpath=\"scimType_OTP\" outputpath=\"scimType_OTP\"/>\n        </map>\n    </map>\n</mapper>\n",
    "iVisualMappingData" : "{\"nodeDataArray\":[{\"isGroup\":true,\"key\":\"request_in\",\"text\":\"AddOOBAuthenticator\",\"xy\":\"270 250\"},{\"isGroup\":true,\"key\":\"request_out\",\"text\":\"ScimAPIsOrg (1.0).addOOBAuthenticator\",\"xy\":\"865 283\"}],\"linkDataArray\":[{\"category\":\"Mapping\",\"visible\":true,\"from\":\"source:AddOOBAuthenticator:AuthenticatorType:\",\"to\":\"target:AuthenticatorType:\",\"fromPort\":\"source:AddOOBAuthenticator:AuthenticatorType:\",\"toPort\":\"target:AuthenticatorType:\"},{\"category\":\"Mapping\",\"visible\":true,\"from\":\"source:AddOOBAuthenticator:AuthenticatorValue:\",\"to\":\"target:AuthenticatorValue:\",\"fromPort\":\"source:AddOOBAuthenticator:AuthenticatorValue:\",\"toPort\":\"target:AuthenticatorValue:\"},{\"category\":\"Mapping\",\"visible\":true,\"from\":\"source:AddOOBAuthenticator:userId:\",\"to\":\"target:userId:\",\"fromPort\":\"source:AddOOBAuthenticator:userId:\",\"toPort\":\"target:userId:\"}],\"blockCount\":{\"variableCount\":0},\"variableMap\":{},\"xmlMappingOverride\":false}",
    "oVisualMappingData" : "{\"nodeDataArray\":[{\"isGroup\":true,\"key\":\"response_out\",\"text\":\"AddOOBAuthenticator\",\"xy\":\"794 259\"},{\"isGroup\":true,\"key\":\"response_in\",\"text\":\"ScimAPIsOrg (1.0).addOOBAuthenticator\",\"xy\":\"328 317\"}],\"linkDataArray\":[{\"category\":\"Mapping\",\"visible\":true,\"from\":\"source:active:\",\"to\":\"target:AddOOBAuthenticator:active:\",\"fromPort\":\"source:active:\",\"toPort\":\"target:AddOOBAuthenticator:active:\"},{\"category\":\"Mapping\",\"visible\":true,\"from\":\"source:id:\",\"to\":\"target:AddOOBAuthenticator:id:\",\"fromPort\":\"source:id:\",\"toPort\":\"target:AddOOBAuthenticator:id:\"},{\"category\":\"Mapping\",\"visible\":true,\"from\":\"source:scimType_OTP:\",\"to\":\"target:AddOOBAuthenticator:scimType_OTP:\",\"fromPort\":\"source:scimType_OTP:\",\"toPort\":\"target:AddOOBAuthenticator:scimType_OTP:\"}],\"blockCount\":{\"variableCount\":0},\"variableMap\":{},\"xmlMappingOverride\":false}",
    "applyCommonMapping" : false,
    "applyRequestCommonMapping" : false,
    "applyResponseCommonMapping" : false,
    "backendMeta" : {
      "serviceName" : "ScimAPIsOrg",
      "serviceVersion" : "1.0",
      "operationName" : "addOOBAuthenticator"
    },
    "relationshipHierarchyMapping" : {
      "children" : [ ],
      "name" : "AddOOBAuthenticator",
      "actions" : { },
      "selected" : true
    },
    "requestXmlMappingOverride" : false,
    "responseXmlMappingOverride" : false,
    "mapperData" : [ {
      "name" : "base mapper1",
      "order" : 1,
      "iMapping" : "<?xml version=\"1.0\" encoding=\"UTF-8\" standalone=\"yes\"?>\n<mapper xmlns=\"http://www.kony.com/ns/mapper\">\n    <map inputpath=\"request_in\" outputpath=\"request_out\">\n        <set-param inputpath=\"AuthenticatorType\" outputpath=\"AuthenticatorType\"/>\n        <set-param inputpath=\"AuthenticatorValue\" outputpath=\"AuthenticatorValue\"/>\n        <set-param inputpath=\"userId\" outputpath=\"userId\"/>\n    </map>\n</mapper>\n",
      "oMapping" : "<?xml version=\"1.0\" encoding=\"UTF-8\" standalone=\"yes\"?>\n<mapper xmlns=\"http://www.kony.com/ns/mapper\">\n    <map inputpath=\"response_in\" outputpath=\"response_out\">\n        <map inputpath=\"\" outputpath=\"AddOOBAuthenticator\">\n            <set-param inputpath=\"active\" outputpath=\"active\"/>\n            <set-param inputpath=\"id\" outputpath=\"id\"/>\n            <set-param inputpath=\"scimType_OTP\" outputpath=\"scimType_OTP\"/>\n        </map>\n    </map>\n</mapper>\n",
      "iVisualMappingData" : "{\"nodeDataArray\":[{\"isGroup\":true,\"key\":\"request_in\",\"text\":\"AddOOBAuthenticator\",\"xy\":\"270 250\"},{\"isGroup\":true,\"key\":\"request_out\",\"text\":\"ScimAPIsOrg (1.0).addOOBAuthenticator\",\"xy\":\"865 283\"}],\"linkDataArray\":[{\"category\":\"Mapping\",\"visible\":true,\"from\":\"source:AddOOBAuthenticator:AuthenticatorType:\",\"to\":\"target:AuthenticatorType:\",\"fromPort\":\"source:AddOOBAuthenticator:AuthenticatorType:\",\"toPort\":\"target:AuthenticatorType:\"},{\"category\":\"Mapping\",\"visible\":true,\"from\":\"source:AddOOBAuthenticator:AuthenticatorValue:\",\"to\":\"target:AuthenticatorValue:\",\"fromPort\":\"source:AddOOBAuthenticator:AuthenticatorValue:\",\"toPort\":\"target:AuthenticatorValue:\"},{\"category\":\"Mapping\",\"visible\":true,\"from\":\"source:AddOOBAuthenticator:userId:\",\"to\":\"target:userId:\",\"fromPort\":\"source:AddOOBAuthenticator:userId:\",\"toPort\":\"target:userId:\"}],\"blockCount\":{\"variableCount\":0},\"variableMap\":{},\"xmlMappingOverride\":false}",
      "oVisualMappingData" : "{\"nodeDataArray\":[{\"isGroup\":true,\"key\":\"response_out\",\"text\":\"AddOOBAuthenticator\",\"xy\":\"794 259\"},{\"isGroup\":true,\"key\":\"response_in\",\"text\":\"ScimAPIsOrg (1.0).addOOBAuthenticator\",\"xy\":\"328 317\"}],\"linkDataArray\":[{\"category\":\"Mapping\",\"visible\":true,\"from\":\"source:active:\",\"to\":\"target:AddOOBAuthenticator:active:\",\"fromPort\":\"source:active:\",\"toPort\":\"target:AddOOBAuthenticator:active:\"},{\"category\":\"Mapping\",\"visible\":true,\"from\":\"source:id:\",\"to\":\"target:AddOOBAuthenticator:id:\",\"fromPort\":\"source:id:\",\"toPort\":\"target:AddOOBAuthenticator:id:\"},{\"category\":\"Mapping\",\"visible\":true,\"from\":\"source:scimType_OTP:\",\"to\":\"target:AddOOBAuthenticator:scimType_OTP:\",\"fromPort\":\"source:scimType_OTP:\",\"toPort\":\"target:AddOOBAuthenticator:scimType_OTP:\"}],\"blockCount\":{\"variableCount\":0},\"variableMap\":{},\"xmlMappingOverride\":false}",
      "requestXmlMappingOverride" : false,
      "responseXmlMappingOverride" : false,
      "disabled" : false,
      "applyCommonMapping" : false,
      "applyRequestCommonMapping" : false,
      "applyResponseCommonMapping" : false
    } ]
  },
  "enableFrontendUrl" : false
}