{
  "operationConfig" : {
    "name" : "addOOBAuthenticator5338",
    "type" : "MappedToBackend",
    "cachable" : false,
    "smsEnabled" : false,
    "security" : "authorized_app",
    "responseEncoding" : "UTF-8",
    "httpMethod" : "GET",
    "decodeResponseBody" : false,
    "iMapping" : "<?xml version=\"1.0\" encoding=\"UTF-8\" standalone=\"yes\"?>\n<mapper xmlns=\"http://www.kony.com/ns/mapper\">\n    <map inputpath=\"request_in\" outputpath=\"request_out\">\n        <set-param inputpath=\"AuthenticatorType\" outputpath=\"AuthenticatorType\"/>\n        <set-param inputpath=\"AuthenticatorValue\" outputpath=\"AuthenticatorValue\"/>\n        <set-param inputpath=\"correlationId\" outputpath=\"correlationId\"/>\n        <set-param inputpath=\"isPasswordRequired\" outputpath=\"isPasswordRequired\"/>\n        <set-param inputpath=\"OOB_PIN\" outputpath=\"OOB_PIN\"/>\n        <set-param inputpath=\"userId\" outputpath=\"userId\"/>\n    </map>\n</mapper>\n",
    "oMapping" : "<?xml version=\"1.0\" encoding=\"UTF-8\" standalone=\"yes\"?><mapper xmlns=\"http://www.kony.com/ns/mapper\">  <map inputpath=\"response_in\" outputpath=\"response_out\">    <map inputpath=\"\" outputpath=\"AddOOBAuthenticator\">      <set-param inputpath=\"active\" outputpath=\"active\"/>    </map>  </map></mapper>",
    "iVisualMappingData" : "{\"nodeDataArray\":[{\"isGroup\":true,\"key\":\"request_in\",\"text\":\"AddOOBAuthenticator\",\"xy\":\"409 284\"},{\"isGroup\":true,\"key\":\"request_out\",\"text\":\"ScimAPIsOrg (1.0).addOOBAuthenticator\",\"xy\":\"869 311\"}],\"linkDataArray\":[{\"category\":\"Mapping\",\"visible\":true,\"from\":\"source:AddOOBAuthenticator:AuthenticatorType:\",\"to\":\"target:AuthenticatorType:\",\"fromPort\":\"source:AddOOBAuthenticator:AuthenticatorType:\",\"toPort\":\"target:AuthenticatorType:\"},{\"category\":\"Mapping\",\"visible\":true,\"from\":\"source:AddOOBAuthenticator:AuthenticatorValue:\",\"to\":\"target:AuthenticatorValue:\",\"fromPort\":\"source:AddOOBAuthenticator:AuthenticatorValue:\",\"toPort\":\"target:AuthenticatorValue:\"},{\"category\":\"Mapping\",\"visible\":true,\"from\":\"source:AddOOBAuthenticator:userId:\",\"to\":\"target:userId:\",\"fromPort\":\"source:AddOOBAuthenticator:userId:\",\"toPort\":\"target:userId:\"},{\"category\":\"Mapping\",\"visible\":true,\"from\":\"source:AddOOBAuthenticator:isPasswordRequired:\",\"to\":\"target:isPasswordRequired:\",\"fromPort\":\"source:AddOOBAuthenticator:isPasswordRequired:\",\"toPort\":\"target:isPasswordRequired:\"},{\"category\":\"Mapping\",\"visible\":true,\"from\":\"source:AddOOBAuthenticator:OOB_PIN:\",\"to\":\"target:OOB_PIN:\",\"fromPort\":\"source:AddOOBAuthenticator:OOB_PIN:\",\"toPort\":\"target:OOB_PIN:\"},{\"category\":\"Mapping\",\"visible\":true,\"from\":\"source:AddOOBAuthenticator:correlationId:\",\"to\":\"target:correlationId:\",\"fromPort\":\"source:AddOOBAuthenticator:correlationId:\",\"toPort\":\"target:correlationId:\"}],\"blockCount\":{\"variableCount\":0},\"variableMap\":{},\"xmlMappingOverride\":false}",
    "oVisualMappingData" : "{\"nodeDataArray\":[{\"isGroup\":true,\"key\":\"response_out\",\"text\":\"AddOOBAuthenticator\",\"xy\":\"794 259\"},{\"isGroup\":true,\"key\":\"response_in\",\"text\":\"ScimAPIsOrg (1.0).addOOBAuthenticator\",\"xy\":\"328 317\"}],\"linkDataArray\":[{\"category\":\"Mapping\",\"visible\":true,\"from\":\"source:active:\",\"to\":\"target:AddOOBAuthenticator:active:\",\"fromPort\":\"source:active:\",\"toPort\":\"target:AddOOBAuthenticator:active:\"},{\"from\":\"target\",\"to\":\"target:AddOOBAuthenticator\",\"fromPort\":\"target\",\"toPort\":\"target:AddOOBAuthenticator\",\"visible\":true,\"common\":false},{\"from\":\"target:AddOOBAuthenticator\",\"to\":\"target:AddOOBAuthenticator:t_p_fields\",\"fromPort\":\"target:AddOOBAuthenticator\",\"toPort\":\"target:AddOOBAuthenticator:t_p_fields\",\"visible\":true,\"common\":false},{\"from\":\"target:AddOOBAuthenticator:t_p_fields\",\"to\":\"target:AddOOBAuthenticator:active:\",\"fromPort\":\"target:AddOOBAuthenticator:t_p_fields\",\"toPort\":\"target:AddOOBAuthenticator:active:\",\"visible\":true,\"common\":false},{\"from\":\"target:AddOOBAuthenticator:t_p_fields\",\"to\":\"target:AddOOBAuthenticator:AuthenticatorType:\",\"fromPort\":\"target:AddOOBAuthenticator:t_p_fields\",\"toPort\":\"target:AddOOBAuthenticator:AuthenticatorType:\",\"visible\":true,\"common\":false},{\"from\":\"target:AddOOBAuthenticator:t_p_fields\",\"to\":\"target:AddOOBAuthenticator:AuthenticatorValue:\",\"fromPort\":\"target:AddOOBAuthenticator:t_p_fields\",\"toPort\":\"target:AddOOBAuthenticator:AuthenticatorValue:\",\"visible\":true,\"common\":false},{\"from\":\"target:AddOOBAuthenticator:t_p_fields\",\"to\":\"target:AddOOBAuthenticator:id:\",\"fromPort\":\"target:AddOOBAuthenticator:t_p_fields\",\"toPort\":\"target:AddOOBAuthenticator:id:\",\"visible\":true,\"common\":false},{\"from\":\"target:AddOOBAuthenticator:t_p_fields\",\"to\":\"target:AddOOBAuthenticator:scimType_OTP:\",\"fromPort\":\"target:AddOOBAuthenticator:t_p_fields\",\"toPort\":\"target:AddOOBAuthenticator:scimType_OTP:\",\"visible\":true,\"common\":false},{\"from\":\"target:AddOOBAuthenticator:t_p_fields\",\"to\":\"target:AddOOBAuthenticator:userId:\",\"fromPort\":\"target:AddOOBAuthenticator:t_p_fields\",\"toPort\":\"target:AddOOBAuthenticator:userId:\",\"visible\":true,\"common\":false},{\"from\":\"target:AddOOBAuthenticator:t_p_fields\",\"to\":\"target:AddOOBAuthenticator:isPasswordRequired:\",\"fromPort\":\"target:AddOOBAuthenticator:t_p_fields\",\"toPort\":\"target:AddOOBAuthenticator:isPasswordRequired:\",\"visible\":true,\"common\":false},{\"from\":\"target:AddOOBAuthenticator:t_p_fields\",\"to\":\"target:AddOOBAuthenticator:OOB_PIN:\",\"fromPort\":\"target:AddOOBAuthenticator:t_p_fields\",\"toPort\":\"target:AddOOBAuthenticator:OOB_PIN:\",\"visible\":true,\"common\":false},{\"from\":\"source\",\"to\":\"source:t_p_parameters\",\"fromPort\":\"source\",\"toPort\":\"source:t_p_parameters\",\"visible\":true,\"common\":false},{\"from\":\"source:t_p_parameters\",\"to\":\"source:active:\",\"fromPort\":\"source:t_p_parameters\",\"toPort\":\"source:active:\",\"visible\":true,\"common\":false},{\"from\":\"source:t_p_parameters\",\"to\":\"source:id:\",\"fromPort\":\"source:t_p_parameters\",\"toPort\":\"source:id:\",\"visible\":true,\"common\":false},{\"from\":\"source:t_p_parameters\",\"to\":\"source:scimType_OTP:\",\"fromPort\":\"source:t_p_parameters\",\"toPort\":\"source:scimType_OTP:\",\"visible\":true,\"common\":false}],\"blockCount\":{\"variableCount\":0},\"variableMap\":{},\"xmlMappingOverride\":false}",
    "applyCommonMapping" : false,
    "applyRequestCommonMapping" : false,
    "applyResponseCommonMapping" : false,
    "backendMeta" : {
      "serviceName" : "ScimAPIsOrg",
      "serviceVersion" : "1.0",
      "operationName" : "addOOBAuthenticator"
    },
    "relationshipHierarchyMapping" : {
      "children" : [ ],
      "name" : "AddOOBAuthenticator",
      "actions" : { },
      "selected" : true
    },
    "requestXmlMappingOverride" : false,
    "responseXmlMappingOverride" : false,
    "mapperData" : [ {
      "name" : "base mapper1",
      "order" : 1,
      "iMapping" : "<?xml version=\"1.0\" encoding=\"UTF-8\" standalone=\"yes\"?><mapper xmlns=\"http://www.kony.com/ns/mapper\">  <map inputpath=\"request_in\" outputpath=\"request_out\">    <set-param inputpath=\"AuthenticatorType\" outputpath=\"AuthenticatorType\"/>    <set-param inputpath=\"AuthenticatorValue\" outputpath=\"AuthenticatorValue\"/>    <set-param inputpath=\"correlationId\" outputpath=\"correlationId\"/>    <set-param inputpath=\"isPasswordRequired\" outputpath=\"isPasswordRequired\"/>    <set-param inputpath=\"OOB_PIN\" outputpath=\"OOB_PIN\"/>    <set-param inputpath=\"userId\" outputpath=\"userId\"/>  </map></mapper>",
      "oMapping" : "<?xml version=\"1.0\" encoding=\"UTF-8\" standalone=\"yes\"?><mapper xmlns=\"http://www.kony.com/ns/mapper\">  <map inputpath=\"response_in\" outputpath=\"response_out\">    <map inputpath=\"\" outputpath=\"AddOOBAuthenticator\">      <set-param inputpath=\"active\" outputpath=\"active\"/>    </map>  </map></mapper>",
      "iVisualMappingData" : "{\"nodeDataArray\":[{\"isGroup\":true,\"key\":\"request_in\",\"text\":\"AddOOBAuthenticator\",\"xy\":\"409 284\"},{\"isGroup\":true,\"key\":\"request_out\",\"text\":\"ScimAPIsOrg (1.0).addOOBAuthenticator\",\"xy\":\"869 311\"}],\"linkDataArray\":[{\"category\":\"Mapping\",\"visible\":true,\"from\":\"source:AddOOBAuthenticator:AuthenticatorType:\",\"to\":\"target:AuthenticatorType:\",\"fromPort\":\"source:AddOOBAuthenticator:AuthenticatorType:\",\"toPort\":\"target:AuthenticatorType:\"},{\"category\":\"Mapping\",\"visible\":true,\"from\":\"source:AddOOBAuthenticator:AuthenticatorValue:\",\"to\":\"target:AuthenticatorValue:\",\"fromPort\":\"source:AddOOBAuthenticator:AuthenticatorValue:\",\"toPort\":\"target:AuthenticatorValue:\"},{\"category\":\"Mapping\",\"visible\":true,\"from\":\"source:AddOOBAuthenticator:userId:\",\"to\":\"target:userId:\",\"fromPort\":\"source:AddOOBAuthenticator:userId:\",\"toPort\":\"target:userId:\"},{\"category\":\"Mapping\",\"visible\":true,\"from\":\"source:AddOOBAuthenticator:isPasswordRequired:\",\"to\":\"target:isPasswordRequired:\",\"fromPort\":\"source:AddOOBAuthenticator:isPasswordRequired:\",\"toPort\":\"target:isPasswordRequired:\"},{\"category\":\"Mapping\",\"visible\":true,\"from\":\"source:AddOOBAuthenticator:OOB_PIN:\",\"to\":\"target:OOB_PIN:\",\"fromPort\":\"source:AddOOBAuthenticator:OOB_PIN:\",\"toPort\":\"target:OOB_PIN:\"},{\"from\":\"source\",\"to\":\"source:AddOOBAuthenticator\",\"fromPort\":\"source\",\"toPort\":\"source:AddOOBAuthenticator\",\"visible\":true,\"common\":false},{\"from\":\"source:AddOOBAuthenticator\",\"to\":\"source:AddOOBAuthenticator:t_p_fields\",\"fromPort\":\"source:AddOOBAuthenticator\",\"toPort\":\"source:AddOOBAuthenticator:t_p_fields\",\"visible\":true,\"common\":false},{\"from\":\"source:AddOOBAuthenticator:t_p_fields\",\"to\":\"source:AddOOBAuthenticator:active:\",\"fromPort\":\"source:AddOOBAuthenticator:t_p_fields\",\"toPort\":\"source:AddOOBAuthenticator:active:\",\"visible\":true,\"common\":false},{\"from\":\"source:AddOOBAuthenticator:t_p_fields\",\"to\":\"source:AddOOBAuthenticator:AuthenticatorType:\",\"fromPort\":\"source:AddOOBAuthenticator:t_p_fields\",\"toPort\":\"source:AddOOBAuthenticator:AuthenticatorType:\",\"visible\":true,\"common\":false},{\"from\":\"source:AddOOBAuthenticator:t_p_fields\",\"to\":\"source:AddOOBAuthenticator:AuthenticatorValue:\",\"fromPort\":\"source:AddOOBAuthenticator:t_p_fields\",\"toPort\":\"source:AddOOBAuthenticator:AuthenticatorValue:\",\"visible\":true,\"common\":false},{\"from\":\"source:AddOOBAuthenticator:t_p_fields\",\"to\":\"source:AddOOBAuthenticator:id:\",\"fromPort\":\"source:AddOOBAuthenticator:t_p_fields\",\"toPort\":\"source:AddOOBAuthenticator:id:\",\"visible\":true,\"common\":false},{\"from\":\"source:AddOOBAuthenticator:t_p_fields\",\"to\":\"source:AddOOBAuthenticator:scimType_OTP:\",\"fromPort\":\"source:AddOOBAuthenticator:t_p_fields\",\"toPort\":\"source:AddOOBAuthenticator:scimType_OTP:\",\"visible\":true,\"common\":false},{\"from\":\"source:AddOOBAuthenticator:t_p_fields\",\"to\":\"source:AddOOBAuthenticator:userId:\",\"fromPort\":\"source:AddOOBAuthenticator:t_p_fields\",\"toPort\":\"source:AddOOBAuthenticator:userId:\",\"visible\":true,\"common\":false},{\"from\":\"source:AddOOBAuthenticator:t_p_fields\",\"to\":\"source:AddOOBAuthenticator:isPasswordRequired:\",\"fromPort\":\"source:AddOOBAuthenticator:t_p_fields\",\"toPort\":\"source:AddOOBAuthenticator:isPasswordRequired:\",\"visible\":true,\"common\":false},{\"from\":\"source:AddOOBAuthenticator:t_p_fields\",\"to\":\"source:AddOOBAuthenticator:OOB_PIN:\",\"fromPort\":\"source:AddOOBAuthenticator:t_p_fields\",\"toPort\":\"source:AddOOBAuthenticator:OOB_PIN:\",\"visible\":true,\"common\":false},{\"from\":\"source:AddOOBAuthenticator:t_p_fields\",\"to\":\"source:AddOOBAuthenticator:username:\",\"fromPort\":\"source:AddOOBAuthenticator:t_p_fields\",\"toPort\":\"source:AddOOBAuthenticator:username:\",\"visible\":true,\"common\":false},{\"from\":\"source:AddOOBAuthenticator:t_p_fields\",\"to\":\"source:AddOOBAuthenticator:correlationId:\",\"fromPort\":\"source:AddOOBAuthenticator:t_p_fields\",\"toPort\":\"source:AddOOBAuthenticator:correlationId:\",\"visible\":true,\"common\":false},{\"from\":\"target\",\"to\":\"target:t_p_parameters\",\"fromPort\":\"target\",\"toPort\":\"target:t_p_parameters\",\"visible\":true,\"common\":false},{\"from\":\"target:t_p_parameters\",\"to\":\"target:AuthenticatorType:\",\"fromPort\":\"target:t_p_parameters\",\"toPort\":\"target:AuthenticatorType:\",\"visible\":true,\"common\":false},{\"from\":\"target:t_p_parameters\",\"to\":\"target:AuthenticatorValue:\",\"fromPort\":\"target:t_p_parameters\",\"toPort\":\"target:AuthenticatorValue:\",\"visible\":true,\"common\":false},{\"from\":\"target:t_p_parameters\",\"to\":\"target:correlationId:\",\"fromPort\":\"target:t_p_parameters\",\"toPort\":\"target:correlationId:\",\"visible\":true,\"common\":false},{\"from\":\"target:t_p_parameters\",\"to\":\"target:isPasswordRequired:\",\"fromPort\":\"target:t_p_parameters\",\"toPort\":\"target:isPasswordRequired:\",\"visible\":true,\"common\":false},{\"from\":\"target:t_p_parameters\",\"to\":\"target:OOB_PIN:\",\"fromPort\":\"target:t_p_parameters\",\"toPort\":\"target:OOB_PIN:\",\"visible\":true,\"common\":false},{\"from\":\"target:t_p_parameters\",\"to\":\"target:userId:\",\"fromPort\":\"target:t_p_parameters\",\"toPort\":\"target:userId:\",\"visible\":true,\"common\":false},{\"category\":\"Mapping\",\"visible\":true,\"from\":\"source:AddOOBAuthenticator:correlationId:\",\"to\":\"target:correlationId:\",\"fromPort\":\"source:AddOOBAuthenticator:correlationId:\",\"toPort\":\"target:correlationId:\"}],\"blockCount\":{\"variableCount\":0},\"variableMap\":{},\"xmlMappingOverride\":false}",
      "oVisualMappingData" : "{\"nodeDataArray\":[{\"isGroup\":true,\"key\":\"response_out\",\"text\":\"AddOOBAuthenticator\",\"xy\":\"794 259\"},{\"isGroup\":true,\"key\":\"response_in\",\"text\":\"ScimAPIsOrg (1.0).addOOBAuthenticator\",\"xy\":\"328 317\"}],\"linkDataArray\":[{\"category\":\"Mapping\",\"visible\":true,\"from\":\"source:active:\",\"to\":\"target:AddOOBAuthenticator:active:\",\"fromPort\":\"source:active:\",\"toPort\":\"target:AddOOBAuthenticator:active:\"},{\"from\":\"target\",\"to\":\"target:AddOOBAuthenticator\",\"fromPort\":\"target\",\"toPort\":\"target:AddOOBAuthenticator\",\"visible\":true,\"common\":false},{\"from\":\"target:AddOOBAuthenticator\",\"to\":\"target:AddOOBAuthenticator:t_p_fields\",\"fromPort\":\"target:AddOOBAuthenticator\",\"toPort\":\"target:AddOOBAuthenticator:t_p_fields\",\"visible\":true,\"common\":false},{\"from\":\"target:AddOOBAuthenticator:t_p_fields\",\"to\":\"target:AddOOBAuthenticator:active:\",\"fromPort\":\"target:AddOOBAuthenticator:t_p_fields\",\"toPort\":\"target:AddOOBAuthenticator:active:\",\"visible\":true,\"common\":false},{\"from\":\"target:AddOOBAuthenticator:t_p_fields\",\"to\":\"target:AddOOBAuthenticator:AuthenticatorType:\",\"fromPort\":\"target:AddOOBAuthenticator:t_p_fields\",\"toPort\":\"target:AddOOBAuthenticator:AuthenticatorType:\",\"visible\":true,\"common\":false},{\"from\":\"target:AddOOBAuthenticator:t_p_fields\",\"to\":\"target:AddOOBAuthenticator:AuthenticatorValue:\",\"fromPort\":\"target:AddOOBAuthenticator:t_p_fields\",\"toPort\":\"target:AddOOBAuthenticator:AuthenticatorValue:\",\"visible\":true,\"common\":false},{\"from\":\"target:AddOOBAuthenticator:t_p_fields\",\"to\":\"target:AddOOBAuthenticator:id:\",\"fromPort\":\"target:AddOOBAuthenticator:t_p_fields\",\"toPort\":\"target:AddOOBAuthenticator:id:\",\"visible\":true,\"common\":false},{\"from\":\"target:AddOOBAuthenticator:t_p_fields\",\"to\":\"target:AddOOBAuthenticator:scimType_OTP:\",\"fromPort\":\"target:AddOOBAuthenticator:t_p_fields\",\"toPort\":\"target:AddOOBAuthenticator:scimType_OTP:\",\"visible\":true,\"common\":false},{\"from\":\"target:AddOOBAuthenticator:t_p_fields\",\"to\":\"target:AddOOBAuthenticator:userId:\",\"fromPort\":\"target:AddOOBAuthenticator:t_p_fields\",\"toPort\":\"target:AddOOBAuthenticator:userId:\",\"visible\":true,\"common\":false},{\"from\":\"target:AddOOBAuthenticator:t_p_fields\",\"to\":\"target:AddOOBAuthenticator:isPasswordRequired:\",\"fromPort\":\"target:AddOOBAuthenticator:t_p_fields\",\"toPort\":\"target:AddOOBAuthenticator:isPasswordRequired:\",\"visible\":true,\"common\":false},{\"from\":\"target:AddOOBAuthenticator:t_p_fields\",\"to\":\"target:AddOOBAuthenticator:OOB_PIN:\",\"fromPort\":\"target:AddOOBAuthenticator:t_p_fields\",\"toPort\":\"target:AddOOBAuthenticator:OOB_PIN:\",\"visible\":true,\"common\":false},{\"from\":\"source\",\"to\":\"source:t_p_parameters\",\"fromPort\":\"source\",\"toPort\":\"source:t_p_parameters\",\"visible\":true,\"common\":false},{\"from\":\"source:t_p_parameters\",\"to\":\"source:active:\",\"fromPort\":\"source:t_p_parameters\",\"toPort\":\"source:active:\",\"visible\":true,\"common\":false},{\"from\":\"source:t_p_parameters\",\"to\":\"source:id:\",\"fromPort\":\"source:t_p_parameters\",\"toPort\":\"source:id:\",\"visible\":true,\"common\":false},{\"from\":\"source:t_p_parameters\",\"to\":\"source:scimType_OTP:\",\"fromPort\":\"source:t_p_parameters\",\"toPort\":\"source:scimType_OTP:\",\"visible\":true,\"common\":false}],\"blockCount\":{\"variableCount\":0},\"variableMap\":{},\"xmlMappingOverride\":false}",
      "requestXmlMappingOverride" : false,
      "responseXmlMappingOverride" : false,
      "disabled" : false,
      "applyCommonMapping" : false,
      "applyRequestCommonMapping" : false,
      "applyResponseCommonMapping" : false
    } ]
  },
  "enableFrontendUrl" : false,
  "customVerb" : false
}