{
  "operationConfig" : {
    "name" : "resetFailureCount5724",
    "type" : "MappedToBackend",
    "cachable" : false,
    "smsEnabled" : false,
    "security" : "authorized_app_user",
    "responseEncoding" : "UTF-8",
    "httpMethod" : "GET",
    "decodeResponseBody" : false,
    "iMapping" : "<?xml version=\"1.0\" encoding=\"UTF-8\" standalone=\"yes\"?>\n<mapper xmlns=\"http://www.kony.com/ns/mapper\">\n    <map inputpath=\"request_in\" outputpath=\"request_out\">\n        <set-param inputpath=\"authType\" outputpath=\"authType\"/>\n        <exec-function name=\"kony.string:concat\" output=\"$vars\" outputpath=\"result1\">\n            <set-arg name=\"input1\" input=\"userName eq \"/>\n            <set-arg inputpath=\"filter\"/>\n        </exec-function>\n        <set-param inputpath=\"$vars/result1\" outputpath=\"filter\"/>\n    </map>\n</mapper>\n",
    "oMapping" : "<?xml version=\"1.0\" encoding=\"UTF-8\" standalone=\"yes\"?>\n<mapper xmlns=\"http://www.kony.com/ns/mapper\">\n    <map inputpath=\"response_in\" outputpath=\"response_out\">\n        <map inputpath=\"\" outputpath=\"ResetAuthenticatorFailureCount\">\n            <set-param inputpath=\"PasswordResetError\" outputpath=\"PasswordResetError\"/>\n            <set-param inputpath=\"status\" outputpath=\"status\"/>\n        </map>\n    </map>\n</mapper>\n",
    "iVisualMappingData" : "{\"nodeDataArray\":[{\"isGroup\":true,\"key\":\"request_in\",\"text\":\"ResetAuthenticatorFailureCount\",\"xy\":\"150 100\"},{\"isGroup\":true,\"key\":\"request_out\",\"text\":\"ResetAuthenticatorFailureCount (1.0).resetFailureCount\",\"xy\":\"770 100\"},{\"key\":\"block:kony.util:constant:1\",\"name\":\"kony.basic:constant\",\"text\":\"Constant\",\"category\":\"functionTemplateConstant\",\"outPortId\":\"userName eq \",\"outPortText\":\"value\",\"loc\":\"396 112.66667175292969\",\"visible\":true},{\"key\":\"block:kony.string:concat:1\",\"name\":\"kony.string:stringConcatenate\",\"text\":\"String Concatenate\",\"category\":\"functionTemplateNTo1\",\"outPortId\":\"result1\",\"outPortText\":\"result\",\"valueArray\":[{\"inPortId\":\"input1\",\"inPortText\":\"value\",\"__gohashid\":33493},{\"inPortId\":\"input2\",\"inPortText\":\"value\",\"__gohashid\":33571}],\"loc\":\"535 213.00000762939453\",\"visible\":true}],\"linkDataArray\":[{\"category\":\"Mapping\",\"visible\":true,\"from\":\"block:kony.util:constant:1\",\"to\":\"block:kony.string:concat:1\",\"fromPort\":\"userName eq \",\"toPort\":\"input1\"},{\"category\":\"Mapping\",\"visible\":true,\"from\":\"source:ResetAuthenticatorFailureCount:filter:\",\"to\":\"block:kony.string:concat:1\",\"fromPort\":\"source:ResetAuthenticatorFailureCount:filter:\",\"toPort\":\"input2\"},{\"category\":\"Mapping\",\"visible\":true,\"from\":\"block:kony.string:concat:1\",\"to\":\"target:filter:\",\"fromPort\":\"result1\",\"toPort\":\"target:filter:\"},{\"category\":\"Mapping\",\"visible\":true,\"from\":\"source:ResetAuthenticatorFailureCount:authType:\",\"to\":\"target:authType:\",\"fromPort\":\"source:ResetAuthenticatorFailureCount:authType:\",\"toPort\":\"target:authType:\"}],\"blockCount\":{\"variableCount\":1,\"constant\":1,\"stringConcatenate\":1},\"variableMap\":{\"result1\":true},\"xmlMappingOverride\":false}",
    "oVisualMappingData" : "{\"nodeDataArray\":[{\"isGroup\":true,\"key\":\"response_out\",\"text\":\"ResetAuthenticatorFailureCount\",\"xy\":\"770 100\"},{\"isGroup\":true,\"key\":\"response_in\",\"text\":\"ResetAuthenticatorFailureCount (1.0).resetFailureCount\",\"xy\":\"150 100\"}],\"linkDataArray\":[{\"category\":\"Mapping\",\"visible\":true,\"from\":\"source:PasswordResetError:\",\"to\":\"target:ResetAuthenticatorFailureCount:PasswordResetError:\",\"fromPort\":\"source:PasswordResetError:\",\"toPort\":\"target:ResetAuthenticatorFailureCount:PasswordResetError:\"},{\"category\":\"Mapping\",\"visible\":true,\"from\":\"source:status:\",\"to\":\"target:ResetAuthenticatorFailureCount:status:\",\"fromPort\":\"source:status:\",\"toPort\":\"target:ResetAuthenticatorFailureCount:status:\"}],\"blockCount\":{\"variableCount\":0},\"variableMap\":{},\"xmlMappingOverride\":false}",
    "applyCommonMapping" : false,
    "applyRequestCommonMapping" : false,
    "applyResponseCommonMapping" : false,
    "backendMeta" : {
      "serviceName" : "ResetAuthenticatorFailureCount",
      "serviceVersion" : "1.0",
      "operationName" : "resetFailureCount"
    },
    "relationshipHierarchyMapping" : {
      "children" : [ ],
      "name" : "ResetAuthenticatorFailureCount",
      "actions" : { },
      "selected" : true
    },
    "requestXmlMappingOverride" : false,
    "responseXmlMappingOverride" : false,
    "mapperData" : [ {
      "name" : "base mapper1",
      "order" : 1,
      "iMapping" : "<?xml version=\"1.0\" encoding=\"UTF-8\" standalone=\"yes\"?>\n<mapper xmlns=\"http://www.kony.com/ns/mapper\">\n    <map inputpath=\"request_in\" outputpath=\"request_out\">\n        <set-param inputpath=\"authType\" outputpath=\"authType\"/>\n        <exec-function name=\"kony.string:concat\" output=\"$vars\" outputpath=\"result1\">\n            <set-arg name=\"input1\" input=\"userName eq \"/>\n            <set-arg inputpath=\"filter\"/>\n        </exec-function>\n        <set-param inputpath=\"$vars/result1\" outputpath=\"filter\"/>\n    </map>\n</mapper>\n",
      "oMapping" : "<?xml version=\"1.0\" encoding=\"UTF-8\" standalone=\"yes\"?>\n<mapper xmlns=\"http://www.kony.com/ns/mapper\">\n    <map inputpath=\"response_in\" outputpath=\"response_out\">\n        <map inputpath=\"\" outputpath=\"ResetAuthenticatorFailureCount\">\n            <set-param inputpath=\"PasswordResetError\" outputpath=\"PasswordResetError\"/>\n            <set-param inputpath=\"status\" outputpath=\"status\"/>\n        </map>\n    </map>\n</mapper>\n",
      "iVisualMappingData" : "{\"nodeDataArray\":[{\"isGroup\":true,\"key\":\"request_in\",\"text\":\"ResetAuthenticatorFailureCount\",\"xy\":\"150 100\"},{\"isGroup\":true,\"key\":\"request_out\",\"text\":\"ResetAuthenticatorFailureCount (1.0).resetFailureCount\",\"xy\":\"770 100\"},{\"key\":\"block:kony.util:constant:1\",\"name\":\"kony.basic:constant\",\"text\":\"Constant\",\"category\":\"functionTemplateConstant\",\"outPortId\":\"userName eq \",\"outPortText\":\"value\",\"loc\":\"396 112.66667175292969\",\"visible\":true},{\"key\":\"block:kony.string:concat:1\",\"name\":\"kony.string:stringConcatenate\",\"text\":\"String Concatenate\",\"category\":\"functionTemplateNTo1\",\"outPortId\":\"result1\",\"outPortText\":\"result\",\"valueArray\":[{\"inPortId\":\"input1\",\"inPortText\":\"value\",\"__gohashid\":33493},{\"inPortId\":\"input2\",\"inPortText\":\"value\",\"__gohashid\":33571}],\"loc\":\"535 213.00000762939453\",\"visible\":true}],\"linkDataArray\":[{\"category\":\"Mapping\",\"visible\":true,\"from\":\"block:kony.util:constant:1\",\"to\":\"block:kony.string:concat:1\",\"fromPort\":\"userName eq \",\"toPort\":\"input1\"},{\"category\":\"Mapping\",\"visible\":true,\"from\":\"source:ResetAuthenticatorFailureCount:filter:\",\"to\":\"block:kony.string:concat:1\",\"fromPort\":\"source:ResetAuthenticatorFailureCount:filter:\",\"toPort\":\"input2\"},{\"category\":\"Mapping\",\"visible\":true,\"from\":\"block:kony.string:concat:1\",\"to\":\"target:filter:\",\"fromPort\":\"result1\",\"toPort\":\"target:filter:\"},{\"category\":\"Mapping\",\"visible\":true,\"from\":\"source:ResetAuthenticatorFailureCount:authType:\",\"to\":\"target:authType:\",\"fromPort\":\"source:ResetAuthenticatorFailureCount:authType:\",\"toPort\":\"target:authType:\"}],\"blockCount\":{\"variableCount\":1,\"constant\":1,\"stringConcatenate\":1},\"variableMap\":{\"result1\":true},\"xmlMappingOverride\":false}",
      "oVisualMappingData" : "{\"nodeDataArray\":[{\"isGroup\":true,\"key\":\"response_out\",\"text\":\"ResetAuthenticatorFailureCount\",\"xy\":\"770 100\"},{\"isGroup\":true,\"key\":\"response_in\",\"text\":\"ResetAuthenticatorFailureCount (1.0).resetFailureCount\",\"xy\":\"150 100\"}],\"linkDataArray\":[{\"category\":\"Mapping\",\"visible\":true,\"from\":\"source:PasswordResetError:\",\"to\":\"target:ResetAuthenticatorFailureCount:PasswordResetError:\",\"fromPort\":\"source:PasswordResetError:\",\"toPort\":\"target:ResetAuthenticatorFailureCount:PasswordResetError:\"},{\"category\":\"Mapping\",\"visible\":true,\"from\":\"source:status:\",\"to\":\"target:ResetAuthenticatorFailureCount:status:\",\"fromPort\":\"source:status:\",\"toPort\":\"target:ResetAuthenticatorFailureCount:status:\"}],\"blockCount\":{\"variableCount\":0},\"variableMap\":{},\"xmlMappingOverride\":false}",
      "requestXmlMappingOverride" : false,
      "responseXmlMappingOverride" : false,
      "disabled" : false,
      "applyCommonMapping" : false,
      "applyRequestCommonMapping" : false,
      "applyResponseCommonMapping" : false
    } ]
  },
  "enableFrontendUrl" : false,
  "customVerb" : false
}