{
  "operationConfig" : {
    "name" : "sendLinkWithPhone3692",
    "type" : "MappedToBackend",
    "cachable" : false,
    "smsEnabled" : false,
    "security" : "authorized_app",
    "responseEncoding" : "UTF-8",
    "httpMethod" : "GET",
    "decodeResponseBody" : false,
    "iMapping" : "<?xml version=\"1.0\" encoding=\"UTF-8\" standalone=\"yes\"?>\n<mapper xmlns=\"http://www.kony.com/ns/mapper\">\n    <map inputpath=\"request_in\" outputpath=\"request_out\">\n        <set-param inputpath=\"AccountCode\" outputpath=\"AccountCode\"/>\n        <set-param inputpath=\"PhoneNumber\" outputpath=\"PhoneNumber\"/>\n        <set-param inputpath=\"uid\" outputpath=\"uid\"/>\n    </map>\n</mapper>\n",
    "oMapping" : "<?xml version=\"1.0\" encoding=\"UTF-8\" standalone=\"yes\"?>\n<mapper xmlns=\"http://www.kony.com/ns/mapper\">\n    <map inputpath=\"response_in\" outputpath=\"response_out\">\n        <map inputpath=\"\" outputpath=\"SendLinkWithPhoneNo\">\n            <set-param inputpath=\"requestID\" outputpath=\"requestID\"/>\n        </map>\n    </map>\n</mapper>\n",
    "iVisualMappingData" : "{\"nodeDataArray\":[{\"isGroup\":true,\"key\":\"request_in\",\"text\":\"SendLinkWithPhoneNo\",\"xy\":\"150 100\"},{\"isGroup\":true,\"key\":\"request_out\",\"text\":\"HID_IDV_Service (1.0).sendLinkWithPhone\",\"xy\":\"770 100\"}],\"linkDataArray\":[{\"category\":\"Mapping\",\"visible\":true,\"from\":\"source:SendLinkWithPhoneNo:AccountCode:\",\"to\":\"target:AccountCode:\",\"fromPort\":\"source:SendLinkWithPhoneNo:AccountCode:\",\"toPort\":\"target:AccountCode:\"},{\"category\":\"Mapping\",\"visible\":true,\"from\":\"source:SendLinkWithPhoneNo:PhoneNumber:\",\"to\":\"target:PhoneNumber:\",\"fromPort\":\"source:SendLinkWithPhoneNo:PhoneNumber:\",\"toPort\":\"target:PhoneNumber:\"},{\"category\":\"Mapping\",\"visible\":true,\"from\":\"source:SendLinkWithPhoneNo:uid:\",\"to\":\"target:uid:\",\"fromPort\":\"source:SendLinkWithPhoneNo:uid:\",\"toPort\":\"target:uid:\"}],\"blockCount\":{\"variableCount\":0},\"variableMap\":{},\"xmlMappingOverride\":false}",
    "oVisualMappingData" : "{\"nodeDataArray\":[{\"isGroup\":true,\"key\":\"response_out\",\"text\":\"SendLinkWithPhoneNo\",\"xy\":\"770 100\"},{\"isGroup\":true,\"key\":\"response_in\",\"text\":\"HID_IDV_Service (1.0).sendLinkWithPhone\",\"xy\":\"150 100\"}],\"linkDataArray\":[{\"category\":\"Mapping\",\"visible\":true,\"from\":\"source:requestID:\",\"to\":\"target:SendLinkWithPhoneNo:requestID:\",\"fromPort\":\"source:requestID:\",\"toPort\":\"target:SendLinkWithPhoneNo:requestID:\"}],\"blockCount\":{\"variableCount\":0},\"variableMap\":{},\"xmlMappingOverride\":false}",
    "applyCommonMapping" : false,
    "applyRequestCommonMapping" : false,
    "applyResponseCommonMapping" : false,
    "backendMeta" : {
      "serviceName" : "HID_IDV_Service",
      "serviceVersion" : "1.0",
      "operationName" : "sendLinkWithPhone"
    },
    "relationshipHierarchyMapping" : {
      "name" : "SendLinkWithPhoneNo",
      "children" : [ ],
      "actions" : { },
      "selected" : true
    },
    "requestXmlMappingOverride" : false,
    "responseXmlMappingOverride" : false,
    "mapperData" : [ {
      "name" : "base mapper1",
      "order" : 1,
      "iMapping" : "<?xml version=\"1.0\" encoding=\"UTF-8\" standalone=\"yes\"?><mapper xmlns=\"http://www.kony.com/ns/mapper\">  <map inputpath=\"request_in\" outputpath=\"request_out\">    <set-param inputpath=\"AccountCode\" outputpath=\"AccountCode\"/>    <set-param inputpath=\"PhoneNumber\" outputpath=\"PhoneNumber\"/>    <set-param inputpath=\"uid\" outputpath=\"uid\"/>  </map></mapper>",
      "oMapping" : "<?xml version=\"1.0\" encoding=\"UTF-8\" standalone=\"yes\"?>\n<mapper xmlns=\"http://www.kony.com/ns/mapper\">\n    <map inputpath=\"response_in\" outputpath=\"response_out\">\n        <map inputpath=\"\" outputpath=\"SendLinkWithPhoneNo\">\n            <set-param inputpath=\"requestID\" outputpath=\"requestID\"/>\n        </map>\n    </map>\n</mapper>\n",
      "iVisualMappingData" : "{\"nodeDataArray\":[{\"isGroup\":true,\"key\":\"request_in\",\"text\":\"SendLinkWithPhoneNo\",\"xy\":\"150 100\"},{\"isGroup\":true,\"key\":\"request_out\",\"text\":\"HID_IDV_Service (1.0).sendLinkWithPhone\",\"xy\":\"770 100\"}],\"linkDataArray\":[{\"category\":\"Mapping\",\"visible\":true,\"from\":\"source:SendLinkWithPhoneNo:AccountCode:\",\"to\":\"target:AccountCode:\",\"fromPort\":\"source:SendLinkWithPhoneNo:AccountCode:\",\"toPort\":\"target:AccountCode:\"},{\"category\":\"Mapping\",\"visible\":true,\"from\":\"source:SendLinkWithPhoneNo:PhoneNumber:\",\"to\":\"target:PhoneNumber:\",\"fromPort\":\"source:SendLinkWithPhoneNo:PhoneNumber:\",\"toPort\":\"target:PhoneNumber:\"},{\"from\":\"source\",\"to\":\"source:SendLinkWithPhoneNo\",\"fromPort\":\"source\",\"toPort\":\"source:SendLinkWithPhoneNo\",\"visible\":true,\"common\":false},{\"from\":\"source:SendLinkWithPhoneNo\",\"to\":\"source:SendLinkWithPhoneNo:t_p_fields\",\"fromPort\":\"source:SendLinkWithPhoneNo\",\"toPort\":\"source:SendLinkWithPhoneNo:t_p_fields\",\"visible\":true,\"common\":false},{\"from\":\"source:SendLinkWithPhoneNo:t_p_fields\",\"to\":\"source:SendLinkWithPhoneNo:AccountCode:\",\"fromPort\":\"source:SendLinkWithPhoneNo:t_p_fields\",\"toPort\":\"source:SendLinkWithPhoneNo:AccountCode:\",\"visible\":true,\"common\":false},{\"from\":\"source:SendLinkWithPhoneNo:t_p_fields\",\"to\":\"source:SendLinkWithPhoneNo:PhoneNumber:\",\"fromPort\":\"source:SendLinkWithPhoneNo:t_p_fields\",\"toPort\":\"source:SendLinkWithPhoneNo:PhoneNumber:\",\"visible\":true,\"common\":false},{\"from\":\"source:SendLinkWithPhoneNo:t_p_fields\",\"to\":\"source:SendLinkWithPhoneNo:requestID:\",\"fromPort\":\"source:SendLinkWithPhoneNo:t_p_fields\",\"toPort\":\"source:SendLinkWithPhoneNo:requestID:\",\"visible\":true,\"common\":false},{\"from\":\"source:SendLinkWithPhoneNo:t_p_fields\",\"to\":\"source:SendLinkWithPhoneNo:uid:\",\"fromPort\":\"source:SendLinkWithPhoneNo:t_p_fields\",\"toPort\":\"source:SendLinkWithPhoneNo:uid:\",\"visible\":true,\"common\":false},{\"from\":\"target\",\"to\":\"target:t_p_parameters\",\"fromPort\":\"target\",\"toPort\":\"target:t_p_parameters\",\"visible\":true,\"common\":false},{\"from\":\"target:t_p_parameters\",\"to\":\"target:AccountCode:\",\"fromPort\":\"target:t_p_parameters\",\"toPort\":\"target:AccountCode:\",\"visible\":true,\"common\":false},{\"from\":\"target:t_p_parameters\",\"to\":\"target:PhoneNumber:\",\"fromPort\":\"target:t_p_parameters\",\"toPort\":\"target:PhoneNumber:\",\"visible\":true,\"common\":false},{\"from\":\"target:t_p_parameters\",\"to\":\"target:uid:\",\"fromPort\":\"target:t_p_parameters\",\"toPort\":\"target:uid:\",\"visible\":true,\"common\":false},{\"category\":\"Mapping\",\"visible\":true,\"from\":\"source:SendLinkWithPhoneNo:uid:\",\"to\":\"target:uid:\",\"fromPort\":\"source:SendLinkWithPhoneNo:uid:\",\"toPort\":\"target:uid:\"}],\"blockCount\":{\"variableCount\":0},\"variableMap\":{},\"xmlMappingOverride\":false}",
      "oVisualMappingData" : "{\"nodeDataArray\":[{\"isGroup\":true,\"key\":\"response_out\",\"text\":\"SendLinkWithPhoneNo\",\"xy\":\"770 100\"},{\"isGroup\":true,\"key\":\"response_in\",\"text\":\"HID_IDV_Service (1.0).sendLinkWithPhone\",\"xy\":\"150 100\"}],\"linkDataArray\":[{\"category\":\"Mapping\",\"visible\":true,\"from\":\"source:requestID:\",\"to\":\"target:SendLinkWithPhoneNo:requestID:\",\"fromPort\":\"source:requestID:\",\"toPort\":\"target:SendLinkWithPhoneNo:requestID:\"}],\"blockCount\":{\"variableCount\":0},\"variableMap\":{},\"xmlMappingOverride\":false}",
      "requestXmlMappingOverride" : false,
      "responseXmlMappingOverride" : false,
      "disabled" : false,
      "applyCommonMapping" : false,
      "applyRequestCommonMapping" : false,
      "applyResponseCommonMapping" : false
    } ]
  },
  "enableFrontendUrl" : false,
  "customVerb" : false
}