{
  "operationConfig" : {
    "name" : "paymentSign6562",
    "type" : "MappedToBackend",
    "cachable" : false,
    "smsEnabled" : false,
    "security" : "authorized_app_user",
    "responseEncoding" : "UTF-8",
    "httpMethod" : "GET",
    "decodeResponseBody" : false,
    "iMapping" : "<?xml version=\"1.0\" encoding=\"UTF-8\" standalone=\"yes\"?><mapper xmlns=\"http://www.kony.com/ns/mapper\">  <map inputpath=\"request_in\" outputpath=\"request_out\">    <set-param inputpath=\"app_payment_id\" outputpath=\"app_payment_id\"/>    <set-param inputpath=\"app_session_id\" outputpath=\"app_session_id\"/>    <set-param inputpath=\"app_user_id\" outputpath=\"app_user_id\"/>    <set-param inputpath=\"application_id\" outputpath=\"application_id\"/>    <set-param inputpath=\"channel_id\" outputpath=\"channel_id\"/>    <set-param inputpath=\"client_ip\" outputpath=\"client_ip\"/>    <set-param inputpath=\"payment_state\" outputpath=\"payment_state\"/>    <set-param inputpath=\"platform\" outputpath=\"platform\"/>    <set-param inputpath=\"security_item_type\" outputpath=\"security_item_type\"/>    <set-param inputpath=\"signature_state\" outputpath=\"signature_state\"/>    <set-param inputpath=\"tm_device_tag\" outputpath=\"tm_device_tag\"/>    <set-param inputpath=\"tm_session_sid\" outputpath=\"tm_session_sid\"/>  </map></mapper>",
    "oMapping" : "<?xml version=\"1.0\" encoding=\"UTF-8\" standalone=\"yes\"?><mapper xmlns=\"http://www.kony.com/ns/mapper\">    <map inputpath=\"response_in\" outputpath=\"response_out\">        <map inputpath=\"\" outputpath=\"PaymentSign\">            <set-param inputpath=\"error_code\" outputpath=\"error_code\"/>            <set-param inputpath=\"message\" outputpath=\"message\"/>            <set-param inputpath=\"request_id\" outputpath=\"request_id\"/>            <set-param inputpath=\"tm_action_id\" outputpath=\"tm_action_id\"/>       </map>    </map></mapper>",
    "iVisualMappingData" : "{\"nodeDataArray\":[{\"isGroup\":true,\"key\":\"request_in\",\"text\":\"PaymentSign\",\"xy\":\"150 100\"},{\"isGroup\":true,\"key\":\"request_out\",\"text\":\"RMSPayments (1.0).paymentSign\",\"xy\":\"770 100\"}],\"linkDataArray\":[{\"category\":\"Mapping\",\"from\":\"source:PaymentSign:application_id:\",\"to\":\"target:application_id:\",\"fromPort\":\"source:PaymentSign:application_id:\",\"toPort\":\"target:application_id:\",\"visible\":true,\"common\":true},{\"category\":\"Mapping\",\"from\":\"source:PaymentSign:app_payment_id:\",\"to\":\"target:app_payment_id:\",\"fromPort\":\"source:PaymentSign:app_payment_id:\",\"toPort\":\"target:app_payment_id:\",\"visible\":true,\"common\":true},{\"category\":\"Mapping\",\"from\":\"source:PaymentSign:app_session_id:\",\"to\":\"target:app_session_id:\",\"fromPort\":\"source:PaymentSign:app_session_id:\",\"toPort\":\"target:app_session_id:\",\"visible\":true,\"common\":true},{\"category\":\"Mapping\",\"from\":\"source:PaymentSign:app_user_id:\",\"to\":\"target:app_user_id:\",\"fromPort\":\"source:PaymentSign:app_user_id:\",\"toPort\":\"target:app_user_id:\",\"visible\":true,\"common\":true},{\"category\":\"Mapping\",\"from\":\"source:PaymentSign:channel_id:\",\"to\":\"target:channel_id:\",\"fromPort\":\"source:PaymentSign:channel_id:\",\"toPort\":\"target:channel_id:\",\"visible\":true,\"common\":true},{\"category\":\"Mapping\",\"from\":\"source:PaymentSign:client_ip:\",\"to\":\"target:client_ip:\",\"fromPort\":\"source:PaymentSign:client_ip:\",\"toPort\":\"target:client_ip:\",\"visible\":true,\"common\":true},{\"category\":\"Mapping\",\"from\":\"source:PaymentSign:payment_state:\",\"to\":\"target:payment_state:\",\"fromPort\":\"source:PaymentSign:payment_state:\",\"toPort\":\"target:payment_state:\",\"visible\":true,\"common\":true},{\"category\":\"Mapping\",\"from\":\"source:PaymentSign:security_item_type:\",\"to\":\"target:security_item_type:\",\"fromPort\":\"source:PaymentSign:security_item_type:\",\"toPort\":\"target:security_item_type:\",\"visible\":true,\"common\":true},{\"category\":\"Mapping\",\"from\":\"source:PaymentSign:signature_state:\",\"to\":\"target:signature_state:\",\"fromPort\":\"source:PaymentSign:signature_state:\",\"toPort\":\"target:signature_state:\",\"visible\":true,\"common\":true},{\"category\":\"Mapping\",\"from\":\"source:PaymentSign:tm_device_tag:\",\"to\":\"target:tm_device_tag:\",\"fromPort\":\"source:PaymentSign:tm_device_tag:\",\"toPort\":\"target:tm_device_tag:\",\"visible\":true,\"common\":true},{\"category\":\"Mapping\",\"from\":\"source:PaymentSign:tm_session_sid:\",\"to\":\"target:tm_session_sid:\",\"fromPort\":\"source:PaymentSign:tm_session_sid:\",\"toPort\":\"target:tm_session_sid:\",\"visible\":true,\"common\":true},{\"from\":\"source\",\"to\":\"source:PaymentSign\",\"fromPort\":\"source\",\"toPort\":\"source:PaymentSign\",\"visible\":true,\"common\":false},{\"from\":\"source:PaymentSign\",\"to\":\"source:PaymentSign:t_p_fields\",\"fromPort\":\"source:PaymentSign\",\"toPort\":\"source:PaymentSign:t_p_fields\",\"visible\":true,\"common\":false},{\"from\":\"source:PaymentSign:t_p_fields\",\"to\":\"source:PaymentSign:application_id:\",\"fromPort\":\"source:PaymentSign:t_p_fields\",\"toPort\":\"source:PaymentSign:application_id:\",\"visible\":true,\"common\":false},{\"from\":\"source:PaymentSign:t_p_fields\",\"to\":\"source:PaymentSign:app_action_id:\",\"fromPort\":\"source:PaymentSign:t_p_fields\",\"toPort\":\"source:PaymentSign:app_action_id:\",\"visible\":true,\"common\":false},{\"from\":\"source:PaymentSign:t_p_fields\",\"to\":\"source:PaymentSign:app_payment_id:\",\"fromPort\":\"source:PaymentSign:t_p_fields\",\"toPort\":\"source:PaymentSign:app_payment_id:\",\"visible\":true,\"common\":false},{\"from\":\"source:PaymentSign:t_p_fields\",\"to\":\"source:PaymentSign:app_session_id:\",\"fromPort\":\"source:PaymentSign:t_p_fields\",\"toPort\":\"source:PaymentSign:app_session_id:\",\"visible\":true,\"common\":false},{\"from\":\"source:PaymentSign:t_p_fields\",\"to\":\"source:PaymentSign:app_user_id:\",\"fromPort\":\"source:PaymentSign:t_p_fields\",\"toPort\":\"source:PaymentSign:app_user_id:\",\"visible\":true,\"common\":false},{\"from\":\"source:PaymentSign:t_p_fields\",\"to\":\"source:PaymentSign:channel_id:\",\"fromPort\":\"source:PaymentSign:t_p_fields\",\"toPort\":\"source:PaymentSign:channel_id:\",\"visible\":true,\"common\":false},{\"from\":\"source:PaymentSign:t_p_fields\",\"to\":\"source:PaymentSign:client_ip:\",\"fromPort\":\"source:PaymentSign:t_p_fields\",\"toPort\":\"source:PaymentSign:client_ip:\",\"visible\":true,\"common\":false},{\"from\":\"source:PaymentSign:t_p_fields\",\"to\":\"source:PaymentSign:error_code:\",\"fromPort\":\"source:PaymentSign:t_p_fields\",\"toPort\":\"source:PaymentSign:error_code:\",\"visible\":true,\"common\":false},{\"from\":\"source:PaymentSign:t_p_fields\",\"to\":\"source:PaymentSign:message:\",\"fromPort\":\"source:PaymentSign:t_p_fields\",\"toPort\":\"source:PaymentSign:message:\",\"visible\":true,\"common\":false},{\"from\":\"source:PaymentSign:t_p_fields\",\"to\":\"source:PaymentSign:payment_state:\",\"fromPort\":\"source:PaymentSign:t_p_fields\",\"toPort\":\"source:PaymentSign:payment_state:\",\"visible\":true,\"common\":false},{\"from\":\"source:PaymentSign:t_p_fields\",\"to\":\"source:PaymentSign:request_id:\",\"fromPort\":\"source:PaymentSign:t_p_fields\",\"toPort\":\"source:PaymentSign:request_id:\",\"visible\":true,\"common\":false},{\"from\":\"source:PaymentSign:t_p_fields\",\"to\":\"source:PaymentSign:security_item_type:\",\"fromPort\":\"source:PaymentSign:t_p_fields\",\"toPort\":\"source:PaymentSign:security_item_type:\",\"visible\":true,\"common\":false},{\"from\":\"source:PaymentSign:t_p_fields\",\"to\":\"source:PaymentSign:signature_state:\",\"fromPort\":\"source:PaymentSign:t_p_fields\",\"toPort\":\"source:PaymentSign:signature_state:\",\"visible\":true,\"common\":false},{\"from\":\"source:PaymentSign:t_p_fields\",\"to\":\"source:PaymentSign:tm_action_id:\",\"fromPort\":\"source:PaymentSign:t_p_fields\",\"toPort\":\"source:PaymentSign:tm_action_id:\",\"visible\":true,\"common\":false},{\"from\":\"source:PaymentSign:t_p_fields\",\"to\":\"source:PaymentSign:tm_device_tag:\",\"fromPort\":\"source:PaymentSign:t_p_fields\",\"toPort\":\"source:PaymentSign:tm_device_tag:\",\"visible\":true,\"common\":false},{\"from\":\"source:PaymentSign:t_p_fields\",\"to\":\"source:PaymentSign:tm_session_sid:\",\"fromPort\":\"source:PaymentSign:t_p_fields\",\"toPort\":\"source:PaymentSign:tm_session_sid:\",\"visible\":true,\"common\":false},{\"from\":\"source:PaymentSign:t_p_fields\",\"to\":\"source:PaymentSign:platform:\",\"fromPort\":\"source:PaymentSign:t_p_fields\",\"toPort\":\"source:PaymentSign:platform:\",\"visible\":true,\"common\":false},{\"from\":\"target\",\"to\":\"target:t_p_parameters\",\"fromPort\":\"target\",\"toPort\":\"target:t_p_parameters\",\"visible\":true,\"common\":false},{\"from\":\"target:t_p_parameters\",\"to\":\"target:app_action_id:\",\"fromPort\":\"target:t_p_parameters\",\"toPort\":\"target:app_action_id:\",\"visible\":true,\"common\":false},{\"from\":\"target:t_p_parameters\",\"to\":\"target:app_payment_id:\",\"fromPort\":\"target:t_p_parameters\",\"toPort\":\"target:app_payment_id:\",\"visible\":true,\"common\":false},{\"from\":\"target:t_p_parameters\",\"to\":\"target:app_session_id:\",\"fromPort\":\"target:t_p_parameters\",\"toPort\":\"target:app_session_id:\",\"visible\":true,\"common\":false},{\"from\":\"target:t_p_parameters\",\"to\":\"target:app_user_id:\",\"fromPort\":\"target:t_p_parameters\",\"toPort\":\"target:app_user_id:\",\"visible\":true,\"common\":false},{\"from\":\"target:t_p_parameters\",\"to\":\"target:application_id:\",\"fromPort\":\"target:t_p_parameters\",\"toPort\":\"target:application_id:\",\"visible\":true,\"common\":false},{\"from\":\"target:t_p_parameters\",\"to\":\"target:channel_id:\",\"fromPort\":\"target:t_p_parameters\",\"toPort\":\"target:channel_id:\",\"visible\":true,\"common\":false},{\"from\":\"target:t_p_parameters\",\"to\":\"target:client_ip:\",\"fromPort\":\"target:t_p_parameters\",\"toPort\":\"target:client_ip:\",\"visible\":true,\"common\":false},{\"from\":\"target:t_p_parameters\",\"to\":\"target:environment_id:\",\"fromPort\":\"target:t_p_parameters\",\"toPort\":\"target:environment_id:\",\"visible\":true,\"common\":false},{\"from\":\"target:t_p_parameters\",\"to\":\"target:payment_state:\",\"fromPort\":\"target:t_p_parameters\",\"toPort\":\"target:payment_state:\",\"visible\":true,\"common\":false},{\"from\":\"target:t_p_parameters\",\"to\":\"target:platform:\",\"fromPort\":\"target:t_p_parameters\",\"toPort\":\"target:platform:\",\"visible\":true,\"common\":false},{\"from\":\"target:t_p_parameters\",\"to\":\"target:security_item_type:\",\"fromPort\":\"target:t_p_parameters\",\"toPort\":\"target:security_item_type:\",\"visible\":true,\"common\":false},{\"from\":\"target:t_p_parameters\",\"to\":\"target:signature_state:\",\"fromPort\":\"target:t_p_parameters\",\"toPort\":\"target:signature_state:\",\"visible\":true,\"common\":false},{\"from\":\"target:t_p_parameters\",\"to\":\"target:tm_device_tag:\",\"fromPort\":\"target:t_p_parameters\",\"toPort\":\"target:tm_device_tag:\",\"visible\":true,\"common\":false},{\"from\":\"target:t_p_parameters\",\"to\":\"target:tm_session_sid:\",\"fromPort\":\"target:t_p_parameters\",\"toPort\":\"target:tm_session_sid:\",\"visible\":true,\"common\":false},{\"category\":\"Mapping\",\"visible\":true,\"from\":\"source:PaymentSign:platform:\",\"to\":\"target:platform:\",\"fromPort\":\"source:PaymentSign:platform:\",\"toPort\":\"target:platform:\"}],\"blockCount\":{\"variableCount\":0},\"variableMap\":{},\"xmlMappingOverride\":false}",
    "oVisualMappingData" : "{\"nodeDataArray\":[{\"isGroup\":true,\"key\":\"response_out\",\"text\":\"PaymentSign\",\"xy\":\"770 100\"},{\"isGroup\":true,\"key\":\"response_in\",\"text\":\"RMSPayments (1.0).paymentSign\",\"xy\":\"150 100\"}],\"linkDataArray\":[{\"category\":\"Mapping\",\"from\":\"source:error_code:\",\"to\":\"target:PaymentSign:error_code:\",\"fromPort\":\"source:error_code:\",\"toPort\":\"target:PaymentSign:error_code:\",\"visible\":true,\"common\":true},{\"category\":\"Mapping\",\"from\":\"source:message:\",\"to\":\"target:PaymentSign:message:\",\"fromPort\":\"source:message:\",\"toPort\":\"target:PaymentSign:message:\",\"visible\":true,\"common\":true},{\"category\":\"Mapping\",\"from\":\"source:request_id:\",\"to\":\"target:PaymentSign:request_id:\",\"fromPort\":\"source:request_id:\",\"toPort\":\"target:PaymentSign:request_id:\",\"visible\":true,\"common\":true},{\"category\":\"Mapping\",\"from\":\"source:tm_action_id:\",\"to\":\"target:PaymentSign:tm_action_id:\",\"fromPort\":\"source:tm_action_id:\",\"toPort\":\"target:PaymentSign:tm_action_id:\",\"visible\":true,\"common\":true},{\"from\":\"target\",\"to\":\"target:PaymentSign\",\"fromPort\":\"target\",\"toPort\":\"target:PaymentSign\",\"visible\":true,\"common\":false},{\"from\":\"target:PaymentSign\",\"to\":\"target:PaymentSign:t_p_fields\",\"fromPort\":\"target:PaymentSign\",\"toPort\":\"target:PaymentSign:t_p_fields\",\"visible\":true,\"common\":false},{\"from\":\"target:PaymentSign:t_p_fields\",\"to\":\"target:PaymentSign:application_id:\",\"fromPort\":\"target:PaymentSign:t_p_fields\",\"toPort\":\"target:PaymentSign:application_id:\",\"visible\":true,\"common\":false},{\"from\":\"target:PaymentSign:t_p_fields\",\"to\":\"target:PaymentSign:app_action_id:\",\"fromPort\":\"target:PaymentSign:t_p_fields\",\"toPort\":\"target:PaymentSign:app_action_id:\",\"visible\":true,\"common\":false},{\"from\":\"target:PaymentSign:t_p_fields\",\"to\":\"target:PaymentSign:app_payment_id:\",\"fromPort\":\"target:PaymentSign:t_p_fields\",\"toPort\":\"target:PaymentSign:app_payment_id:\",\"visible\":true,\"common\":false},{\"from\":\"target:PaymentSign:t_p_fields\",\"to\":\"target:PaymentSign:app_session_id:\",\"fromPort\":\"target:PaymentSign:t_p_fields\",\"toPort\":\"target:PaymentSign:app_session_id:\",\"visible\":true,\"common\":false},{\"from\":\"target:PaymentSign:t_p_fields\",\"to\":\"target:PaymentSign:app_user_id:\",\"fromPort\":\"target:PaymentSign:t_p_fields\",\"toPort\":\"target:PaymentSign:app_user_id:\",\"visible\":true,\"common\":false},{\"from\":\"target:PaymentSign:t_p_fields\",\"to\":\"target:PaymentSign:channel_id:\",\"fromPort\":\"target:PaymentSign:t_p_fields\",\"toPort\":\"target:PaymentSign:channel_id:\",\"visible\":true,\"common\":false},{\"from\":\"target:PaymentSign:t_p_fields\",\"to\":\"target:PaymentSign:client_ip:\",\"fromPort\":\"target:PaymentSign:t_p_fields\",\"toPort\":\"target:PaymentSign:client_ip:\",\"visible\":true,\"common\":false},{\"from\":\"target:PaymentSign:t_p_fields\",\"to\":\"target:PaymentSign:error_code:\",\"fromPort\":\"target:PaymentSign:t_p_fields\",\"toPort\":\"target:PaymentSign:error_code:\",\"visible\":true,\"common\":false},{\"from\":\"target:PaymentSign:t_p_fields\",\"to\":\"target:PaymentSign:message:\",\"fromPort\":\"target:PaymentSign:t_p_fields\",\"toPort\":\"target:PaymentSign:message:\",\"visible\":true,\"common\":false},{\"from\":\"target:PaymentSign:t_p_fields\",\"to\":\"target:PaymentSign:payment_state:\",\"fromPort\":\"target:PaymentSign:t_p_fields\",\"toPort\":\"target:PaymentSign:payment_state:\",\"visible\":true,\"common\":false},{\"from\":\"target:PaymentSign:t_p_fields\",\"to\":\"target:PaymentSign:request_id:\",\"fromPort\":\"target:PaymentSign:t_p_fields\",\"toPort\":\"target:PaymentSign:request_id:\",\"visible\":true,\"common\":false},{\"from\":\"target:PaymentSign:t_p_fields\",\"to\":\"target:PaymentSign:security_item_type:\",\"fromPort\":\"target:PaymentSign:t_p_fields\",\"toPort\":\"target:PaymentSign:security_item_type:\",\"visible\":true,\"common\":false},{\"from\":\"target:PaymentSign:t_p_fields\",\"to\":\"target:PaymentSign:signature_state:\",\"fromPort\":\"target:PaymentSign:t_p_fields\",\"toPort\":\"target:PaymentSign:signature_state:\",\"visible\":true,\"common\":false},{\"from\":\"target:PaymentSign:t_p_fields\",\"to\":\"target:PaymentSign:tm_action_id:\",\"fromPort\":\"target:PaymentSign:t_p_fields\",\"toPort\":\"target:PaymentSign:tm_action_id:\",\"visible\":true,\"common\":false},{\"from\":\"target:PaymentSign:t_p_fields\",\"to\":\"target:PaymentSign:tm_device_tag:\",\"fromPort\":\"target:PaymentSign:t_p_fields\",\"toPort\":\"target:PaymentSign:tm_device_tag:\",\"visible\":true,\"common\":false},{\"from\":\"target:PaymentSign:t_p_fields\",\"to\":\"target:PaymentSign:tm_session_sid:\",\"fromPort\":\"target:PaymentSign:t_p_fields\",\"toPort\":\"target:PaymentSign:tm_session_sid:\",\"visible\":true,\"common\":false},{\"from\":\"target:PaymentSign:t_p_fields\",\"to\":\"target:PaymentSign:platform:\",\"fromPort\":\"target:PaymentSign:t_p_fields\",\"toPort\":\"target:PaymentSign:platform:\",\"visible\":true,\"common\":false},{\"from\":\"source\",\"to\":\"source:t_p_parameters\",\"fromPort\":\"source\",\"toPort\":\"source:t_p_parameters\",\"visible\":true,\"common\":false},{\"from\":\"source:t_p_parameters\",\"to\":\"source:error_code:\",\"fromPort\":\"source:t_p_parameters\",\"toPort\":\"source:error_code:\",\"visible\":true,\"common\":false},{\"from\":\"source:t_p_parameters\",\"to\":\"source:message:\",\"fromPort\":\"source:t_p_parameters\",\"toPort\":\"source:message:\",\"visible\":true,\"common\":false},{\"from\":\"source:t_p_parameters\",\"to\":\"source:request_id:\",\"fromPort\":\"source:t_p_parameters\",\"toPort\":\"source:request_id:\",\"visible\":true,\"common\":false},{\"from\":\"source:t_p_parameters\",\"to\":\"source:tm_action_id:\",\"fromPort\":\"source:t_p_parameters\",\"toPort\":\"source:tm_action_id:\",\"visible\":true,\"common\":false}],\"blockCount\":{\"variableCount\":0},\"variableMap\":{},\"xmlMappingOverride\":true}",
    "applyCommonMapping" : false,
    "applyRequestCommonMapping" : false,
    "applyResponseCommonMapping" : false,
    "backendMeta" : {
      "serviceName" : "RMSPayments",
      "serviceVersion" : "1.0",
      "operationName" : "paymentSign"
    },
    "relationshipHierarchyMapping" : {
      "name" : "PaymentSign",
      "children" : [ ],
      "actions" : { },
      "selected" : true
    },
    "requestXmlMappingOverride" : false,
    "responseXmlMappingOverride" : true,
    "mapperData" : [ {
      "name" : "base mapper1",
      "order" : 1,
      "iMapping" : "<?xml version=\"1.0\" encoding=\"UTF-8\" standalone=\"yes\"?><mapper xmlns=\"http://www.kony.com/ns/mapper\">  <map inputpath=\"request_in\" outputpath=\"request_out\">    <set-param inputpath=\"app_payment_id\" outputpath=\"app_payment_id\"/>    <set-param inputpath=\"app_session_id\" outputpath=\"app_session_id\"/>    <set-param inputpath=\"app_user_id\" outputpath=\"app_user_id\"/>    <set-param inputpath=\"application_id\" outputpath=\"application_id\"/>    <set-param inputpath=\"channel_id\" outputpath=\"channel_id\"/>    <set-param inputpath=\"client_ip\" outputpath=\"client_ip\"/>    <set-param inputpath=\"payment_state\" outputpath=\"payment_state\"/>    <set-param inputpath=\"platform\" outputpath=\"platform\"/>    <set-param inputpath=\"security_item_type\" outputpath=\"security_item_type\"/>    <set-param inputpath=\"signature_state\" outputpath=\"signature_state\"/>    <set-param inputpath=\"tm_device_tag\" outputpath=\"tm_device_tag\"/>    <set-param inputpath=\"tm_session_sid\" outputpath=\"tm_session_sid\"/>  </map></mapper>",
      "oMapping" : "<?xml version=\"1.0\" encoding=\"UTF-8\" standalone=\"yes\"?><mapper xmlns=\"http://www.kony.com/ns/mapper\">    <map inputpath=\"response_in\" outputpath=\"response_out\">        <map inputpath=\"\" outputpath=\"PaymentSign\">            <set-param inputpath=\"error_code\" outputpath=\"error_code\"/>            <set-param inputpath=\"message\" outputpath=\"message\"/>            <set-param inputpath=\"request_id\" outputpath=\"request_id\"/>            <set-param inputpath=\"tm_action_id\" outputpath=\"tm_action_id\"/>       </map>    </map></mapper>",
      "iVisualMappingData" : "{\"nodeDataArray\":[{\"isGroup\":true,\"key\":\"request_in\",\"text\":\"PaymentSign\",\"xy\":\"150 100\"},{\"isGroup\":true,\"key\":\"request_out\",\"text\":\"RMSPayments (1.0).paymentSign\",\"xy\":\"770 100\"}],\"linkDataArray\":[{\"category\":\"Mapping\",\"from\":\"source:PaymentSign:application_id:\",\"to\":\"target:application_id:\",\"fromPort\":\"source:PaymentSign:application_id:\",\"toPort\":\"target:application_id:\",\"visible\":true,\"common\":true},{\"category\":\"Mapping\",\"from\":\"source:PaymentSign:app_payment_id:\",\"to\":\"target:app_payment_id:\",\"fromPort\":\"source:PaymentSign:app_payment_id:\",\"toPort\":\"target:app_payment_id:\",\"visible\":true,\"common\":true},{\"category\":\"Mapping\",\"from\":\"source:PaymentSign:app_session_id:\",\"to\":\"target:app_session_id:\",\"fromPort\":\"source:PaymentSign:app_session_id:\",\"toPort\":\"target:app_session_id:\",\"visible\":true,\"common\":true},{\"category\":\"Mapping\",\"from\":\"source:PaymentSign:app_user_id:\",\"to\":\"target:app_user_id:\",\"fromPort\":\"source:PaymentSign:app_user_id:\",\"toPort\":\"target:app_user_id:\",\"visible\":true,\"common\":true},{\"category\":\"Mapping\",\"from\":\"source:PaymentSign:channel_id:\",\"to\":\"target:channel_id:\",\"fromPort\":\"source:PaymentSign:channel_id:\",\"toPort\":\"target:channel_id:\",\"visible\":true,\"common\":true},{\"category\":\"Mapping\",\"from\":\"source:PaymentSign:client_ip:\",\"to\":\"target:client_ip:\",\"fromPort\":\"source:PaymentSign:client_ip:\",\"toPort\":\"target:client_ip:\",\"visible\":true,\"common\":true},{\"category\":\"Mapping\",\"from\":\"source:PaymentSign:payment_state:\",\"to\":\"target:payment_state:\",\"fromPort\":\"source:PaymentSign:payment_state:\",\"toPort\":\"target:payment_state:\",\"visible\":true,\"common\":true},{\"category\":\"Mapping\",\"from\":\"source:PaymentSign:security_item_type:\",\"to\":\"target:security_item_type:\",\"fromPort\":\"source:PaymentSign:security_item_type:\",\"toPort\":\"target:security_item_type:\",\"visible\":true,\"common\":true},{\"category\":\"Mapping\",\"from\":\"source:PaymentSign:signature_state:\",\"to\":\"target:signature_state:\",\"fromPort\":\"source:PaymentSign:signature_state:\",\"toPort\":\"target:signature_state:\",\"visible\":true,\"common\":true},{\"category\":\"Mapping\",\"from\":\"source:PaymentSign:tm_device_tag:\",\"to\":\"target:tm_device_tag:\",\"fromPort\":\"source:PaymentSign:tm_device_tag:\",\"toPort\":\"target:tm_device_tag:\",\"visible\":true,\"common\":true},{\"category\":\"Mapping\",\"from\":\"source:PaymentSign:tm_session_sid:\",\"to\":\"target:tm_session_sid:\",\"fromPort\":\"source:PaymentSign:tm_session_sid:\",\"toPort\":\"target:tm_session_sid:\",\"visible\":true,\"common\":true},{\"from\":\"source\",\"to\":\"source:PaymentSign\",\"fromPort\":\"source\",\"toPort\":\"source:PaymentSign\",\"visible\":true,\"common\":false},{\"from\":\"source:PaymentSign\",\"to\":\"source:PaymentSign:t_p_fields\",\"fromPort\":\"source:PaymentSign\",\"toPort\":\"source:PaymentSign:t_p_fields\",\"visible\":true,\"common\":false},{\"from\":\"source:PaymentSign:t_p_fields\",\"to\":\"source:PaymentSign:application_id:\",\"fromPort\":\"source:PaymentSign:t_p_fields\",\"toPort\":\"source:PaymentSign:application_id:\",\"visible\":true,\"common\":false},{\"from\":\"source:PaymentSign:t_p_fields\",\"to\":\"source:PaymentSign:app_action_id:\",\"fromPort\":\"source:PaymentSign:t_p_fields\",\"toPort\":\"source:PaymentSign:app_action_id:\",\"visible\":true,\"common\":false},{\"from\":\"source:PaymentSign:t_p_fields\",\"to\":\"source:PaymentSign:app_payment_id:\",\"fromPort\":\"source:PaymentSign:t_p_fields\",\"toPort\":\"source:PaymentSign:app_payment_id:\",\"visible\":true,\"common\":false},{\"from\":\"source:PaymentSign:t_p_fields\",\"to\":\"source:PaymentSign:app_session_id:\",\"fromPort\":\"source:PaymentSign:t_p_fields\",\"toPort\":\"source:PaymentSign:app_session_id:\",\"visible\":true,\"common\":false},{\"from\":\"source:PaymentSign:t_p_fields\",\"to\":\"source:PaymentSign:app_user_id:\",\"fromPort\":\"source:PaymentSign:t_p_fields\",\"toPort\":\"source:PaymentSign:app_user_id:\",\"visible\":true,\"common\":false},{\"from\":\"source:PaymentSign:t_p_fields\",\"to\":\"source:PaymentSign:channel_id:\",\"fromPort\":\"source:PaymentSign:t_p_fields\",\"toPort\":\"source:PaymentSign:channel_id:\",\"visible\":true,\"common\":false},{\"from\":\"source:PaymentSign:t_p_fields\",\"to\":\"source:PaymentSign:client_ip:\",\"fromPort\":\"source:PaymentSign:t_p_fields\",\"toPort\":\"source:PaymentSign:client_ip:\",\"visible\":true,\"common\":false},{\"from\":\"source:PaymentSign:t_p_fields\",\"to\":\"source:PaymentSign:error_code:\",\"fromPort\":\"source:PaymentSign:t_p_fields\",\"toPort\":\"source:PaymentSign:error_code:\",\"visible\":true,\"common\":false},{\"from\":\"source:PaymentSign:t_p_fields\",\"to\":\"source:PaymentSign:message:\",\"fromPort\":\"source:PaymentSign:t_p_fields\",\"toPort\":\"source:PaymentSign:message:\",\"visible\":true,\"common\":false},{\"from\":\"source:PaymentSign:t_p_fields\",\"to\":\"source:PaymentSign:payment_state:\",\"fromPort\":\"source:PaymentSign:t_p_fields\",\"toPort\":\"source:PaymentSign:payment_state:\",\"visible\":true,\"common\":false},{\"from\":\"source:PaymentSign:t_p_fields\",\"to\":\"source:PaymentSign:request_id:\",\"fromPort\":\"source:PaymentSign:t_p_fields\",\"toPort\":\"source:PaymentSign:request_id:\",\"visible\":true,\"common\":false},{\"from\":\"source:PaymentSign:t_p_fields\",\"to\":\"source:PaymentSign:security_item_type:\",\"fromPort\":\"source:PaymentSign:t_p_fields\",\"toPort\":\"source:PaymentSign:security_item_type:\",\"visible\":true,\"common\":false},{\"from\":\"source:PaymentSign:t_p_fields\",\"to\":\"source:PaymentSign:signature_state:\",\"fromPort\":\"source:PaymentSign:t_p_fields\",\"toPort\":\"source:PaymentSign:signature_state:\",\"visible\":true,\"common\":false},{\"from\":\"source:PaymentSign:t_p_fields\",\"to\":\"source:PaymentSign:tm_action_id:\",\"fromPort\":\"source:PaymentSign:t_p_fields\",\"toPort\":\"source:PaymentSign:tm_action_id:\",\"visible\":true,\"common\":false},{\"from\":\"source:PaymentSign:t_p_fields\",\"to\":\"source:PaymentSign:tm_device_tag:\",\"fromPort\":\"source:PaymentSign:t_p_fields\",\"toPort\":\"source:PaymentSign:tm_device_tag:\",\"visible\":true,\"common\":false},{\"from\":\"source:PaymentSign:t_p_fields\",\"to\":\"source:PaymentSign:tm_session_sid:\",\"fromPort\":\"source:PaymentSign:t_p_fields\",\"toPort\":\"source:PaymentSign:tm_session_sid:\",\"visible\":true,\"common\":false},{\"from\":\"source:PaymentSign:t_p_fields\",\"to\":\"source:PaymentSign:platform:\",\"fromPort\":\"source:PaymentSign:t_p_fields\",\"toPort\":\"source:PaymentSign:platform:\",\"visible\":true,\"common\":false},{\"from\":\"target\",\"to\":\"target:t_p_parameters\",\"fromPort\":\"target\",\"toPort\":\"target:t_p_parameters\",\"visible\":true,\"common\":false},{\"from\":\"target:t_p_parameters\",\"to\":\"target:app_action_id:\",\"fromPort\":\"target:t_p_parameters\",\"toPort\":\"target:app_action_id:\",\"visible\":true,\"common\":false},{\"from\":\"target:t_p_parameters\",\"to\":\"target:app_payment_id:\",\"fromPort\":\"target:t_p_parameters\",\"toPort\":\"target:app_payment_id:\",\"visible\":true,\"common\":false},{\"from\":\"target:t_p_parameters\",\"to\":\"target:app_session_id:\",\"fromPort\":\"target:t_p_parameters\",\"toPort\":\"target:app_session_id:\",\"visible\":true,\"common\":false},{\"from\":\"target:t_p_parameters\",\"to\":\"target:app_user_id:\",\"fromPort\":\"target:t_p_parameters\",\"toPort\":\"target:app_user_id:\",\"visible\":true,\"common\":false},{\"from\":\"target:t_p_parameters\",\"to\":\"target:application_id:\",\"fromPort\":\"target:t_p_parameters\",\"toPort\":\"target:application_id:\",\"visible\":true,\"common\":false},{\"from\":\"target:t_p_parameters\",\"to\":\"target:channel_id:\",\"fromPort\":\"target:t_p_parameters\",\"toPort\":\"target:channel_id:\",\"visible\":true,\"common\":false},{\"from\":\"target:t_p_parameters\",\"to\":\"target:client_ip:\",\"fromPort\":\"target:t_p_parameters\",\"toPort\":\"target:client_ip:\",\"visible\":true,\"common\":false},{\"from\":\"target:t_p_parameters\",\"to\":\"target:environment_id:\",\"fromPort\":\"target:t_p_parameters\",\"toPort\":\"target:environment_id:\",\"visible\":true,\"common\":false},{\"from\":\"target:t_p_parameters\",\"to\":\"target:payment_state:\",\"fromPort\":\"target:t_p_parameters\",\"toPort\":\"target:payment_state:\",\"visible\":true,\"common\":false},{\"from\":\"target:t_p_parameters\",\"to\":\"target:platform:\",\"fromPort\":\"target:t_p_parameters\",\"toPort\":\"target:platform:\",\"visible\":true,\"common\":false},{\"from\":\"target:t_p_parameters\",\"to\":\"target:security_item_type:\",\"fromPort\":\"target:t_p_parameters\",\"toPort\":\"target:security_item_type:\",\"visible\":true,\"common\":false},{\"from\":\"target:t_p_parameters\",\"to\":\"target:signature_state:\",\"fromPort\":\"target:t_p_parameters\",\"toPort\":\"target:signature_state:\",\"visible\":true,\"common\":false},{\"from\":\"target:t_p_parameters\",\"to\":\"target:tm_device_tag:\",\"fromPort\":\"target:t_p_parameters\",\"toPort\":\"target:tm_device_tag:\",\"visible\":true,\"common\":false},{\"from\":\"target:t_p_parameters\",\"to\":\"target:tm_session_sid:\",\"fromPort\":\"target:t_p_parameters\",\"toPort\":\"target:tm_session_sid:\",\"visible\":true,\"common\":false},{\"category\":\"Mapping\",\"visible\":true,\"from\":\"source:PaymentSign:platform:\",\"to\":\"target:platform:\",\"fromPort\":\"source:PaymentSign:platform:\",\"toPort\":\"target:platform:\"}],\"blockCount\":{\"variableCount\":0},\"variableMap\":{},\"xmlMappingOverride\":false}",
      "oVisualMappingData" : "{\"nodeDataArray\":[{\"isGroup\":true,\"key\":\"response_out\",\"text\":\"PaymentSign\",\"xy\":\"770 100\"},{\"isGroup\":true,\"key\":\"response_in\",\"text\":\"RMSPayments (1.0).paymentSign\",\"xy\":\"150 100\"}],\"linkDataArray\":[{\"category\":\"Mapping\",\"from\":\"source:error_code:\",\"to\":\"target:PaymentSign:error_code:\",\"fromPort\":\"source:error_code:\",\"toPort\":\"target:PaymentSign:error_code:\",\"visible\":true,\"common\":true},{\"category\":\"Mapping\",\"from\":\"source:message:\",\"to\":\"target:PaymentSign:message:\",\"fromPort\":\"source:message:\",\"toPort\":\"target:PaymentSign:message:\",\"visible\":true,\"common\":true},{\"category\":\"Mapping\",\"from\":\"source:request_id:\",\"to\":\"target:PaymentSign:request_id:\",\"fromPort\":\"source:request_id:\",\"toPort\":\"target:PaymentSign:request_id:\",\"visible\":true,\"common\":true},{\"category\":\"Mapping\",\"from\":\"source:tm_action_id:\",\"to\":\"target:PaymentSign:tm_action_id:\",\"fromPort\":\"source:tm_action_id:\",\"toPort\":\"target:PaymentSign:tm_action_id:\",\"visible\":true,\"common\":true},{\"from\":\"target\",\"to\":\"target:PaymentSign\",\"fromPort\":\"target\",\"toPort\":\"target:PaymentSign\",\"visible\":true,\"common\":false},{\"from\":\"target:PaymentSign\",\"to\":\"target:PaymentSign:t_p_fields\",\"fromPort\":\"target:PaymentSign\",\"toPort\":\"target:PaymentSign:t_p_fields\",\"visible\":true,\"common\":false},{\"from\":\"target:PaymentSign:t_p_fields\",\"to\":\"target:PaymentSign:application_id:\",\"fromPort\":\"target:PaymentSign:t_p_fields\",\"toPort\":\"target:PaymentSign:application_id:\",\"visible\":true,\"common\":false},{\"from\":\"target:PaymentSign:t_p_fields\",\"to\":\"target:PaymentSign:app_action_id:\",\"fromPort\":\"target:PaymentSign:t_p_fields\",\"toPort\":\"target:PaymentSign:app_action_id:\",\"visible\":true,\"common\":false},{\"from\":\"target:PaymentSign:t_p_fields\",\"to\":\"target:PaymentSign:app_payment_id:\",\"fromPort\":\"target:PaymentSign:t_p_fields\",\"toPort\":\"target:PaymentSign:app_payment_id:\",\"visible\":true,\"common\":false},{\"from\":\"target:PaymentSign:t_p_fields\",\"to\":\"target:PaymentSign:app_session_id:\",\"fromPort\":\"target:PaymentSign:t_p_fields\",\"toPort\":\"target:PaymentSign:app_session_id:\",\"visible\":true,\"common\":false},{\"from\":\"target:PaymentSign:t_p_fields\",\"to\":\"target:PaymentSign:app_user_id:\",\"fromPort\":\"target:PaymentSign:t_p_fields\",\"toPort\":\"target:PaymentSign:app_user_id:\",\"visible\":true,\"common\":false},{\"from\":\"target:PaymentSign:t_p_fields\",\"to\":\"target:PaymentSign:channel_id:\",\"fromPort\":\"target:PaymentSign:t_p_fields\",\"toPort\":\"target:PaymentSign:channel_id:\",\"visible\":true,\"common\":false},{\"from\":\"target:PaymentSign:t_p_fields\",\"to\":\"target:PaymentSign:client_ip:\",\"fromPort\":\"target:PaymentSign:t_p_fields\",\"toPort\":\"target:PaymentSign:client_ip:\",\"visible\":true,\"common\":false},{\"from\":\"target:PaymentSign:t_p_fields\",\"to\":\"target:PaymentSign:error_code:\",\"fromPort\":\"target:PaymentSign:t_p_fields\",\"toPort\":\"target:PaymentSign:error_code:\",\"visible\":true,\"common\":false},{\"from\":\"target:PaymentSign:t_p_fields\",\"to\":\"target:PaymentSign:message:\",\"fromPort\":\"target:PaymentSign:t_p_fields\",\"toPort\":\"target:PaymentSign:message:\",\"visible\":true,\"common\":false},{\"from\":\"target:PaymentSign:t_p_fields\",\"to\":\"target:PaymentSign:payment_state:\",\"fromPort\":\"target:PaymentSign:t_p_fields\",\"toPort\":\"target:PaymentSign:payment_state:\",\"visible\":true,\"common\":false},{\"from\":\"target:PaymentSign:t_p_fields\",\"to\":\"target:PaymentSign:request_id:\",\"fromPort\":\"target:PaymentSign:t_p_fields\",\"toPort\":\"target:PaymentSign:request_id:\",\"visible\":true,\"common\":false},{\"from\":\"target:PaymentSign:t_p_fields\",\"to\":\"target:PaymentSign:security_item_type:\",\"fromPort\":\"target:PaymentSign:t_p_fields\",\"toPort\":\"target:PaymentSign:security_item_type:\",\"visible\":true,\"common\":false},{\"from\":\"target:PaymentSign:t_p_fields\",\"to\":\"target:PaymentSign:signature_state:\",\"fromPort\":\"target:PaymentSign:t_p_fields\",\"toPort\":\"target:PaymentSign:signature_state:\",\"visible\":true,\"common\":false},{\"from\":\"target:PaymentSign:t_p_fields\",\"to\":\"target:PaymentSign:tm_action_id:\",\"fromPort\":\"target:PaymentSign:t_p_fields\",\"toPort\":\"target:PaymentSign:tm_action_id:\",\"visible\":true,\"common\":false},{\"from\":\"target:PaymentSign:t_p_fields\",\"to\":\"target:PaymentSign:tm_device_tag:\",\"fromPort\":\"target:PaymentSign:t_p_fields\",\"toPort\":\"target:PaymentSign:tm_device_tag:\",\"visible\":true,\"common\":false},{\"from\":\"target:PaymentSign:t_p_fields\",\"to\":\"target:PaymentSign:tm_session_sid:\",\"fromPort\":\"target:PaymentSign:t_p_fields\",\"toPort\":\"target:PaymentSign:tm_session_sid:\",\"visible\":true,\"common\":false},{\"from\":\"target:PaymentSign:t_p_fields\",\"to\":\"target:PaymentSign:platform:\",\"fromPort\":\"target:PaymentSign:t_p_fields\",\"toPort\":\"target:PaymentSign:platform:\",\"visible\":true,\"common\":false},{\"from\":\"source\",\"to\":\"source:t_p_parameters\",\"fromPort\":\"source\",\"toPort\":\"source:t_p_parameters\",\"visible\":true,\"common\":false},{\"from\":\"source:t_p_parameters\",\"to\":\"source:error_code:\",\"fromPort\":\"source:t_p_parameters\",\"toPort\":\"source:error_code:\",\"visible\":true,\"common\":false},{\"from\":\"source:t_p_parameters\",\"to\":\"source:message:\",\"fromPort\":\"source:t_p_parameters\",\"toPort\":\"source:message:\",\"visible\":true,\"common\":false},{\"from\":\"source:t_p_parameters\",\"to\":\"source:request_id:\",\"fromPort\":\"source:t_p_parameters\",\"toPort\":\"source:request_id:\",\"visible\":true,\"common\":false},{\"from\":\"source:t_p_parameters\",\"to\":\"source:tm_action_id:\",\"fromPort\":\"source:t_p_parameters\",\"toPort\":\"source:tm_action_id:\",\"visible\":true,\"common\":false}],\"blockCount\":{\"variableCount\":0},\"variableMap\":{},\"xmlMappingOverride\":true}",
      "requestXmlMappingOverride" : false,
      "responseXmlMappingOverride" : true,
      "disabled" : false,
      "applyCommonMapping" : false,
      "applyRequestCommonMapping" : false,
      "applyResponseCommonMapping" : false
    } ]
  },
  "enableFrontendUrl" : false,
  "customVerb" : false
}