{
  "operationConfig" : {
    "name" : "validate1526",
    "type" : "MappedToBackend",
    "cachable" : false,
    "smsEnabled" : false,
    "security" : "authorized_app",
    "responseEncoding" : "UTF-8",
    "httpMethod" : "GET",
    "decodeResponseBody" : false,
    "iMapping" : "<?xml version=\"1.0\" encoding=\"UTF-8\" standalone=\"yes\"?>\n<mapper xmlns=\"http://www.kony.com/ns/mapper\">\n    <map inputpath=\"request_in\" outputpath=\"request_out\">\n        <set-param inputpath=\"authType\" outputpath=\"authType\"/>\n        <set-param inputpath=\"password\" outputpath=\"password\"/>\n        <set-param inputpath=\"username\" outputpath=\"username\"/>\n    </map>\n</mapper>\n",
    "oMapping" : "<?xml version=\"1.0\" encoding=\"UTF-8\" standalone=\"yes\"?>\n<mapper xmlns=\"http://www.kony.com/ns/mapper\">\n    <map inputpath=\"response_in\" outputpath=\"response_out\">\n        <map inputpath=\"\" outputpath=\"ChallengeValidation\">\n            <set-param inputpath=\"error\" outputpath=\"error\"/>\n            <set-param inputpath=\"error_description\" outputpath=\"error_description\"/>\n            <set-param inputpath=\"expires_in\" outputpath=\"expires_in\"/>\n        </map>\n    </map>\n</mapper>\n",
    "iVisualMappingData" : "{\"nodeDataArray\":[{\"isGroup\":true,\"key\":\"request_in\",\"text\":\"ChallengeValidation\",\"xy\":\"216 70\"},{\"isGroup\":true,\"key\":\"request_out\",\"text\":\"HIDChallengeValidationService (1.0).validate\",\"xy\":\"770 100\"}],\"linkDataArray\":[{\"category\":\"Mapping\",\"visible\":true,\"from\":\"source:ChallengeValidation:authType:\",\"to\":\"target:authType:\",\"fromPort\":\"source:ChallengeValidation:authType:\",\"toPort\":\"target:authType:\"},{\"category\":\"Mapping\",\"visible\":true,\"from\":\"source:ChallengeValidation:password:\",\"to\":\"target:password:\",\"fromPort\":\"source:ChallengeValidation:password:\",\"toPort\":\"target:password:\"},{\"category\":\"Mapping\",\"visible\":true,\"from\":\"source:ChallengeValidation:username:\",\"to\":\"target:username:\",\"fromPort\":\"source:ChallengeValidation:username:\",\"toPort\":\"target:username:\"}],\"blockCount\":{\"variableCount\":0},\"variableMap\":{},\"xmlMappingOverride\":false}",
    "oVisualMappingData" : "{\"nodeDataArray\":[{\"isGroup\":true,\"key\":\"response_out\",\"text\":\"ChallengeValidation\",\"xy\":\"770 100\"},{\"isGroup\":true,\"key\":\"response_in\",\"text\":\"HIDChallengeValidationService (1.0).validate\",\"xy\":\"150 100\"}],\"linkDataArray\":[{\"category\":\"Mapping\",\"visible\":true,\"from\":\"source:error:\",\"to\":\"target:ChallengeValidation:error:\",\"fromPort\":\"source:error:\",\"toPort\":\"target:ChallengeValidation:error:\"},{\"category\":\"Mapping\",\"visible\":true,\"from\":\"source:error_description:\",\"to\":\"target:ChallengeValidation:error_description:\",\"fromPort\":\"source:error_description:\",\"toPort\":\"target:ChallengeValidation:error_description:\"},{\"category\":\"Mapping\",\"visible\":true,\"from\":\"source:expires_in:\",\"to\":\"target:ChallengeValidation:expires_in:\",\"fromPort\":\"source:expires_in:\",\"toPort\":\"target:ChallengeValidation:expires_in:\"}],\"blockCount\":{\"variableCount\":0},\"variableMap\":{},\"xmlMappingOverride\":false}",
    "applyCommonMapping" : false,
    "applyRequestCommonMapping" : false,
    "applyResponseCommonMapping" : false,
    "backendMeta" : {
      "serviceName" : "HIDChallengeValidationService",
      "serviceVersion" : "1.0",
      "operationName" : "validate"
    },
    "relationshipHierarchyMapping" : {
      "children" : [ ],
      "name" : "ChallengeValidation",
      "actions" : { },
      "selected" : true
    },
    "requestXmlMappingOverride" : false,
    "responseXmlMappingOverride" : false,
    "mapperData" : [ {
      "name" : "base mapper1",
      "order" : 1,
      "iMapping" : "<?xml version=\"1.0\" encoding=\"UTF-8\" standalone=\"yes\"?>\n<mapper xmlns=\"http://www.kony.com/ns/mapper\">\n    <map inputpath=\"request_in\" outputpath=\"request_out\">\n        <set-param inputpath=\"authType\" outputpath=\"authType\"/>\n        <set-param inputpath=\"password\" outputpath=\"password\"/>\n        <set-param inputpath=\"username\" outputpath=\"username\"/>\n    </map>\n</mapper>\n",
      "oMapping" : "<?xml version=\"1.0\" encoding=\"UTF-8\" standalone=\"yes\"?>\n<mapper xmlns=\"http://www.kony.com/ns/mapper\">\n    <map inputpath=\"response_in\" outputpath=\"response_out\">\n        <map inputpath=\"\" outputpath=\"ChallengeValidation\">\n            <set-param inputpath=\"error\" outputpath=\"error\"/>\n            <set-param inputpath=\"error_description\" outputpath=\"error_description\"/>\n            <set-param inputpath=\"expires_in\" outputpath=\"expires_in\"/>\n        </map>\n    </map>\n</mapper>\n",
      "iVisualMappingData" : "{\"nodeDataArray\":[{\"isGroup\":true,\"key\":\"request_in\",\"text\":\"ChallengeValidation\",\"xy\":\"216 70\"},{\"isGroup\":true,\"key\":\"request_out\",\"text\":\"HIDChallengeValidationService (1.0).validate\",\"xy\":\"770 100\"}],\"linkDataArray\":[{\"category\":\"Mapping\",\"visible\":true,\"from\":\"source:ChallengeValidation:authType:\",\"to\":\"target:authType:\",\"fromPort\":\"source:ChallengeValidation:authType:\",\"toPort\":\"target:authType:\"},{\"category\":\"Mapping\",\"visible\":true,\"from\":\"source:ChallengeValidation:password:\",\"to\":\"target:password:\",\"fromPort\":\"source:ChallengeValidation:password:\",\"toPort\":\"target:password:\"},{\"category\":\"Mapping\",\"visible\":true,\"from\":\"source:ChallengeValidation:username:\",\"to\":\"target:username:\",\"fromPort\":\"source:ChallengeValidation:username:\",\"toPort\":\"target:username:\"}],\"blockCount\":{\"variableCount\":0},\"variableMap\":{},\"xmlMappingOverride\":false}",
      "oVisualMappingData" : "{\"nodeDataArray\":[{\"isGroup\":true,\"key\":\"response_out\",\"text\":\"ChallengeValidation\",\"xy\":\"770 100\"},{\"isGroup\":true,\"key\":\"response_in\",\"text\":\"HIDChallengeValidationService (1.0).validate\",\"xy\":\"150 100\"}],\"linkDataArray\":[{\"category\":\"Mapping\",\"visible\":true,\"from\":\"source:error:\",\"to\":\"target:ChallengeValidation:error:\",\"fromPort\":\"source:error:\",\"toPort\":\"target:ChallengeValidation:error:\"},{\"category\":\"Mapping\",\"visible\":true,\"from\":\"source:error_description:\",\"to\":\"target:ChallengeValidation:error_description:\",\"fromPort\":\"source:error_description:\",\"toPort\":\"target:ChallengeValidation:error_description:\"},{\"category\":\"Mapping\",\"visible\":true,\"from\":\"source:expires_in:\",\"to\":\"target:ChallengeValidation:expires_in:\",\"fromPort\":\"source:expires_in:\",\"toPort\":\"target:ChallengeValidation:expires_in:\"}],\"blockCount\":{\"variableCount\":0},\"variableMap\":{},\"xmlMappingOverride\":false}",
      "requestXmlMappingOverride" : false,
      "responseXmlMappingOverride" : false,
      "disabled" : false,
      "applyCommonMapping" : false,
      "applyRequestCommonMapping" : false,
      "applyResponseCommonMapping" : false
    } ]
  },
  "enableFrontendUrl" : false,
  "customVerb" : false
}