[ {
  "name" : "active",
  "sourceFieldname" : "active",
  "description" : "active",
  "dataType" : "string",
  "hasIndex" : false,
  "unique" : false,
  "primarykey" : false,
  "namefield" : false,
  "nullable" : true,
  "custom" : false,
  "createable" : true,
  "updateable" : true,
  "audit" : false,
  "customizable" : false,
  "fieldOrder" : 0,
  "fieldProperties" : {
    "autoGenerated" : "false"
  },
  "etag" : "3e647af5-e0c9-4447-b189-d7f9bcc009d9",
  "isExtended" : false
}, {
  "name" : "authType",
  "sourceFieldname" : "authType",
  "description" : "authType",
  "dataType" : "string",
  "hasIndex" : false,
  "unique" : false,
  "primarykey" : false,
  "namefield" : false,
  "nullable" : true,
  "custom" : false,
  "createable" : true,
  "updateable" : true,
  "audit" : false,
  "customizable" : false,
  "fieldOrder" : 0,
  "fieldProperties" : {
    "autoGenerated" : "false"
  },
  "etag" : "32f0750e-a951-45ba-9ed1-47299e2a4e58",
  "isExtended" : false
}, {
  "name" : "consecutiveFailed",
  "sourceFieldname" : "consecutiveFailed",
  "description" : "consecutiveFailed",
  "dataType" : "string",
  "hasIndex" : false,
  "unique" : false,
  "primarykey" : false,
  "namefield" : false,
  "nullable" : true,
  "custom" : false,
  "createable" : true,
  "updateable" : true,
  "audit" : false,
  "customizable" : false,
  "fieldOrder" : 0,
  "fieldProperties" : {
    "autoGenerated" : "false"
  },
  "etag" : "76604e04-0cf6-4fcd-93da-cb7bf42b3989",
  "isExtended" : false
}, {
  "name" : "consecutiveSuccess",
  "sourceFieldname" : "consecutiveSuccess",
  "description" : "consecutiveSuccess",
  "dataType" : "string",
  "hasIndex" : false,
  "unique" : false,
  "primarykey" : false,
  "namefield" : false,
  "nullable" : true,
  "custom" : false,
  "createable" : true,
  "updateable" : true,
  "audit" : false,
  "customizable" : false,
  "fieldOrder" : 0,
  "fieldProperties" : {
    "autoGenerated" : "false"
  },
  "etag" : "f94d117c-79ac-4d2e-80a7-38067f4a26f5",
  "isExtended" : false
}, {
  "name" : "created",
  "sourceFieldname" : "created",
  "description" : "created",
  "dataType" : "string",
  "hasIndex" : false,
  "unique" : false,
  "primarykey" : false,
  "namefield" : false,
  "nullable" : true,
  "custom" : false,
  "createable" : true,
  "updateable" : true,
  "audit" : false,
  "customizable" : false,
  "fieldOrder" : 0,
  "fieldProperties" : {
    "autoGenerated" : "false"
  },
  "etag" : "07c5640f-031b-43b3-87fa-3102bf7d9291",
  "isExtended" : false
}, {
  "name" : "disableThreshold",
  "sourceFieldname" : "disableThreshold",
  "description" : "disableThreshold",
  "dataType" : "string",
  "hasIndex" : false,
  "unique" : false,
  "primarykey" : false,
  "namefield" : false,
  "nullable" : true,
  "custom" : false,
  "createable" : true,
  "updateable" : true,
  "audit" : false,
  "customizable" : false,
  "fieldOrder" : 0,
  "fieldProperties" : {
    "autoGenerated" : "false"
  },
  "etag" : "640bd4be-3f53-4d47-bc6f-9d32ba12a7fa",
  "isExtended" : false
}, {
  "name" : "expiryDate",
  "sourceFieldname" : "expiryDate",
  "description" : "expiryDate",
  "dataType" : "string",
  "hasIndex" : false,
  "unique" : false,
  "primarykey" : false,
  "namefield" : false,
  "nullable" : true,
  "custom" : false,
  "createable" : true,
  "updateable" : true,
  "audit" : false,
  "customizable" : false,
  "fieldOrder" : 0,
  "fieldProperties" : {
    "autoGenerated" : "false"
  },
  "etag" : "517ab4b9-9103-450b-a031-28577c63cbcd",
  "isExtended" : false
}, {
  "name" : "filter",
  "sourceFieldname" : "filter",
  "description" : "filter",
  "dataType" : "string",
  "hasIndex" : false,
  "unique" : false,
  "primarykey" : false,
  "namefield" : false,
  "nullable" : true,
  "custom" : false,
  "createable" : true,
  "updateable" : true,
  "audit" : false,
  "customizable" : false,
  "fieldOrder" : 0,
  "fieldProperties" : {
    "autoGenerated" : "false"
  },
  "etag" : "0136655a-7df1-447a-a0fb-8f215aa87b93",
  "isExtended" : false
}, {
  "name" : "id",
  "sourceFieldname" : "id",
  "description" : "id",
  "dataType" : "string",
  "hasIndex" : false,
  "unique" : false,
  "primarykey" : false,
  "namefield" : false,
  "nullable" : true,
  "custom" : false,
  "createable" : true,
  "updateable" : true,
  "audit" : false,
  "customizable" : false,
  "fieldOrder" : 0,
  "fieldProperties" : {
    "autoGenerated" : "false"
  },
  "etag" : "7a42c5f7-21cf-48de-96d4-407441cecb78",
  "isExtended" : false
}, {
  "name" : "lastSuccessfulDate",
  "sourceFieldname" : "lastSuccessfulDate",
  "description" : "lastSuccessfulDate",
  "dataType" : "string",
  "hasIndex" : false,
  "unique" : false,
  "primarykey" : false,
  "namefield" : false,
  "nullable" : true,
  "custom" : false,
  "createable" : true,
  "updateable" : true,
  "audit" : false,
  "customizable" : false,
  "fieldOrder" : 0,
  "fieldProperties" : {
    "autoGenerated" : "false"
  },
  "etag" : "bc9aa370-f3ce-4c7e-8745-72b78e345d32",
  "isExtended" : false
}, {
  "name" : "PasswordResetError",
  "sourceFieldname" : "PasswordResetError",
  "description" : "PasswordResetError",
  "dataType" : "string",
  "hasIndex" : false,
  "unique" : false,
  "primarykey" : false,
  "namefield" : false,
  "nullable" : true,
  "custom" : false,
  "createable" : true,
  "updateable" : true,
  "audit" : false,
  "customizable" : false,
  "fieldOrder" : 0,
  "fieldProperties" : {
    "autoGenerated" : "false"
  },
  "etag" : "f7507047-e3c5-4a53-bf76-f424938dcfd1",
  "isExtended" : false
}, {
  "name" : "ServErrMsg",
  "sourceFieldname" : "ServErrMsg",
  "description" : "ServErrMsg",
  "dataType" : "string",
  "hasIndex" : false,
  "unique" : false,
  "primarykey" : false,
  "namefield" : false,
  "nullable" : true,
  "custom" : false,
  "createable" : true,
  "updateable" : true,
  "audit" : false,
  "customizable" : false,
  "fieldOrder" : 0,
  "fieldProperties" : {
    "autoGenerated" : "false"
  },
  "etag" : "cc884fd5-b851-46fd-b41b-4e6e582f1dbb",
  "isExtended" : false
}, {
  "name" : "status",
  "sourceFieldname" : "status",
  "description" : "status",
  "dataType" : "boolean",
  "hasIndex" : false,
  "unique" : false,
  "primarykey" : false,
  "namefield" : false,
  "nullable" : true,
  "custom" : false,
  "createable" : true,
  "updateable" : true,
  "audit" : false,
  "customizable" : false,
  "fieldOrder" : 0,
  "fieldProperties" : {
    "autoGenerated" : "false"
  },
  "etag" : "c0a1bd45-44fa-45f1-ad8e-e403da6d1181",
  "isExtended" : false
}, {
  "name" : "totalFailed",
  "sourceFieldname" : "totalFailed",
  "description" : "totalFailed",
  "dataType" : "string",
  "hasIndex" : false,
  "unique" : false,
  "primarykey" : false,
  "namefield" : false,
  "nullable" : true,
  "custom" : false,
  "createable" : true,
  "updateable" : true,
  "audit" : false,
  "customizable" : false,
  "fieldOrder" : 0,
  "fieldProperties" : {
    "autoGenerated" : "false"
  },
  "etag" : "af47421b-76ce-4891-836b-4c894aff3a58",
  "isExtended" : false
}, {
  "name" : "totalResults",
  "sourceFieldname" : "totalResults",
  "description" : "totalResults",
  "dataType" : "string",
  "hasIndex" : false,
  "unique" : false,
  "primarykey" : false,
  "namefield" : false,
  "nullable" : true,
  "custom" : false,
  "createable" : true,
  "updateable" : true,
  "audit" : false,
  "customizable" : false,
  "fieldOrder" : 0,
  "fieldProperties" : {
    "autoGenerated" : "false"
  },
  "etag" : "250720e9-6f64-4152-99b4-faffca80cfdd",
  "isExtended" : false
}, {
  "name" : "totalSuccess",
  "sourceFieldname" : "totalSuccess",
  "description" : "totalSuccess",
  "dataType" : "string",
  "hasIndex" : false,
  "unique" : false,
  "primarykey" : false,
  "namefield" : false,
  "nullable" : true,
  "custom" : false,
  "createable" : true,
  "updateable" : true,
  "audit" : false,
  "customizable" : false,
  "fieldOrder" : 0,
  "fieldProperties" : {
    "autoGenerated" : "false"
  },
  "etag" : "d278a5f5-1a95-4bd5-b291-52f8db5b963c",
  "isExtended" : false
}, {
  "name" : "userid",
  "sourceFieldname" : "userid",
  "description" : "userid",
  "dataType" : "string",
  "hasIndex" : false,
  "unique" : false,
  "primarykey" : false,
  "namefield" : false,
  "nullable" : true,
  "custom" : false,
  "createable" : true,
  "updateable" : true,
  "audit" : false,
  "customizable" : false,
  "fieldOrder" : 0,
  "fieldProperties" : {
    "autoGenerated" : "false"
  },
  "etag" : "da5c88f9-b4e0-48fd-9adf-8ad14e285d01",
  "isExtended" : false
} ]