[ {
  "name" : "app_action_id",
  "sourceFieldname" : "app_action_id",
  "description" : "app_action_id",
  "dataType" : "string",
  "hasIndex" : false,
  "unique" : true,
  "primarykey" : true,
  "namefield" : false,
  "nullable" : false,
  "custom" : false,
  "createable" : true,
  "updateable" : true,
  "audit" : false,
  "customizable" : false,
  "fieldOrder" : 2,
  "fieldProperties" : {
    "autoGenerated" : "false"
  },
  "etag" : "b0bb96e3-2c32-4639-9fd7-32314cc944cd",
  "isExtended" : false
}, {
  "name" : "app_session_id",
  "sourceFieldname" : "app_session_id",
  "description" : "app_session_id",
  "dataType" : "string",
  "hasIndex" : false,
  "unique" : false,
  "primarykey" : false,
  "namefield" : false,
  "nullable" : true,
  "custom" : false,
  "createable" : true,
  "updateable" : true,
  "audit" : false,
  "customizable" : false,
  "fieldOrder" : 3,
  "fieldProperties" : {
    "autoGenerated" : "false"
  },
  "etag" : "c6bb2d8d-6833-4487-bd20-832680886794",
  "isExtended" : false
}, {
  "name" : "app_user_id",
  "sourceFieldname" : "app_user_id",
  "description" : "app_user_id",
  "dataType" : "string",
  "hasIndex" : false,
  "unique" : false,
  "primarykey" : false,
  "namefield" : false,
  "nullable" : true,
  "custom" : false,
  "createable" : true,
  "updateable" : true,
  "audit" : false,
  "customizable" : false,
  "fieldOrder" : 4,
  "fieldProperties" : {
    "autoGenerated" : "false"
  },
  "etag" : "03b72f19-46a8-4107-92cf-28e07769460e",
  "isExtended" : false
}, {
  "name" : "application_id",
  "sourceFieldname" : "application_id",
  "description" : "application_id",
  "dataType" : "string",
  "hasIndex" : false,
  "unique" : false,
  "primarykey" : false,
  "namefield" : false,
  "nullable" : true,
  "custom" : false,
  "createable" : true,
  "updateable" : true,
  "audit" : false,
  "customizable" : false,
  "fieldOrder" : 1,
  "fieldProperties" : {
    "autoGenerated" : "false"
  },
  "etag" : "ef1d68ca-47ec-41bf-a975-35e24c1e76b5",
  "isExtended" : false
}, {
  "name" : "channel_id",
  "sourceFieldname" : "channel_id",
  "description" : "channel_id",
  "dataType" : "string",
  "hasIndex" : false,
  "unique" : false,
  "primarykey" : false,
  "namefield" : false,
  "nullable" : true,
  "custom" : false,
  "createable" : true,
  "updateable" : true,
  "audit" : false,
  "customizable" : false,
  "fieldOrder" : 5,
  "fieldProperties" : {
    "autoGenerated" : "false"
  },
  "etag" : "34a06704-eab1-4d71-aeb1-d040aef1ab3a",
  "isExtended" : false
}, {
  "name" : "client_ip",
  "sourceFieldname" : "client_ip",
  "description" : "client_ip",
  "dataType" : "string",
  "hasIndex" : false,
  "unique" : false,
  "primarykey" : false,
  "namefield" : false,
  "nullable" : true,
  "custom" : false,
  "createable" : true,
  "updateable" : true,
  "audit" : false,
  "customizable" : false,
  "fieldOrder" : 6,
  "fieldProperties" : {
    "autoGenerated" : "false"
  },
  "etag" : "6f2372b3-fa72-42c1-a5b1-d3c84074f66a",
  "isExtended" : false
}, {
  "name" : "error_code",
  "sourceFieldname" : "error_code",
  "description" : "error_code",
  "dataType" : "string",
  "hasIndex" : false,
  "unique" : false,
  "primarykey" : false,
  "namefield" : false,
  "nullable" : true,
  "custom" : false,
  "createable" : true,
  "updateable" : true,
  "audit" : false,
  "customizable" : false,
  "fieldOrder" : 7,
  "fieldProperties" : {
    "autoGenerated" : "false"
  },
  "etag" : "999c030c-9cc1-4216-9381-f8b3ae29666e",
  "isExtended" : false
}, {
  "name" : "error_message",
  "sourceFieldname" : "error_message",
  "description" : "error_message",
  "dataType" : "string",
  "hasIndex" : false,
  "unique" : false,
  "primarykey" : false,
  "namefield" : false,
  "nullable" : true,
  "custom" : false,
  "createable" : true,
  "updateable" : true,
  "audit" : false,
  "customizable" : false,
  "fieldOrder" : 8,
  "fieldProperties" : {
    "autoGenerated" : "false"
  },
  "etag" : "e736e25d-72ce-4ecf-8083-3a65d8e02f88",
  "isExtended" : false
}, {
  "name" : "factor_index",
  "sourceFieldname" : "factor_index",
  "description" : "factor_index",
  "dataType" : "string",
  "hasIndex" : false,
  "unique" : false,
  "primarykey" : false,
  "namefield" : false,
  "nullable" : true,
  "custom" : false,
  "createable" : true,
  "updateable" : true,
  "audit" : false,
  "customizable" : false,
  "fieldOrder" : 9,
  "fieldProperties" : {
    "autoGenerated" : "false"
  },
  "etag" : "7808b0c6-3fd8-44c1-a050-6566bb77f038",
  "isExtended" : false
}, {
  "name" : "platform",
  "dataType" : "string",
  "hasIndex" : false,
  "unique" : false,
  "primarykey" : false,
  "namefield" : false,
  "nullable" : true,
  "custom" : true,
  "createable" : true,
  "updateable" : true,
  "audit" : false,
  "customizable" : false,
  "fieldLength" : 40,
  "fieldOrder" : 14,
  "fieldProperties" : {
    "autoGenerated" : "false"
  },
  "etag" : "344c8e19-980c-4f9b-a84a-253655b8e16c",
  "isExtended" : false
}, {
  "name" : "security_item_type",
  "sourceFieldname" : "security_item_type",
  "description" : "security_item_type",
  "dataType" : "string",
  "hasIndex" : false,
  "unique" : false,
  "primarykey" : false,
  "namefield" : false,
  "nullable" : true,
  "custom" : false,
  "createable" : true,
  "updateable" : true,
  "audit" : false,
  "customizable" : false,
  "fieldOrder" : 10,
  "fieldProperties" : {
    "autoGenerated" : "false"
  },
  "etag" : "db670a4b-acf1-459b-87ab-f4889a46f66a",
  "isExtended" : false
}, {
  "name" : "tm_action_id",
  "sourceFieldname" : "tm_action_id",
  "description" : "tm_action_id",
  "dataType" : "string",
  "hasIndex" : false,
  "unique" : false,
  "primarykey" : false,
  "namefield" : false,
  "nullable" : true,
  "custom" : false,
  "createable" : true,
  "updateable" : true,
  "audit" : false,
  "customizable" : false,
  "fieldOrder" : 11,
  "fieldProperties" : {
    "autoGenerated" : "false"
  },
  "etag" : "86524799-04b2-4b13-8219-e981a395fbf1",
  "isExtended" : false
}, {
  "name" : "tm_device_tag",
  "sourceFieldname" : "tm_device_tag",
  "description" : "tm_device_tag",
  "dataType" : "string",
  "hasIndex" : false,
  "unique" : false,
  "primarykey" : false,
  "namefield" : false,
  "nullable" : true,
  "custom" : false,
  "createable" : true,
  "updateable" : true,
  "audit" : false,
  "customizable" : false,
  "fieldOrder" : 12,
  "fieldProperties" : {
    "autoGenerated" : "false"
  },
  "etag" : "283a3dd8-3b15-4d2f-a7d8-6802199d8d3a",
  "isExtended" : false
}, {
  "name" : "tm_session_sid",
  "sourceFieldname" : "tm_session_sid",
  "description" : "tm_session_sid",
  "dataType" : "string",
  "hasIndex" : false,
  "unique" : false,
  "primarykey" : false,
  "namefield" : false,
  "nullable" : true,
  "custom" : false,
  "createable" : true,
  "updateable" : true,
  "audit" : false,
  "customizable" : false,
  "fieldOrder" : 13,
  "fieldProperties" : {
    "autoGenerated" : "false"
  },
  "etag" : "89c35253-ace5-4476-a62b-33e92ede5615",
  "isExtended" : false
} ]