{
  "operationConfig" : {
    "name" : "getAuthenticationOptions9559",
    "type" : "MappedToBackend",
    "cachable" : false,
    "smsEnabled" : false,
    "security" : "authorized_app",
    "responseEncoding" : "UTF-8",
    "httpMethod" : "GET",
    "decodeResponseBody" : false,
    "iMapping" : "<?xml version=\"1.0\" encoding=\"UTF-8\" standalone=\"yes\"?>\n<mapper xmlns=\"http://www.kony.com/ns/mapper\">\n    <map inputpath=\"request_in\" outputpath=\"request_out\">\n        <set-param inputpath=\"request_uri\" outputpath=\"request_uri\"/>\n        <set-param inputpath=\"username\" outputpath=\"username\"/>\n    </map>\n</mapper>\n",
    "oMapping" : "<?xml version=\"1.0\" encoding=\"UTF-8\" standalone=\"yes\"?><mapper xmlns=\"http://www.kony.com/ns/mapper\">    <map inputpath=\"response_in\" outputpath=\"response_out\">        <map inputpath=\"\" outputpath=\"FIDOAuthentication\">            <set-param inputpath=\"request_uri\" outputpath=\"request_uri\"/>            <set-param inputpath=\"error\" outputpath=\"error\"/>            <set-param inputpath=\"error_description\" outputpath=\"error_description\"/>            <set-param inputpath=\"userVerification\" outputpath=\"userVerification\"/>            <set-param inputpath=\"challenge\" outputpath=\"challenge\"/>            <set-param inputpath=\"rpId\" outputpath=\"rpId\"/>      <set-param inputpath=\"server-csrf-token\" outputpath=\"server-csrf-token\"/>       <map inputpath=\"allowCredentials\" outputpath=\"allowCredentials\">                <set-param inputpath=\"id\" outputpath=\"id\"/>                <set-param inputpath=\"type\" outputpath=\"type\"/>                <map inputpath=\"transports\" outputpath=\"transports\">        </map>            </map>        </map>    </map></mapper>",
    "iVisualMappingData" : "{\"nodeDataArray\":[{\"isGroup\":true,\"key\":\"request_in\",\"text\":\"FIDOAuthentication\",\"xy\":\"150 100\"},{\"isGroup\":true,\"key\":\"request_out\",\"text\":\"FIDOOrch (1.0).getAuthenticationOptions\",\"xy\":\"770 100\"}],\"linkDataArray\":[{\"category\":\"Mapping\",\"from\":\"source:FIDOAuthentication:username:\",\"to\":\"target:username:\",\"fromPort\":\"source:FIDOAuthentication:username:\",\"toPort\":\"target:username:\",\"visible\":true,\"common\":true},{\"category\":\"Mapping\",\"from\":\"source:FIDOAuthentication:request_uri:\",\"to\":\"target:request_uri:\",\"fromPort\":\"source:FIDOAuthentication:request_uri:\",\"toPort\":\"target:request_uri:\",\"visible\":true,\"common\":true}]}",
    "oVisualMappingData" : "{\"nodeDataArray\":[{\"isGroup\":true,\"key\":\"response_out\",\"text\":\"FIDOAuthentication\",\"xy\":\"770 100\"},{\"isGroup\":true,\"key\":\"response_in\",\"text\":\"FIDOOrch (1.0).getAuthenticationOptions\",\"xy\":\"150 100\"}],\"linkDataArray\":[{\"category\":\"Mapping\",\"from\":\"source:request_uri:\",\"to\":\"target:FIDOAuthentication:request_uri:\",\"fromPort\":\"source:request_uri:\",\"toPort\":\"target:FIDOAuthentication:request_uri:\",\"visible\":true,\"common\":true},{\"from\":\"target\",\"to\":\"target:FIDOAuthentication\",\"fromPort\":\"target\",\"toPort\":\"target:FIDOAuthentication\",\"visible\":true,\"common\":false},{\"from\":\"target:FIDOAuthentication\",\"to\":\"target:FIDOAuthentication:t_p_fields\",\"fromPort\":\"target:FIDOAuthentication\",\"toPort\":\"target:FIDOAuthentication:t_p_fields\",\"visible\":true,\"common\":false},{\"from\":\"target:FIDOAuthentication:t_p_fields\",\"to\":\"target:FIDOAuthentication:username:\",\"fromPort\":\"target:FIDOAuthentication:t_p_fields\",\"toPort\":\"target:FIDOAuthentication:username:\",\"visible\":true,\"common\":false},{\"from\":\"target:FIDOAuthentication:t_p_fields\",\"to\":\"target:FIDOAuthentication:request_uri:\",\"fromPort\":\"target:FIDOAuthentication:t_p_fields\",\"toPort\":\"target:FIDOAuthentication:request_uri:\",\"visible\":true,\"common\":false},{\"from\":\"target:FIDOAuthentication:t_p_fields\",\"to\":\"target:FIDOAuthentication:password:\",\"fromPort\":\"target:FIDOAuthentication:t_p_fields\",\"toPort\":\"target:FIDOAuthentication:password:\",\"visible\":true,\"common\":false},{\"from\":\"target:FIDOAuthentication:t_p_fields\",\"to\":\"target:FIDOAuthentication:csrf:\",\"fromPort\":\"target:FIDOAuthentication:t_p_fields\",\"toPort\":\"target:FIDOAuthentication:csrf:\",\"visible\":true,\"common\":false},{\"from\":\"source\",\"to\":\"source:t_p_parameters\",\"fromPort\":\"source\",\"toPort\":\"source:t_p_parameters\",\"visible\":true,\"common\":false},{\"from\":\"source:t_p_parameters\",\"to\":\"source:challenge:\",\"fromPort\":\"source:t_p_parameters\",\"toPort\":\"source:challenge:\",\"visible\":true,\"common\":false},{\"from\":\"source:t_p_parameters\",\"to\":\"source:error:\",\"fromPort\":\"source:t_p_parameters\",\"toPort\":\"source:error:\",\"visible\":true,\"common\":false},{\"from\":\"source:t_p_parameters\",\"to\":\"source:error_description:\",\"fromPort\":\"source:t_p_parameters\",\"toPort\":\"source:error_description:\",\"visible\":true,\"common\":false},{\"from\":\"source:t_p_parameters\",\"to\":\"source:expires_in:\",\"fromPort\":\"source:t_p_parameters\",\"toPort\":\"source:expires_in:\",\"visible\":true,\"common\":false},{\"from\":\"source:t_p_parameters\",\"to\":\"source:request_uri:\",\"fromPort\":\"source:t_p_parameters\",\"toPort\":\"source:request_uri:\",\"visible\":true,\"common\":false},{\"from\":\"source:t_p_parameters\",\"to\":\"source:rpId:\",\"fromPort\":\"source:t_p_parameters\",\"toPort\":\"source:rpId:\",\"visible\":true,\"common\":false},{\"from\":\"source:t_p_parameters\",\"to\":\"source:userVerification:\",\"fromPort\":\"source:t_p_parameters\",\"toPort\":\"source:userVerification:\",\"visible\":true,\"common\":false},{\"from\":\"source\",\"to\":\"source:allowCredentials\",\"fromPort\":\"source\",\"toPort\":\"source:allowCredentials\",\"visible\":true,\"common\":false},{\"from\":\"source:allowCredentials\",\"to\":\"source:allowCredentials:t_p_parameters\",\"fromPort\":\"source:allowCredentials\",\"toPort\":\"source:allowCredentials:t_p_parameters\",\"visible\":true,\"common\":false},{\"from\":\"source:allowCredentials:t_p_parameters\",\"to\":\"source:allowCredentials:id:\",\"fromPort\":\"source:allowCredentials:t_p_parameters\",\"toPort\":\"source:allowCredentials:id:\",\"visible\":true,\"common\":false},{\"from\":\"source:allowCredentials:t_p_parameters\",\"to\":\"source:allowCredentials:type:\",\"fromPort\":\"source:allowCredentials:t_p_parameters\",\"toPort\":\"source:allowCredentials:type:\",\"visible\":true,\"common\":false},{\"from\":\"source:allowCredentials\",\"to\":\"source:allowCredentials:transports\",\"fromPort\":\"source:allowCredentials\",\"toPort\":\"source:allowCredentials:transports\",\"visible\":true,\"common\":false}],\"blockCount\":{\"variableCount\":0},\"variableMap\":{},\"xmlMappingOverride\":true}",
    "applyCommonMapping" : false,
    "applyRequestCommonMapping" : false,
    "applyResponseCommonMapping" : false,
    "backendMeta" : {
      "serviceName" : "FIDOOrch",
      "serviceVersion" : "1.0",
      "operationName" : "getAuthenticationOptions"
    },
    "relationshipHierarchyMapping" : {
      "name" : "FIDOAuthentication",
      "children" : [ ],
      "actions" : { },
      "selected" : true
    },
    "requestXmlMappingOverride" : false,
    "responseXmlMappingOverride" : true,
    "mapperData" : [ {
      "name" : "base mapper1",
      "order" : 1,
      "iMapping" : "<?xml version=\"1.0\" encoding=\"UTF-8\" standalone=\"yes\"?>\n<mapper xmlns=\"http://www.kony.com/ns/mapper\">\n    <map inputpath=\"request_in\" outputpath=\"request_out\">\n        <set-param inputpath=\"request_uri\" outputpath=\"request_uri\"/>\n        <set-param inputpath=\"username\" outputpath=\"username\"/>\n    </map>\n</mapper>\n",
      "oMapping" : "<?xml version=\"1.0\" encoding=\"UTF-8\" standalone=\"yes\"?><mapper xmlns=\"http://www.kony.com/ns/mapper\">    <map inputpath=\"response_in\" outputpath=\"response_out\">        <map inputpath=\"\" outputpath=\"FIDOAuthentication\">            <set-param inputpath=\"request_uri\" outputpath=\"request_uri\"/>            <set-param inputpath=\"error\" outputpath=\"error\"/>            <set-param inputpath=\"error_description\" outputpath=\"error_description\"/>            <set-param inputpath=\"userVerification\" outputpath=\"userVerification\"/>            <set-param inputpath=\"challenge\" outputpath=\"challenge\"/>            <set-param inputpath=\"rpId\" outputpath=\"rpId\"/>      <set-param inputpath=\"server-csrf-token\" outputpath=\"server-csrf-token\"/>       <map inputpath=\"allowCredentials\" outputpath=\"allowCredentials\">                <set-param inputpath=\"id\" outputpath=\"id\"/>                <set-param inputpath=\"type\" outputpath=\"type\"/>                <map inputpath=\"transports\" outputpath=\"transports\">        </map>            </map>        </map>    </map></mapper>",
      "iVisualMappingData" : "{\"nodeDataArray\":[{\"isGroup\":true,\"key\":\"request_in\",\"text\":\"FIDOAuthentication\",\"xy\":\"150 100\"},{\"isGroup\":true,\"key\":\"request_out\",\"text\":\"FIDOOrch (1.0).getAuthenticationOptions\",\"xy\":\"770 100\"}],\"linkDataArray\":[{\"category\":\"Mapping\",\"from\":\"source:FIDOAuthentication:username:\",\"to\":\"target:username:\",\"fromPort\":\"source:FIDOAuthentication:username:\",\"toPort\":\"target:username:\",\"visible\":true,\"common\":true},{\"category\":\"Mapping\",\"from\":\"source:FIDOAuthentication:request_uri:\",\"to\":\"target:request_uri:\",\"fromPort\":\"source:FIDOAuthentication:request_uri:\",\"toPort\":\"target:request_uri:\",\"visible\":true,\"common\":true}]}",
      "oVisualMappingData" : "{\"nodeDataArray\":[{\"isGroup\":true,\"key\":\"response_out\",\"text\":\"FIDOAuthentication\",\"xy\":\"770 100\"},{\"isGroup\":true,\"key\":\"response_in\",\"text\":\"FIDOOrch (1.0).getAuthenticationOptions\",\"xy\":\"150 100\"}],\"linkDataArray\":[{\"category\":\"Mapping\",\"from\":\"source:request_uri:\",\"to\":\"target:FIDOAuthentication:request_uri:\",\"fromPort\":\"source:request_uri:\",\"toPort\":\"target:FIDOAuthentication:request_uri:\",\"visible\":true,\"common\":true},{\"from\":\"target\",\"to\":\"target:FIDOAuthentication\",\"fromPort\":\"target\",\"toPort\":\"target:FIDOAuthentication\",\"visible\":true,\"common\":false},{\"from\":\"target:FIDOAuthentication\",\"to\":\"target:FIDOAuthentication:t_p_fields\",\"fromPort\":\"target:FIDOAuthentication\",\"toPort\":\"target:FIDOAuthentication:t_p_fields\",\"visible\":true,\"common\":false},{\"from\":\"target:FIDOAuthentication:t_p_fields\",\"to\":\"target:FIDOAuthentication:username:\",\"fromPort\":\"target:FIDOAuthentication:t_p_fields\",\"toPort\":\"target:FIDOAuthentication:username:\",\"visible\":true,\"common\":false},{\"from\":\"target:FIDOAuthentication:t_p_fields\",\"to\":\"target:FIDOAuthentication:request_uri:\",\"fromPort\":\"target:FIDOAuthentication:t_p_fields\",\"toPort\":\"target:FIDOAuthentication:request_uri:\",\"visible\":true,\"common\":false},{\"from\":\"target:FIDOAuthentication:t_p_fields\",\"to\":\"target:FIDOAuthentication:password:\",\"fromPort\":\"target:FIDOAuthentication:t_p_fields\",\"toPort\":\"target:FIDOAuthentication:password:\",\"visible\":true,\"common\":false},{\"from\":\"target:FIDOAuthentication:t_p_fields\",\"to\":\"target:FIDOAuthentication:csrf:\",\"fromPort\":\"target:FIDOAuthentication:t_p_fields\",\"toPort\":\"target:FIDOAuthentication:csrf:\",\"visible\":true,\"common\":false},{\"from\":\"source\",\"to\":\"source:t_p_parameters\",\"fromPort\":\"source\",\"toPort\":\"source:t_p_parameters\",\"visible\":true,\"common\":false},{\"from\":\"source:t_p_parameters\",\"to\":\"source:challenge:\",\"fromPort\":\"source:t_p_parameters\",\"toPort\":\"source:challenge:\",\"visible\":true,\"common\":false},{\"from\":\"source:t_p_parameters\",\"to\":\"source:error:\",\"fromPort\":\"source:t_p_parameters\",\"toPort\":\"source:error:\",\"visible\":true,\"common\":false},{\"from\":\"source:t_p_parameters\",\"to\":\"source:error_description:\",\"fromPort\":\"source:t_p_parameters\",\"toPort\":\"source:error_description:\",\"visible\":true,\"common\":false},{\"from\":\"source:t_p_parameters\",\"to\":\"source:expires_in:\",\"fromPort\":\"source:t_p_parameters\",\"toPort\":\"source:expires_in:\",\"visible\":true,\"common\":false},{\"from\":\"source:t_p_parameters\",\"to\":\"source:request_uri:\",\"fromPort\":\"source:t_p_parameters\",\"toPort\":\"source:request_uri:\",\"visible\":true,\"common\":false},{\"from\":\"source:t_p_parameters\",\"to\":\"source:rpId:\",\"fromPort\":\"source:t_p_parameters\",\"toPort\":\"source:rpId:\",\"visible\":true,\"common\":false},{\"from\":\"source:t_p_parameters\",\"to\":\"source:userVerification:\",\"fromPort\":\"source:t_p_parameters\",\"toPort\":\"source:userVerification:\",\"visible\":true,\"common\":false},{\"from\":\"source\",\"to\":\"source:allowCredentials\",\"fromPort\":\"source\",\"toPort\":\"source:allowCredentials\",\"visible\":true,\"common\":false},{\"from\":\"source:allowCredentials\",\"to\":\"source:allowCredentials:t_p_parameters\",\"fromPort\":\"source:allowCredentials\",\"toPort\":\"source:allowCredentials:t_p_parameters\",\"visible\":true,\"common\":false},{\"from\":\"source:allowCredentials:t_p_parameters\",\"to\":\"source:allowCredentials:id:\",\"fromPort\":\"source:allowCredentials:t_p_parameters\",\"toPort\":\"source:allowCredentials:id:\",\"visible\":true,\"common\":false},{\"from\":\"source:allowCredentials:t_p_parameters\",\"to\":\"source:allowCredentials:type:\",\"fromPort\":\"source:allowCredentials:t_p_parameters\",\"toPort\":\"source:allowCredentials:type:\",\"visible\":true,\"common\":false},{\"from\":\"source:allowCredentials\",\"to\":\"source:allowCredentials:transports\",\"fromPort\":\"source:allowCredentials\",\"toPort\":\"source:allowCredentials:transports\",\"visible\":true,\"common\":false}],\"blockCount\":{\"variableCount\":0},\"variableMap\":{},\"xmlMappingOverride\":true}",
      "requestXmlMappingOverride" : false,
      "responseXmlMappingOverride" : true,
      "disabled" : false,
      "applyCommonMapping" : false,
      "applyRequestCommonMapping" : false,
      "applyResponseCommonMapping" : false
    } ]
  },
  "enableFrontendUrl" : false,
  "customVerb" : false
}