[ {
  "name" : "detail_CreateDevice",
  "sourceFieldname" : "detail_CreateDevice",
  "description" : "detail_CreateDevice",
  "dataType" : "string",
  "hasIndex" : false,
  "unique" : false,
  "primarykey" : false,
  "namefield" : false,
  "nullable" : true,
  "custom" : false,
  "createable" : true,
  "updateable" : true,
  "audit" : false,
  "customizable" : false,
  "fieldOrder" : 1,
  "fieldProperties" : {
    "autoGenerated" : "false"
  },
  "etag" : "df00b751-f4ba-4487-8555-cc1962c91a32",
  "isExtended" : false
}, {
  "name" : "detail_updateDevice",
  "sourceFieldname" : "detail_updateDevice",
  "description" : "detail_updateDevice",
  "dataType" : "string",
  "hasIndex" : false,
  "unique" : false,
  "primarykey" : false,
  "namefield" : false,
  "nullable" : true,
  "custom" : false,
  "createable" : true,
  "updateable" : true,
  "audit" : false,
  "customizable" : false,
  "fieldOrder" : 2,
  "fieldProperties" : {
    "autoGenerated" : "false"
  },
  "etag" : "94bd3bb2-2dac-47a0-b019-d8ccf59c12b0",
  "isExtended" : false
}, {
  "name" : "DeviceId",
  "sourceFieldname" : "DeviceId",
  "description" : "DeviceId",
  "dataType" : "string",
  "hasIndex" : false,
  "unique" : true,
  "primarykey" : true,
  "namefield" : false,
  "nullable" : false,
  "custom" : false,
  "createable" : true,
  "updateable" : true,
  "audit" : false,
  "customizable" : false,
  "fieldOrder" : 3,
  "fieldProperties" : {
    "autoGenerated" : "false"
  },
  "etag" : "ecb05d6a-d301-4215-8201-2c0bf3f6fe8d",
  "isExtended" : false
}, {
  "name" : "errorCode",
  "sourceFieldname" : "errorCode",
  "description" : "errorCode",
  "dataType" : "string",
  "hasIndex" : false,
  "unique" : false,
  "primarykey" : false,
  "namefield" : false,
  "nullable" : true,
  "custom" : false,
  "createable" : true,
  "updateable" : true,
  "audit" : false,
  "customizable" : false,
  "fieldOrder" : 4,
  "fieldProperties" : {
    "autoGenerated" : "false"
  },
  "etag" : "c0785f7e-c6d3-41a2-b6e5-c3ca9894b67d",
  "isExtended" : false
}, {
  "name" : "errorCode_updateDevice",
  "sourceFieldname" : "errorCode_updateDevice",
  "description" : "errorCode_updateDevice",
  "dataType" : "string",
  "hasIndex" : false,
  "unique" : false,
  "primarykey" : false,
  "namefield" : false,
  "nullable" : true,
  "custom" : false,
  "createable" : true,
  "updateable" : true,
  "audit" : false,
  "customizable" : false,
  "fieldOrder" : 5,
  "fieldProperties" : {
    "autoGenerated" : "false"
  },
  "etag" : "d9580dee-556c-4aad-b9e6-5ed07baf9d57",
  "isExtended" : false
}, {
  "name" : "provisionMsg",
  "sourceFieldname" : "provisionMsg",
  "description" : "provisionMsg",
  "dataType" : "string",
  "hasIndex" : false,
  "unique" : false,
  "primarykey" : false,
  "namefield" : false,
  "nullable" : true,
  "custom" : false,
  "createable" : true,
  "updateable" : true,
  "audit" : false,
  "customizable" : false,
  "fieldOrder" : 6,
  "fieldProperties" : {
    "autoGenerated" : "false"
  },
  "etag" : "9b01e762-b933-465b-8bb6-b90c54aa308b",
  "isExtended" : false
}, {
  "name" : "UserId",
  "sourceFieldname" : "UserId",
  "description" : "UserId",
  "dataType" : "string",
  "hasIndex" : false,
  "unique" : false,
  "primarykey" : false,
  "namefield" : false,
  "nullable" : true,
  "custom" : false,
  "createable" : true,
  "updateable" : true,
  "audit" : false,
  "customizable" : false,
  "fieldOrder" : 7,
  "fieldProperties" : {
    "autoGenerated" : "false"
  },
  "etag" : "b9e33aa4-4ae0-4875-adc4-26b9a6e8cb98",
  "isExtended" : false
}, {
  "name" : "username",
  "sourceFieldname" : "username",
  "description" : "username",
  "dataType" : "string",
  "hasIndex" : false,
  "unique" : false,
  "primarykey" : false,
  "namefield" : false,
  "nullable" : true,
  "custom" : false,
  "createable" : true,
  "updateable" : true,
  "audit" : false,
  "customizable" : false,
  "fieldOrder" : 8,
  "fieldProperties" : {
    "autoGenerated" : "false"
  },
  "etag" : "91b2a2c8-b429-4072-9d23-9f80861fc21d",
  "isExtended" : false
}, {
  "name" : "usernameWithRandomNo",
  "sourceFieldname" : "usernameWithRandomNo",
  "description" : "usernameWithRandomNo",
  "dataType" : "string",
  "hasIndex" : false,
  "unique" : false,
  "primarykey" : false,
  "namefield" : false,
  "nullable" : true,
  "custom" : false,
  "createable" : true,
  "updateable" : true,
  "audit" : false,
  "customizable" : false,
  "fieldOrder" : 9,
  "fieldProperties" : {
    "autoGenerated" : "false"
  },
  "etag" : "70ffcb6c-5733-4d3e-8d06-9b3b6e05e67f",
  "isExtended" : false
} ]