{
  "operationConfig" : {
    "name" : "getInviteCode8954",
    "type" : "MappedToBackend",
    "cachable" : false,
    "smsEnabled" : false,
    "security" : "authorized_app",
    "responseEncoding" : "UTF-8",
    "httpMethod" : "GET",
    "decodeResponseBody" : false,
    "iMapping" : "<?xml version=\"1.0\" encoding=\"UTF-8\" standalone=\"yes\"?>\n<mapper xmlns=\"http://www.kony.com/ns/mapper\">\n    <map inputpath=\"request_in\" outputpath=\"request_out\">\n        <set-param inputpath=\"DeviceId\" outputpath=\"DeviceId\"/>\n        <exec-function name=\"kony.string:concat\" output=\"$vars\" outputpath=\"result1\">\n            <set-arg name=\"input1\" input=\"externalId eq \"/>\n            <set-arg inputpath=\"username\"/>\n        </exec-function>\n        <set-param inputpath=\"$vars/result1\" outputpath=\"filter\"/>\n        <set-param inputpath=\"username\" outputpath=\"username\"/>\n        <set-param inputpath=\"usernameWithRandomNo\" outputpath=\"usernameWithRandomNo\"/>\n    </map>\n</mapper>\n",
    "oMapping" : "<?xml version=\"1.0\" encoding=\"UTF-8\" standalone=\"yes\"?>\n<mapper xmlns=\"http://www.kony.com/ns/mapper\">\n    <map inputpath=\"response_in\" outputpath=\"response_out\">\n        <map inputpath=\"\" outputpath=\"RegisterDevice\">\n            <set-param inputpath=\"detail_CreateDevice\" outputpath=\"detail_CreateDevice\"/>\n            <set-param inputpath=\"detail_updateDevice\" outputpath=\"detail_updateDevice\"/>\n            <set-param inputpath=\"DeviceId\" outputpath=\"DeviceId\"/>\n            <set-param inputpath=\"errorCode\" outputpath=\"errorCode\"/>\n            <set-param inputpath=\"errorCode_updateDevice\" outputpath=\"errorCode_updateDevice\"/>\n            <set-param inputpath=\"provisionMsg\" outputpath=\"provisionMsg\"/>\n            <set-param inputpath=\"scimType\" outputpath=\"scimType\"/>\n            <set-param inputpath=\"UserId\" outputpath=\"UserId\"/>\n        </map>\n    </map>\n</mapper>\n",
    "iVisualMappingData" : "{\"nodeDataArray\":[{\"isGroup\":true,\"key\":\"request_in\",\"text\":\"RegisterDevice\",\"xy\":\"165 87\"},{\"isGroup\":true,\"key\":\"request_out\",\"text\":\"ApproveDeviceRegistrationOrch (1.0).getInviteCode\",\"xy\":\"1010 158\"},{\"key\":\"block:kony.util:constant:1\",\"name\":\"kony.basic:constant\",\"text\":\"Constant\",\"category\":\"functionTemplateConstant\",\"outPortId\":\"externalId eq \",\"outPortText\":\"value\",\"loc\":\"437 261\",\"visible\":true},{\"key\":\"block:kony.string:concat:1\",\"name\":\"kony.string:stringConcatenate\",\"text\":\"String Concatenate\",\"category\":\"functionTemplateNTo1\",\"outPortId\":\"result1\",\"outPortText\":\"result\",\"valueArray\":[{\"inPortId\":\"input1\",\"inPortText\":\"value\",\"__gohashid\":24172},{\"inPortId\":\"input2\",\"inPortText\":\"value\",\"__gohashid\":28585}],\"loc\":\"633 257\",\"visible\":true}],\"linkDataArray\":[{\"category\":\"Mapping\",\"visible\":true,\"from\":\"source:RegisterDevice:DeviceId:\",\"to\":\"target:DeviceId:\",\"fromPort\":\"source:RegisterDevice:DeviceId:\",\"toPort\":\"target:DeviceId:\"},{\"category\":\"Mapping\",\"visible\":true,\"from\":\"source:RegisterDevice:username:\",\"to\":\"target:username:\",\"fromPort\":\"source:RegisterDevice:username:\",\"toPort\":\"target:username:\"},{\"category\":\"Mapping\",\"visible\":true,\"from\":\"block:kony.util:constant:1\",\"to\":\"block:kony.string:concat:1\",\"fromPort\":\"externalId eq \",\"toPort\":\"input1\"},{\"category\":\"Mapping\",\"visible\":true,\"from\":\"source:RegisterDevice:username:\",\"to\":\"block:kony.string:concat:1\",\"fromPort\":\"source:RegisterDevice:username:\",\"toPort\":\"input2\"},{\"category\":\"Mapping\",\"visible\":true,\"from\":\"block:kony.string:concat:1\",\"to\":\"target:filter:\",\"fromPort\":\"result1\",\"toPort\":\"target:filter:\"},{\"category\":\"Mapping\",\"visible\":true,\"from\":\"source:RegisterDevice:usernameWithRandomNo:\",\"to\":\"target:usernameWithRandomNo:\",\"fromPort\":\"source:RegisterDevice:usernameWithRandomNo:\",\"toPort\":\"target:usernameWithRandomNo:\"}],\"blockCount\":{\"variableCount\":3,\"constant\":1,\"stringConcatenate\":1,\"random\":2},\"variableMap\":{\"result1\":true,\"result2\":true,\"result3\":true},\"xmlMappingOverride\":false}",
    "oVisualMappingData" : "{\"nodeDataArray\":[{\"isGroup\":true,\"key\":\"response_out\",\"text\":\"RegisterDevice\",\"xy\":\"770 100\"},{\"isGroup\":true,\"key\":\"response_in\",\"text\":\"ApproveDeviceRegistrationOrch (1.0).getInviteCode\",\"xy\":\"150 100\"}],\"linkDataArray\":[{\"category\":\"Mapping\",\"visible\":true,\"from\":\"source:DeviceId:\",\"to\":\"target:RegisterDevice:DeviceId:\",\"fromPort\":\"source:DeviceId:\",\"toPort\":\"target:RegisterDevice:DeviceId:\"},{\"category\":\"Mapping\",\"visible\":true,\"from\":\"source:detail_CreateDevice:\",\"to\":\"target:RegisterDevice:detail_CreateDevice:\",\"fromPort\":\"source:detail_CreateDevice:\",\"toPort\":\"target:RegisterDevice:detail_CreateDevice:\"},{\"category\":\"Mapping\",\"visible\":true,\"from\":\"source:detail_updateDevice:\",\"to\":\"target:RegisterDevice:detail_updateDevice:\",\"fromPort\":\"source:detail_updateDevice:\",\"toPort\":\"target:RegisterDevice:detail_updateDevice:\"},{\"category\":\"Mapping\",\"visible\":true,\"from\":\"source:errorCode:\",\"to\":\"target:RegisterDevice:errorCode:\",\"fromPort\":\"source:errorCode:\",\"toPort\":\"target:RegisterDevice:errorCode:\"},{\"category\":\"Mapping\",\"visible\":true,\"from\":\"source:errorCode_updateDevice:\",\"to\":\"target:RegisterDevice:errorCode_updateDevice:\",\"fromPort\":\"source:errorCode_updateDevice:\",\"toPort\":\"target:RegisterDevice:errorCode_updateDevice:\"},{\"category\":\"Mapping\",\"visible\":true,\"from\":\"source:provisionMsg:\",\"to\":\"target:RegisterDevice:provisionMsg:\",\"fromPort\":\"source:provisionMsg:\",\"toPort\":\"target:RegisterDevice:provisionMsg:\"},{\"category\":\"Mapping\",\"visible\":true,\"from\":\"source:scimType:\",\"to\":\"target:RegisterDevice:scimType:\",\"fromPort\":\"source:scimType:\",\"toPort\":\"target:RegisterDevice:scimType:\"},{\"category\":\"Mapping\",\"visible\":true,\"from\":\"source:UserId:\",\"to\":\"target:RegisterDevice:UserId:\",\"fromPort\":\"source:UserId:\",\"toPort\":\"target:RegisterDevice:UserId:\"}],\"blockCount\":{\"variableCount\":0},\"variableMap\":{},\"xmlMappingOverride\":false}",
    "applyCommonMapping" : false,
    "applyRequestCommonMapping" : false,
    "applyResponseCommonMapping" : false,
    "backendMeta" : {
      "serviceName" : "ApproveDeviceRegistrationOrch",
      "serviceVersion" : "1.0",
      "operationName" : "getInviteCode"
    },
    "relationshipHierarchyMapping" : {
      "children" : [ ],
      "name" : "RegisterDevice",
      "actions" : { },
      "selected" : true
    },
    "requestXmlMappingOverride" : false,
    "responseXmlMappingOverride" : false,
    "mapperData" : [ {
      "name" : "base mapper1",
      "order" : 1,
      "iMapping" : "<?xml version=\"1.0\" encoding=\"UTF-8\" standalone=\"yes\"?>\n<mapper xmlns=\"http://www.kony.com/ns/mapper\">\n    <map inputpath=\"request_in\" outputpath=\"request_out\">\n        <set-param inputpath=\"DeviceId\" outputpath=\"DeviceId\"/>\n        <exec-function name=\"kony.string:concat\" output=\"$vars\" outputpath=\"result1\">\n            <set-arg name=\"input1\" input=\"externalId eq \"/>\n            <set-arg inputpath=\"username\"/>\n        </exec-function>\n        <set-param inputpath=\"$vars/result1\" outputpath=\"filter\"/>\n        <set-param inputpath=\"username\" outputpath=\"username\"/>\n        <set-param inputpath=\"usernameWithRandomNo\" outputpath=\"usernameWithRandomNo\"/>\n    </map>\n</mapper>\n",
      "oMapping" : "<?xml version=\"1.0\" encoding=\"UTF-8\" standalone=\"yes\"?>\n<mapper xmlns=\"http://www.kony.com/ns/mapper\">\n    <map inputpath=\"response_in\" outputpath=\"response_out\">\n        <map inputpath=\"\" outputpath=\"RegisterDevice\">\n            <set-param inputpath=\"detail_CreateDevice\" outputpath=\"detail_CreateDevice\"/>\n            <set-param inputpath=\"detail_updateDevice\" outputpath=\"detail_updateDevice\"/>\n            <set-param inputpath=\"DeviceId\" outputpath=\"DeviceId\"/>\n            <set-param inputpath=\"errorCode\" outputpath=\"errorCode\"/>\n            <set-param inputpath=\"errorCode_updateDevice\" outputpath=\"errorCode_updateDevice\"/>\n            <set-param inputpath=\"provisionMsg\" outputpath=\"provisionMsg\"/>\n            <set-param inputpath=\"scimType\" outputpath=\"scimType\"/>\n            <set-param inputpath=\"UserId\" outputpath=\"UserId\"/>\n        </map>\n    </map>\n</mapper>\n",
      "iVisualMappingData" : "{\"nodeDataArray\":[{\"isGroup\":true,\"key\":\"request_in\",\"text\":\"RegisterDevice\",\"xy\":\"165 87\"},{\"isGroup\":true,\"key\":\"request_out\",\"text\":\"ApproveDeviceRegistrationOrch (1.0).getInviteCode\",\"xy\":\"1010 158\"},{\"key\":\"block:kony.util:constant:1\",\"name\":\"kony.basic:constant\",\"text\":\"Constant\",\"category\":\"functionTemplateConstant\",\"outPortId\":\"externalId eq \",\"outPortText\":\"value\",\"loc\":\"437 261\",\"visible\":true},{\"key\":\"block:kony.string:concat:1\",\"name\":\"kony.string:stringConcatenate\",\"text\":\"String Concatenate\",\"category\":\"functionTemplateNTo1\",\"outPortId\":\"result1\",\"outPortText\":\"result\",\"valueArray\":[{\"inPortId\":\"input1\",\"inPortText\":\"value\",\"__gohashid\":24172},{\"inPortId\":\"input2\",\"inPortText\":\"value\",\"__gohashid\":28585}],\"loc\":\"633 257\",\"visible\":true}],\"linkDataArray\":[{\"category\":\"Mapping\",\"visible\":true,\"from\":\"source:RegisterDevice:DeviceId:\",\"to\":\"target:DeviceId:\",\"fromPort\":\"source:RegisterDevice:DeviceId:\",\"toPort\":\"target:DeviceId:\"},{\"category\":\"Mapping\",\"visible\":true,\"from\":\"source:RegisterDevice:username:\",\"to\":\"target:username:\",\"fromPort\":\"source:RegisterDevice:username:\",\"toPort\":\"target:username:\"},{\"category\":\"Mapping\",\"visible\":true,\"from\":\"block:kony.util:constant:1\",\"to\":\"block:kony.string:concat:1\",\"fromPort\":\"externalId eq \",\"toPort\":\"input1\"},{\"category\":\"Mapping\",\"visible\":true,\"from\":\"source:RegisterDevice:username:\",\"to\":\"block:kony.string:concat:1\",\"fromPort\":\"source:RegisterDevice:username:\",\"toPort\":\"input2\"},{\"category\":\"Mapping\",\"visible\":true,\"from\":\"block:kony.string:concat:1\",\"to\":\"target:filter:\",\"fromPort\":\"result1\",\"toPort\":\"target:filter:\"},{\"category\":\"Mapping\",\"visible\":true,\"from\":\"source:RegisterDevice:usernameWithRandomNo:\",\"to\":\"target:usernameWithRandomNo:\",\"fromPort\":\"source:RegisterDevice:usernameWithRandomNo:\",\"toPort\":\"target:usernameWithRandomNo:\"}],\"blockCount\":{\"variableCount\":3,\"constant\":1,\"stringConcatenate\":1,\"random\":2},\"variableMap\":{\"result1\":true,\"result2\":true,\"result3\":true},\"xmlMappingOverride\":false}",
      "oVisualMappingData" : "{\"nodeDataArray\":[{\"isGroup\":true,\"key\":\"response_out\",\"text\":\"RegisterDevice\",\"xy\":\"770 100\"},{\"isGroup\":true,\"key\":\"response_in\",\"text\":\"ApproveDeviceRegistrationOrch (1.0).getInviteCode\",\"xy\":\"150 100\"}],\"linkDataArray\":[{\"category\":\"Mapping\",\"visible\":true,\"from\":\"source:DeviceId:\",\"to\":\"target:RegisterDevice:DeviceId:\",\"fromPort\":\"source:DeviceId:\",\"toPort\":\"target:RegisterDevice:DeviceId:\"},{\"category\":\"Mapping\",\"visible\":true,\"from\":\"source:detail_CreateDevice:\",\"to\":\"target:RegisterDevice:detail_CreateDevice:\",\"fromPort\":\"source:detail_CreateDevice:\",\"toPort\":\"target:RegisterDevice:detail_CreateDevice:\"},{\"category\":\"Mapping\",\"visible\":true,\"from\":\"source:detail_updateDevice:\",\"to\":\"target:RegisterDevice:detail_updateDevice:\",\"fromPort\":\"source:detail_updateDevice:\",\"toPort\":\"target:RegisterDevice:detail_updateDevice:\"},{\"category\":\"Mapping\",\"visible\":true,\"from\":\"source:errorCode:\",\"to\":\"target:RegisterDevice:errorCode:\",\"fromPort\":\"source:errorCode:\",\"toPort\":\"target:RegisterDevice:errorCode:\"},{\"category\":\"Mapping\",\"visible\":true,\"from\":\"source:errorCode_updateDevice:\",\"to\":\"target:RegisterDevice:errorCode_updateDevice:\",\"fromPort\":\"source:errorCode_updateDevice:\",\"toPort\":\"target:RegisterDevice:errorCode_updateDevice:\"},{\"category\":\"Mapping\",\"visible\":true,\"from\":\"source:provisionMsg:\",\"to\":\"target:RegisterDevice:provisionMsg:\",\"fromPort\":\"source:provisionMsg:\",\"toPort\":\"target:RegisterDevice:provisionMsg:\"},{\"category\":\"Mapping\",\"visible\":true,\"from\":\"source:scimType:\",\"to\":\"target:RegisterDevice:scimType:\",\"fromPort\":\"source:scimType:\",\"toPort\":\"target:RegisterDevice:scimType:\"},{\"category\":\"Mapping\",\"visible\":true,\"from\":\"source:UserId:\",\"to\":\"target:RegisterDevice:UserId:\",\"fromPort\":\"source:UserId:\",\"toPort\":\"target:RegisterDevice:UserId:\"}],\"blockCount\":{\"variableCount\":0},\"variableMap\":{},\"xmlMappingOverride\":false}",
      "requestXmlMappingOverride" : false,
      "responseXmlMappingOverride" : false,
      "disabled" : false,
      "applyCommonMapping" : false,
      "applyRequestCommonMapping" : false,
      "applyResponseCommonMapping" : false
    } ]
  }
}