[ {
  "name" : "AuthenticationType",
  "sourceFieldname" : "AuthenticationType",
  "description" : "AuthenticationType",
  "dataType" : "enum",
  "hasIndex" : false,
  "unique" : false,
  "primarykey" : false,
  "namefield" : false,
  "nullable" : true,
  "custom" : false,
  "createable" : true,
  "updateable" : true,
  "audit" : false,
  "customizable" : false,
  "fieldOrder" : 2,
  "fieldProperties" : {
    "autoGenerated" : "false",
    "enumValues" : "[\"AT_OOBSMS\",\"AT_OOBEML\"]"
  },
  "etag" : "8cd17d01-9c5d-4650-8c35-52a392264e63",
  "isExtended" : false
}, {
  "name" : "OTP_SENT",
  "sourceFieldname" : "OOB_SENT",
  "description" : "OOB_SENT",
  "dataType" : "boolean",
  "hasIndex" : false,
  "unique" : false,
  "primarykey" : false,
  "namefield" : false,
  "nullable" : true,
  "custom" : false,
  "createable" : true,
  "updateable" : true,
  "audit" : false,
  "customizable" : false,
  "fieldOrder" : 3,
  "fieldProperties" : {
    "autoGenerated" : "false"
  },
  "etag" : "d75324e0-b584-40fd-baee-2cc5bd5f0655",
  "isExtended" : false
}, {
  "name" : "username",
  "sourceFieldname" : "username",
  "description" : "username",
  "dataType" : "string",
  "hasIndex" : false,
  "unique" : true,
  "primarykey" : true,
  "namefield" : false,
  "nullable" : false,
  "custom" : false,
  "createable" : true,
  "updateable" : true,
  "audit" : false,
  "customizable" : false,
  "fieldOrder" : 1,
  "fieldProperties" : {
    "autoGenerated" : "false"
  },
  "etag" : "ba3abce3-596a-48e9-ae8e-c4aeead247dc",
  "isExtended" : false
} ]