{
  "operationConfig" : {
    "name" : "addDeviceToUser8237",
    "type" : "MappedToBackend",
    "cachable" : false,
    "smsEnabled" : false,
    "security" : "authorized_app",
    "responseEncoding" : "UTF-8",
    "httpMethod" : "GET",
    "decodeResponseBody" : false,
    "iMapping" : "<?xml version=\"1.0\" encoding=\"UTF-8\" standalone=\"yes\"?>\n<mapper xmlns=\"http://www.kony.com/ns/mapper\">\n    <map inputpath=\"request_in\" outputpath=\"request_out\">\n        <set-param inputpath=\"DeviceId\" outputpath=\"DeviceId\"/>\n        <set-param inputpath=\"Username\" outputpath=\"Username\"/>\n    </map>\n</mapper>\n",
    "oMapping" : "<?xml version=\"1.0\" encoding=\"UTF-8\" standalone=\"yes\"?>\n<mapper xmlns=\"http://www.kony.com/ns/mapper\">\n    <map inputpath=\"response_in\" outputpath=\"response_out\">\n        <map inputpath=\"\" outputpath=\"\"/>\n    </map>\n</mapper>\n",
    "iVisualMappingData" : "{\"nodeDataArray\":[{\"isGroup\":true,\"key\":\"request_in\",\"text\":\"AddHardwareDeviceToUser\",\"xy\":\"150 100\"},{\"isGroup\":true,\"key\":\"request_out\",\"text\":\"AssignDevice (1.0).addDeviceToUser\",\"xy\":\"770 100\"}],\"linkDataArray\":[{\"category\":\"Mapping\",\"from\":\"source:AddHardwareDeviceToUser:DeviceId:\",\"to\":\"target:DeviceId:\",\"fromPort\":\"source:AddHardwareDeviceToUser:DeviceId:\",\"toPort\":\"target:DeviceId:\",\"visible\":true,\"common\":true},{\"category\":\"Mapping\",\"from\":\"source:AddHardwareDeviceToUser:Username:\",\"to\":\"target:Username:\",\"fromPort\":\"source:AddHardwareDeviceToUser:Username:\",\"toPort\":\"target:Username:\",\"visible\":true,\"common\":true}]}",
    "oVisualMappingData" : "{\"nodeDataArray\":[{\"isGroup\":true,\"key\":\"response_out\",\"text\":\"AddHardwareDeviceToUser\",\"xy\":\"770 100\"},{\"isGroup\":true,\"key\":\"response_in\",\"text\":\"AssignDevice (1.0).addDeviceToUser\",\"xy\":\"150 100\"}],\"linkDataArray\":[]}",
    "applyCommonMapping" : false,
    "applyRequestCommonMapping" : false,
    "applyResponseCommonMapping" : true,
    "backendMeta" : {
      "serviceName" : "AssignDevice",
      "serviceVersion" : "1.0",
      "operationName" : "addDeviceToUser"
    },
    "relationshipHierarchyMapping" : {
      "name" : "AddHardwareDeviceToUser",
      "children" : [ ],
      "actions" : { },
      "selected" : true
    },
    "requestXmlMappingOverride" : false,
    "responseXmlMappingOverride" : false,
    "mapperData" : [ {
      "name" : "base mapper1",
      "order" : 1,
      "iMapping" : "<?xml version=\"1.0\" encoding=\"UTF-8\" standalone=\"yes\"?>\n<mapper xmlns=\"http://www.kony.com/ns/mapper\">\n    <map inputpath=\"request_in\" outputpath=\"request_out\">\n        <set-param inputpath=\"DeviceId\" outputpath=\"DeviceId\"/>\n        <set-param inputpath=\"Username\" outputpath=\"Username\"/>\n    </map>\n</mapper>\n",
      "oMapping" : "<?xml version=\"1.0\" encoding=\"UTF-8\" standalone=\"yes\"?>\n<mapper xmlns=\"http://www.kony.com/ns/mapper\">\n    <map inputpath=\"response_in\" outputpath=\"response_out\">\n        <map inputpath=\"\" outputpath=\"\"/>\n    </map>\n</mapper>\n",
      "iVisualMappingData" : "{\"nodeDataArray\":[{\"isGroup\":true,\"key\":\"request_in\",\"text\":\"AddHardwareDeviceToUser\",\"xy\":\"150 100\"},{\"isGroup\":true,\"key\":\"request_out\",\"text\":\"AssignDevice (1.0).addDeviceToUser\",\"xy\":\"770 100\"}],\"linkDataArray\":[{\"category\":\"Mapping\",\"from\":\"source:AddHardwareDeviceToUser:DeviceId:\",\"to\":\"target:DeviceId:\",\"fromPort\":\"source:AddHardwareDeviceToUser:DeviceId:\",\"toPort\":\"target:DeviceId:\",\"visible\":true,\"common\":true},{\"category\":\"Mapping\",\"from\":\"source:AddHardwareDeviceToUser:Username:\",\"to\":\"target:Username:\",\"fromPort\":\"source:AddHardwareDeviceToUser:Username:\",\"toPort\":\"target:Username:\",\"visible\":true,\"common\":true}]}",
      "oVisualMappingData" : "{\"nodeDataArray\":[{\"isGroup\":true,\"key\":\"response_out\",\"text\":\"AddHardwareDeviceToUser\",\"xy\":\"770 100\"},{\"isGroup\":true,\"key\":\"response_in\",\"text\":\"AssignDevice (1.0).addDeviceToUser\",\"xy\":\"150 100\"}],\"linkDataArray\":[]}",
      "requestXmlMappingOverride" : false,
      "responseXmlMappingOverride" : false,
      "disabled" : false,
      "applyCommonMapping" : false,
      "applyRequestCommonMapping" : false,
      "applyResponseCommonMapping" : true
    } ]
  },
  "etag" : "dd336ee5-594c-4c92-8dac-1cedfbf3d984",
  "enableFrontendUrl" : false,
  "customVerb" : false
}