{
  "operationConfig" : {
    "name" : "SearchUser9134",
    "type" : "MappedToBackend",
    "cachable" : false,
    "smsEnabled" : false,
    "security" : "authorized_app_user",
    "responseEncoding" : "UTF-8",
    "httpMethod" : "GET",
    "decodeResponseBody" : false,
    "iMapping" : "<?xml version=\"1.0\" encoding=\"UTF-8\" standalone=\"yes\"?>\n<mapper xmlns=\"http://www.kony.com/ns/mapper\">\n    <map inputpath=\"request_in\" outputpath=\"request_out\">\n        <set-param inputpath=\"filter\" outputpath=\"filter\"/>\n    </map>\n</mapper>\n",
    "oMapping" : "<?xml version=\"1.0\" encoding=\"UTF-8\" standalone=\"yes\"?>\n<mapper xmlns=\"http://www.kony.com/ns/mapper\">\n    <map inputpath=\"response_in\" outputpath=\"response_out\">\n        <map inputpath=\"\" outputpath=\"ScimSample\">\n            <set-param inputpath=\"active\" outputpath=\"active\"/>\n            <set-param inputpath=\"totalResults\" outputpath=\"totalResults\"/>\n            <set-param inputpath=\"userId\" outputpath=\"userId\"/>\n        </map>\n    </map>\n</mapper>\n",
    "iVisualMappingData" : "{\"nodeDataArray\":[{\"isGroup\":true,\"key\":\"request_in\",\"text\":\"ScimSample\",\"xy\":\"150 100\"},{\"isGroup\":true,\"key\":\"request_out\",\"text\":\"ScimAPIs (1.0).SearchUser\",\"xy\":\"770 100\"}],\"linkDataArray\":[{\"category\":\"Mapping\",\"from\":\"source:ScimSample:filter:\",\"to\":\"target:filter:\",\"fromPort\":\"source:ScimSample:filter:\",\"toPort\":\"target:filter:\",\"visible\":true,\"common\":true}]}",
    "oVisualMappingData" : "{\"nodeDataArray\":[{\"isGroup\":true,\"key\":\"response_out\",\"text\":\"ScimSample\",\"xy\":\"770 100\"},{\"isGroup\":true,\"key\":\"response_in\",\"text\":\"ScimAPIs (1.0).SearchUser\",\"xy\":\"150 100\"}],\"linkDataArray\":[{\"category\":\"Mapping\",\"from\":\"source:active:\",\"to\":\"target:ScimSample:active:\",\"fromPort\":\"source:active:\",\"toPort\":\"target:ScimSample:active:\",\"visible\":true,\"common\":true},{\"category\":\"Mapping\",\"from\":\"source:totalResults:\",\"to\":\"target:ScimSample:totalResults:\",\"fromPort\":\"source:totalResults:\",\"toPort\":\"target:ScimSample:totalResults:\",\"visible\":true,\"common\":true},{\"category\":\"Mapping\",\"from\":\"source:userId:\",\"to\":\"target:ScimSample:userId:\",\"fromPort\":\"source:userId:\",\"toPort\":\"target:ScimSample:userId:\",\"visible\":true,\"common\":true}]}",
    "applyCommonMapping" : false,
    "applyRequestCommonMapping" : false,
    "applyResponseCommonMapping" : false,
    "backendMeta" : {
      "serviceName" : "ScimAPIs",
      "serviceVersion" : "1.0",
      "operationName" : "SearchUser"
    },
    "relationshipHierarchyMapping" : {
      "name" : "ScimSample",
      "children" : [ ],
      "actions" : { },
      "selected" : true
    },
    "requestXmlMappingOverride" : false,
    "responseXmlMappingOverride" : false,
    "mapperData" : [ {
      "name" : "base mapper1",
      "order" : 1,
      "iMapping" : "<?xml version=\"1.0\" encoding=\"UTF-8\" standalone=\"yes\"?>\n<mapper xmlns=\"http://www.kony.com/ns/mapper\">\n    <map inputpath=\"request_in\" outputpath=\"request_out\">\n        <set-param inputpath=\"filter\" outputpath=\"filter\"/>\n    </map>\n</mapper>\n",
      "oMapping" : "<?xml version=\"1.0\" encoding=\"UTF-8\" standalone=\"yes\"?>\n<mapper xmlns=\"http://www.kony.com/ns/mapper\">\n    <map inputpath=\"response_in\" outputpath=\"response_out\">\n        <map inputpath=\"\" outputpath=\"ScimSample\">\n            <set-param inputpath=\"active\" outputpath=\"active\"/>\n            <set-param inputpath=\"totalResults\" outputpath=\"totalResults\"/>\n            <set-param inputpath=\"userId\" outputpath=\"userId\"/>\n        </map>\n    </map>\n</mapper>\n",
      "iVisualMappingData" : "{\"nodeDataArray\":[{\"isGroup\":true,\"key\":\"request_in\",\"text\":\"ScimSample\",\"xy\":\"150 100\"},{\"isGroup\":true,\"key\":\"request_out\",\"text\":\"ScimAPIs (1.0).SearchUser\",\"xy\":\"770 100\"}],\"linkDataArray\":[{\"category\":\"Mapping\",\"from\":\"source:ScimSample:filter:\",\"to\":\"target:filter:\",\"fromPort\":\"source:ScimSample:filter:\",\"toPort\":\"target:filter:\",\"visible\":true,\"common\":true}]}",
      "oVisualMappingData" : "{\"nodeDataArray\":[{\"isGroup\":true,\"key\":\"response_out\",\"text\":\"ScimSample\",\"xy\":\"770 100\"},{\"isGroup\":true,\"key\":\"response_in\",\"text\":\"ScimAPIs (1.0).SearchUser\",\"xy\":\"150 100\"}],\"linkDataArray\":[{\"category\":\"Mapping\",\"from\":\"source:active:\",\"to\":\"target:ScimSample:active:\",\"fromPort\":\"source:active:\",\"toPort\":\"target:ScimSample:active:\",\"visible\":true,\"common\":true},{\"category\":\"Mapping\",\"from\":\"source:totalResults:\",\"to\":\"target:ScimSample:totalResults:\",\"fromPort\":\"source:totalResults:\",\"toPort\":\"target:ScimSample:totalResults:\",\"visible\":true,\"common\":true},{\"category\":\"Mapping\",\"from\":\"source:userId:\",\"to\":\"target:ScimSample:userId:\",\"fromPort\":\"source:userId:\",\"toPort\":\"target:ScimSample:userId:\",\"visible\":true,\"common\":true}]}",
      "requestXmlMappingOverride" : false,
      "responseXmlMappingOverride" : false,
      "disabled" : false,
      "applyCommonMapping" : false,
      "applyRequestCommonMapping" : false,
      "applyResponseCommonMapping" : false
    } ]
  },
  "etag" : "b27b4bb5-72e6-4b74-a381-5e03578ffc76",
  "enableFrontendUrl" : false,
  "customVerb" : false
}