<?xml version="1.0" encoding="UTF-8" standalone="yes"?>
<service serviceGroup="" cachable="false" cacheduration="" customOperation="false" description="Endpoint for CustomOrgIdentity (Internal)&#10;Note: Perform ClientIdentity and OrgAdmin Authentication in sequence and returns OrgAdmin Bearer token" endpoint="" groupType="" id="login" passwordencrypted="" security="public" type="CompositeConnector" smscode="" smsenabled="false">
    <service-config>
        <config-param api-version="" appid="" name="preprocessorname" value=""/>
        <config-param api-version="" appid="" name="postprocessorJS" value=""/>
        <config-param api-version="" appid="" name="preprocessorJS" value=""/>
        <config-param api-version="" appid="" name="postprocessorname" value="com.hid.onboarding.postprocessor.CustomTokenOrch"/>
        <config-param api-version="" appid="" name="exec_type" value="Sequential"/>
        <config-param api-version="" appid="" name="kony_http_supported_methods" value="POST"/>
        <config-param api-version="1.0" appid="ClientIdentityWrapperInternal" name="service" value="getBearerToken"/>
        <config-param api-version="1.0" appid="OrgAdminAuthentication" name="service" value="login"/>
    </service-config>
    <service-input passthrough="false" isExtended="false"/>
    <service-output passthrough="false" isExtended="false"/>
</service>
