[ {
  "name" : "deviceId",
  "sourceFieldname" : "deviceId",
  "description" : "deviceId",
  "dataType" : "string",
  "hasIndex" : false,
  "unique" : true,
  "primarykey" : true,
  "namefield" : false,
  "nullable" : false,
  "custom" : false,
  "createable" : true,
  "updateable" : true,
  "audit" : false,
  "customizable" : false,
  "fieldOrder" : 1,
  "fieldProperties" : {
    "autoGenerated" : "false"
  },
  "etag" : "e3a5d10b-8a7d-49f1-b372-fbdc875a2c58",
  "isExtended" : false
}, {
  "name" : "friendlyName",
  "sourceFieldname" : "friendlyName",
  "description" : "friendlyName",
  "dataType" : "string",
  "hasIndex" : false,
  "unique" : false,
  "primarykey" : false,
  "namefield" : false,
  "nullable" : true,
  "custom" : false,
  "createable" : true,
  "updateable" : true,
  "audit" : false,
  "customizable" : false,
  "fieldOrder" : 2,
  "fieldProperties" : {
    "autoGenerated" : "false"
  },
  "etag" : "e1ca1400-9881-4679-9cd1-12573c311d8b",
  "isExtended" : false
}, {
  "name" : "type",
  "sourceFieldname" : "type",
  "description" : "type",
  "dataType" : "string",
  "hasIndex" : false,
  "unique" : false,
  "primarykey" : false,
  "namefield" : false,
  "nullable" : true,
  "custom" : false,
  "createable" : true,
  "updateable" : true,
  "audit" : false,
  "customizable" : false,
  "fieldOrder" : 3,
  "fieldProperties" : {
    "autoGenerated" : "false"
  },
  "etag" : "897784f6-7a18-4a5f-8b6f-9a64493cda5b",
  "isExtended" : false
} ]