[ {
  "name" : "Auth_Key",
  "dataType" : "string",
  "hasIndex" : false,
  "unique" : false,
  "primarykey" : false,
  "namefield" : false,
  "nullable" : true,
  "custom" : true,
  "createable" : true,
  "updateable" : true,
  "audit" : false,
  "customizable" : false,
  "fieldLength" : 40,
  "fieldOrder" : 18,
  "fieldProperties" : {
    "autoGenerated" : "false"
  },
  "etag" : "f8cf48bd-91b9-4242-a863-21fd0671088e",
  "isExtended" : false
}, {
  "name" : "Authorization",
  "sourceFieldname" : "Authorization",
  "description" : "Authorization",
  "dataType" : "string",
  "hasIndex" : false,
  "unique" : false,
  "primarykey" : false,
  "namefield" : false,
  "nullable" : true,
  "custom" : false,
  "createable" : true,
  "updateable" : true,
  "audit" : false,
  "customizable" : false,
  "fieldOrder" : 1,
  "fieldProperties" : {
    "autoGenerated" : "false"
  },
  "etag" : "912e511d-490a-4c14-bc00-e1fc26b7fee4",
  "isExtended" : false
}, {
  "name" : "correlationId",
  "dataType" : "string",
  "hasIndex" : false,
  "unique" : false,
  "primarykey" : false,
  "namefield" : false,
  "nullable" : true,
  "custom" : true,
  "createable" : true,
  "updateable" : true,
  "audit" : false,
  "customizable" : false,
  "fieldOrder" : 17,
  "fieldProperties" : {
    "autoGenerated" : "false"
  },
  "etag" : "716459b4-bbca-47be-9a5e-0403d648106e",
  "isExtended" : false
}, {
  "name" : "detail_CreateDevice",
  "sourceFieldname" : "detail_CreateDevice",
  "description" : "detail_CreateDevice",
  "dataType" : "string",
  "hasIndex" : false,
  "unique" : false,
  "primarykey" : false,
  "namefield" : false,
  "nullable" : true,
  "custom" : false,
  "createable" : true,
  "updateable" : true,
  "audit" : false,
  "customizable" : false,
  "fieldOrder" : 2,
  "fieldProperties" : {
    "autoGenerated" : "false"
  },
  "etag" : "4c42e469-77bf-4204-bc4d-0fb2c2e68214",
  "isExtended" : false
}, {
  "name" : "detail_updateDevice",
  "sourceFieldname" : "detail_updateDevice",
  "description" : "detail_updateDevice",
  "dataType" : "string",
  "hasIndex" : false,
  "unique" : false,
  "primarykey" : false,
  "namefield" : false,
  "nullable" : true,
  "custom" : false,
  "createable" : true,
  "updateable" : true,
  "audit" : false,
  "customizable" : false,
  "fieldOrder" : 3,
  "fieldProperties" : {
    "autoGenerated" : "false"
  },
  "etag" : "d5faec39-5cb1-450d-ab92-ab78f30dc6a8",
  "isExtended" : false
}, {
  "name" : "DeviceId",
  "sourceFieldname" : "DeviceId",
  "description" : "DeviceId",
  "dataType" : "string",
  "hasIndex" : false,
  "unique" : false,
  "primarykey" : false,
  "namefield" : false,
  "nullable" : true,
  "custom" : false,
  "createable" : true,
  "updateable" : true,
  "audit" : false,
  "customizable" : false,
  "fieldOrder" : 4,
  "fieldProperties" : {
    "autoGenerated" : "false"
  },
  "etag" : "912e3253-418d-4eed-92cf-3765674080af",
  "isExtended" : false
}, {
  "name" : "deviceIdOrch",
  "sourceFieldname" : "deviceIdOrch",
  "description" : "deviceIdOrch",
  "dataType" : "string",
  "hasIndex" : false,
  "unique" : false,
  "primarykey" : false,
  "namefield" : false,
  "nullable" : true,
  "custom" : false,
  "createable" : true,
  "updateable" : true,
  "audit" : false,
  "customizable" : false,
  "fieldOrder" : 5,
  "fieldProperties" : {
    "autoGenerated" : "false"
  },
  "etag" : "56f1ad85-3fd3-4ca6-bdc2-406e2d3b62ce",
  "isExtended" : false
}, {
  "name" : "deviceType",
  "sourceFieldname" : "deviceType",
  "description" : "deviceType",
  "dataType" : "string",
  "hasIndex" : false,
  "unique" : false,
  "primarykey" : false,
  "namefield" : false,
  "nullable" : true,
  "custom" : false,
  "createable" : true,
  "updateable" : true,
  "audit" : false,
  "customizable" : false,
  "fieldOrder" : 6,
  "fieldProperties" : {
    "autoGenerated" : "false"
  },
  "etag" : "7f7813c2-e302-496b-899c-9d40d2f71232",
  "isExtended" : false
}, {
  "name" : "errorCode",
  "sourceFieldname" : "errorCode",
  "description" : "errorCode",
  "dataType" : "string",
  "hasIndex" : false,
  "unique" : false,
  "primarykey" : false,
  "namefield" : false,
  "nullable" : true,
  "custom" : false,
  "createable" : true,
  "updateable" : true,
  "audit" : false,
  "customizable" : false,
  "fieldOrder" : 7,
  "fieldProperties" : {
    "autoGenerated" : "false"
  },
  "etag" : "8de41297-a43f-4cba-b9d7-ebce054cc394",
  "isExtended" : false
}, {
  "name" : "errorCode_updateDevice",
  "sourceFieldname" : "errorCode_updateDevice",
  "description" : "errorCode_updateDevice",
  "dataType" : "string",
  "hasIndex" : false,
  "unique" : false,
  "primarykey" : false,
  "namefield" : false,
  "nullable" : true,
  "custom" : false,
  "createable" : true,
  "updateable" : true,
  "audit" : false,
  "customizable" : false,
  "fieldOrder" : 8,
  "fieldProperties" : {
    "autoGenerated" : "false"
  },
  "etag" : "22747ec9-5e69-44f1-b400-03b9ca1a7e06",
  "isExtended" : false
}, {
  "name" : "expiryDate",
  "sourceFieldname" : "expiryDate",
  "description" : "expiryDate",
  "dataType" : "string",
  "hasIndex" : false,
  "unique" : false,
  "primarykey" : false,
  "namefield" : false,
  "nullable" : true,
  "custom" : false,
  "createable" : true,
  "updateable" : true,
  "audit" : false,
  "customizable" : false,
  "fieldOrder" : 9,
  "fieldProperties" : {
    "autoGenerated" : "false"
  },
  "etag" : "e421ca7a-1b7f-4c6c-a8bb-e6b1572fec3c",
  "isExtended" : false
}, {
  "name" : "GetInviteCodeServiceError",
  "dataType" : "string",
  "hasIndex" : false,
  "unique" : false,
  "primarykey" : false,
  "namefield" : false,
  "nullable" : true,
  "custom" : true,
  "createable" : true,
  "updateable" : true,
  "audit" : false,
  "customizable" : false,
  "fieldLength" : 40,
  "fieldOrder" : 19,
  "fieldProperties" : {
    "autoGenerated" : "false"
  },
  "etag" : "5887f8db-4a91-4648-8bac-f51e5d74ad43",
  "isExtended" : false
}, {
  "name" : "provisionMsg",
  "sourceFieldname" : "provisionMsg",
  "description" : "provisionMsg",
  "dataType" : "string",
  "hasIndex" : false,
  "unique" : false,
  "primarykey" : false,
  "namefield" : false,
  "nullable" : true,
  "custom" : false,
  "createable" : true,
  "updateable" : true,
  "audit" : false,
  "customizable" : false,
  "fieldOrder" : 10,
  "fieldProperties" : {
    "autoGenerated" : "false"
  },
  "etag" : "d4b69983-7b1c-49f3-8534-228f7ffc9f24",
  "isExtended" : false
}, {
  "name" : "scimType",
  "sourceFieldname" : "scimType",
  "description" : "scimType",
  "dataType" : "string",
  "hasIndex" : false,
  "unique" : false,
  "primarykey" : false,
  "namefield" : false,
  "nullable" : true,
  "custom" : false,
  "createable" : true,
  "updateable" : true,
  "audit" : false,
  "customizable" : false,
  "fieldOrder" : 11,
  "fieldProperties" : {
    "autoGenerated" : "false"
  },
  "etag" : "b0a3b97c-dac7-41f7-8b13-f8fef74f3b95",
  "isExtended" : false
}, {
  "name" : "startDate",
  "sourceFieldname" : "startDate",
  "description" : "startDate",
  "dataType" : "string",
  "hasIndex" : false,
  "unique" : false,
  "primarykey" : false,
  "namefield" : false,
  "nullable" : true,
  "custom" : false,
  "createable" : true,
  "updateable" : true,
  "audit" : false,
  "customizable" : false,
  "fieldOrder" : 12,
  "fieldProperties" : {
    "autoGenerated" : "false"
  },
  "etag" : "b37cf8fd-3987-4995-9985-dfea81bca4fb",
  "isExtended" : false
}, {
  "name" : "URL",
  "sourceFieldname" : "URL",
  "description" : "URL",
  "dataType" : "string",
  "hasIndex" : false,
  "unique" : false,
  "primarykey" : false,
  "namefield" : false,
  "nullable" : true,
  "custom" : false,
  "createable" : true,
  "updateable" : true,
  "audit" : false,
  "customizable" : false,
  "fieldOrder" : 13,
  "fieldProperties" : {
    "autoGenerated" : "false"
  },
  "etag" : "0f3974f2-7685-46d1-b7ca-76ed3aa2ad36",
  "isExtended" : false
}, {
  "name" : "UserId",
  "sourceFieldname" : "UserId",
  "description" : "UserId",
  "dataType" : "string",
  "hasIndex" : false,
  "unique" : true,
  "primarykey" : true,
  "namefield" : false,
  "nullable" : false,
  "custom" : false,
  "createable" : true,
  "updateable" : true,
  "audit" : false,
  "customizable" : false,
  "fieldOrder" : 14,
  "fieldProperties" : {
    "autoGenerated" : "false"
  },
  "etag" : "bf6d759f-0350-49af-9c97-ce901c7085a9",
  "isExtended" : false
}, {
  "name" : "username",
  "sourceFieldname" : "username",
  "description" : "username",
  "dataType" : "string",
  "hasIndex" : false,
  "unique" : false,
  "primarykey" : false,
  "namefield" : false,
  "nullable" : true,
  "custom" : false,
  "createable" : true,
  "updateable" : true,
  "audit" : false,
  "customizable" : false,
  "fieldOrder" : 15,
  "fieldProperties" : {
    "autoGenerated" : "false"
  },
  "etag" : "21074f9b-de08-4637-9bb9-3f53b2c0d94a",
  "isExtended" : false
}, {
  "name" : "usernameWithRandomNo",
  "sourceFieldname" : "usernameWithRandomNo",
  "description" : "usernameWithRandomNo",
  "dataType" : "string",
  "hasIndex" : false,
  "unique" : false,
  "primarykey" : false,
  "namefield" : false,
  "nullable" : true,
  "custom" : false,
  "createable" : true,
  "updateable" : true,
  "audit" : false,
  "customizable" : false,
  "fieldOrder" : 16,
  "fieldProperties" : {
    "autoGenerated" : "false"
  },
  "etag" : "66f6c479-3815-41da-a52d-cdbfb6433696",
  "isExtended" : false
} ]