{
  "version" : "1.0",
  "intSvcs" : [ {
    "name" : "Authenticator",
    "version" : "1.0",
    "etag" : "8f8f2fd8-4055-4679-a581-944a5f10c92c"
  }, {
    "name" : "ClientAuthIdentityWrapper",
    "version" : "1.0",
    "etag" : "d5a9a377-73d7-48e4-85bc-8472c6d1c613"
  }, {
    "name" : "GetHostAndTenant",
    "version" : "1.0",
    "etag" : "d742bdde-2125-46a0-b2b3-37edf47e1052"
  }, {
    "name" : "HIDApproveInitiation",
    "version" : "1.0",
    "etag" : "334823a1-1b8d-4a45-bd55-7bbc5979c0f5"
  }, {
    "name" : "HIDChallengeValidationService",
    "version" : "1.0",
    "etag" : "7c995229-3559-4647-ae93-acdd091379a2"
  }, {
    "name" : "HIDChalllengeService",
    "version" : "1.0",
    "etag" : "a4e7d406-0517-4382-adb2-04dc9831dfaa"
  }, {
    "name" : "HIDPollConsensus",
    "version" : "1.0",
    "etag" : "14c31e5b-7e06-4dff-a373-1c8efd7e3575"
  }, {
    "name" : "HIDPollConsensusWrapper",
    "version" : "1.0",
    "etag" : "3c789de5-483f-41d0-8bac-a38a68efdfb8"
  }, {
    "name" : "SearchServices",
    "version" : "1.0",
    "etag" : "023c282f-2690-466e-bac0-d90d73a06396"
  }, {
    "name" : "SendOTPService",
    "version" : "1.0",
    "etag" : "4a3f3df0-d713-4d15-bb89-5458138f6728"
  }, {
    "name" : "SMSAuthService",
    "version" : "1.0",
    "etag" : "5ec90e2e-d9aa-40d9-a2a6-a332f92ad520"
  }, {
    "name" : "TransactionAuthServices",
    "version" : "1.0",
    "etag" : "4a41ee4a-9f11-4ee4-98c2-1477f624b20d"
  }, {
    "name" : "TransactionSigningApproveInit",
    "version" : "1.0",
    "etag" : "127612cd-d784-4177-9265-a1a5ad53966f"
  }, {
    "name" : "UserScimAPIs",
    "version" : "1.0",
    "etag" : "f1b1fcda-09c2-4407-be48-0a3a0dc765c9"
  }, {
    "name" : "ValidateSMSTransaction",
    "version" : "1.0",
    "etag" : "1a5451d6-fbf2-484e-b713-0d434d6c8dae"
  } ],
  "orchSvcs" : [ {
    "name" : "SendOOBSms",
    "version" : "1.0",
    "etag" : "b05a6075-60a9-4e9d-941c-934c24885f4c"
  }, {
    "name" : "SearchPushDevicesOrch",
    "version" : "1.0",
    "etag" : "2bf28251-ac0f-46a5-b7d7-e9cf10082119"
  } ],
  "objectSvcs" : [ {
    "name" : "HIDTransactionSigning",
    "version" : "1.0",
    "etag" : "fb47ae44-f969-4bdb-bb53-8802c9636f07"
  } ],
  "identity" : [ "ClientIdentity", "OrgAdminScim" ]
}