{
  "version" : "1.0",
  "intSvcs" : [ {
    "name" : "Authenticator",
    "version" : "1.0",
    "etag" : "8f8f2fd8-4055-4679-a581-944a5f10c92c"
  }, {
    "name" : "ClientAuthIdentityWrapper",
    "version" : "1.0",
    "etag" : "928b5cb7-a00e-49de-84d2-234021c0dcb0"
  }, {
    "name" : "HIDApproveInitiation",
    "version" : "1.0",
    "etag" : "334823a1-1b8d-4a45-bd55-7bbc5979c0f5"
  }, {
    "name" : "HIDChallengeValidationService",
    "version" : "1.0",
    "etag" : "7c995229-3559-4647-ae93-acdd091379a2"
  }, {
    "name" : "HIDChalllengeService",
    "version" : "1.0",
    "etag" : "a4e7d406-0517-4382-adb2-04dc9831dfaa"
  }, {
    "name" : "HIDPollConsensus",
    "version" : "1.0",
    "etag" : "14c31e5b-7e06-4dff-a373-1c8efd7e3575"
  }, {
    "name" : "HIDPollConsensusWrapper",
    "version" : "1.0",
    "etag" : "3c789de5-483f-41d0-8bac-a38a68efdfb8"
  }, {
    "name" : "ScimAPIs",
    "version" : "1.0",
    "etag" : "efd3c40f-1ae0-42fe-8875-6917119e1e98"
  }, {
    "name" : "ScimAPIsOrg",
    "version" : "1.0",
    "etag" : "babf5747-4e67-4052-b01e-c6f9f7b22b69"
  }, {
    "name" : "SearchServices",
    "version" : "1.0",
    "etag" : "974b3708-2f3b-4d47-8345-825735e64fbd"
  }, {
    "name" : "SendOTPService",
    "version" : "1.0",
    "etag" : "4a3f3df0-d713-4d15-bb89-5458138f6728"
  }, {
    "name" : "SMSAuthService",
    "version" : "1.0",
    "etag" : "5ec90e2e-d9aa-40d9-a2a6-a332f92ad520"
  }, {
    "name" : "TransactionAuthServices",
    "version" : "1.0",
    "etag" : "4a41ee4a-9f11-4ee4-98c2-1477f624b20d"
  }, {
    "name" : "TransactionSigningApproveInit",
    "version" : "1.0",
    "etag" : "127612cd-d784-4177-9265-a1a5ad53966f"
  }, {
    "name" : "UserScimAPIs",
    "version" : "1.0",
    "etag" : "f1b1fcda-09c2-4407-be48-0a3a0dc765c9"
  }, {
    "name" : "ValidateSMSTransaction",
    "version" : "1.0",
    "etag" : "00c0b214-54b7-4fce-9980-ef1e3aca478c"
  } ],
  "orchSvcs" : [ {
    "name" : "SendOOBSms",
    "version" : "1.0",
    "etag" : "b05a6075-60a9-4e9d-941c-934c24885f4c"
  }, {
    "name" : "SearchPushDevicesOrch",
    "version" : "1.0",
    "etag" : "2bf28251-ac0f-46a5-b7d7-e9cf10082119"
  } ],
  "objectSvcs" : [ {
    "name" : "HIDTransactionSigning",
    "version" : "1.0",
    "etag" : "0617781f-4610-49dd-8988-19cf8906c389"
  } ],
  "identity" : [ "ClientIdentity", "OrgAdminScim" ]
}