{
  "version" : "1.0",
  "intSvcs" : [ {
    "name" : "Authenticator",
    "version" : "1.0",
    "etag" : "2bc6ef39-8679-42bd-abc6-98b3f2bf896f"
  }, {
    "name" : "ClientAuthIdentityWrapper",
    "version" : "1.0",
    "etag" : "08820ef0-6a8b-498e-a7a2-b3a4c90bdf45"
  }, {
    "name" : "HIDApproveInitiation",
    "version" : "1.0",
    "etag" : "3f5737de-3f7e-4acf-ac8f-f85e4f47a9a3"
  }, {
    "name" : "HIDChallengeValidationService",
    "version" : "1.0",
    "etag" : "9698a49c-041a-4cae-995e-f4f804555087"
  }, {
    "name" : "HIDChalllengeService",
    "version" : "1.0",
    "etag" : "a4e7d406-0517-4382-adb2-04dc9831dfaa"
  }, {
    "name" : "HIDPollConsensus",
    "version" : "1.0",
    "etag" : "14c31e5b-7e06-4dff-a373-1c8efd7e3575"
  }, {
    "name" : "HIDPollConsensusWrapper",
    "version" : "1.0",
    "etag" : "3c789de5-483f-41d0-8bac-a38a68efdfb8"
  }, {
    "name" : "ScimAPIs",
    "version" : "1.0",
    "etag" : "ced1dd2b-7933-4810-bc8c-110aa0d84d13"
  }, {
    "name" : "ScimAPIsOrg",
    "version" : "1.0",
    "etag" : "babf5747-4e67-4052-b01e-c6f9f7b22b69"
  }, {
    "name" : "SearchServices",
    "version" : "1.0",
    "etag" : "63b20783-accb-4584-9f51-a000b6b2cfed"
  }, {
    "name" : "SendOTPService",
    "version" : "1.0",
    "etag" : "a87b1bb8-53a5-4202-863a-9fdb99515b76"
  }, {
    "name" : "SMSAuthService",
    "version" : "1.0",
    "etag" : "4cc656be-b800-4d3b-be60-c7c3b2615b34"
  }, {
    "name" : "TransactionAuthServices",
    "version" : "1.0",
    "etag" : "4a41ee4a-9f11-4ee4-98c2-1477f624b20d"
  }, {
    "name" : "TransactionSigningApproveInit",
    "version" : "1.0",
    "etag" : "127612cd-d784-4177-9265-a1a5ad53966f"
  }, {
    "name" : "UserScimAPIs",
    "version" : "1.0",
    "etag" : "03e6647c-5cca-4526-b1df-b9b4d4040919"
  }, {
    "name" : "ValidateSMSTransaction",
    "version" : "1.0",
    "etag" : "00c0b214-54b7-4fce-9980-ef1e3aca478c"
  } ],
  "orchSvcs" : [ {
    "name" : "SendOOBSms",
    "version" : "1.0",
    "etag" : "b05a6075-60a9-4e9d-941c-934c24885f4c"
  }, {
    "name" : "SearchPushDevicesOrch",
    "version" : "1.0",
    "etag" : "2bf28251-ac0f-46a5-b7d7-e9cf10082119"
  } ],
  "objectSvcs" : [ {
    "name" : "HIDTransactionSigning",
    "version" : "1.0",
    "etag" : "0617781f-4610-49dd-8988-19cf8906c389"
  } ],
  "identity" : [ "ClientIdentity", "OrgAdminScim" ]
}