[ {
  "name" : "access_token",
  "sourceFieldname" : "access_token",
  "description" : "access_token",
  "dataType" : "string",
  "hasIndex" : false,
  "unique" : false,
  "primarykey" : false,
  "namefield" : false,
  "nullable" : true,
  "custom" : false,
  "createable" : true,
  "updateable" : true,
  "audit" : false,
  "customizable" : false,
  "fieldOrder" : 0,
  "fieldProperties" : {
    "autoGenerated" : "false"
  },
  "etag" : "f9a0100a-f0a8-445b-9587-6109070bfc89",
  "isExtended" : false
}, {
  "name" : "authType",
  "sourceFieldname" : "authType",
  "description" : "authType",
  "dataType" : "string",
  "hasIndex" : false,
  "unique" : false,
  "primarykey" : false,
  "namefield" : false,
  "nullable" : true,
  "custom" : false,
  "createable" : true,
  "updateable" : true,
  "audit" : false,
  "customizable" : false,
  "fieldOrder" : 0,
  "fieldProperties" : {
    "autoGenerated" : "false"
  },
  "etag" : "b0441241-b6df-433a-839c-1aa0d822aa3f",
  "isExtended" : false
}, {
  "name" : "client_id",
  "sourceFieldname" : "client_id",
  "description" : "client_id",
  "dataType" : "string",
  "hasIndex" : false,
  "unique" : false,
  "primarykey" : false,
  "namefield" : false,
  "nullable" : true,
  "custom" : false,
  "createable" : true,
  "updateable" : true,
  "audit" : false,
  "customizable" : false,
  "fieldOrder" : 0,
  "fieldProperties" : {
    "autoGenerated" : "false"
  },
  "etag" : "902043c6-9ba0-442f-942e-ebceda17f1e7",
  "isExtended" : false
}, {
  "name" : "content",
  "sourceFieldname" : "content",
  "description" : "content",
  "dataType" : "string",
  "hasIndex" : false,
  "unique" : false,
  "primarykey" : false,
  "namefield" : false,
  "nullable" : true,
  "custom" : false,
  "createable" : true,
  "updateable" : true,
  "audit" : false,
  "customizable" : false,
  "fieldOrder" : 0,
  "fieldProperties" : {
    "autoGenerated" : "false"
  },
  "etag" : "42522408-c929-461a-9923-d90cbd462465",
  "isExtended" : false
}, {
  "name" : "error_description",
  "sourceFieldname" : "error_description",
  "description" : "error_description",
  "dataType" : "string",
  "hasIndex" : false,
  "unique" : false,
  "primarykey" : false,
  "namefield" : false,
  "nullable" : true,
  "custom" : false,
  "createable" : true,
  "updateable" : true,
  "audit" : false,
  "customizable" : false,
  "fieldOrder" : 0,
  "fieldProperties" : {
    "autoGenerated" : "false"
  },
  "etag" : "96386378-c09a-4af6-a91e-486d7bac7ba7",
  "isExtended" : false
}, {
  "name" : "password",
  "sourceFieldname" : "password",
  "description" : "password",
  "dataType" : "string",
  "hasIndex" : false,
  "unique" : false,
  "primarykey" : false,
  "namefield" : false,
  "nullable" : true,
  "custom" : false,
  "createable" : true,
  "updateable" : true,
  "audit" : false,
  "customizable" : false,
  "fieldOrder" : 0,
  "fieldProperties" : {
    "autoGenerated" : "false"
  },
  "etag" : "b07b2a45-338b-4330-b25c-1f4744caed3f",
  "isExtended" : false
}, {
  "name" : "username",
  "sourceFieldname" : "username",
  "description" : "username",
  "dataType" : "string",
  "hasIndex" : false,
  "unique" : false,
  "primarykey" : false,
  "namefield" : false,
  "nullable" : true,
  "custom" : false,
  "createable" : true,
  "updateable" : true,
  "audit" : false,
  "customizable" : false,
  "fieldOrder" : 0,
  "fieldProperties" : {
    "autoGenerated" : "false"
  },
  "etag" : "1612cff0-0bda-4d44-881a-fe80fe891efb",
  "isExtended" : false
} ]