{
  "operationConfig" : {
    "name" : "statusPoll1927",
    "type" : "MappedToBackend",
    "cachable" : false,
    "smsEnabled" : false,
    "security" : "authorized_app",
    "responseEncoding" : "UTF-8",
    "httpMethod" : "GET",
    "decodeResponseBody" : false,
    "iMapping" : "<?xml version=\"1.0\" encoding=\"UTF-8\" standalone=\"yes\"?>\n<mapper xmlns=\"http://www.kony.com/ns/mapper\">\n    <map inputpath=\"request_in\" outputpath=\"request_out\">\n        <set-param inputpath=\"UID\" outputpath=\"UID\"/>\n    </map>\n</mapper>\n",
    "oMapping" : "<?xml version=\"1.0\" encoding=\"UTF-8\" standalone=\"yes\"?>\n<mapper xmlns=\"http://www.kony.com/ns/mapper\">\n    <map inputpath=\"response_in\" outputpath=\"response_out\">\n        <map inputpath=\"\" outputpath=\"SubmissionStatusUID\">\n            <set-param inputpath=\"transactionId\" outputpath=\"transactionId\"/>\n            <set-param inputpath=\"requestStatus\" outputpath=\"requestStatus\"/>\n        </map>\n    </map>\n</mapper>\n",
    "iVisualMappingData" : "{\"nodeDataArray\":[{\"isGroup\":true,\"key\":\"request_in\",\"text\":\"SubmissionStatusUID\",\"xy\":\"150 100\"},{\"isGroup\":true,\"key\":\"request_out\",\"text\":\"IDV_POLLING (1.0).statusPoll\",\"xy\":\"770 100\"}],\"linkDataArray\":[{\"category\":\"Mapping\",\"visible\":true,\"from\":\"source:SubmissionStatusUID:UID:\",\"to\":\"target:UID:\",\"fromPort\":\"source:SubmissionStatusUID:UID:\",\"toPort\":\"target:UID:\"}],\"blockCount\":{\"variableCount\":0},\"variableMap\":{},\"xmlMappingOverride\":false}",
    "oVisualMappingData" : "{\"nodeDataArray\":[{\"isGroup\":true,\"key\":\"response_out\",\"text\":\"SubmissionStatusUID\",\"xy\":\"770 100\"},{\"isGroup\":true,\"key\":\"response_in\",\"text\":\"IDV_POLLING (1.0).statusPoll\",\"xy\":\"150 100\"}],\"linkDataArray\":[{\"category\":\"Mapping\",\"from\":\"source:transactionId:\",\"to\":\"target:SubmissionStatusUID:transactionId:\",\"fromPort\":\"source:transactionId:\",\"toPort\":\"target:SubmissionStatusUID:transactionId:\",\"visible\":true,\"common\":true},{\"category\":\"Mapping\",\"visible\":true,\"from\":\"source:requestStatus:\",\"to\":\"target:SubmissionStatusUID:requestStatus:\",\"fromPort\":\"source:requestStatus:\",\"toPort\":\"target:SubmissionStatusUID:requestStatus:\"}],\"blockCount\":{\"variableCount\":0},\"variableMap\":{},\"xmlMappingOverride\":false}",
    "applyCommonMapping" : false,
    "applyRequestCommonMapping" : false,
    "applyResponseCommonMapping" : false,
    "backendMeta" : {
      "serviceName" : "IDV_POLLING",
      "serviceVersion" : "1.0",
      "operationName" : "statusPoll"
    },
    "relationshipHierarchyMapping" : {
      "name" : "SubmissionStatusUID",
      "children" : [ ],
      "actions" : { },
      "selected" : true
    },
    "requestXmlMappingOverride" : false,
    "responseXmlMappingOverride" : false,
    "mapperData" : [ {
      "name" : "base mapper1",
      "order" : 1,
      "iMapping" : "<?xml version=\"1.0\" encoding=\"UTF-8\" standalone=\"yes\"?>\n<mapper xmlns=\"http://www.kony.com/ns/mapper\">\n    <map inputpath=\"request_in\" outputpath=\"request_out\">\n        <set-param inputpath=\"UID\" outputpath=\"UID\"/>\n    </map>\n</mapper>\n",
      "oMapping" : "<?xml version=\"1.0\" encoding=\"UTF-8\" standalone=\"yes\"?>\n<mapper xmlns=\"http://www.kony.com/ns/mapper\">\n    <map inputpath=\"response_in\" outputpath=\"response_out\">\n        <map inputpath=\"\" outputpath=\"SubmissionStatusUID\">\n            <set-param inputpath=\"transactionId\" outputpath=\"transactionId\"/>\n            <set-param inputpath=\"requestStatus\" outputpath=\"requestStatus\"/>\n        </map>\n    </map>\n</mapper>\n",
      "iVisualMappingData" : "{\"nodeDataArray\":[{\"isGroup\":true,\"key\":\"request_in\",\"text\":\"SubmissionStatusUID\",\"xy\":\"150 100\"},{\"isGroup\":true,\"key\":\"request_out\",\"text\":\"IDV_POLLING (1.0).statusPoll\",\"xy\":\"770 100\"}],\"linkDataArray\":[{\"category\":\"Mapping\",\"visible\":true,\"from\":\"source:SubmissionStatusUID:UID:\",\"to\":\"target:UID:\",\"fromPort\":\"source:SubmissionStatusUID:UID:\",\"toPort\":\"target:UID:\"}],\"blockCount\":{\"variableCount\":0},\"variableMap\":{},\"xmlMappingOverride\":false}",
      "oVisualMappingData" : "{\"nodeDataArray\":[{\"isGroup\":true,\"key\":\"response_out\",\"text\":\"SubmissionStatusUID\",\"xy\":\"770 100\"},{\"isGroup\":true,\"key\":\"response_in\",\"text\":\"IDV_POLLING (1.0).statusPoll\",\"xy\":\"150 100\"}],\"linkDataArray\":[{\"category\":\"Mapping\",\"from\":\"source:transactionId:\",\"to\":\"target:SubmissionStatusUID:transactionId:\",\"fromPort\":\"source:transactionId:\",\"toPort\":\"target:SubmissionStatusUID:transactionId:\",\"visible\":true,\"common\":true},{\"category\":\"Mapping\",\"visible\":true,\"from\":\"source:requestStatus:\",\"to\":\"target:SubmissionStatusUID:requestStatus:\",\"fromPort\":\"source:requestStatus:\",\"toPort\":\"target:SubmissionStatusUID:requestStatus:\"}],\"blockCount\":{\"variableCount\":0},\"variableMap\":{},\"xmlMappingOverride\":false}",
      "requestXmlMappingOverride" : false,
      "responseXmlMappingOverride" : false,
      "disabled" : false,
      "applyCommonMapping" : false,
      "applyRequestCommonMapping" : false,
      "applyResponseCommonMapping" : false
    } ]
  },
  "enableFrontendUrl" : false,
  "customVerb" : false
}