{
  "operationConfig" : {
    "name" : "searchHardwareDevice4903",
    "type" : "MappedToBackend",
    "cachable" : false,
    "smsEnabled" : false,
    "security" : "authorized_app",
    "responseEncoding" : "UTF-8",
    "httpMethod" : "GET",
    "decodeResponseBody" : false,
    "iMapping" : "<?xml version=\"1.0\" encoding=\"UTF-8\" standalone=\"yes\"?>\n<mapper xmlns=\"http://www.kony.com/ns/mapper\">\n    <map inputpath=\"request_in\" outputpath=\"request_out\">\n        <set-param inputpath=\"filterItem\" outputpath=\"filterItem\"/>\n    </map>\n</mapper>\n",
    "oMapping" : "<?xml version=\"1.0\" encoding=\"UTF-8\" standalone=\"yes\"?><mapper xmlns=\"http://www.kony.com/ns/mapper\">      <map inputpath=\"response_in\" outputpath=\"response_out\">    <map inputpath=\"LoopDataset\" outputpath=\"LoopDataset\">        <map inputpath=\"resources\" outputpath=\"resources\">                  <set-param inputpath=\"externalId\" outputpath=\"externalId\"/>                  <set-param inputpath=\"deviceType\" outputpath=\"type\"/>                  <set-param inputpath=\"id\" outputpath=\"id\"/>            <map inputpath=\"status\" outputpath=\"status\">                <set-param inputpath=\"status\" outputpath=\"status\"/>                 <set-param inputpath=\"active\" outputpath=\"active\"/>               </map>        </map>   </map>  </map></mapper>",
    "iVisualMappingData" : "{\"nodeDataArray\":[{\"isGroup\":true,\"key\":\"request_in\",\"text\":\"SearchHardwareDevice\",\"xy\":\"150 100\"},{\"isGroup\":true,\"key\":\"request_out\",\"text\":\"SearchHardwareDevice (1.0).searchHardwareDevice\",\"xy\":\"770 100\"}],\"linkDataArray\":[{\"category\":\"Mapping\",\"visible\":true,\"from\":\"source:SearchHardwareDevice:filterItem:\",\"to\":\"target:filterItem:\",\"fromPort\":\"source:SearchHardwareDevice:filterItem:\",\"toPort\":\"target:filterItem:\"}],\"blockCount\":{\"variableCount\":0},\"variableMap\":{},\"xmlMappingOverride\":false}",
    "oVisualMappingData" : "{\"nodeDataArray\":[{\"isGroup\":true,\"key\":\"response_out\",\"text\":\"SearchHardwareDevice\",\"xy\":\"770 100\"},{\"isGroup\":true,\"key\":\"response_in\",\"text\":\"SearchHardwareDevice (1.0).searchHardwareDevice\",\"xy\":\"150 100\"}],\"linkDataArray\":[{\"from\":\"target\",\"to\":\"target:SearchHardwareDevice\",\"fromPort\":\"target\",\"toPort\":\"target:SearchHardwareDevice\",\"visible\":true,\"common\":false},{\"from\":\"target:SearchHardwareDevice\",\"to\":\"target:SearchHardwareDevice:fields\",\"fromPort\":\"target:SearchHardwareDevice\",\"toPort\":\"target:SearchHardwareDevice:fields\",\"visible\":true,\"common\":false},{\"from\":\"target:SearchHardwareDevice:fields\",\"to\":\"target:SearchHardwareDevice:filterItem:\",\"fromPort\":\"target:SearchHardwareDevice:fields\",\"toPort\":\"target:SearchHardwareDevice:filterItem:\",\"visible\":true,\"common\":false},{\"from\":\"source\",\"to\":\"source:resources\",\"fromPort\":\"source\",\"toPort\":\"source:resources\",\"visible\":true,\"common\":false},{\"from\":\"source:resources\",\"to\":\"source:resources:parameters\",\"fromPort\":\"source:resources\",\"toPort\":\"source:resources:parameters\",\"visible\":true,\"common\":false},{\"from\":\"source:resources:parameters\",\"to\":\"source:resources:deviceType:\",\"fromPort\":\"source:resources:parameters\",\"toPort\":\"source:resources:deviceType:\",\"visible\":true,\"common\":false},{\"from\":\"source:resources:parameters\",\"to\":\"source:resources:externalId:\",\"fromPort\":\"source:resources:parameters\",\"toPort\":\"source:resources:externalId:\",\"visible\":true,\"common\":false},{\"from\":\"source:resources:parameters\",\"to\":\"source:resources:friendlyName:\",\"fromPort\":\"source:resources:parameters\",\"toPort\":\"source:resources:friendlyName:\",\"visible\":true,\"common\":false},{\"from\":\"source:resources:parameters\",\"to\":\"source:resources:id:\",\"fromPort\":\"source:resources:parameters\",\"toPort\":\"source:resources:id:\",\"visible\":true,\"common\":false},{\"from\":\"source:resources\",\"to\":\"source:resources:status\",\"fromPort\":\"source:resources\",\"toPort\":\"source:resources:status\",\"visible\":true,\"common\":false},{\"from\":\"source:resources:status\",\"to\":\"source:resources:status:parameters\",\"fromPort\":\"source:resources:status\",\"toPort\":\"source:resources:status:parameters\",\"visible\":true,\"common\":false},{\"from\":\"source:resources:status:parameters\",\"to\":\"source:resources:status:active:\",\"fromPort\":\"source:resources:status:parameters\",\"toPort\":\"source:resources:status:active:\",\"visible\":true,\"common\":false},{\"from\":\"source:resources:status:parameters\",\"to\":\"source:resources:status:status:\",\"fromPort\":\"source:resources:status:parameters\",\"toPort\":\"source:resources:status:status:\",\"visible\":true,\"common\":false}],\"blockCount\":{\"variableCount\":0},\"variableMap\":{},\"xmlMappingOverride\":true}",
    "applyCommonMapping" : false,
    "applyRequestCommonMapping" : false,
    "applyResponseCommonMapping" : false,
    "backendMeta" : {
      "serviceName" : "SearchHardwareDevice",
      "serviceVersion" : "1.0",
      "operationName" : "searchHardwareDevice"
    },
    "relationshipHierarchyMapping" : {
      "children" : [ ],
      "name" : "SearchHardwareDevice",
      "actions" : { },
      "selected" : true
    },
    "requestXmlMappingOverride" : false,
    "responseXmlMappingOverride" : true,
    "mapperData" : [ {
      "name" : "base mapper1",
      "order" : 1,
      "iMapping" : "<?xml version=\"1.0\" encoding=\"UTF-8\" standalone=\"yes\"?>\n<mapper xmlns=\"http://www.kony.com/ns/mapper\">\n    <map inputpath=\"request_in\" outputpath=\"request_out\">\n        <set-param inputpath=\"filterItem\" outputpath=\"filterItem\"/>\n    </map>\n</mapper>\n",
      "oMapping" : "<?xml version=\"1.0\" encoding=\"UTF-8\" standalone=\"yes\"?><mapper xmlns=\"http://www.kony.com/ns/mapper\">      <map inputpath=\"response_in\" outputpath=\"response_out\">    <map inputpath=\"LoopDataset\" outputpath=\"LoopDataset\">        <map inputpath=\"resources\" outputpath=\"resources\">                  <set-param inputpath=\"externalId\" outputpath=\"externalId\"/>                  <set-param inputpath=\"deviceType\" outputpath=\"type\"/>                  <set-param inputpath=\"id\" outputpath=\"id\"/>            <map inputpath=\"status\" outputpath=\"status\">                <set-param inputpath=\"status\" outputpath=\"status\"/>                 <set-param inputpath=\"active\" outputpath=\"active\"/>               </map>        </map>   </map>  </map></mapper>",
      "iVisualMappingData" : "{\"nodeDataArray\":[{\"isGroup\":true,\"key\":\"request_in\",\"text\":\"SearchHardwareDevice\",\"xy\":\"150 100\"},{\"isGroup\":true,\"key\":\"request_out\",\"text\":\"SearchHardwareDevice (1.0).searchHardwareDevice\",\"xy\":\"770 100\"}],\"linkDataArray\":[{\"category\":\"Mapping\",\"visible\":true,\"from\":\"source:SearchHardwareDevice:filterItem:\",\"to\":\"target:filterItem:\",\"fromPort\":\"source:SearchHardwareDevice:filterItem:\",\"toPort\":\"target:filterItem:\"}],\"blockCount\":{\"variableCount\":0},\"variableMap\":{},\"xmlMappingOverride\":false}",
      "oVisualMappingData" : "{\"nodeDataArray\":[{\"isGroup\":true,\"key\":\"response_out\",\"text\":\"SearchHardwareDevice\",\"xy\":\"770 100\"},{\"isGroup\":true,\"key\":\"response_in\",\"text\":\"SearchHardwareDevice (1.0).searchHardwareDevice\",\"xy\":\"150 100\"}],\"linkDataArray\":[{\"from\":\"target\",\"to\":\"target:SearchHardwareDevice\",\"fromPort\":\"target\",\"toPort\":\"target:SearchHardwareDevice\",\"visible\":true,\"common\":false},{\"from\":\"target:SearchHardwareDevice\",\"to\":\"target:SearchHardwareDevice:fields\",\"fromPort\":\"target:SearchHardwareDevice\",\"toPort\":\"target:SearchHardwareDevice:fields\",\"visible\":true,\"common\":false},{\"from\":\"target:SearchHardwareDevice:fields\",\"to\":\"target:SearchHardwareDevice:filterItem:\",\"fromPort\":\"target:SearchHardwareDevice:fields\",\"toPort\":\"target:SearchHardwareDevice:filterItem:\",\"visible\":true,\"common\":false},{\"from\":\"source\",\"to\":\"source:resources\",\"fromPort\":\"source\",\"toPort\":\"source:resources\",\"visible\":true,\"common\":false},{\"from\":\"source:resources\",\"to\":\"source:resources:parameters\",\"fromPort\":\"source:resources\",\"toPort\":\"source:resources:parameters\",\"visible\":true,\"common\":false},{\"from\":\"source:resources:parameters\",\"to\":\"source:resources:deviceType:\",\"fromPort\":\"source:resources:parameters\",\"toPort\":\"source:resources:deviceType:\",\"visible\":true,\"common\":false},{\"from\":\"source:resources:parameters\",\"to\":\"source:resources:externalId:\",\"fromPort\":\"source:resources:parameters\",\"toPort\":\"source:resources:externalId:\",\"visible\":true,\"common\":false},{\"from\":\"source:resources:parameters\",\"to\":\"source:resources:friendlyName:\",\"fromPort\":\"source:resources:parameters\",\"toPort\":\"source:resources:friendlyName:\",\"visible\":true,\"common\":false},{\"from\":\"source:resources:parameters\",\"to\":\"source:resources:id:\",\"fromPort\":\"source:resources:parameters\",\"toPort\":\"source:resources:id:\",\"visible\":true,\"common\":false},{\"from\":\"source:resources\",\"to\":\"source:resources:status\",\"fromPort\":\"source:resources\",\"toPort\":\"source:resources:status\",\"visible\":true,\"common\":false},{\"from\":\"source:resources:status\",\"to\":\"source:resources:status:parameters\",\"fromPort\":\"source:resources:status\",\"toPort\":\"source:resources:status:parameters\",\"visible\":true,\"common\":false},{\"from\":\"source:resources:status:parameters\",\"to\":\"source:resources:status:active:\",\"fromPort\":\"source:resources:status:parameters\",\"toPort\":\"source:resources:status:active:\",\"visible\":true,\"common\":false},{\"from\":\"source:resources:status:parameters\",\"to\":\"source:resources:status:status:\",\"fromPort\":\"source:resources:status:parameters\",\"toPort\":\"source:resources:status:status:\",\"visible\":true,\"common\":false}],\"blockCount\":{\"variableCount\":0},\"variableMap\":{},\"xmlMappingOverride\":true}",
      "requestXmlMappingOverride" : false,
      "responseXmlMappingOverride" : true,
      "disabled" : false,
      "applyCommonMapping" : false,
      "applyRequestCommonMapping" : false,
      "applyResponseCommonMapping" : false
    } ]
  }
}