{
  "operationConfig" : {
    "name" : "SearchDevice5669",
    "type" : "MappedToBackend",
    "cachable" : false,
    "smsEnabled" : false,
    "security" : "authorized_app",
    "responseEncoding" : "UTF-8",
    "httpMethod" : "GET",
    "decodeResponseBody" : false,
    "applyCommonMapping" : true,
    "applyRequestCommonMapping" : true,
    "applyResponseCommonMapping" : true,
    "backendMeta" : {
      "serviceName" : "ScimAPIs",
      "serviceVersion" : "1.0",
      "operationName" : "SearchDevice"
    },
    "requestXmlMappingOverride" : false,
    "responseXmlMappingOverride" : false,
    "mapperData" : [ {
      "name" : "base mapper1",
      "order" : 1,
      "requestXmlMappingOverride" : false,
      "responseXmlMappingOverride" : false,
      "disabled" : false,
      "applyCommonMapping" : true,
      "applyRequestCommonMapping" : true,
      "applyResponseCommonMapping" : true
    } ]
  }
}