{
  "version" : "1.0",
  "intSvcs" : [ {
    "name" : "Authenticator",
    "version" : "1.0",
    "etag" : "8f8f2fd8-4055-4679-a581-944a5f10c92c"
  }, {
    "name" : "ClientAuthIdentityWrapper",
    "version" : "1.0",
    "etag" : "4024f1d0-9db0-4d40-81f3-5177755d3142"
  }, {
    "name" : "GetHostAndTenant",
    "version" : "1.0",
    "etag" : "87232f46-4f6d-45ac-9e1f-2389b3f44c02"
  }, {
    "name" : "HIDApproveInitiation",
    "version" : "1.0",
    "etag" : "e178e294-cb99-4f71-825e-cc7fa01742f8"
  }, {
    "name" : "HIDChallengeValidationService",
    "version" : "1.0",
    "etag" : "a0362264-e517-4a26-b5e4-8cc799e25d4c"
  }, {
    "name" : "HIDChalllengeService",
    "version" : "1.0",
    "etag" : "a4e7d406-0517-4382-adb2-04dc9831dfaa"
  }, {
    "name" : "HIDPollConsensus",
    "version" : "1.0",
    "etag" : "6a133e21-7cd6-4e79-a6cc-63accc2a31d4"
  }, {
    "name" : "HIDPollConsensusWrapper",
    "version" : "1.0",
    "etag" : "3c789de5-483f-41d0-8bac-a38a68efdfb8"
  }, {
    "name" : "ScimAPIs",
    "version" : "1.0",
    "etag" : "d52ab803-e1d2-41f5-8f89-8182cd7bfc8c"
  }, {
    "name" : "ScimAPIsOrg",
    "version" : "1.0",
    "etag" : "0ef3ee7b-15a4-403c-81c4-7fed0d00ced3"
  }, {
    "name" : "SearchServices",
    "version" : "1.0",
    "etag" : "1cd313c6-1bbc-43c2-aaf5-f00c5fd92389"
  }, {
    "name" : "SendOTPService",
    "version" : "1.0",
    "etag" : "4a3f3df0-d713-4d15-bb89-5458138f6728"
  }, {
    "name" : "SMSAuthService",
    "version" : "1.0",
    "etag" : "5ec90e2e-d9aa-40d9-a2a6-a332f92ad520"
  }, {
    "name" : "TransactionAuthServices",
    "version" : "1.0",
    "etag" : "4a41ee4a-9f11-4ee4-98c2-1477f624b20d"
  }, {
    "name" : "TransactionSigningApproveInit",
    "version" : "1.0",
    "etag" : "005d7e8b-5908-410b-8be8-43e49d26b3e9"
  }, {
    "name" : "UserScimAPIs",
    "version" : "1.0",
    "etag" : "f1b1fcda-09c2-4407-be48-0a3a0dc765c9"
  }, {
    "name" : "ValidateSMSTransaction",
    "version" : "1.0",
    "etag" : "1a5451d6-fbf2-484e-b713-0d434d6c8dae"
  } ],
  "orchSvcs" : [ {
    "name" : "SendOOBSms",
    "version" : "1.0",
    "etag" : "b05a6075-60a9-4e9d-941c-934c24885f4c"
  }, {
    "name" : "SearchPushDevicesOrch",
    "version" : "1.0",
    "etag" : "2bf28251-ac0f-46a5-b7d7-e9cf10082119"
  } ],
  "objectSvcs" : [ {
    "name" : "HIDTransactionSigning",
    "version" : "1.0",
    "etag" : "dd59325e-0489-4bd0-b384-978b121e96e5"
  } ],
  "identity" : [ "ClientIdentity", "OrgAdminScim" ]
}