{
  "version" : "1.0",
  "intSvcs" : [ {
    "name" : "Authenticator",
    "version" : "1.0",
    "etag" : "8f8f2fd8-4055-4679-a581-944a5f10c92c"
  }, {
    "name" : "ClientAuthIdentityWrapper",
    "version" : "1.0",
    "etag" : "e00d8ab9-a3da-48d3-a8e1-0733a08dece0"
  }, {
    "name" : "DependencyManager",
    "version" : "1.0",
    "etag" : "95a4bed2-4030-41cb-9fbb-ef72d5127581"
  }, {
    "name" : "GetHostAndTenant",
    "version" : "1.0",
    "etag" : "87232f46-4f6d-45ac-9e1f-2389b3f44c02"
  }, {
    "name" : "HIDApproveInitiation",
    "version" : "1.0",
    "etag" : "c6b0d8e0-c4d4-4cca-8b4c-ee487ec4beca"
  }, {
    "name" : "HIDChallengeValidationService",
    "version" : "1.0",
    "etag" : "f9c5bca4-e78b-4497-93f1-9e2d0405f880"
  }, {
    "name" : "HIDChalllengeService",
    "version" : "1.0",
    "etag" : "a4e7d406-0517-4382-adb2-04dc9831dfaa"
  }, {
    "name" : "HIDPollConsensus",
    "version" : "1.0",
    "etag" : "dca76ca1-1142-40f1-ac93-ca346c06aa3d"
  }, {
    "name" : "ScimAPIs",
    "version" : "1.0",
    "etag" : "b9aafa19-bd69-45db-9497-f239471f786d"
  }, {
    "name" : "ScimAPIsOrg",
    "version" : "1.0",
    "etag" : "e82d0a05-3987-4da9-948f-5ac01311662d"
  }, {
    "name" : "SearchServices",
    "version" : "1.0",
    "etag" : "f0b04fad-78af-489d-ae4c-e118277a980a"
  }, {
    "name" : "SendOTPService",
    "version" : "1.0",
    "etag" : "4a3f3df0-d713-4d15-bb89-5458138f6728"
  }, {
    "name" : "SMSAuthService",
    "version" : "1.0",
    "etag" : "5ec90e2e-d9aa-40d9-a2a6-a332f92ad520"
  }, {
    "name" : "TransactionAuthServices",
    "version" : "1.0",
    "etag" : "73b323ce-4ec2-4880-8c46-e3b03e4792e5"
  }, {
    "name" : "TransactionSigningApproveInit",
    "version" : "1.0",
    "etag" : "005d7e8b-5908-410b-8be8-43e49d26b3e9"
  }, {
    "name" : "UserScimAPIs",
    "version" : "1.0",
    "etag" : "f1b1fcda-09c2-4407-be48-0a3a0dc765c9"
  }, {
    "name" : "ValidateSMSTransaction",
    "version" : "1.0",
    "etag" : "1a5451d6-fbf2-484e-b713-0d434d6c8dae"
  } ],
  "orchSvcs" : [ {
    "name" : "SendOOBSms",
    "version" : "1.0",
    "etag" : "5447c23b-1ca2-417f-8c8c-a7cf06996fde"
  }, {
    "name" : "SearchDevices",
    "version" : "1.0",
    "etag" : "90c1b587-7980-45e9-8c8a-13bb6805d814"
  } ],
  "objectSvcs" : [ {
    "name" : "HIDTransactionSigning",
    "version" : "1.0",
    "etag" : "4e548ee6-e72a-48eb-90d6-12406c830b00"
  } ],
  "identity" : [ "ClientIdentity", "OrgAdminScim" ]
}