{
  "operationConfig" : {
    "name" : "updateDeviceFriendlyName1734",
    "type" : "MappedToBackend",
    "cachable" : false,
    "smsEnabled" : false,
    "security" : "authorized_app_user",
    "responseEncoding" : "UTF-8",
    "httpMethod" : "GET",
    "decodeResponseBody" : false,
    "iMapping" : "<?xml version=\"1.0\" encoding=\"UTF-8\" standalone=\"yes\"?><mapper xmlns=\"http://www.kony.com/ns/mapper\">  <map inputpath=\"request_in\" outputpath=\"request_out\">    <set-param inputpath=\"correlationId\" outputpath=\"correlationId\"/>    <set-param inputpath=\"deviceId\" outputpath=\"deviceId\"/>    <set-param inputpath=\"friendlyName\" outputpath=\"friendlyName\"/>  </map></mapper>",
    "oMapping" : "<?xml version=\"1.0\" encoding=\"UTF-8\" standalone=\"yes\"?>\n<mapper xmlns=\"http://www.kony.com/ns/mapper\">\n    <map inputpath=\"response_in\" outputpath=\"response_out\">\n        <map inputpath=\"\" outputpath=\"UpdateDeviceName\">\n            <set-param inputpath=\"friendlyName\" outputpath=\"friendlyName\"/>\n            <set-param inputpath=\"type\" outputpath=\"type\"/>\n        </map>\n    </map>\n</mapper>\n",
    "iVisualMappingData" : "{\"nodeDataArray\":[{\"isGroup\":true,\"key\":\"request_in\",\"text\":\"UpdateDeviceName\",\"xy\":\"150 100\"},{\"isGroup\":true,\"key\":\"request_out\",\"text\":\"UserManagementService (1.0).updateDeviceFriendlyName\",\"xy\":\"770 100\"}],\"linkDataArray\":[{\"category\":\"Mapping\",\"visible\":true,\"from\":\"source:UpdateDeviceName:deviceId:\",\"to\":\"target:deviceId:\",\"fromPort\":\"source:UpdateDeviceName:deviceId:\",\"toPort\":\"target:deviceId:\"},{\"category\":\"Mapping\",\"visible\":true,\"from\":\"source:UpdateDeviceName:friendlyName:\",\"to\":\"target:friendlyName:\",\"fromPort\":\"source:UpdateDeviceName:friendlyName:\",\"toPort\":\"target:friendlyName:\"},{\"from\":\"source\",\"to\":\"source:UpdateDeviceName\",\"fromPort\":\"source\",\"toPort\":\"source:UpdateDeviceName\",\"visible\":true,\"common\":false},{\"from\":\"source:UpdateDeviceName\",\"to\":\"source:UpdateDeviceName:t_p_fields\",\"fromPort\":\"source:UpdateDeviceName\",\"toPort\":\"source:UpdateDeviceName:t_p_fields\",\"visible\":true,\"common\":false},{\"from\":\"source:UpdateDeviceName:t_p_fields\",\"to\":\"source:UpdateDeviceName:deviceId:\",\"fromPort\":\"source:UpdateDeviceName:t_p_fields\",\"toPort\":\"source:UpdateDeviceName:deviceId:\",\"visible\":true,\"common\":false},{\"from\":\"source:UpdateDeviceName:t_p_fields\",\"to\":\"source:UpdateDeviceName:friendlyName:\",\"fromPort\":\"source:UpdateDeviceName:t_p_fields\",\"toPort\":\"source:UpdateDeviceName:friendlyName:\",\"visible\":true,\"common\":false},{\"from\":\"source:UpdateDeviceName:t_p_fields\",\"to\":\"source:UpdateDeviceName:type:\",\"fromPort\":\"source:UpdateDeviceName:t_p_fields\",\"toPort\":\"source:UpdateDeviceName:type:\",\"visible\":true,\"common\":false},{\"from\":\"source:UpdateDeviceName:t_p_fields\",\"to\":\"source:UpdateDeviceName:correlationId:\",\"fromPort\":\"source:UpdateDeviceName:t_p_fields\",\"toPort\":\"source:UpdateDeviceName:correlationId:\",\"visible\":true,\"common\":false},{\"from\":\"target\",\"to\":\"target:t_p_parameters\",\"fromPort\":\"target\",\"toPort\":\"target:t_p_parameters\",\"visible\":true,\"common\":false},{\"from\":\"target:t_p_parameters\",\"to\":\"target:correlationId:\",\"fromPort\":\"target:t_p_parameters\",\"toPort\":\"target:correlationId:\",\"visible\":true,\"common\":false},{\"from\":\"target:t_p_parameters\",\"to\":\"target:deviceId:\",\"fromPort\":\"target:t_p_parameters\",\"toPort\":\"target:deviceId:\",\"visible\":true,\"common\":false},{\"from\":\"target:t_p_parameters\",\"to\":\"target:friendlyName:\",\"fromPort\":\"target:t_p_parameters\",\"toPort\":\"target:friendlyName:\",\"visible\":true,\"common\":false},{\"category\":\"Mapping\",\"visible\":true,\"from\":\"source:UpdateDeviceName:correlationId:\",\"to\":\"target:correlationId:\",\"fromPort\":\"source:UpdateDeviceName:correlationId:\",\"toPort\":\"target:correlationId:\"}],\"blockCount\":{\"variableCount\":0},\"variableMap\":{},\"xmlMappingOverride\":false}",
    "oVisualMappingData" : "{\"nodeDataArray\":[{\"isGroup\":true,\"key\":\"response_out\",\"text\":\"UpdateDeviceName\",\"xy\":\"770 100\"},{\"isGroup\":true,\"key\":\"response_in\",\"text\":\"UserManagementService (1.0).updateDeviceFriendlyName\",\"xy\":\"236 100\"}],\"linkDataArray\":[{\"category\":\"Mapping\",\"visible\":true,\"from\":\"source:friendlyName:\",\"to\":\"target:UpdateDeviceName:friendlyName:\",\"fromPort\":\"source:friendlyName:\",\"toPort\":\"target:UpdateDeviceName:friendlyName:\"},{\"category\":\"Mapping\",\"visible\":true,\"from\":\"source:type:\",\"to\":\"target:UpdateDeviceName:type:\",\"fromPort\":\"source:type:\",\"toPort\":\"target:UpdateDeviceName:type:\"}],\"blockCount\":{\"variableCount\":0},\"variableMap\":{},\"xmlMappingOverride\":false}",
    "applyCommonMapping" : false,
    "applyRequestCommonMapping" : false,
    "applyResponseCommonMapping" : false,
    "backendMeta" : {
      "serviceName" : "UserManagementService",
      "serviceVersion" : "1.0",
      "operationName" : "updateDeviceFriendlyName"
    },
    "relationshipHierarchyMapping" : {
      "children" : [ ],
      "name" : "UpdateDeviceName",
      "actions" : { },
      "selected" : true
    },
    "requestXmlMappingOverride" : false,
    "responseXmlMappingOverride" : false,
    "mapperData" : [ {
      "name" : "base mapper1",
      "order" : 1,
      "iMapping" : "<?xml version=\"1.0\" encoding=\"UTF-8\" standalone=\"yes\"?><mapper xmlns=\"http://www.kony.com/ns/mapper\">  <map inputpath=\"request_in\" outputpath=\"request_out\">    <set-param inputpath=\"correlationId\" outputpath=\"correlationId\"/>    <set-param inputpath=\"deviceId\" outputpath=\"deviceId\"/>    <set-param inputpath=\"friendlyName\" outputpath=\"friendlyName\"/>  </map></mapper>",
      "oMapping" : "<?xml version=\"1.0\" encoding=\"UTF-8\" standalone=\"yes\"?>\n<mapper xmlns=\"http://www.kony.com/ns/mapper\">\n    <map inputpath=\"response_in\" outputpath=\"response_out\">\n        <map inputpath=\"\" outputpath=\"UpdateDeviceName\">\n            <set-param inputpath=\"friendlyName\" outputpath=\"friendlyName\"/>\n            <set-param inputpath=\"type\" outputpath=\"type\"/>\n        </map>\n    </map>\n</mapper>\n",
      "iVisualMappingData" : "{\"nodeDataArray\":[{\"isGroup\":true,\"key\":\"request_in\",\"text\":\"UpdateDeviceName\",\"xy\":\"150 100\"},{\"isGroup\":true,\"key\":\"request_out\",\"text\":\"UserManagementService (1.0).updateDeviceFriendlyName\",\"xy\":\"770 100\"}],\"linkDataArray\":[{\"category\":\"Mapping\",\"visible\":true,\"from\":\"source:UpdateDeviceName:deviceId:\",\"to\":\"target:deviceId:\",\"fromPort\":\"source:UpdateDeviceName:deviceId:\",\"toPort\":\"target:deviceId:\"},{\"category\":\"Mapping\",\"visible\":true,\"from\":\"source:UpdateDeviceName:friendlyName:\",\"to\":\"target:friendlyName:\",\"fromPort\":\"source:UpdateDeviceName:friendlyName:\",\"toPort\":\"target:friendlyName:\"},{\"from\":\"source\",\"to\":\"source:UpdateDeviceName\",\"fromPort\":\"source\",\"toPort\":\"source:UpdateDeviceName\",\"visible\":true,\"common\":false},{\"from\":\"source:UpdateDeviceName\",\"to\":\"source:UpdateDeviceName:t_p_fields\",\"fromPort\":\"source:UpdateDeviceName\",\"toPort\":\"source:UpdateDeviceName:t_p_fields\",\"visible\":true,\"common\":false},{\"from\":\"source:UpdateDeviceName:t_p_fields\",\"to\":\"source:UpdateDeviceName:deviceId:\",\"fromPort\":\"source:UpdateDeviceName:t_p_fields\",\"toPort\":\"source:UpdateDeviceName:deviceId:\",\"visible\":true,\"common\":false},{\"from\":\"source:UpdateDeviceName:t_p_fields\",\"to\":\"source:UpdateDeviceName:friendlyName:\",\"fromPort\":\"source:UpdateDeviceName:t_p_fields\",\"toPort\":\"source:UpdateDeviceName:friendlyName:\",\"visible\":true,\"common\":false},{\"from\":\"source:UpdateDeviceName:t_p_fields\",\"to\":\"source:UpdateDeviceName:type:\",\"fromPort\":\"source:UpdateDeviceName:t_p_fields\",\"toPort\":\"source:UpdateDeviceName:type:\",\"visible\":true,\"common\":false},{\"from\":\"source:UpdateDeviceName:t_p_fields\",\"to\":\"source:UpdateDeviceName:correlationId:\",\"fromPort\":\"source:UpdateDeviceName:t_p_fields\",\"toPort\":\"source:UpdateDeviceName:correlationId:\",\"visible\":true,\"common\":false},{\"from\":\"target\",\"to\":\"target:t_p_parameters\",\"fromPort\":\"target\",\"toPort\":\"target:t_p_parameters\",\"visible\":true,\"common\":false},{\"from\":\"target:t_p_parameters\",\"to\":\"target:correlationId:\",\"fromPort\":\"target:t_p_parameters\",\"toPort\":\"target:correlationId:\",\"visible\":true,\"common\":false},{\"from\":\"target:t_p_parameters\",\"to\":\"target:deviceId:\",\"fromPort\":\"target:t_p_parameters\",\"toPort\":\"target:deviceId:\",\"visible\":true,\"common\":false},{\"from\":\"target:t_p_parameters\",\"to\":\"target:friendlyName:\",\"fromPort\":\"target:t_p_parameters\",\"toPort\":\"target:friendlyName:\",\"visible\":true,\"common\":false},{\"category\":\"Mapping\",\"visible\":true,\"from\":\"source:UpdateDeviceName:correlationId:\",\"to\":\"target:correlationId:\",\"fromPort\":\"source:UpdateDeviceName:correlationId:\",\"toPort\":\"target:correlationId:\"}],\"blockCount\":{\"variableCount\":0},\"variableMap\":{},\"xmlMappingOverride\":false}",
      "oVisualMappingData" : "{\"nodeDataArray\":[{\"isGroup\":true,\"key\":\"response_out\",\"text\":\"UpdateDeviceName\",\"xy\":\"770 100\"},{\"isGroup\":true,\"key\":\"response_in\",\"text\":\"UserManagementService (1.0).updateDeviceFriendlyName\",\"xy\":\"236 100\"}],\"linkDataArray\":[{\"category\":\"Mapping\",\"visible\":true,\"from\":\"source:friendlyName:\",\"to\":\"target:UpdateDeviceName:friendlyName:\",\"fromPort\":\"source:friendlyName:\",\"toPort\":\"target:UpdateDeviceName:friendlyName:\"},{\"category\":\"Mapping\",\"visible\":true,\"from\":\"source:type:\",\"to\":\"target:UpdateDeviceName:type:\",\"fromPort\":\"source:type:\",\"toPort\":\"target:UpdateDeviceName:type:\"}],\"blockCount\":{\"variableCount\":0},\"variableMap\":{},\"xmlMappingOverride\":false}",
      "requestXmlMappingOverride" : false,
      "responseXmlMappingOverride" : false,
      "disabled" : false,
      "applyCommonMapping" : false,
      "applyRequestCommonMapping" : false,
      "applyResponseCommonMapping" : false
    } ]
  },
  "enableFrontendUrl" : false,
  "customVerb" : false
}