[ {
  "name" : "attestation",
  "sourceFieldname" : "attestation",
  "description" : "attestation",
  "dataType" : "string",
  "hasIndex" : false,
  "unique" : false,
  "primarykey" : false,
  "namefield" : false,
  "nullable" : true,
  "custom" : false,
  "createable" : true,
  "updateable" : true,
  "audit" : false,
  "customizable" : false,
  "fieldOrder" : 0,
  "fieldProperties" : {
    "autoGenerated" : "false"
  },
  "etag" : "64413b3c-7487-4320-81fa-d3493822102f",
  "isExtended" : false
}, {
  "name" : "challenge",
  "sourceFieldname" : "challenge",
  "description" : "challenge",
  "dataType" : "string",
  "hasIndex" : false,
  "unique" : false,
  "primarykey" : false,
  "namefield" : false,
  "nullable" : true,
  "custom" : false,
  "createable" : true,
  "updateable" : true,
  "audit" : false,
  "customizable" : false,
  "fieldOrder" : 0,
  "fieldProperties" : {
    "autoGenerated" : "false"
  },
  "etag" : "7a38e19a-521a-45d1-b594-393784ebb0e1",
  "isExtended" : false
} ]