[ {
  "name" : "active",
  "sourceFieldname" : "active",
  "description" : "active",
  "dataType" : "string",
  "hasIndex" : false,
  "unique" : false,
  "primarykey" : false,
  "namefield" : false,
  "nullable" : true,
  "custom" : false,
  "createable" : true,
  "updateable" : true,
  "audit" : false,
  "customizable" : false,
  "fieldOrder" : 1,
  "fieldProperties" : {
    "autoGenerated" : "false"
  },
  "etag" : "866df9af-73a2-44ef-9308-60660d5f9fca",
  "isExtended" : false
}, {
  "name" : "AddPasswordServiceError",
  "dataType" : "string",
  "hasIndex" : false,
  "unique" : false,
  "primarykey" : false,
  "namefield" : false,
  "nullable" : true,
  "custom" : true,
  "createable" : true,
  "updateable" : true,
  "audit" : false,
  "customizable" : false,
  "fieldLength" : 40,
  "fieldOrder" : 13,
  "fieldProperties" : {
    "autoGenerated" : "false"
  },
  "etag" : "11e00d2a-a3dd-4e61-ac32-0869c13491b2",
  "isExtended" : false
}, {
  "name" : "Auth_Key",
  "dataType" : "string",
  "hasIndex" : false,
  "unique" : false,
  "primarykey" : false,
  "namefield" : false,
  "nullable" : true,
  "custom" : true,
  "createable" : true,
  "updateable" : true,
  "audit" : false,
  "customizable" : false,
  "fieldLength" : 40,
  "fieldOrder" : 12,
  "fieldProperties" : {
    "autoGenerated" : "false"
  },
  "etag" : "26bf55cb-ec6e-47e9-a9e5-1cf34b96d6c7",
  "isExtended" : false
}, {
  "name" : "authType",
  "sourceFieldname" : "authType",
  "description" : "authType",
  "dataType" : "string",
  "hasIndex" : false,
  "unique" : false,
  "primarykey" : false,
  "namefield" : false,
  "nullable" : true,
  "custom" : false,
  "createable" : true,
  "updateable" : true,
  "audit" : false,
  "customizable" : false,
  "fieldOrder" : 2,
  "fieldProperties" : {
    "autoGenerated" : "false"
  },
  "etag" : "c23c0bad-ce19-4496-bf44-d411a4e71ef7",
  "isExtended" : false
}, {
  "name" : "detail",
  "sourceFieldname" : "detail",
  "description" : "detail",
  "dataType" : "string",
  "hasIndex" : false,
  "unique" : false,
  "primarykey" : false,
  "namefield" : false,
  "nullable" : true,
  "custom" : false,
  "createable" : true,
  "updateable" : true,
  "audit" : false,
  "customizable" : false,
  "fieldOrder" : 3,
  "fieldProperties" : {
    "autoGenerated" : "false"
  },
  "etag" : "bc0d6ef5-6456-419a-93f9-d0185c789a39",
  "isExtended" : false
}, {
  "name" : "errorCode",
  "sourceFieldname" : "errorCode",
  "description" : "errorCode",
  "dataType" : "string",
  "hasIndex" : false,
  "unique" : false,
  "primarykey" : false,
  "namefield" : false,
  "nullable" : true,
  "custom" : false,
  "createable" : true,
  "updateable" : true,
  "audit" : false,
  "customizable" : false,
  "fieldOrder" : 4,
  "fieldProperties" : {
    "autoGenerated" : "false"
  },
  "etag" : "74b28926-d065-4da9-ab99-7fbb0fd2c8ec",
  "isExtended" : false
}, {
  "name" : "expDate",
  "sourceFieldname" : "expDate",
  "description" : "expDate",
  "dataType" : "string",
  "hasIndex" : false,
  "unique" : false,
  "primarykey" : false,
  "namefield" : false,
  "nullable" : true,
  "custom" : false,
  "createable" : true,
  "updateable" : true,
  "audit" : false,
  "customizable" : false,
  "fieldOrder" : 5,
  "fieldProperties" : {
    "autoGenerated" : "false"
  },
  "etag" : "688fc415-64d8-4ded-b62c-2a3deef1cab6",
  "isExtended" : false
}, {
  "name" : "password",
  "sourceFieldname" : "password",
  "description" : "password",
  "dataType" : "string",
  "hasIndex" : false,
  "unique" : false,
  "primarykey" : false,
  "namefield" : false,
  "nullable" : true,
  "custom" : false,
  "createable" : true,
  "updateable" : true,
  "audit" : false,
  "customizable" : false,
  "fieldOrder" : 6,
  "fieldProperties" : {
    "autoGenerated" : "false"
  },
  "etag" : "3c19b0b9-6cf3-4dd8-af41-64c625f2f5e4",
  "isExtended" : false
}, {
  "name" : "scimType_Pwd",
  "sourceFieldname" : "scimType_Pwd",
  "description" : "scimType_Pwd",
  "dataType" : "string",
  "hasIndex" : false,
  "unique" : false,
  "primarykey" : false,
  "namefield" : false,
  "nullable" : true,
  "custom" : false,
  "createable" : true,
  "updateable" : true,
  "audit" : false,
  "customizable" : false,
  "fieldOrder" : 7,
  "fieldProperties" : {
    "autoGenerated" : "false"
  },
  "etag" : "ab2eab1f-603d-46ba-80cf-c681313d6f7c",
  "isExtended" : false
}, {
  "name" : "startDate",
  "sourceFieldname" : "startDate",
  "description" : "startDate",
  "dataType" : "string",
  "hasIndex" : false,
  "unique" : false,
  "primarykey" : false,
  "namefield" : false,
  "nullable" : true,
  "custom" : false,
  "createable" : true,
  "updateable" : true,
  "audit" : false,
  "customizable" : false,
  "fieldOrder" : 8,
  "fieldProperties" : {
    "autoGenerated" : "false"
  },
  "etag" : "c4115506-0fe5-49bf-9e7b-f432dbf9dac5",
  "isExtended" : false
}, {
  "name" : "status",
  "sourceFieldname" : "status",
  "description" : "status",
  "dataType" : "string",
  "hasIndex" : false,
  "unique" : false,
  "primarykey" : false,
  "namefield" : false,
  "nullable" : true,
  "custom" : false,
  "createable" : true,
  "updateable" : true,
  "audit" : false,
  "customizable" : false,
  "fieldOrder" : 9,
  "fieldProperties" : {
    "autoGenerated" : "false"
  },
  "etag" : "8727e082-56b9-49da-91d5-32cc7b8b0299",
  "isExtended" : false
}, {
  "name" : "userId",
  "sourceFieldname" : "userId",
  "description" : "userId",
  "dataType" : "string",
  "hasIndex" : false,
  "unique" : true,
  "primarykey" : true,
  "namefield" : false,
  "nullable" : false,
  "custom" : false,
  "createable" : true,
  "updateable" : true,
  "audit" : false,
  "customizable" : false,
  "fieldOrder" : 10,
  "fieldProperties" : {
    "autoGenerated" : "false"
  },
  "etag" : "290357a3-6185-4363-a5f6-e593749cdd10",
  "isExtended" : false
}, {
  "name" : "username",
  "sourceFieldname" : "username",
  "description" : "username",
  "dataType" : "string",
  "hasIndex" : false,
  "unique" : false,
  "primarykey" : false,
  "namefield" : false,
  "nullable" : true,
  "custom" : false,
  "createable" : true,
  "updateable" : true,
  "audit" : false,
  "customizable" : false,
  "fieldOrder" : 11,
  "fieldProperties" : {
    "autoGenerated" : "false"
  },
  "etag" : "0c02ad82-26de-4e10-b2c9-17f4c46f10c9",
  "isExtended" : false
} ]