[ {
  "name" : "app_payment_id",
  "sourceFieldname" : "app_payment_id",
  "description" : "app_payment_id",
  "dataType" : "string",
  "hasIndex" : false,
  "unique" : true,
  "primarykey" : true,
  "namefield" : false,
  "nullable" : false,
  "custom" : false,
  "createable" : true,
  "updateable" : true,
  "audit" : false,
  "customizable" : false,
  "fieldOrder" : 2,
  "fieldProperties" : {
    "autoGenerated" : "false"
  },
  "etag" : "1f5d2a02-e8f7-4ff7-92d9-1a135d7bff62",
  "isExtended" : false
}, {
  "name" : "application_id",
  "sourceFieldname" : "application_id",
  "description" : "application_id",
  "dataType" : "string",
  "hasIndex" : false,
  "unique" : false,
  "primarykey" : false,
  "namefield" : false,
  "nullable" : true,
  "custom" : false,
  "createable" : true,
  "updateable" : true,
  "audit" : false,
  "customizable" : false,
  "fieldOrder" : 1,
  "fieldProperties" : {
    "autoGenerated" : "false"
  },
  "etag" : "c3164781-bebf-41c4-82da-1ad366489d6d",
  "isExtended" : false
}, {
  "name" : "channel_id",
  "sourceFieldname" : "channel_id",
  "description" : "channel_id",
  "dataType" : "string",
  "hasIndex" : false,
  "unique" : false,
  "primarykey" : false,
  "namefield" : false,
  "nullable" : true,
  "custom" : false,
  "createable" : true,
  "updateable" : true,
  "audit" : false,
  "customizable" : false,
  "fieldOrder" : 3,
  "fieldProperties" : {
    "autoGenerated" : "false"
  },
  "etag" : "a948900f-8c67-46d8-9c63-9eed4317371e",
  "isExtended" : false
}, {
  "name" : "error_code",
  "sourceFieldname" : "error_code",
  "description" : "error_code",
  "dataType" : "number",
  "hasIndex" : false,
  "unique" : false,
  "primarykey" : false,
  "namefield" : false,
  "nullable" : true,
  "custom" : false,
  "createable" : true,
  "updateable" : true,
  "audit" : false,
  "customizable" : false,
  "fieldOrder" : 4,
  "fieldProperties" : {
    "autoGenerated" : "false"
  },
  "etag" : "35fe096f-3bf4-43c5-84f2-cb25f3802581",
  "isExtended" : false
}, {
  "name" : "message",
  "sourceFieldname" : "message",
  "description" : "message",
  "dataType" : "string",
  "hasIndex" : false,
  "unique" : false,
  "primarykey" : false,
  "namefield" : false,
  "nullable" : true,
  "custom" : false,
  "createable" : true,
  "updateable" : true,
  "audit" : false,
  "customizable" : false,
  "fieldOrder" : 5,
  "fieldProperties" : {
    "autoGenerated" : "false"
  },
  "etag" : "4df8225b-a47e-450c-b9ee-21537a9ac30a",
  "isExtended" : false
}, {
  "name" : "payment_state",
  "sourceFieldname" : "payment_state",
  "description" : "payment_state",
  "dataType" : "string",
  "hasIndex" : false,
  "unique" : false,
  "primarykey" : false,
  "namefield" : false,
  "nullable" : true,
  "custom" : false,
  "createable" : true,
  "updateable" : true,
  "audit" : false,
  "customizable" : false,
  "fieldOrder" : 6,
  "fieldProperties" : {
    "autoGenerated" : "false"
  },
  "etag" : "ce8d2efe-957c-4d28-a2c1-fce5b8c6c2f9",
  "isExtended" : false
}, {
  "name" : "platform",
  "dataType" : "string",
  "hasIndex" : false,
  "unique" : false,
  "primarykey" : false,
  "namefield" : false,
  "nullable" : true,
  "custom" : true,
  "createable" : true,
  "updateable" : true,
  "audit" : false,
  "customizable" : false,
  "fieldLength" : 40,
  "fieldOrder" : 8,
  "fieldProperties" : {
    "autoGenerated" : "false"
  },
  "etag" : "fee272b0-54ec-45bd-9f2b-d3911b2b2dfe",
  "isExtended" : false
}, {
  "name" : "request_id",
  "sourceFieldname" : "request_id",
  "description" : "request_id",
  "dataType" : "string",
  "hasIndex" : false,
  "unique" : false,
  "primarykey" : false,
  "namefield" : false,
  "nullable" : true,
  "custom" : false,
  "createable" : true,
  "updateable" : true,
  "audit" : false,
  "customizable" : false,
  "fieldOrder" : 7,
  "fieldProperties" : {
    "autoGenerated" : "false"
  },
  "etag" : "d092785a-c1c2-4cb2-8415-c002668a3bf6",
  "isExtended" : false
} ]