[ {
  "name" : "auth_req_id",
  "sourceFieldname" : "auth_req_id",
  "description" : "auth_req_id",
  "dataType" : "string",
  "hasIndex" : false,
  "unique" : true,
  "primarykey" : true,
  "namefield" : false,
  "nullable" : false,
  "custom" : false,
  "createable" : true,
  "updateable" : true,
  "audit" : false,
  "customizable" : false,
  "fieldOrder" : 2,
  "fieldProperties" : {
    "autoGenerated" : "false"
  },
  "etag" : "8026a589-2cfa-47dd-bb71-825e163a64e1",
  "isExtended" : false
}, {
  "name" : "deviceId",
  "dataType" : "string",
  "hasIndex" : false,
  "unique" : false,
  "primarykey" : false,
  "namefield" : false,
  "nullable" : true,
  "custom" : true,
  "createable" : true,
  "updateable" : true,
  "audit" : false,
  "customizable" : false,
  "fieldLength" : 40,
  "fieldOrder" : 7,
  "fieldProperties" : {
    "autoGenerated" : "false"
  },
  "etag" : "010dac66-e9b0-4b14-999e-041e518162cb",
  "isExtended" : false
}, {
  "name" : "error",
  "sourceFieldname" : "error",
  "description" : "error",
  "dataType" : "string",
  "hasIndex" : false,
  "unique" : false,
  "primarykey" : false,
  "namefield" : false,
  "nullable" : true,
  "custom" : false,
  "createable" : true,
  "updateable" : true,
  "audit" : false,
  "customizable" : false,
  "fieldOrder" : 5,
  "fieldProperties" : {
    "autoGenerated" : "false"
  },
  "etag" : "7caf3e7b-2a94-47b5-b505-9ad017549c51",
  "isExtended" : false
}, {
  "name" : "error_description",
  "sourceFieldname" : "error_description",
  "description" : "error_description",
  "dataType" : "string",
  "hasIndex" : false,
  "unique" : false,
  "primarykey" : false,
  "namefield" : false,
  "nullable" : true,
  "custom" : false,
  "createable" : true,
  "updateable" : true,
  "audit" : false,
  "customizable" : false,
  "fieldOrder" : 6,
  "fieldProperties" : {
    "autoGenerated" : "false"
  },
  "etag" : "dc1328bc-d22b-448e-ba38-bad17ee3a1ce",
  "isExtended" : false
}, {
  "name" : "expires_in",
  "sourceFieldname" : "expires_in",
  "description" : "expires_in",
  "dataType" : "number",
  "hasIndex" : false,
  "unique" : false,
  "primarykey" : false,
  "namefield" : false,
  "nullable" : true,
  "custom" : false,
  "createable" : true,
  "updateable" : true,
  "audit" : false,
  "customizable" : false,
  "fieldOrder" : 3,
  "fieldProperties" : {
    "autoGenerated" : "false"
  },
  "etag" : "29b81571-0934-44c9-bc8f-adfbdf6469ea",
  "isExtended" : false
}, {
  "name" : "interval",
  "sourceFieldname" : "interval",
  "description" : "interval",
  "dataType" : "number",
  "hasIndex" : false,
  "unique" : false,
  "primarykey" : false,
  "namefield" : false,
  "nullable" : true,
  "custom" : false,
  "createable" : true,
  "updateable" : true,
  "audit" : false,
  "customizable" : false,
  "fieldOrder" : 4,
  "fieldProperties" : {
    "autoGenerated" : "false"
  },
  "etag" : "b3f7d729-c031-4cef-aa80-2df8d54beab1",
  "isExtended" : false
}, {
  "name" : "username",
  "sourceFieldname" : "username",
  "description" : "username",
  "dataType" : "string",
  "hasIndex" : false,
  "unique" : false,
  "primarykey" : false,
  "namefield" : false,
  "nullable" : true,
  "custom" : false,
  "createable" : true,
  "updateable" : true,
  "audit" : false,
  "customizable" : false,
  "fieldOrder" : 1,
  "fieldProperties" : {
    "autoGenerated" : "false"
  },
  "etag" : "21114d4a-b5be-4bf9-8f9e-a47364001f02",
  "isExtended" : false
} ]