{
  "operationConfig" : {
    "name" : "paymentCreate5176",
    "type" : "MappedToBackend",
    "cachable" : false,
    "smsEnabled" : false,
    "security" : "authorized_app_user",
    "responseEncoding" : "UTF-8",
    "httpMethod" : "GET",
    "decodeResponseBody" : false,
    "iMapping" : "<?xml version=\"1.0\" encoding=\"UTF-8\" standalone=\"yes\"?><mapper xmlns=\"http://www.kony.com/ns/mapper\">  <map inputpath=\"request_in\" outputpath=\"request_out\">    <set-param inputpath=\"amount\" outputpath=\"amount\"/>    <set-param inputpath=\"app_payment_id\" outputpath=\"app_payment_id\"/>    <set-param inputpath=\"app_session_id\" outputpath=\"app_session_id\"/>    <set-param inputpath=\"app_user_id\" outputpath=\"app_user_id\"/>    <set-param inputpath=\"currency\" outputpath=\"currency\"/>    <set-param inputpath=\"partner_account_id\" outputpath=\"partner_account_id\"/>    <set-param inputpath=\"partner_account_number\" outputpath=\"partner_account_number\"/>    <set-param inputpath=\"patner_account_mode\" outputpath=\"patner_account_mode\"/>    <set-param inputpath=\"patner_bank_code\" outputpath=\"patner_bank_code\"/>    <set-param inputpath=\"patner_country\" outputpath=\"patner_country\"/>    <set-param inputpath=\"patner_iban\" outputpath=\"patner_iban\"/>    <set-param inputpath=\"patner_swift\" outputpath=\"patner_swift\"/>    <set-param inputpath=\"patner_swift_account_number\" outputpath=\"patner_swift_account_number\"/>    <set-param inputpath=\"payment_state\" outputpath=\"payment_state\"/>    <set-param inputpath=\"payment_type\" outputpath=\"payment_type\"/>    <set-param inputpath=\"platform\" outputpath=\"platform\"/>    <set-param inputpath=\"source_account_id\" outputpath=\"source_account_id\"/>    <set-param inputpath=\"source_account_mode\" outputpath=\"source_account_mode\"/>    <set-param inputpath=\"source_account_number\" outputpath=\"source_account_number\"/>    <set-param inputpath=\"source_bank_code\" outputpath=\"source_bank_code\"/>    <set-param inputpath=\"source_country\" outputpath=\"source_country\"/>    <set-param inputpath=\"source_iban\" outputpath=\"source_iban\"/>    <set-param inputpath=\"source_swift\" outputpath=\"source_swift\"/>    <set-param inputpath=\"source_swift_account_number\" outputpath=\"source_swift_account_number\"/>    <set-param inputpath=\"tm_device_tag\" outputpath=\"tm_device_tag\"/>    <set-param inputpath=\"tm_session_sid\" outputpath=\"tm_session_sid\"/>  </map></mapper>",
    "oMapping" : "<?xml version=\"1.0\" encoding=\"UTF-8\" standalone=\"yes\"?><mapper xmlns=\"http://www.kony.com/ns/mapper\">    <map inputpath=\"response_in\" outputpath=\"response_out\">        <map inputpath=\"\" outputpath=\"PaymentCreate\">            <set-param inputpath=\"app_action_id\" outputpath=\"app_action_id\"/>            <set-param inputpath=\"error_code\" outputpath=\"error_code\"/>            <set-param inputpath=\"message\" outputpath=\"message\"/>            <set-param inputpath=\"request_id\" outputpath=\"request_id\"/>            <set-param inputpath=\"risk\" outputpath=\"risk\"/>            <set-param inputpath=\"tags\" outputpath=\"tags\"/>       </map>    </map></mapper>",
    "iVisualMappingData" : "{\"nodeDataArray\":[{\"isGroup\":true,\"key\":\"request_in\",\"text\":\"PaymentCreate\",\"xy\":\"150 100\"},{\"isGroup\":true,\"key\":\"request_out\",\"text\":\"RMSPayments (1.0).paymentCreate\",\"xy\":\"770 100\"}],\"linkDataArray\":[{\"category\":\"Mapping\",\"from\":\"source:PaymentCreate:amount:\",\"to\":\"target:amount:\",\"fromPort\":\"source:PaymentCreate:amount:\",\"toPort\":\"target:amount:\",\"visible\":true,\"common\":true},{\"category\":\"Mapping\",\"from\":\"source:PaymentCreate:app_payment_id:\",\"to\":\"target:app_payment_id:\",\"fromPort\":\"source:PaymentCreate:app_payment_id:\",\"toPort\":\"target:app_payment_id:\",\"visible\":true,\"common\":true},{\"category\":\"Mapping\",\"from\":\"source:PaymentCreate:app_session_id:\",\"to\":\"target:app_session_id:\",\"fromPort\":\"source:PaymentCreate:app_session_id:\",\"toPort\":\"target:app_session_id:\",\"visible\":true,\"common\":true},{\"category\":\"Mapping\",\"from\":\"source:PaymentCreate:app_user_id:\",\"to\":\"target:app_user_id:\",\"fromPort\":\"source:PaymentCreate:app_user_id:\",\"toPort\":\"target:app_user_id:\",\"visible\":true,\"common\":true},{\"category\":\"Mapping\",\"from\":\"source:PaymentCreate:currency:\",\"to\":\"target:currency:\",\"fromPort\":\"source:PaymentCreate:currency:\",\"toPort\":\"target:currency:\",\"visible\":true,\"common\":true},{\"category\":\"Mapping\",\"from\":\"source:PaymentCreate:partner_account_id:\",\"to\":\"target:partner_account_id:\",\"fromPort\":\"source:PaymentCreate:partner_account_id:\",\"toPort\":\"target:partner_account_id:\",\"visible\":true,\"common\":true},{\"category\":\"Mapping\",\"from\":\"source:PaymentCreate:partner_account_number:\",\"to\":\"target:partner_account_number:\",\"fromPort\":\"source:PaymentCreate:partner_account_number:\",\"toPort\":\"target:partner_account_number:\",\"visible\":true,\"common\":true},{\"category\":\"Mapping\",\"from\":\"source:PaymentCreate:patner_account_mode:\",\"to\":\"target:patner_account_mode:\",\"fromPort\":\"source:PaymentCreate:patner_account_mode:\",\"toPort\":\"target:patner_account_mode:\",\"visible\":true,\"common\":true},{\"category\":\"Mapping\",\"from\":\"source:PaymentCreate:patner_bank_code:\",\"to\":\"target:patner_bank_code:\",\"fromPort\":\"source:PaymentCreate:patner_bank_code:\",\"toPort\":\"target:patner_bank_code:\",\"visible\":true,\"common\":true},{\"category\":\"Mapping\",\"from\":\"source:PaymentCreate:patner_country:\",\"to\":\"target:patner_country:\",\"fromPort\":\"source:PaymentCreate:patner_country:\",\"toPort\":\"target:patner_country:\",\"visible\":true,\"common\":true},{\"category\":\"Mapping\",\"from\":\"source:PaymentCreate:patner_iban:\",\"to\":\"target:patner_iban:\",\"fromPort\":\"source:PaymentCreate:patner_iban:\",\"toPort\":\"target:patner_iban:\",\"visible\":true,\"common\":true},{\"category\":\"Mapping\",\"from\":\"source:PaymentCreate:patner_swift:\",\"to\":\"target:patner_swift:\",\"fromPort\":\"source:PaymentCreate:patner_swift:\",\"toPort\":\"target:patner_swift:\",\"visible\":true,\"common\":true},{\"category\":\"Mapping\",\"from\":\"source:PaymentCreate:patner_swift_account_number:\",\"to\":\"target:patner_swift_account_number:\",\"fromPort\":\"source:PaymentCreate:patner_swift_account_number:\",\"toPort\":\"target:patner_swift_account_number:\",\"visible\":true,\"common\":true},{\"category\":\"Mapping\",\"from\":\"source:PaymentCreate:payment_state:\",\"to\":\"target:payment_state:\",\"fromPort\":\"source:PaymentCreate:payment_state:\",\"toPort\":\"target:payment_state:\",\"visible\":true,\"common\":true},{\"category\":\"Mapping\",\"from\":\"source:PaymentCreate:payment_type:\",\"to\":\"target:payment_type:\",\"fromPort\":\"source:PaymentCreate:payment_type:\",\"toPort\":\"target:payment_type:\",\"visible\":true,\"common\":true},{\"category\":\"Mapping\",\"from\":\"source:PaymentCreate:source_account_id:\",\"to\":\"target:source_account_id:\",\"fromPort\":\"source:PaymentCreate:source_account_id:\",\"toPort\":\"target:source_account_id:\",\"visible\":true,\"common\":true},{\"category\":\"Mapping\",\"from\":\"source:PaymentCreate:source_account_mode:\",\"to\":\"target:source_account_mode:\",\"fromPort\":\"source:PaymentCreate:source_account_mode:\",\"toPort\":\"target:source_account_mode:\",\"visible\":true,\"common\":true},{\"category\":\"Mapping\",\"from\":\"source:PaymentCreate:source_account_number:\",\"to\":\"target:source_account_number:\",\"fromPort\":\"source:PaymentCreate:source_account_number:\",\"toPort\":\"target:source_account_number:\",\"visible\":true,\"common\":true},{\"category\":\"Mapping\",\"from\":\"source:PaymentCreate:source_bank_code:\",\"to\":\"target:source_bank_code:\",\"fromPort\":\"source:PaymentCreate:source_bank_code:\",\"toPort\":\"target:source_bank_code:\",\"visible\":true,\"common\":true},{\"category\":\"Mapping\",\"from\":\"source:PaymentCreate:source_country:\",\"to\":\"target:source_country:\",\"fromPort\":\"source:PaymentCreate:source_country:\",\"toPort\":\"target:source_country:\",\"visible\":true,\"common\":true},{\"category\":\"Mapping\",\"from\":\"source:PaymentCreate:source_iban:\",\"to\":\"target:source_iban:\",\"fromPort\":\"source:PaymentCreate:source_iban:\",\"toPort\":\"target:source_iban:\",\"visible\":true,\"common\":true},{\"category\":\"Mapping\",\"from\":\"source:PaymentCreate:source_swift:\",\"to\":\"target:source_swift:\",\"fromPort\":\"source:PaymentCreate:source_swift:\",\"toPort\":\"target:source_swift:\",\"visible\":true,\"common\":true},{\"category\":\"Mapping\",\"from\":\"source:PaymentCreate:source_swift_account_number:\",\"to\":\"target:source_swift_account_number:\",\"fromPort\":\"source:PaymentCreate:source_swift_account_number:\",\"toPort\":\"target:source_swift_account_number:\",\"visible\":true,\"common\":true},{\"category\":\"Mapping\",\"from\":\"source:PaymentCreate:tm_device_tag:\",\"to\":\"target:tm_device_tag:\",\"fromPort\":\"source:PaymentCreate:tm_device_tag:\",\"toPort\":\"target:tm_device_tag:\",\"visible\":true,\"common\":true},{\"category\":\"Mapping\",\"from\":\"source:PaymentCreate:tm_session_sid:\",\"to\":\"target:tm_session_sid:\",\"fromPort\":\"source:PaymentCreate:tm_session_sid:\",\"toPort\":\"target:tm_session_sid:\",\"visible\":true,\"common\":true},{\"from\":\"source\",\"to\":\"source:PaymentCreate\",\"fromPort\":\"source\",\"toPort\":\"source:PaymentCreate\",\"visible\":true,\"common\":false},{\"from\":\"source:PaymentCreate\",\"to\":\"source:PaymentCreate:t_p_fields\",\"fromPort\":\"source:PaymentCreate\",\"toPort\":\"source:PaymentCreate:t_p_fields\",\"visible\":true,\"common\":false},{\"from\":\"source:PaymentCreate:t_p_fields\",\"to\":\"source:PaymentCreate:amount:\",\"fromPort\":\"source:PaymentCreate:t_p_fields\",\"toPort\":\"source:PaymentCreate:amount:\",\"visible\":true,\"common\":false},{\"from\":\"source:PaymentCreate:t_p_fields\",\"to\":\"source:PaymentCreate:application_id:\",\"fromPort\":\"source:PaymentCreate:t_p_fields\",\"toPort\":\"source:PaymentCreate:application_id:\",\"visible\":true,\"common\":false},{\"from\":\"source:PaymentCreate:t_p_fields\",\"to\":\"source:PaymentCreate:app_action_id:\",\"fromPort\":\"source:PaymentCreate:t_p_fields\",\"toPort\":\"source:PaymentCreate:app_action_id:\",\"visible\":true,\"common\":false},{\"from\":\"source:PaymentCreate:t_p_fields\",\"to\":\"source:PaymentCreate:app_payment_id:\",\"fromPort\":\"source:PaymentCreate:t_p_fields\",\"toPort\":\"source:PaymentCreate:app_payment_id:\",\"visible\":true,\"common\":false},{\"from\":\"source:PaymentCreate:t_p_fields\",\"to\":\"source:PaymentCreate:app_session_id:\",\"fromPort\":\"source:PaymentCreate:t_p_fields\",\"toPort\":\"source:PaymentCreate:app_session_id:\",\"visible\":true,\"common\":false},{\"from\":\"source:PaymentCreate:t_p_fields\",\"to\":\"source:PaymentCreate:app_user_id:\",\"fromPort\":\"source:PaymentCreate:t_p_fields\",\"toPort\":\"source:PaymentCreate:app_user_id:\",\"visible\":true,\"common\":false},{\"from\":\"source:PaymentCreate:t_p_fields\",\"to\":\"source:PaymentCreate:channel_id:\",\"fromPort\":\"source:PaymentCreate:t_p_fields\",\"toPort\":\"source:PaymentCreate:channel_id:\",\"visible\":true,\"common\":false},{\"from\":\"source:PaymentCreate:t_p_fields\",\"to\":\"source:PaymentCreate:client_ip:\",\"fromPort\":\"source:PaymentCreate:t_p_fields\",\"toPort\":\"source:PaymentCreate:client_ip:\",\"visible\":true,\"common\":false},{\"from\":\"source:PaymentCreate:t_p_fields\",\"to\":\"source:PaymentCreate:currency:\",\"fromPort\":\"source:PaymentCreate:t_p_fields\",\"toPort\":\"source:PaymentCreate:currency:\",\"visible\":true,\"common\":false},{\"from\":\"source:PaymentCreate:t_p_fields\",\"to\":\"source:PaymentCreate:error_code:\",\"fromPort\":\"source:PaymentCreate:t_p_fields\",\"toPort\":\"source:PaymentCreate:error_code:\",\"visible\":true,\"common\":false},{\"from\":\"source:PaymentCreate:t_p_fields\",\"to\":\"source:PaymentCreate:message:\",\"fromPort\":\"source:PaymentCreate:t_p_fields\",\"toPort\":\"source:PaymentCreate:message:\",\"visible\":true,\"common\":false},{\"from\":\"source:PaymentCreate:t_p_fields\",\"to\":\"source:PaymentCreate:partner_account_id:\",\"fromPort\":\"source:PaymentCreate:t_p_fields\",\"toPort\":\"source:PaymentCreate:partner_account_id:\",\"visible\":true,\"common\":false},{\"from\":\"source:PaymentCreate:t_p_fields\",\"to\":\"source:PaymentCreate:partner_account_number:\",\"fromPort\":\"source:PaymentCreate:t_p_fields\",\"toPort\":\"source:PaymentCreate:partner_account_number:\",\"visible\":true,\"common\":false},{\"from\":\"source:PaymentCreate:t_p_fields\",\"to\":\"source:PaymentCreate:patner_account_mode:\",\"fromPort\":\"source:PaymentCreate:t_p_fields\",\"toPort\":\"source:PaymentCreate:patner_account_mode:\",\"visible\":true,\"common\":false},{\"from\":\"source:PaymentCreate:t_p_fields\",\"to\":\"source:PaymentCreate:patner_bank_code:\",\"fromPort\":\"source:PaymentCreate:t_p_fields\",\"toPort\":\"source:PaymentCreate:patner_bank_code:\",\"visible\":true,\"common\":false},{\"from\":\"source:PaymentCreate:t_p_fields\",\"to\":\"source:PaymentCreate:patner_country:\",\"fromPort\":\"source:PaymentCreate:t_p_fields\",\"toPort\":\"source:PaymentCreate:patner_country:\",\"visible\":true,\"common\":false},{\"from\":\"source:PaymentCreate:t_p_fields\",\"to\":\"source:PaymentCreate:patner_iban:\",\"fromPort\":\"source:PaymentCreate:t_p_fields\",\"toPort\":\"source:PaymentCreate:patner_iban:\",\"visible\":true,\"common\":false},{\"from\":\"source:PaymentCreate:t_p_fields\",\"to\":\"source:PaymentCreate:patner_swift:\",\"fromPort\":\"source:PaymentCreate:t_p_fields\",\"toPort\":\"source:PaymentCreate:patner_swift:\",\"visible\":true,\"common\":false},{\"from\":\"source:PaymentCreate:t_p_fields\",\"to\":\"source:PaymentCreate:patner_swift_account_number:\",\"fromPort\":\"source:PaymentCreate:t_p_fields\",\"toPort\":\"source:PaymentCreate:patner_swift_account_number:\",\"visible\":true,\"common\":false},{\"from\":\"source:PaymentCreate:t_p_fields\",\"to\":\"source:PaymentCreate:payment_state:\",\"fromPort\":\"source:PaymentCreate:t_p_fields\",\"toPort\":\"source:PaymentCreate:payment_state:\",\"visible\":true,\"common\":false},{\"from\":\"source:PaymentCreate:t_p_fields\",\"to\":\"source:PaymentCreate:payment_type:\",\"fromPort\":\"source:PaymentCreate:t_p_fields\",\"toPort\":\"source:PaymentCreate:payment_type:\",\"visible\":true,\"common\":false},{\"from\":\"source:PaymentCreate:t_p_fields\",\"to\":\"source:PaymentCreate:request_id:\",\"fromPort\":\"source:PaymentCreate:t_p_fields\",\"toPort\":\"source:PaymentCreate:request_id:\",\"visible\":true,\"common\":false},{\"from\":\"source:PaymentCreate:t_p_fields\",\"to\":\"source:PaymentCreate:risk:\",\"fromPort\":\"source:PaymentCreate:t_p_fields\",\"toPort\":\"source:PaymentCreate:risk:\",\"visible\":true,\"common\":false},{\"from\":\"source:PaymentCreate:t_p_fields\",\"to\":\"source:PaymentCreate:source_account_id:\",\"fromPort\":\"source:PaymentCreate:t_p_fields\",\"toPort\":\"source:PaymentCreate:source_account_id:\",\"visible\":true,\"common\":false},{\"from\":\"source:PaymentCreate:t_p_fields\",\"to\":\"source:PaymentCreate:source_account_mode:\",\"fromPort\":\"source:PaymentCreate:t_p_fields\",\"toPort\":\"source:PaymentCreate:source_account_mode:\",\"visible\":true,\"common\":false},{\"from\":\"source:PaymentCreate:t_p_fields\",\"to\":\"source:PaymentCreate:source_account_number:\",\"fromPort\":\"source:PaymentCreate:t_p_fields\",\"toPort\":\"source:PaymentCreate:source_account_number:\",\"visible\":true,\"common\":false},{\"from\":\"source:PaymentCreate:t_p_fields\",\"to\":\"source:PaymentCreate:source_bank_code:\",\"fromPort\":\"source:PaymentCreate:t_p_fields\",\"toPort\":\"source:PaymentCreate:source_bank_code:\",\"visible\":true,\"common\":false},{\"from\":\"source:PaymentCreate:t_p_fields\",\"to\":\"source:PaymentCreate:source_country:\",\"fromPort\":\"source:PaymentCreate:t_p_fields\",\"toPort\":\"source:PaymentCreate:source_country:\",\"visible\":true,\"common\":false},{\"from\":\"source:PaymentCreate:t_p_fields\",\"to\":\"source:PaymentCreate:source_iban:\",\"fromPort\":\"source:PaymentCreate:t_p_fields\",\"toPort\":\"source:PaymentCreate:source_iban:\",\"visible\":true,\"common\":false},{\"from\":\"source:PaymentCreate:t_p_fields\",\"to\":\"source:PaymentCreate:source_swift:\",\"fromPort\":\"source:PaymentCreate:t_p_fields\",\"toPort\":\"source:PaymentCreate:source_swift:\",\"visible\":true,\"common\":false},{\"from\":\"source:PaymentCreate:t_p_fields\",\"to\":\"source:PaymentCreate:source_swift_account_number:\",\"fromPort\":\"source:PaymentCreate:t_p_fields\",\"toPort\":\"source:PaymentCreate:source_swift_account_number:\",\"visible\":true,\"common\":false},{\"from\":\"source:PaymentCreate:t_p_fields\",\"to\":\"source:PaymentCreate:tags:\",\"fromPort\":\"source:PaymentCreate:t_p_fields\",\"toPort\":\"source:PaymentCreate:tags:\",\"visible\":true,\"common\":false},{\"from\":\"source:PaymentCreate:t_p_fields\",\"to\":\"source:PaymentCreate:tm_device_tag:\",\"fromPort\":\"source:PaymentCreate:t_p_fields\",\"toPort\":\"source:PaymentCreate:tm_device_tag:\",\"visible\":true,\"common\":false},{\"from\":\"source:PaymentCreate:t_p_fields\",\"to\":\"source:PaymentCreate:tm_session_sid:\",\"fromPort\":\"source:PaymentCreate:t_p_fields\",\"toPort\":\"source:PaymentCreate:tm_session_sid:\",\"visible\":true,\"common\":false},{\"from\":\"source:PaymentCreate:t_p_fields\",\"to\":\"source:PaymentCreate:app_action_id_resp:\",\"fromPort\":\"source:PaymentCreate:t_p_fields\",\"toPort\":\"source:PaymentCreate:app_action_id_resp:\",\"visible\":true,\"common\":false},{\"from\":\"source:PaymentCreate:t_p_fields\",\"to\":\"source:PaymentCreate:platform:\",\"fromPort\":\"source:PaymentCreate:t_p_fields\",\"toPort\":\"source:PaymentCreate:platform:\",\"visible\":true,\"common\":false},{\"from\":\"target\",\"to\":\"target:t_p_parameters\",\"fromPort\":\"target\",\"toPort\":\"target:t_p_parameters\",\"visible\":true,\"common\":false},{\"from\":\"target:t_p_parameters\",\"to\":\"target:amount:\",\"fromPort\":\"target:t_p_parameters\",\"toPort\":\"target:amount:\",\"visible\":true,\"common\":false},{\"from\":\"target:t_p_parameters\",\"to\":\"target:app_action_id:\",\"fromPort\":\"target:t_p_parameters\",\"toPort\":\"target:app_action_id:\",\"visible\":true,\"common\":false},{\"from\":\"target:t_p_parameters\",\"to\":\"target:app_payment_id:\",\"fromPort\":\"target:t_p_parameters\",\"toPort\":\"target:app_payment_id:\",\"visible\":true,\"common\":false},{\"from\":\"target:t_p_parameters\",\"to\":\"target:app_session_id:\",\"fromPort\":\"target:t_p_parameters\",\"toPort\":\"target:app_session_id:\",\"visible\":true,\"common\":false},{\"from\":\"target:t_p_parameters\",\"to\":\"target:app_user_id:\",\"fromPort\":\"target:t_p_parameters\",\"toPort\":\"target:app_user_id:\",\"visible\":true,\"common\":false},{\"from\":\"target:t_p_parameters\",\"to\":\"target:application_id:\",\"fromPort\":\"target:t_p_parameters\",\"toPort\":\"target:application_id:\",\"visible\":true,\"common\":false},{\"from\":\"target:t_p_parameters\",\"to\":\"target:channel_id:\",\"fromPort\":\"target:t_p_parameters\",\"toPort\":\"target:channel_id:\",\"visible\":true,\"common\":false},{\"from\":\"target:t_p_parameters\",\"to\":\"target:client_ip:\",\"fromPort\":\"target:t_p_parameters\",\"toPort\":\"target:client_ip:\",\"visible\":true,\"common\":false},{\"from\":\"target:t_p_parameters\",\"to\":\"target:currency:\",\"fromPort\":\"target:t_p_parameters\",\"toPort\":\"target:currency:\",\"visible\":true,\"common\":false},{\"from\":\"target:t_p_parameters\",\"to\":\"target:environment_id:\",\"fromPort\":\"target:t_p_parameters\",\"toPort\":\"target:environment_id:\",\"visible\":true,\"common\":false},{\"from\":\"target:t_p_parameters\",\"to\":\"target:partner_account_id:\",\"fromPort\":\"target:t_p_parameters\",\"toPort\":\"target:partner_account_id:\",\"visible\":true,\"common\":false},{\"from\":\"target:t_p_parameters\",\"to\":\"target:partner_account_number:\",\"fromPort\":\"target:t_p_parameters\",\"toPort\":\"target:partner_account_number:\",\"visible\":true,\"common\":false},{\"from\":\"target:t_p_parameters\",\"to\":\"target:patner_account_mode:\",\"fromPort\":\"target:t_p_parameters\",\"toPort\":\"target:patner_account_mode:\",\"visible\":true,\"common\":false},{\"from\":\"target:t_p_parameters\",\"to\":\"target:patner_bank_code:\",\"fromPort\":\"target:t_p_parameters\",\"toPort\":\"target:patner_bank_code:\",\"visible\":true,\"common\":false},{\"from\":\"target:t_p_parameters\",\"to\":\"target:patner_country:\",\"fromPort\":\"target:t_p_parameters\",\"toPort\":\"target:patner_country:\",\"visible\":true,\"common\":false},{\"from\":\"target:t_p_parameters\",\"to\":\"target:patner_iban:\",\"fromPort\":\"target:t_p_parameters\",\"toPort\":\"target:patner_iban:\",\"visible\":true,\"common\":false},{\"from\":\"target:t_p_parameters\",\"to\":\"target:patner_swift:\",\"fromPort\":\"target:t_p_parameters\",\"toPort\":\"target:patner_swift:\",\"visible\":true,\"common\":false},{\"from\":\"target:t_p_parameters\",\"to\":\"target:patner_swift_account_number:\",\"fromPort\":\"target:t_p_parameters\",\"toPort\":\"target:patner_swift_account_number:\",\"visible\":true,\"common\":false},{\"from\":\"target:t_p_parameters\",\"to\":\"target:payment_state:\",\"fromPort\":\"target:t_p_parameters\",\"toPort\":\"target:payment_state:\",\"visible\":true,\"common\":false},{\"from\":\"target:t_p_parameters\",\"to\":\"target:payment_type:\",\"fromPort\":\"target:t_p_parameters\",\"toPort\":\"target:payment_type:\",\"visible\":true,\"common\":false},{\"from\":\"target:t_p_parameters\",\"to\":\"target:platform:\",\"fromPort\":\"target:t_p_parameters\",\"toPort\":\"target:platform:\",\"visible\":true,\"common\":false},{\"from\":\"target:t_p_parameters\",\"to\":\"target:source_account_id:\",\"fromPort\":\"target:t_p_parameters\",\"toPort\":\"target:source_account_id:\",\"visible\":true,\"common\":false},{\"from\":\"target:t_p_parameters\",\"to\":\"target:source_account_mode:\",\"fromPort\":\"target:t_p_parameters\",\"toPort\":\"target:source_account_mode:\",\"visible\":true,\"common\":false},{\"from\":\"target:t_p_parameters\",\"to\":\"target:source_account_number:\",\"fromPort\":\"target:t_p_parameters\",\"toPort\":\"target:source_account_number:\",\"visible\":true,\"common\":false},{\"from\":\"target:t_p_parameters\",\"to\":\"target:source_bank_code:\",\"fromPort\":\"target:t_p_parameters\",\"toPort\":\"target:source_bank_code:\",\"visible\":true,\"common\":false},{\"from\":\"target:t_p_parameters\",\"to\":\"target:source_country:\",\"fromPort\":\"target:t_p_parameters\",\"toPort\":\"target:source_country:\",\"visible\":true,\"common\":false},{\"from\":\"target:t_p_parameters\",\"to\":\"target:source_iban:\",\"fromPort\":\"target:t_p_parameters\",\"toPort\":\"target:source_iban:\",\"visible\":true,\"common\":false},{\"from\":\"target:t_p_parameters\",\"to\":\"target:source_swift:\",\"fromPort\":\"target:t_p_parameters\",\"toPort\":\"target:source_swift:\",\"visible\":true,\"common\":false},{\"from\":\"target:t_p_parameters\",\"to\":\"target:source_swift_account_number:\",\"fromPort\":\"target:t_p_parameters\",\"toPort\":\"target:source_swift_account_number:\",\"visible\":true,\"common\":false},{\"from\":\"target:t_p_parameters\",\"to\":\"target:tm_device_tag:\",\"fromPort\":\"target:t_p_parameters\",\"toPort\":\"target:tm_device_tag:\",\"visible\":true,\"common\":false},{\"from\":\"target:t_p_parameters\",\"to\":\"target:tm_session_sid:\",\"fromPort\":\"target:t_p_parameters\",\"toPort\":\"target:tm_session_sid:\",\"visible\":true,\"common\":false},{\"category\":\"Mapping\",\"visible\":true,\"from\":\"source:PaymentCreate:platform:\",\"to\":\"target:platform:\",\"fromPort\":\"source:PaymentCreate:platform:\",\"toPort\":\"target:platform:\"}],\"blockCount\":{\"variableCount\":0},\"variableMap\":{},\"xmlMappingOverride\":false}",
    "oVisualMappingData" : "{\"nodeDataArray\":[{\"isGroup\":true,\"key\":\"response_out\",\"text\":\"PaymentCreate\",\"xy\":\"770 100\"},{\"isGroup\":true,\"key\":\"response_in\",\"text\":\"RMSPayments (1.0).paymentCreate\",\"xy\":\"-22.00533033139766 216.7179027248768\"}],\"linkDataArray\":[{\"category\":\"Mapping\",\"from\":\"source:error_code:\",\"to\":\"target:PaymentCreate:error_code:\",\"fromPort\":\"source:error_code:\",\"toPort\":\"target:PaymentCreate:error_code:\",\"visible\":true,\"common\":true},{\"category\":\"Mapping\",\"from\":\"source:message:\",\"to\":\"target:PaymentCreate:message:\",\"fromPort\":\"source:message:\",\"toPort\":\"target:PaymentCreate:message:\",\"visible\":true,\"common\":true},{\"category\":\"Mapping\",\"from\":\"source:request_id:\",\"to\":\"target:PaymentCreate:request_id:\",\"fromPort\":\"source:request_id:\",\"toPort\":\"target:PaymentCreate:request_id:\",\"visible\":true,\"common\":true},{\"category\":\"Mapping\",\"from\":\"source:risk:\",\"to\":\"target:PaymentCreate:risk:\",\"fromPort\":\"source:risk:\",\"toPort\":\"target:PaymentCreate:risk:\",\"visible\":true,\"common\":true},{\"category\":\"Mapping\",\"from\":\"source:tags:\",\"to\":\"target:PaymentCreate:tags:\",\"fromPort\":\"source:tags:\",\"toPort\":\"target:PaymentCreate:tags:\",\"visible\":true,\"common\":true},{\"category\":\"Mapping\",\"visible\":true,\"from\":\"source:app_action_id:\",\"to\":\"target:PaymentCreate:app_action_id:\",\"fromPort\":\"source:app_action_id:\",\"toPort\":\"target:PaymentCreate:app_action_id:\"},{\"from\":\"target\",\"to\":\"target:PaymentCreate\",\"fromPort\":\"target\",\"toPort\":\"target:PaymentCreate\",\"visible\":true,\"common\":false},{\"from\":\"target:PaymentCreate\",\"to\":\"target:PaymentCreate:t_p_fields\",\"fromPort\":\"target:PaymentCreate\",\"toPort\":\"target:PaymentCreate:t_p_fields\",\"visible\":true,\"common\":false},{\"from\":\"target:PaymentCreate:t_p_fields\",\"to\":\"target:PaymentCreate:amount:\",\"fromPort\":\"target:PaymentCreate:t_p_fields\",\"toPort\":\"target:PaymentCreate:amount:\",\"visible\":true,\"common\":false},{\"from\":\"target:PaymentCreate:t_p_fields\",\"to\":\"target:PaymentCreate:application_id:\",\"fromPort\":\"target:PaymentCreate:t_p_fields\",\"toPort\":\"target:PaymentCreate:application_id:\",\"visible\":true,\"common\":false},{\"from\":\"target:PaymentCreate:t_p_fields\",\"to\":\"target:PaymentCreate:app_action_id:\",\"fromPort\":\"target:PaymentCreate:t_p_fields\",\"toPort\":\"target:PaymentCreate:app_action_id:\",\"visible\":true,\"common\":false},{\"from\":\"target:PaymentCreate:t_p_fields\",\"to\":\"target:PaymentCreate:app_payment_id:\",\"fromPort\":\"target:PaymentCreate:t_p_fields\",\"toPort\":\"target:PaymentCreate:app_payment_id:\",\"visible\":true,\"common\":false},{\"from\":\"target:PaymentCreate:t_p_fields\",\"to\":\"target:PaymentCreate:app_session_id:\",\"fromPort\":\"target:PaymentCreate:t_p_fields\",\"toPort\":\"target:PaymentCreate:app_session_id:\",\"visible\":true,\"common\":false},{\"from\":\"target:PaymentCreate:t_p_fields\",\"to\":\"target:PaymentCreate:app_user_id:\",\"fromPort\":\"target:PaymentCreate:t_p_fields\",\"toPort\":\"target:PaymentCreate:app_user_id:\",\"visible\":true,\"common\":false},{\"from\":\"target:PaymentCreate:t_p_fields\",\"to\":\"target:PaymentCreate:channel_id:\",\"fromPort\":\"target:PaymentCreate:t_p_fields\",\"toPort\":\"target:PaymentCreate:channel_id:\",\"visible\":true,\"common\":false},{\"from\":\"target:PaymentCreate:t_p_fields\",\"to\":\"target:PaymentCreate:client_ip:\",\"fromPort\":\"target:PaymentCreate:t_p_fields\",\"toPort\":\"target:PaymentCreate:client_ip:\",\"visible\":true,\"common\":false},{\"from\":\"target:PaymentCreate:t_p_fields\",\"to\":\"target:PaymentCreate:currency:\",\"fromPort\":\"target:PaymentCreate:t_p_fields\",\"toPort\":\"target:PaymentCreate:currency:\",\"visible\":true,\"common\":false},{\"from\":\"target:PaymentCreate:t_p_fields\",\"to\":\"target:PaymentCreate:error_code:\",\"fromPort\":\"target:PaymentCreate:t_p_fields\",\"toPort\":\"target:PaymentCreate:error_code:\",\"visible\":true,\"common\":false},{\"from\":\"target:PaymentCreate:t_p_fields\",\"to\":\"target:PaymentCreate:message:\",\"fromPort\":\"target:PaymentCreate:t_p_fields\",\"toPort\":\"target:PaymentCreate:message:\",\"visible\":true,\"common\":false},{\"from\":\"target:PaymentCreate:t_p_fields\",\"to\":\"target:PaymentCreate:partner_account_id:\",\"fromPort\":\"target:PaymentCreate:t_p_fields\",\"toPort\":\"target:PaymentCreate:partner_account_id:\",\"visible\":true,\"common\":false},{\"from\":\"target:PaymentCreate:t_p_fields\",\"to\":\"target:PaymentCreate:partner_account_number:\",\"fromPort\":\"target:PaymentCreate:t_p_fields\",\"toPort\":\"target:PaymentCreate:partner_account_number:\",\"visible\":true,\"common\":false},{\"from\":\"target:PaymentCreate:t_p_fields\",\"to\":\"target:PaymentCreate:patner_account_mode:\",\"fromPort\":\"target:PaymentCreate:t_p_fields\",\"toPort\":\"target:PaymentCreate:patner_account_mode:\",\"visible\":true,\"common\":false},{\"from\":\"target:PaymentCreate:t_p_fields\",\"to\":\"target:PaymentCreate:patner_bank_code:\",\"fromPort\":\"target:PaymentCreate:t_p_fields\",\"toPort\":\"target:PaymentCreate:patner_bank_code:\",\"visible\":true,\"common\":false},{\"from\":\"target:PaymentCreate:t_p_fields\",\"to\":\"target:PaymentCreate:patner_country:\",\"fromPort\":\"target:PaymentCreate:t_p_fields\",\"toPort\":\"target:PaymentCreate:patner_country:\",\"visible\":true,\"common\":false},{\"from\":\"target:PaymentCreate:t_p_fields\",\"to\":\"target:PaymentCreate:patner_iban:\",\"fromPort\":\"target:PaymentCreate:t_p_fields\",\"toPort\":\"target:PaymentCreate:patner_iban:\",\"visible\":true,\"common\":false},{\"from\":\"target:PaymentCreate:t_p_fields\",\"to\":\"target:PaymentCreate:patner_swift:\",\"fromPort\":\"target:PaymentCreate:t_p_fields\",\"toPort\":\"target:PaymentCreate:patner_swift:\",\"visible\":true,\"common\":false},{\"from\":\"target:PaymentCreate:t_p_fields\",\"to\":\"target:PaymentCreate:patner_swift_account_number:\",\"fromPort\":\"target:PaymentCreate:t_p_fields\",\"toPort\":\"target:PaymentCreate:patner_swift_account_number:\",\"visible\":true,\"common\":false},{\"from\":\"target:PaymentCreate:t_p_fields\",\"to\":\"target:PaymentCreate:payment_state:\",\"fromPort\":\"target:PaymentCreate:t_p_fields\",\"toPort\":\"target:PaymentCreate:payment_state:\",\"visible\":true,\"common\":false},{\"from\":\"target:PaymentCreate:t_p_fields\",\"to\":\"target:PaymentCreate:payment_type:\",\"fromPort\":\"target:PaymentCreate:t_p_fields\",\"toPort\":\"target:PaymentCreate:payment_type:\",\"visible\":true,\"common\":false},{\"from\":\"target:PaymentCreate:t_p_fields\",\"to\":\"target:PaymentCreate:request_id:\",\"fromPort\":\"target:PaymentCreate:t_p_fields\",\"toPort\":\"target:PaymentCreate:request_id:\",\"visible\":true,\"common\":false},{\"from\":\"target:PaymentCreate:t_p_fields\",\"to\":\"target:PaymentCreate:risk:\",\"fromPort\":\"target:PaymentCreate:t_p_fields\",\"toPort\":\"target:PaymentCreate:risk:\",\"visible\":true,\"common\":false},{\"from\":\"target:PaymentCreate:t_p_fields\",\"to\":\"target:PaymentCreate:source_account_id:\",\"fromPort\":\"target:PaymentCreate:t_p_fields\",\"toPort\":\"target:PaymentCreate:source_account_id:\",\"visible\":true,\"common\":false},{\"from\":\"target:PaymentCreate:t_p_fields\",\"to\":\"target:PaymentCreate:source_account_mode:\",\"fromPort\":\"target:PaymentCreate:t_p_fields\",\"toPort\":\"target:PaymentCreate:source_account_mode:\",\"visible\":true,\"common\":false},{\"from\":\"target:PaymentCreate:t_p_fields\",\"to\":\"target:PaymentCreate:source_account_number:\",\"fromPort\":\"target:PaymentCreate:t_p_fields\",\"toPort\":\"target:PaymentCreate:source_account_number:\",\"visible\":true,\"common\":false},{\"from\":\"target:PaymentCreate:t_p_fields\",\"to\":\"target:PaymentCreate:source_bank_code:\",\"fromPort\":\"target:PaymentCreate:t_p_fields\",\"toPort\":\"target:PaymentCreate:source_bank_code:\",\"visible\":true,\"common\":false},{\"from\":\"target:PaymentCreate:t_p_fields\",\"to\":\"target:PaymentCreate:source_country:\",\"fromPort\":\"target:PaymentCreate:t_p_fields\",\"toPort\":\"target:PaymentCreate:source_country:\",\"visible\":true,\"common\":false},{\"from\":\"target:PaymentCreate:t_p_fields\",\"to\":\"target:PaymentCreate:source_iban:\",\"fromPort\":\"target:PaymentCreate:t_p_fields\",\"toPort\":\"target:PaymentCreate:source_iban:\",\"visible\":true,\"common\":false},{\"from\":\"target:PaymentCreate:t_p_fields\",\"to\":\"target:PaymentCreate:source_swift:\",\"fromPort\":\"target:PaymentCreate:t_p_fields\",\"toPort\":\"target:PaymentCreate:source_swift:\",\"visible\":true,\"common\":false},{\"from\":\"target:PaymentCreate:t_p_fields\",\"to\":\"target:PaymentCreate:source_swift_account_number:\",\"fromPort\":\"target:PaymentCreate:t_p_fields\",\"toPort\":\"target:PaymentCreate:source_swift_account_number:\",\"visible\":true,\"common\":false},{\"from\":\"target:PaymentCreate:t_p_fields\",\"to\":\"target:PaymentCreate:tags:\",\"fromPort\":\"target:PaymentCreate:t_p_fields\",\"toPort\":\"target:PaymentCreate:tags:\",\"visible\":true,\"common\":false},{\"from\":\"target:PaymentCreate:t_p_fields\",\"to\":\"target:PaymentCreate:tm_device_tag:\",\"fromPort\":\"target:PaymentCreate:t_p_fields\",\"toPort\":\"target:PaymentCreate:tm_device_tag:\",\"visible\":true,\"common\":false},{\"from\":\"target:PaymentCreate:t_p_fields\",\"to\":\"target:PaymentCreate:tm_session_sid:\",\"fromPort\":\"target:PaymentCreate:t_p_fields\",\"toPort\":\"target:PaymentCreate:tm_session_sid:\",\"visible\":true,\"common\":false},{\"from\":\"target:PaymentCreate:t_p_fields\",\"to\":\"target:PaymentCreate:app_action_id_resp:\",\"fromPort\":\"target:PaymentCreate:t_p_fields\",\"toPort\":\"target:PaymentCreate:app_action_id_resp:\",\"visible\":true,\"common\":false},{\"from\":\"target:PaymentCreate:t_p_fields\",\"to\":\"target:PaymentCreate:platform:\",\"fromPort\":\"target:PaymentCreate:t_p_fields\",\"toPort\":\"target:PaymentCreate:platform:\",\"visible\":true,\"common\":false},{\"from\":\"source\",\"to\":\"source:t_p_parameters\",\"fromPort\":\"source\",\"toPort\":\"source:t_p_parameters\",\"visible\":true,\"common\":false},{\"from\":\"source:t_p_parameters\",\"to\":\"source:app_action_id:\",\"fromPort\":\"source:t_p_parameters\",\"toPort\":\"source:app_action_id:\",\"visible\":true,\"common\":false},{\"from\":\"source:t_p_parameters\",\"to\":\"source:error_code:\",\"fromPort\":\"source:t_p_parameters\",\"toPort\":\"source:error_code:\",\"visible\":true,\"common\":false},{\"from\":\"source:t_p_parameters\",\"to\":\"source:message:\",\"fromPort\":\"source:t_p_parameters\",\"toPort\":\"source:message:\",\"visible\":true,\"common\":false},{\"from\":\"source:t_p_parameters\",\"to\":\"source:request_id:\",\"fromPort\":\"source:t_p_parameters\",\"toPort\":\"source:request_id:\",\"visible\":true,\"common\":false},{\"from\":\"source:t_p_parameters\",\"to\":\"source:risk:\",\"fromPort\":\"source:t_p_parameters\",\"toPort\":\"source:risk:\",\"visible\":true,\"common\":false},{\"from\":\"source:t_p_parameters\",\"to\":\"source:tags:\",\"fromPort\":\"source:t_p_parameters\",\"toPort\":\"source:tags:\",\"visible\":true,\"common\":false}],\"blockCount\":{\"variableCount\":0},\"variableMap\":{},\"xmlMappingOverride\":true}",
    "applyCommonMapping" : false,
    "applyRequestCommonMapping" : false,
    "applyResponseCommonMapping" : false,
    "backendMeta" : {
      "serviceName" : "RMSPayments",
      "serviceVersion" : "1.0",
      "operationName" : "paymentCreate"
    },
    "relationshipHierarchyMapping" : {
      "name" : "PaymentCreate",
      "children" : [ ],
      "actions" : { },
      "selected" : true
    },
    "requestXmlMappingOverride" : false,
    "responseXmlMappingOverride" : true,
    "mapperData" : [ {
      "name" : "base mapper1",
      "order" : 1,
      "iMapping" : "<?xml version=\"1.0\" encoding=\"UTF-8\" standalone=\"yes\"?><mapper xmlns=\"http://www.kony.com/ns/mapper\">  <map inputpath=\"request_in\" outputpath=\"request_out\">    <set-param inputpath=\"amount\" outputpath=\"amount\"/>    <set-param inputpath=\"app_payment_id\" outputpath=\"app_payment_id\"/>    <set-param inputpath=\"app_session_id\" outputpath=\"app_session_id\"/>    <set-param inputpath=\"app_user_id\" outputpath=\"app_user_id\"/>    <set-param inputpath=\"currency\" outputpath=\"currency\"/>    <set-param inputpath=\"partner_account_id\" outputpath=\"partner_account_id\"/>    <set-param inputpath=\"partner_account_number\" outputpath=\"partner_account_number\"/>    <set-param inputpath=\"patner_account_mode\" outputpath=\"patner_account_mode\"/>    <set-param inputpath=\"patner_bank_code\" outputpath=\"patner_bank_code\"/>    <set-param inputpath=\"patner_country\" outputpath=\"patner_country\"/>    <set-param inputpath=\"patner_iban\" outputpath=\"patner_iban\"/>    <set-param inputpath=\"patner_swift\" outputpath=\"patner_swift\"/>    <set-param inputpath=\"patner_swift_account_number\" outputpath=\"patner_swift_account_number\"/>    <set-param inputpath=\"payment_state\" outputpath=\"payment_state\"/>    <set-param inputpath=\"payment_type\" outputpath=\"payment_type\"/>    <set-param inputpath=\"platform\" outputpath=\"platform\"/>    <set-param inputpath=\"source_account_id\" outputpath=\"source_account_id\"/>    <set-param inputpath=\"source_account_mode\" outputpath=\"source_account_mode\"/>    <set-param inputpath=\"source_account_number\" outputpath=\"source_account_number\"/>    <set-param inputpath=\"source_bank_code\" outputpath=\"source_bank_code\"/>    <set-param inputpath=\"source_country\" outputpath=\"source_country\"/>    <set-param inputpath=\"source_iban\" outputpath=\"source_iban\"/>    <set-param inputpath=\"source_swift\" outputpath=\"source_swift\"/>    <set-param inputpath=\"source_swift_account_number\" outputpath=\"source_swift_account_number\"/>    <set-param inputpath=\"tm_device_tag\" outputpath=\"tm_device_tag\"/>    <set-param inputpath=\"tm_session_sid\" outputpath=\"tm_session_sid\"/>  </map></mapper>",
      "oMapping" : "<?xml version=\"1.0\" encoding=\"UTF-8\" standalone=\"yes\"?><mapper xmlns=\"http://www.kony.com/ns/mapper\">    <map inputpath=\"response_in\" outputpath=\"response_out\">        <map inputpath=\"\" outputpath=\"PaymentCreate\">            <set-param inputpath=\"app_action_id\" outputpath=\"app_action_id\"/>            <set-param inputpath=\"error_code\" outputpath=\"error_code\"/>            <set-param inputpath=\"message\" outputpath=\"message\"/>            <set-param inputpath=\"request_id\" outputpath=\"request_id\"/>            <set-param inputpath=\"risk\" outputpath=\"risk\"/>            <set-param inputpath=\"tags\" outputpath=\"tags\"/>       </map>    </map></mapper>",
      "iVisualMappingData" : "{\"nodeDataArray\":[{\"isGroup\":true,\"key\":\"request_in\",\"text\":\"PaymentCreate\",\"xy\":\"150 100\"},{\"isGroup\":true,\"key\":\"request_out\",\"text\":\"RMSPayments (1.0).paymentCreate\",\"xy\":\"770 100\"}],\"linkDataArray\":[{\"category\":\"Mapping\",\"from\":\"source:PaymentCreate:amount:\",\"to\":\"target:amount:\",\"fromPort\":\"source:PaymentCreate:amount:\",\"toPort\":\"target:amount:\",\"visible\":true,\"common\":true},{\"category\":\"Mapping\",\"from\":\"source:PaymentCreate:app_payment_id:\",\"to\":\"target:app_payment_id:\",\"fromPort\":\"source:PaymentCreate:app_payment_id:\",\"toPort\":\"target:app_payment_id:\",\"visible\":true,\"common\":true},{\"category\":\"Mapping\",\"from\":\"source:PaymentCreate:app_session_id:\",\"to\":\"target:app_session_id:\",\"fromPort\":\"source:PaymentCreate:app_session_id:\",\"toPort\":\"target:app_session_id:\",\"visible\":true,\"common\":true},{\"category\":\"Mapping\",\"from\":\"source:PaymentCreate:app_user_id:\",\"to\":\"target:app_user_id:\",\"fromPort\":\"source:PaymentCreate:app_user_id:\",\"toPort\":\"target:app_user_id:\",\"visible\":true,\"common\":true},{\"category\":\"Mapping\",\"from\":\"source:PaymentCreate:currency:\",\"to\":\"target:currency:\",\"fromPort\":\"source:PaymentCreate:currency:\",\"toPort\":\"target:currency:\",\"visible\":true,\"common\":true},{\"category\":\"Mapping\",\"from\":\"source:PaymentCreate:partner_account_id:\",\"to\":\"target:partner_account_id:\",\"fromPort\":\"source:PaymentCreate:partner_account_id:\",\"toPort\":\"target:partner_account_id:\",\"visible\":true,\"common\":true},{\"category\":\"Mapping\",\"from\":\"source:PaymentCreate:partner_account_number:\",\"to\":\"target:partner_account_number:\",\"fromPort\":\"source:PaymentCreate:partner_account_number:\",\"toPort\":\"target:partner_account_number:\",\"visible\":true,\"common\":true},{\"category\":\"Mapping\",\"from\":\"source:PaymentCreate:patner_account_mode:\",\"to\":\"target:patner_account_mode:\",\"fromPort\":\"source:PaymentCreate:patner_account_mode:\",\"toPort\":\"target:patner_account_mode:\",\"visible\":true,\"common\":true},{\"category\":\"Mapping\",\"from\":\"source:PaymentCreate:patner_bank_code:\",\"to\":\"target:patner_bank_code:\",\"fromPort\":\"source:PaymentCreate:patner_bank_code:\",\"toPort\":\"target:patner_bank_code:\",\"visible\":true,\"common\":true},{\"category\":\"Mapping\",\"from\":\"source:PaymentCreate:patner_country:\",\"to\":\"target:patner_country:\",\"fromPort\":\"source:PaymentCreate:patner_country:\",\"toPort\":\"target:patner_country:\",\"visible\":true,\"common\":true},{\"category\":\"Mapping\",\"from\":\"source:PaymentCreate:patner_iban:\",\"to\":\"target:patner_iban:\",\"fromPort\":\"source:PaymentCreate:patner_iban:\",\"toPort\":\"target:patner_iban:\",\"visible\":true,\"common\":true},{\"category\":\"Mapping\",\"from\":\"source:PaymentCreate:patner_swift:\",\"to\":\"target:patner_swift:\",\"fromPort\":\"source:PaymentCreate:patner_swift:\",\"toPort\":\"target:patner_swift:\",\"visible\":true,\"common\":true},{\"category\":\"Mapping\",\"from\":\"source:PaymentCreate:patner_swift_account_number:\",\"to\":\"target:patner_swift_account_number:\",\"fromPort\":\"source:PaymentCreate:patner_swift_account_number:\",\"toPort\":\"target:patner_swift_account_number:\",\"visible\":true,\"common\":true},{\"category\":\"Mapping\",\"from\":\"source:PaymentCreate:payment_state:\",\"to\":\"target:payment_state:\",\"fromPort\":\"source:PaymentCreate:payment_state:\",\"toPort\":\"target:payment_state:\",\"visible\":true,\"common\":true},{\"category\":\"Mapping\",\"from\":\"source:PaymentCreate:payment_type:\",\"to\":\"target:payment_type:\",\"fromPort\":\"source:PaymentCreate:payment_type:\",\"toPort\":\"target:payment_type:\",\"visible\":true,\"common\":true},{\"category\":\"Mapping\",\"from\":\"source:PaymentCreate:source_account_id:\",\"to\":\"target:source_account_id:\",\"fromPort\":\"source:PaymentCreate:source_account_id:\",\"toPort\":\"target:source_account_id:\",\"visible\":true,\"common\":true},{\"category\":\"Mapping\",\"from\":\"source:PaymentCreate:source_account_mode:\",\"to\":\"target:source_account_mode:\",\"fromPort\":\"source:PaymentCreate:source_account_mode:\",\"toPort\":\"target:source_account_mode:\",\"visible\":true,\"common\":true},{\"category\":\"Mapping\",\"from\":\"source:PaymentCreate:source_account_number:\",\"to\":\"target:source_account_number:\",\"fromPort\":\"source:PaymentCreate:source_account_number:\",\"toPort\":\"target:source_account_number:\",\"visible\":true,\"common\":true},{\"category\":\"Mapping\",\"from\":\"source:PaymentCreate:source_bank_code:\",\"to\":\"target:source_bank_code:\",\"fromPort\":\"source:PaymentCreate:source_bank_code:\",\"toPort\":\"target:source_bank_code:\",\"visible\":true,\"common\":true},{\"category\":\"Mapping\",\"from\":\"source:PaymentCreate:source_country:\",\"to\":\"target:source_country:\",\"fromPort\":\"source:PaymentCreate:source_country:\",\"toPort\":\"target:source_country:\",\"visible\":true,\"common\":true},{\"category\":\"Mapping\",\"from\":\"source:PaymentCreate:source_iban:\",\"to\":\"target:source_iban:\",\"fromPort\":\"source:PaymentCreate:source_iban:\",\"toPort\":\"target:source_iban:\",\"visible\":true,\"common\":true},{\"category\":\"Mapping\",\"from\":\"source:PaymentCreate:source_swift:\",\"to\":\"target:source_swift:\",\"fromPort\":\"source:PaymentCreate:source_swift:\",\"toPort\":\"target:source_swift:\",\"visible\":true,\"common\":true},{\"category\":\"Mapping\",\"from\":\"source:PaymentCreate:source_swift_account_number:\",\"to\":\"target:source_swift_account_number:\",\"fromPort\":\"source:PaymentCreate:source_swift_account_number:\",\"toPort\":\"target:source_swift_account_number:\",\"visible\":true,\"common\":true},{\"category\":\"Mapping\",\"from\":\"source:PaymentCreate:tm_device_tag:\",\"to\":\"target:tm_device_tag:\",\"fromPort\":\"source:PaymentCreate:tm_device_tag:\",\"toPort\":\"target:tm_device_tag:\",\"visible\":true,\"common\":true},{\"category\":\"Mapping\",\"from\":\"source:PaymentCreate:tm_session_sid:\",\"to\":\"target:tm_session_sid:\",\"fromPort\":\"source:PaymentCreate:tm_session_sid:\",\"toPort\":\"target:tm_session_sid:\",\"visible\":true,\"common\":true},{\"from\":\"source\",\"to\":\"source:PaymentCreate\",\"fromPort\":\"source\",\"toPort\":\"source:PaymentCreate\",\"visible\":true,\"common\":false},{\"from\":\"source:PaymentCreate\",\"to\":\"source:PaymentCreate:t_p_fields\",\"fromPort\":\"source:PaymentCreate\",\"toPort\":\"source:PaymentCreate:t_p_fields\",\"visible\":true,\"common\":false},{\"from\":\"source:PaymentCreate:t_p_fields\",\"to\":\"source:PaymentCreate:amount:\",\"fromPort\":\"source:PaymentCreate:t_p_fields\",\"toPort\":\"source:PaymentCreate:amount:\",\"visible\":true,\"common\":false},{\"from\":\"source:PaymentCreate:t_p_fields\",\"to\":\"source:PaymentCreate:application_id:\",\"fromPort\":\"source:PaymentCreate:t_p_fields\",\"toPort\":\"source:PaymentCreate:application_id:\",\"visible\":true,\"common\":false},{\"from\":\"source:PaymentCreate:t_p_fields\",\"to\":\"source:PaymentCreate:app_action_id:\",\"fromPort\":\"source:PaymentCreate:t_p_fields\",\"toPort\":\"source:PaymentCreate:app_action_id:\",\"visible\":true,\"common\":false},{\"from\":\"source:PaymentCreate:t_p_fields\",\"to\":\"source:PaymentCreate:app_payment_id:\",\"fromPort\":\"source:PaymentCreate:t_p_fields\",\"toPort\":\"source:PaymentCreate:app_payment_id:\",\"visible\":true,\"common\":false},{\"from\":\"source:PaymentCreate:t_p_fields\",\"to\":\"source:PaymentCreate:app_session_id:\",\"fromPort\":\"source:PaymentCreate:t_p_fields\",\"toPort\":\"source:PaymentCreate:app_session_id:\",\"visible\":true,\"common\":false},{\"from\":\"source:PaymentCreate:t_p_fields\",\"to\":\"source:PaymentCreate:app_user_id:\",\"fromPort\":\"source:PaymentCreate:t_p_fields\",\"toPort\":\"source:PaymentCreate:app_user_id:\",\"visible\":true,\"common\":false},{\"from\":\"source:PaymentCreate:t_p_fields\",\"to\":\"source:PaymentCreate:channel_id:\",\"fromPort\":\"source:PaymentCreate:t_p_fields\",\"toPort\":\"source:PaymentCreate:channel_id:\",\"visible\":true,\"common\":false},{\"from\":\"source:PaymentCreate:t_p_fields\",\"to\":\"source:PaymentCreate:client_ip:\",\"fromPort\":\"source:PaymentCreate:t_p_fields\",\"toPort\":\"source:PaymentCreate:client_ip:\",\"visible\":true,\"common\":false},{\"from\":\"source:PaymentCreate:t_p_fields\",\"to\":\"source:PaymentCreate:currency:\",\"fromPort\":\"source:PaymentCreate:t_p_fields\",\"toPort\":\"source:PaymentCreate:currency:\",\"visible\":true,\"common\":false},{\"from\":\"source:PaymentCreate:t_p_fields\",\"to\":\"source:PaymentCreate:error_code:\",\"fromPort\":\"source:PaymentCreate:t_p_fields\",\"toPort\":\"source:PaymentCreate:error_code:\",\"visible\":true,\"common\":false},{\"from\":\"source:PaymentCreate:t_p_fields\",\"to\":\"source:PaymentCreate:message:\",\"fromPort\":\"source:PaymentCreate:t_p_fields\",\"toPort\":\"source:PaymentCreate:message:\",\"visible\":true,\"common\":false},{\"from\":\"source:PaymentCreate:t_p_fields\",\"to\":\"source:PaymentCreate:partner_account_id:\",\"fromPort\":\"source:PaymentCreate:t_p_fields\",\"toPort\":\"source:PaymentCreate:partner_account_id:\",\"visible\":true,\"common\":false},{\"from\":\"source:PaymentCreate:t_p_fields\",\"to\":\"source:PaymentCreate:partner_account_number:\",\"fromPort\":\"source:PaymentCreate:t_p_fields\",\"toPort\":\"source:PaymentCreate:partner_account_number:\",\"visible\":true,\"common\":false},{\"from\":\"source:PaymentCreate:t_p_fields\",\"to\":\"source:PaymentCreate:patner_account_mode:\",\"fromPort\":\"source:PaymentCreate:t_p_fields\",\"toPort\":\"source:PaymentCreate:patner_account_mode:\",\"visible\":true,\"common\":false},{\"from\":\"source:PaymentCreate:t_p_fields\",\"to\":\"source:PaymentCreate:patner_bank_code:\",\"fromPort\":\"source:PaymentCreate:t_p_fields\",\"toPort\":\"source:PaymentCreate:patner_bank_code:\",\"visible\":true,\"common\":false},{\"from\":\"source:PaymentCreate:t_p_fields\",\"to\":\"source:PaymentCreate:patner_country:\",\"fromPort\":\"source:PaymentCreate:t_p_fields\",\"toPort\":\"source:PaymentCreate:patner_country:\",\"visible\":true,\"common\":false},{\"from\":\"source:PaymentCreate:t_p_fields\",\"to\":\"source:PaymentCreate:patner_iban:\",\"fromPort\":\"source:PaymentCreate:t_p_fields\",\"toPort\":\"source:PaymentCreate:patner_iban:\",\"visible\":true,\"common\":false},{\"from\":\"source:PaymentCreate:t_p_fields\",\"to\":\"source:PaymentCreate:patner_swift:\",\"fromPort\":\"source:PaymentCreate:t_p_fields\",\"toPort\":\"source:PaymentCreate:patner_swift:\",\"visible\":true,\"common\":false},{\"from\":\"source:PaymentCreate:t_p_fields\",\"to\":\"source:PaymentCreate:patner_swift_account_number:\",\"fromPort\":\"source:PaymentCreate:t_p_fields\",\"toPort\":\"source:PaymentCreate:patner_swift_account_number:\",\"visible\":true,\"common\":false},{\"from\":\"source:PaymentCreate:t_p_fields\",\"to\":\"source:PaymentCreate:payment_state:\",\"fromPort\":\"source:PaymentCreate:t_p_fields\",\"toPort\":\"source:PaymentCreate:payment_state:\",\"visible\":true,\"common\":false},{\"from\":\"source:PaymentCreate:t_p_fields\",\"to\":\"source:PaymentCreate:payment_type:\",\"fromPort\":\"source:PaymentCreate:t_p_fields\",\"toPort\":\"source:PaymentCreate:payment_type:\",\"visible\":true,\"common\":false},{\"from\":\"source:PaymentCreate:t_p_fields\",\"to\":\"source:PaymentCreate:request_id:\",\"fromPort\":\"source:PaymentCreate:t_p_fields\",\"toPort\":\"source:PaymentCreate:request_id:\",\"visible\":true,\"common\":false},{\"from\":\"source:PaymentCreate:t_p_fields\",\"to\":\"source:PaymentCreate:risk:\",\"fromPort\":\"source:PaymentCreate:t_p_fields\",\"toPort\":\"source:PaymentCreate:risk:\",\"visible\":true,\"common\":false},{\"from\":\"source:PaymentCreate:t_p_fields\",\"to\":\"source:PaymentCreate:source_account_id:\",\"fromPort\":\"source:PaymentCreate:t_p_fields\",\"toPort\":\"source:PaymentCreate:source_account_id:\",\"visible\":true,\"common\":false},{\"from\":\"source:PaymentCreate:t_p_fields\",\"to\":\"source:PaymentCreate:source_account_mode:\",\"fromPort\":\"source:PaymentCreate:t_p_fields\",\"toPort\":\"source:PaymentCreate:source_account_mode:\",\"visible\":true,\"common\":false},{\"from\":\"source:PaymentCreate:t_p_fields\",\"to\":\"source:PaymentCreate:source_account_number:\",\"fromPort\":\"source:PaymentCreate:t_p_fields\",\"toPort\":\"source:PaymentCreate:source_account_number:\",\"visible\":true,\"common\":false},{\"from\":\"source:PaymentCreate:t_p_fields\",\"to\":\"source:PaymentCreate:source_bank_code:\",\"fromPort\":\"source:PaymentCreate:t_p_fields\",\"toPort\":\"source:PaymentCreate:source_bank_code:\",\"visible\":true,\"common\":false},{\"from\":\"source:PaymentCreate:t_p_fields\",\"to\":\"source:PaymentCreate:source_country:\",\"fromPort\":\"source:PaymentCreate:t_p_fields\",\"toPort\":\"source:PaymentCreate:source_country:\",\"visible\":true,\"common\":false},{\"from\":\"source:PaymentCreate:t_p_fields\",\"to\":\"source:PaymentCreate:source_iban:\",\"fromPort\":\"source:PaymentCreate:t_p_fields\",\"toPort\":\"source:PaymentCreate:source_iban:\",\"visible\":true,\"common\":false},{\"from\":\"source:PaymentCreate:t_p_fields\",\"to\":\"source:PaymentCreate:source_swift:\",\"fromPort\":\"source:PaymentCreate:t_p_fields\",\"toPort\":\"source:PaymentCreate:source_swift:\",\"visible\":true,\"common\":false},{\"from\":\"source:PaymentCreate:t_p_fields\",\"to\":\"source:PaymentCreate:source_swift_account_number:\",\"fromPort\":\"source:PaymentCreate:t_p_fields\",\"toPort\":\"source:PaymentCreate:source_swift_account_number:\",\"visible\":true,\"common\":false},{\"from\":\"source:PaymentCreate:t_p_fields\",\"to\":\"source:PaymentCreate:tags:\",\"fromPort\":\"source:PaymentCreate:t_p_fields\",\"toPort\":\"source:PaymentCreate:tags:\",\"visible\":true,\"common\":false},{\"from\":\"source:PaymentCreate:t_p_fields\",\"to\":\"source:PaymentCreate:tm_device_tag:\",\"fromPort\":\"source:PaymentCreate:t_p_fields\",\"toPort\":\"source:PaymentCreate:tm_device_tag:\",\"visible\":true,\"common\":false},{\"from\":\"source:PaymentCreate:t_p_fields\",\"to\":\"source:PaymentCreate:tm_session_sid:\",\"fromPort\":\"source:PaymentCreate:t_p_fields\",\"toPort\":\"source:PaymentCreate:tm_session_sid:\",\"visible\":true,\"common\":false},{\"from\":\"source:PaymentCreate:t_p_fields\",\"to\":\"source:PaymentCreate:app_action_id_resp:\",\"fromPort\":\"source:PaymentCreate:t_p_fields\",\"toPort\":\"source:PaymentCreate:app_action_id_resp:\",\"visible\":true,\"common\":false},{\"from\":\"source:PaymentCreate:t_p_fields\",\"to\":\"source:PaymentCreate:platform:\",\"fromPort\":\"source:PaymentCreate:t_p_fields\",\"toPort\":\"source:PaymentCreate:platform:\",\"visible\":true,\"common\":false},{\"from\":\"target\",\"to\":\"target:t_p_parameters\",\"fromPort\":\"target\",\"toPort\":\"target:t_p_parameters\",\"visible\":true,\"common\":false},{\"from\":\"target:t_p_parameters\",\"to\":\"target:amount:\",\"fromPort\":\"target:t_p_parameters\",\"toPort\":\"target:amount:\",\"visible\":true,\"common\":false},{\"from\":\"target:t_p_parameters\",\"to\":\"target:app_action_id:\",\"fromPort\":\"target:t_p_parameters\",\"toPort\":\"target:app_action_id:\",\"visible\":true,\"common\":false},{\"from\":\"target:t_p_parameters\",\"to\":\"target:app_payment_id:\",\"fromPort\":\"target:t_p_parameters\",\"toPort\":\"target:app_payment_id:\",\"visible\":true,\"common\":false},{\"from\":\"target:t_p_parameters\",\"to\":\"target:app_session_id:\",\"fromPort\":\"target:t_p_parameters\",\"toPort\":\"target:app_session_id:\",\"visible\":true,\"common\":false},{\"from\":\"target:t_p_parameters\",\"to\":\"target:app_user_id:\",\"fromPort\":\"target:t_p_parameters\",\"toPort\":\"target:app_user_id:\",\"visible\":true,\"common\":false},{\"from\":\"target:t_p_parameters\",\"to\":\"target:application_id:\",\"fromPort\":\"target:t_p_parameters\",\"toPort\":\"target:application_id:\",\"visible\":true,\"common\":false},{\"from\":\"target:t_p_parameters\",\"to\":\"target:channel_id:\",\"fromPort\":\"target:t_p_parameters\",\"toPort\":\"target:channel_id:\",\"visible\":true,\"common\":false},{\"from\":\"target:t_p_parameters\",\"to\":\"target:client_ip:\",\"fromPort\":\"target:t_p_parameters\",\"toPort\":\"target:client_ip:\",\"visible\":true,\"common\":false},{\"from\":\"target:t_p_parameters\",\"to\":\"target:currency:\",\"fromPort\":\"target:t_p_parameters\",\"toPort\":\"target:currency:\",\"visible\":true,\"common\":false},{\"from\":\"target:t_p_parameters\",\"to\":\"target:environment_id:\",\"fromPort\":\"target:t_p_parameters\",\"toPort\":\"target:environment_id:\",\"visible\":true,\"common\":false},{\"from\":\"target:t_p_parameters\",\"to\":\"target:partner_account_id:\",\"fromPort\":\"target:t_p_parameters\",\"toPort\":\"target:partner_account_id:\",\"visible\":true,\"common\":false},{\"from\":\"target:t_p_parameters\",\"to\":\"target:partner_account_number:\",\"fromPort\":\"target:t_p_parameters\",\"toPort\":\"target:partner_account_number:\",\"visible\":true,\"common\":false},{\"from\":\"target:t_p_parameters\",\"to\":\"target:patner_account_mode:\",\"fromPort\":\"target:t_p_parameters\",\"toPort\":\"target:patner_account_mode:\",\"visible\":true,\"common\":false},{\"from\":\"target:t_p_parameters\",\"to\":\"target:patner_bank_code:\",\"fromPort\":\"target:t_p_parameters\",\"toPort\":\"target:patner_bank_code:\",\"visible\":true,\"common\":false},{\"from\":\"target:t_p_parameters\",\"to\":\"target:patner_country:\",\"fromPort\":\"target:t_p_parameters\",\"toPort\":\"target:patner_country:\",\"visible\":true,\"common\":false},{\"from\":\"target:t_p_parameters\",\"to\":\"target:patner_iban:\",\"fromPort\":\"target:t_p_parameters\",\"toPort\":\"target:patner_iban:\",\"visible\":true,\"common\":false},{\"from\":\"target:t_p_parameters\",\"to\":\"target:patner_swift:\",\"fromPort\":\"target:t_p_parameters\",\"toPort\":\"target:patner_swift:\",\"visible\":true,\"common\":false},{\"from\":\"target:t_p_parameters\",\"to\":\"target:patner_swift_account_number:\",\"fromPort\":\"target:t_p_parameters\",\"toPort\":\"target:patner_swift_account_number:\",\"visible\":true,\"common\":false},{\"from\":\"target:t_p_parameters\",\"to\":\"target:payment_state:\",\"fromPort\":\"target:t_p_parameters\",\"toPort\":\"target:payment_state:\",\"visible\":true,\"common\":false},{\"from\":\"target:t_p_parameters\",\"to\":\"target:payment_type:\",\"fromPort\":\"target:t_p_parameters\",\"toPort\":\"target:payment_type:\",\"visible\":true,\"common\":false},{\"from\":\"target:t_p_parameters\",\"to\":\"target:platform:\",\"fromPort\":\"target:t_p_parameters\",\"toPort\":\"target:platform:\",\"visible\":true,\"common\":false},{\"from\":\"target:t_p_parameters\",\"to\":\"target:source_account_id:\",\"fromPort\":\"target:t_p_parameters\",\"toPort\":\"target:source_account_id:\",\"visible\":true,\"common\":false},{\"from\":\"target:t_p_parameters\",\"to\":\"target:source_account_mode:\",\"fromPort\":\"target:t_p_parameters\",\"toPort\":\"target:source_account_mode:\",\"visible\":true,\"common\":false},{\"from\":\"target:t_p_parameters\",\"to\":\"target:source_account_number:\",\"fromPort\":\"target:t_p_parameters\",\"toPort\":\"target:source_account_number:\",\"visible\":true,\"common\":false},{\"from\":\"target:t_p_parameters\",\"to\":\"target:source_bank_code:\",\"fromPort\":\"target:t_p_parameters\",\"toPort\":\"target:source_bank_code:\",\"visible\":true,\"common\":false},{\"from\":\"target:t_p_parameters\",\"to\":\"target:source_country:\",\"fromPort\":\"target:t_p_parameters\",\"toPort\":\"target:source_country:\",\"visible\":true,\"common\":false},{\"from\":\"target:t_p_parameters\",\"to\":\"target:source_iban:\",\"fromPort\":\"target:t_p_parameters\",\"toPort\":\"target:source_iban:\",\"visible\":true,\"common\":false},{\"from\":\"target:t_p_parameters\",\"to\":\"target:source_swift:\",\"fromPort\":\"target:t_p_parameters\",\"toPort\":\"target:source_swift:\",\"visible\":true,\"common\":false},{\"from\":\"target:t_p_parameters\",\"to\":\"target:source_swift_account_number:\",\"fromPort\":\"target:t_p_parameters\",\"toPort\":\"target:source_swift_account_number:\",\"visible\":true,\"common\":false},{\"from\":\"target:t_p_parameters\",\"to\":\"target:tm_device_tag:\",\"fromPort\":\"target:t_p_parameters\",\"toPort\":\"target:tm_device_tag:\",\"visible\":true,\"common\":false},{\"from\":\"target:t_p_parameters\",\"to\":\"target:tm_session_sid:\",\"fromPort\":\"target:t_p_parameters\",\"toPort\":\"target:tm_session_sid:\",\"visible\":true,\"common\":false},{\"category\":\"Mapping\",\"visible\":true,\"from\":\"source:PaymentCreate:platform:\",\"to\":\"target:platform:\",\"fromPort\":\"source:PaymentCreate:platform:\",\"toPort\":\"target:platform:\"}],\"blockCount\":{\"variableCount\":0},\"variableMap\":{},\"xmlMappingOverride\":false}",
      "oVisualMappingData" : "{\"nodeDataArray\":[{\"isGroup\":true,\"key\":\"response_out\",\"text\":\"PaymentCreate\",\"xy\":\"770 100\"},{\"isGroup\":true,\"key\":\"response_in\",\"text\":\"RMSPayments (1.0).paymentCreate\",\"xy\":\"-22.00533033139766 216.7179027248768\"}],\"linkDataArray\":[{\"category\":\"Mapping\",\"from\":\"source:error_code:\",\"to\":\"target:PaymentCreate:error_code:\",\"fromPort\":\"source:error_code:\",\"toPort\":\"target:PaymentCreate:error_code:\",\"visible\":true,\"common\":true},{\"category\":\"Mapping\",\"from\":\"source:message:\",\"to\":\"target:PaymentCreate:message:\",\"fromPort\":\"source:message:\",\"toPort\":\"target:PaymentCreate:message:\",\"visible\":true,\"common\":true},{\"category\":\"Mapping\",\"from\":\"source:request_id:\",\"to\":\"target:PaymentCreate:request_id:\",\"fromPort\":\"source:request_id:\",\"toPort\":\"target:PaymentCreate:request_id:\",\"visible\":true,\"common\":true},{\"category\":\"Mapping\",\"from\":\"source:risk:\",\"to\":\"target:PaymentCreate:risk:\",\"fromPort\":\"source:risk:\",\"toPort\":\"target:PaymentCreate:risk:\",\"visible\":true,\"common\":true},{\"category\":\"Mapping\",\"from\":\"source:tags:\",\"to\":\"target:PaymentCreate:tags:\",\"fromPort\":\"source:tags:\",\"toPort\":\"target:PaymentCreate:tags:\",\"visible\":true,\"common\":true},{\"category\":\"Mapping\",\"visible\":true,\"from\":\"source:app_action_id:\",\"to\":\"target:PaymentCreate:app_action_id:\",\"fromPort\":\"source:app_action_id:\",\"toPort\":\"target:PaymentCreate:app_action_id:\"},{\"from\":\"target\",\"to\":\"target:PaymentCreate\",\"fromPort\":\"target\",\"toPort\":\"target:PaymentCreate\",\"visible\":true,\"common\":false},{\"from\":\"target:PaymentCreate\",\"to\":\"target:PaymentCreate:t_p_fields\",\"fromPort\":\"target:PaymentCreate\",\"toPort\":\"target:PaymentCreate:t_p_fields\",\"visible\":true,\"common\":false},{\"from\":\"target:PaymentCreate:t_p_fields\",\"to\":\"target:PaymentCreate:amount:\",\"fromPort\":\"target:PaymentCreate:t_p_fields\",\"toPort\":\"target:PaymentCreate:amount:\",\"visible\":true,\"common\":false},{\"from\":\"target:PaymentCreate:t_p_fields\",\"to\":\"target:PaymentCreate:application_id:\",\"fromPort\":\"target:PaymentCreate:t_p_fields\",\"toPort\":\"target:PaymentCreate:application_id:\",\"visible\":true,\"common\":false},{\"from\":\"target:PaymentCreate:t_p_fields\",\"to\":\"target:PaymentCreate:app_action_id:\",\"fromPort\":\"target:PaymentCreate:t_p_fields\",\"toPort\":\"target:PaymentCreate:app_action_id:\",\"visible\":true,\"common\":false},{\"from\":\"target:PaymentCreate:t_p_fields\",\"to\":\"target:PaymentCreate:app_payment_id:\",\"fromPort\":\"target:PaymentCreate:t_p_fields\",\"toPort\":\"target:PaymentCreate:app_payment_id:\",\"visible\":true,\"common\":false},{\"from\":\"target:PaymentCreate:t_p_fields\",\"to\":\"target:PaymentCreate:app_session_id:\",\"fromPort\":\"target:PaymentCreate:t_p_fields\",\"toPort\":\"target:PaymentCreate:app_session_id:\",\"visible\":true,\"common\":false},{\"from\":\"target:PaymentCreate:t_p_fields\",\"to\":\"target:PaymentCreate:app_user_id:\",\"fromPort\":\"target:PaymentCreate:t_p_fields\",\"toPort\":\"target:PaymentCreate:app_user_id:\",\"visible\":true,\"common\":false},{\"from\":\"target:PaymentCreate:t_p_fields\",\"to\":\"target:PaymentCreate:channel_id:\",\"fromPort\":\"target:PaymentCreate:t_p_fields\",\"toPort\":\"target:PaymentCreate:channel_id:\",\"visible\":true,\"common\":false},{\"from\":\"target:PaymentCreate:t_p_fields\",\"to\":\"target:PaymentCreate:client_ip:\",\"fromPort\":\"target:PaymentCreate:t_p_fields\",\"toPort\":\"target:PaymentCreate:client_ip:\",\"visible\":true,\"common\":false},{\"from\":\"target:PaymentCreate:t_p_fields\",\"to\":\"target:PaymentCreate:currency:\",\"fromPort\":\"target:PaymentCreate:t_p_fields\",\"toPort\":\"target:PaymentCreate:currency:\",\"visible\":true,\"common\":false},{\"from\":\"target:PaymentCreate:t_p_fields\",\"to\":\"target:PaymentCreate:error_code:\",\"fromPort\":\"target:PaymentCreate:t_p_fields\",\"toPort\":\"target:PaymentCreate:error_code:\",\"visible\":true,\"common\":false},{\"from\":\"target:PaymentCreate:t_p_fields\",\"to\":\"target:PaymentCreate:message:\",\"fromPort\":\"target:PaymentCreate:t_p_fields\",\"toPort\":\"target:PaymentCreate:message:\",\"visible\":true,\"common\":false},{\"from\":\"target:PaymentCreate:t_p_fields\",\"to\":\"target:PaymentCreate:partner_account_id:\",\"fromPort\":\"target:PaymentCreate:t_p_fields\",\"toPort\":\"target:PaymentCreate:partner_account_id:\",\"visible\":true,\"common\":false},{\"from\":\"target:PaymentCreate:t_p_fields\",\"to\":\"target:PaymentCreate:partner_account_number:\",\"fromPort\":\"target:PaymentCreate:t_p_fields\",\"toPort\":\"target:PaymentCreate:partner_account_number:\",\"visible\":true,\"common\":false},{\"from\":\"target:PaymentCreate:t_p_fields\",\"to\":\"target:PaymentCreate:patner_account_mode:\",\"fromPort\":\"target:PaymentCreate:t_p_fields\",\"toPort\":\"target:PaymentCreate:patner_account_mode:\",\"visible\":true,\"common\":false},{\"from\":\"target:PaymentCreate:t_p_fields\",\"to\":\"target:PaymentCreate:patner_bank_code:\",\"fromPort\":\"target:PaymentCreate:t_p_fields\",\"toPort\":\"target:PaymentCreate:patner_bank_code:\",\"visible\":true,\"common\":false},{\"from\":\"target:PaymentCreate:t_p_fields\",\"to\":\"target:PaymentCreate:patner_country:\",\"fromPort\":\"target:PaymentCreate:t_p_fields\",\"toPort\":\"target:PaymentCreate:patner_country:\",\"visible\":true,\"common\":false},{\"from\":\"target:PaymentCreate:t_p_fields\",\"to\":\"target:PaymentCreate:patner_iban:\",\"fromPort\":\"target:PaymentCreate:t_p_fields\",\"toPort\":\"target:PaymentCreate:patner_iban:\",\"visible\":true,\"common\":false},{\"from\":\"target:PaymentCreate:t_p_fields\",\"to\":\"target:PaymentCreate:patner_swift:\",\"fromPort\":\"target:PaymentCreate:t_p_fields\",\"toPort\":\"target:PaymentCreate:patner_swift:\",\"visible\":true,\"common\":false},{\"from\":\"target:PaymentCreate:t_p_fields\",\"to\":\"target:PaymentCreate:patner_swift_account_number:\",\"fromPort\":\"target:PaymentCreate:t_p_fields\",\"toPort\":\"target:PaymentCreate:patner_swift_account_number:\",\"visible\":true,\"common\":false},{\"from\":\"target:PaymentCreate:t_p_fields\",\"to\":\"target:PaymentCreate:payment_state:\",\"fromPort\":\"target:PaymentCreate:t_p_fields\",\"toPort\":\"target:PaymentCreate:payment_state:\",\"visible\":true,\"common\":false},{\"from\":\"target:PaymentCreate:t_p_fields\",\"to\":\"target:PaymentCreate:payment_type:\",\"fromPort\":\"target:PaymentCreate:t_p_fields\",\"toPort\":\"target:PaymentCreate:payment_type:\",\"visible\":true,\"common\":false},{\"from\":\"target:PaymentCreate:t_p_fields\",\"to\":\"target:PaymentCreate:request_id:\",\"fromPort\":\"target:PaymentCreate:t_p_fields\",\"toPort\":\"target:PaymentCreate:request_id:\",\"visible\":true,\"common\":false},{\"from\":\"target:PaymentCreate:t_p_fields\",\"to\":\"target:PaymentCreate:risk:\",\"fromPort\":\"target:PaymentCreate:t_p_fields\",\"toPort\":\"target:PaymentCreate:risk:\",\"visible\":true,\"common\":false},{\"from\":\"target:PaymentCreate:t_p_fields\",\"to\":\"target:PaymentCreate:source_account_id:\",\"fromPort\":\"target:PaymentCreate:t_p_fields\",\"toPort\":\"target:PaymentCreate:source_account_id:\",\"visible\":true,\"common\":false},{\"from\":\"target:PaymentCreate:t_p_fields\",\"to\":\"target:PaymentCreate:source_account_mode:\",\"fromPort\":\"target:PaymentCreate:t_p_fields\",\"toPort\":\"target:PaymentCreate:source_account_mode:\",\"visible\":true,\"common\":false},{\"from\":\"target:PaymentCreate:t_p_fields\",\"to\":\"target:PaymentCreate:source_account_number:\",\"fromPort\":\"target:PaymentCreate:t_p_fields\",\"toPort\":\"target:PaymentCreate:source_account_number:\",\"visible\":true,\"common\":false},{\"from\":\"target:PaymentCreate:t_p_fields\",\"to\":\"target:PaymentCreate:source_bank_code:\",\"fromPort\":\"target:PaymentCreate:t_p_fields\",\"toPort\":\"target:PaymentCreate:source_bank_code:\",\"visible\":true,\"common\":false},{\"from\":\"target:PaymentCreate:t_p_fields\",\"to\":\"target:PaymentCreate:source_country:\",\"fromPort\":\"target:PaymentCreate:t_p_fields\",\"toPort\":\"target:PaymentCreate:source_country:\",\"visible\":true,\"common\":false},{\"from\":\"target:PaymentCreate:t_p_fields\",\"to\":\"target:PaymentCreate:source_iban:\",\"fromPort\":\"target:PaymentCreate:t_p_fields\",\"toPort\":\"target:PaymentCreate:source_iban:\",\"visible\":true,\"common\":false},{\"from\":\"target:PaymentCreate:t_p_fields\",\"to\":\"target:PaymentCreate:source_swift:\",\"fromPort\":\"target:PaymentCreate:t_p_fields\",\"toPort\":\"target:PaymentCreate:source_swift:\",\"visible\":true,\"common\":false},{\"from\":\"target:PaymentCreate:t_p_fields\",\"to\":\"target:PaymentCreate:source_swift_account_number:\",\"fromPort\":\"target:PaymentCreate:t_p_fields\",\"toPort\":\"target:PaymentCreate:source_swift_account_number:\",\"visible\":true,\"common\":false},{\"from\":\"target:PaymentCreate:t_p_fields\",\"to\":\"target:PaymentCreate:tags:\",\"fromPort\":\"target:PaymentCreate:t_p_fields\",\"toPort\":\"target:PaymentCreate:tags:\",\"visible\":true,\"common\":false},{\"from\":\"target:PaymentCreate:t_p_fields\",\"to\":\"target:PaymentCreate:tm_device_tag:\",\"fromPort\":\"target:PaymentCreate:t_p_fields\",\"toPort\":\"target:PaymentCreate:tm_device_tag:\",\"visible\":true,\"common\":false},{\"from\":\"target:PaymentCreate:t_p_fields\",\"to\":\"target:PaymentCreate:tm_session_sid:\",\"fromPort\":\"target:PaymentCreate:t_p_fields\",\"toPort\":\"target:PaymentCreate:tm_session_sid:\",\"visible\":true,\"common\":false},{\"from\":\"target:PaymentCreate:t_p_fields\",\"to\":\"target:PaymentCreate:app_action_id_resp:\",\"fromPort\":\"target:PaymentCreate:t_p_fields\",\"toPort\":\"target:PaymentCreate:app_action_id_resp:\",\"visible\":true,\"common\":false},{\"from\":\"target:PaymentCreate:t_p_fields\",\"to\":\"target:PaymentCreate:platform:\",\"fromPort\":\"target:PaymentCreate:t_p_fields\",\"toPort\":\"target:PaymentCreate:platform:\",\"visible\":true,\"common\":false},{\"from\":\"source\",\"to\":\"source:t_p_parameters\",\"fromPort\":\"source\",\"toPort\":\"source:t_p_parameters\",\"visible\":true,\"common\":false},{\"from\":\"source:t_p_parameters\",\"to\":\"source:app_action_id:\",\"fromPort\":\"source:t_p_parameters\",\"toPort\":\"source:app_action_id:\",\"visible\":true,\"common\":false},{\"from\":\"source:t_p_parameters\",\"to\":\"source:error_code:\",\"fromPort\":\"source:t_p_parameters\",\"toPort\":\"source:error_code:\",\"visible\":true,\"common\":false},{\"from\":\"source:t_p_parameters\",\"to\":\"source:message:\",\"fromPort\":\"source:t_p_parameters\",\"toPort\":\"source:message:\",\"visible\":true,\"common\":false},{\"from\":\"source:t_p_parameters\",\"to\":\"source:request_id:\",\"fromPort\":\"source:t_p_parameters\",\"toPort\":\"source:request_id:\",\"visible\":true,\"common\":false},{\"from\":\"source:t_p_parameters\",\"to\":\"source:risk:\",\"fromPort\":\"source:t_p_parameters\",\"toPort\":\"source:risk:\",\"visible\":true,\"common\":false},{\"from\":\"source:t_p_parameters\",\"to\":\"source:tags:\",\"fromPort\":\"source:t_p_parameters\",\"toPort\":\"source:tags:\",\"visible\":true,\"common\":false}],\"blockCount\":{\"variableCount\":0},\"variableMap\":{},\"xmlMappingOverride\":true}",
      "requestXmlMappingOverride" : false,
      "responseXmlMappingOverride" : true,
      "disabled" : false,
      "applyCommonMapping" : false,
      "applyRequestCommonMapping" : false,
      "applyResponseCommonMapping" : false
    } ]
  },
  "enableFrontendUrl" : false,
  "customVerb" : false
}