<?xml version="1.0" encoding="UTF-8" standalone="yes"?>
<service serviceGroup="" cachable="false" cacheduration="" customOperation="false" description="" endpoint="default" groupType="" id="actionComplete" passwordencrypted="false" security="authorized_app" type="jsonConnector" smscode="" smsenabled="false">
    <service-config>
        <config-param api-version="" appid="" name="preprocessorname" value="com.hid.rmsservices.RMSBasePreprocessor"/>
        <config-param api-version="" appid="" name="postprocessorname" value=""/>
        <config-param api-version="" appid="" name="preprocessorJS" value=""/>
        <config-param api-version="" appid="" name="postprocessorJS" value=""/>
        <config-param api-version="" appid="" name="preprocessorRules" value=""/>
        <config-param api-version="" appid="" name="postprocessorRules" value=""/>
        <config-param api-version="" appid="" name="kony_http_supported_methods" value="POST"/>
        <config-param api-version="" appid="" name="endpointUrl" value="https://api.c121.threatmark.com/v3/action/complete"/>
        <config-param api-version="" appid="" name="ignorehttpproxy" value="true"/>
        <config-param api-version="" appid="" name="http.method" value="POST"/>
        <config-param api-version="" appid="" name="dataObjectName" value=""/>
        <config-param api-version="" appid="" name="sockettimeout" value=""/>
        <config-param api-version="" appid="" name="responseEncoding" value="UTF-8"/>
        <config-param api-version="" appid="" name="isembedxmlpresent" value="false"/>
        <config-param api-version="" appid="" name="retrycount" value="0"/>
        <config-param api-version="" appid="" name="server.auth.mode" value="basic"/>
        <config-param api-version="" appid="" name="userid" value="api_PYmW3P8"/>
        <config-param api-version="" appid="" name="pwd" value="Qa5NjqU4AMA!"/>
        <config-param api-version="" appid="" name="jsonpath" value="true"/>
    </service-config>
    <service-input passthrough="false" isExtended="false">
        <header datatype="" name="" passthrough="false" isExtended="false"/>
        <param datatype="string" defaultvalue="" description="" encode="true" format="None" formatvalue="" name="application_id" order="" paramOrder="1" parentOrder="-1" passnull="false" sms-name="" src="request" sourcevalue="" srcformatvalue="" target="request" targetdatatype="java.lang.String" testvalue="INFINITY" value="" isExtended="false">
            <accessType></accessType>
        </param>
        <param datatype="string" defaultvalue="" description="" encode="true" format="None" formatvalue="" name="channel_id" order="" paramOrder="2" parentOrder="-1" passnull="false" sms-name="" src="request" sourcevalue="" srcformatvalue="" target="request" targetdatatype="java.lang.String" testvalue="Internet Banking" value="" isExtended="false">
            <accessType></accessType>
        </param>
        <param datatype="string" defaultvalue="" description="" encode="true" format="None" formatvalue="" name="tm_action_id" order="" paramOrder="3" parentOrder="-1" passnull="false" sms-name="" src="request" sourcevalue="" srcformatvalue="" target="request" targetdatatype="java.lang.String" testvalue="00618cff-c7da-ae5f-8591-1767c46706f5" value="" isExtended="false">
            <accessType></accessType>
        </param>
        <param datatype="string" defaultvalue="" description="" encode="true" format="None" formatvalue="" name="app_action_id" order="" paramOrder="4" parentOrder="-1" passnull="false" sms-name="" src="request" sourcevalue="" srcformatvalue="" target="request" targetdatatype="java.lang.String" testvalue="af00-bc14-1245" value="" isExtended="false">
            <accessType></accessType>
        </param>
        <param datatype="string" defaultvalue="" description="" encode="true" format="None" formatvalue="" name="environment_id" order="" paramOrder="5" parentOrder="-1" passnull="false" sms-name="" src="request" sourcevalue="" srcformatvalue="" target="request" targetdatatype="java.lang.String" testvalue="c121" value="" isExtended="false">
            <accessType></accessType>
        </param>
        <param datatype="string" defaultvalue="" description="" encode="true" format="None" formatvalue="" name="platform" order="" paramOrder="6" parentOrder="-1" passnull="false" sms-name="" src="request" sourcevalue="" srcformatvalue="" target="request" targetdatatype="java.lang.String" testvalue="" value="" isExtended="false">
            <accessType></accessType>
        </param>
        <template-param datatype="" defaultvalue="{&#10;    &quot;app_context&quot;: {&#10;        &quot;application_id&quot;: &quot;$application_id&quot;,&#10;        &quot;channel_id&quot;: &quot;$channel_id&quot;,&#10;        &quot;service_id&quot;: &quot;$application_id&quot;&#10;    },&#10;    &quot;caller_context&quot;: {&#10;        &quot;caller_id&quot;: &quot;coreB_node2_prod&quot;,&#10;        &quot;environment_id&quot;: &quot;$environment_id&quot;&#10;    },&#10;    &quot;decision&quot;: &quot;authentication_scheme&quot;,&#10;    &quot;signed_app_action_id&quot;: &quot;$tm_action_id&quot;&#10;}" description="" encode="false" format="" formatvalue="" name="message" order="" paramOrder="0" parentOrder="0" sms-name="" src="" sourcevalue="" srcformatvalue="" target="" targetdatatype="" value="{&#10;    &quot;app_context&quot;: {&#10;        &quot;application_id&quot;: &quot;$application_id&quot;,&#10;        &quot;channel_id&quot;: &quot;$channel_id&quot;,&#10;        &quot;service_id&quot;: &quot;$application_id&quot;&#10;    },&#10;    &quot;caller_context&quot;: {&#10;        &quot;caller_id&quot;: &quot;coreB_node2_prod&quot;,&#10;        &quot;environment_id&quot;: &quot;$environment_id&quot;&#10;    },&#10;    &quot;decision&quot;: &quot;authentication_scheme&quot;,&#10;    &quot;signed_app_action_id&quot;: &quot;$tm_action_id&quot;&#10;}" isExtended="false">
            <accessType></accessType>
        </template-param>
        <stub-param value=""/>
    </service-input>
    <service-output passthrough="false" isExtended="false">
        <param datatype="string" defaultvalue="" description="" encode="true" format="None" formatvalue="" name="error_message" order="" paramOrder="1" parentOrder="0" passnull="false" sms-name="" src="$.message" sourcevalue="" srcformatvalue="" target="response" targetdatatype="java.lang.String" testvalue="" value="" isExtended="false">
            <accessType></accessType>
        </param>
        <param datatype="string" defaultvalue="" description="" encode="true" format="None" formatvalue="" name="error_code" order="" paramOrder="2" parentOrder="0" passnull="false" sms-name="" src="$.error_code" sourcevalue="" srcformatvalue="" target="response" targetdatatype="java.lang.String" testvalue="" value="" isExtended="false">
            <accessType></accessType>
        </param>
    </service-output>
</service>
