[ {
  "name" : "app_payment_id",
  "sourceFieldname" : "app_payment_id",
  "description" : "app_payment_id",
  "dataType" : "string",
  "hasIndex" : false,
  "unique" : true,
  "primarykey" : true,
  "namefield" : false,
  "nullable" : false,
  "custom" : false,
  "createable" : true,
  "updateable" : true,
  "audit" : false,
  "customizable" : false,
  "fieldOrder" : 2,
  "fieldProperties" : {
    "autoGenerated" : "false"
  },
  "etag" : "602e2d34-0cbb-4097-91dd-73049769fa13",
  "isExtended" : false
}, {
  "name" : "application_id",
  "sourceFieldname" : "application_id",
  "description" : "application_id",
  "dataType" : "string",
  "hasIndex" : false,
  "unique" : false,
  "primarykey" : false,
  "namefield" : false,
  "nullable" : true,
  "custom" : false,
  "createable" : true,
  "updateable" : true,
  "audit" : false,
  "customizable" : false,
  "fieldOrder" : 1,
  "fieldProperties" : {
    "autoGenerated" : "false"
  },
  "etag" : "dcb1be52-f001-4a25-8be8-f9841e63b5eb",
  "isExtended" : false
}, {
  "name" : "channel_id",
  "sourceFieldname" : "channel_id",
  "description" : "channel_id",
  "dataType" : "string",
  "hasIndex" : false,
  "unique" : false,
  "primarykey" : false,
  "namefield" : false,
  "nullable" : true,
  "custom" : false,
  "createable" : true,
  "updateable" : true,
  "audit" : false,
  "customizable" : false,
  "fieldOrder" : 3,
  "fieldProperties" : {
    "autoGenerated" : "false"
  },
  "etag" : "e6ed24c7-51b7-4016-b663-24fbc7abaa33",
  "isExtended" : false
}, {
  "name" : "error_code",
  "sourceFieldname" : "error_code",
  "description" : "error_code",
  "dataType" : "number",
  "hasIndex" : false,
  "unique" : false,
  "primarykey" : false,
  "namefield" : false,
  "nullable" : true,
  "custom" : false,
  "createable" : true,
  "updateable" : true,
  "audit" : false,
  "customizable" : false,
  "fieldOrder" : 4,
  "fieldProperties" : {
    "autoGenerated" : "false"
  },
  "etag" : "615f3d3f-df84-4b73-9275-cf42e1c28f3b",
  "isExtended" : false
}, {
  "name" : "message",
  "sourceFieldname" : "message",
  "description" : "message",
  "dataType" : "string",
  "hasIndex" : false,
  "unique" : false,
  "primarykey" : false,
  "namefield" : false,
  "nullable" : true,
  "custom" : false,
  "createable" : true,
  "updateable" : true,
  "audit" : false,
  "customizable" : false,
  "fieldOrder" : 5,
  "fieldProperties" : {
    "autoGenerated" : "false"
  },
  "etag" : "dcf35e80-4a25-4d4a-96e4-6b291aea5483",
  "isExtended" : false
}, {
  "name" : "payment_state",
  "sourceFieldname" : "payment_state",
  "description" : "payment_state",
  "dataType" : "string",
  "hasIndex" : false,
  "unique" : false,
  "primarykey" : false,
  "namefield" : false,
  "nullable" : true,
  "custom" : false,
  "createable" : true,
  "updateable" : true,
  "audit" : false,
  "customizable" : false,
  "fieldOrder" : 6,
  "fieldProperties" : {
    "autoGenerated" : "false"
  },
  "etag" : "9aa6bc44-cf3c-4537-a252-254efecc1c01",
  "isExtended" : false
}, {
  "name" : "platform",
  "dataType" : "string",
  "hasIndex" : false,
  "unique" : false,
  "primarykey" : false,
  "namefield" : false,
  "nullable" : true,
  "custom" : true,
  "createable" : true,
  "updateable" : true,
  "audit" : false,
  "customizable" : false,
  "fieldLength" : 40,
  "fieldOrder" : 8,
  "fieldProperties" : {
    "autoGenerated" : "false"
  },
  "etag" : "31155606-072a-4599-b737-a51536a38071",
  "isExtended" : false
}, {
  "name" : "request_id",
  "sourceFieldname" : "request_id",
  "description" : "request_id",
  "dataType" : "string",
  "hasIndex" : false,
  "unique" : false,
  "primarykey" : false,
  "namefield" : false,
  "nullable" : true,
  "custom" : false,
  "createable" : true,
  "updateable" : true,
  "audit" : false,
  "customizable" : false,
  "fieldOrder" : 7,
  "fieldProperties" : {
    "autoGenerated" : "false"
  },
  "etag" : "07d1a884-bd64-48b0-8549-ce3e739f0e1c",
  "isExtended" : false
} ]