{
  "operationConfig" : {
    "name" : "addAllOOBAuth8251",
    "type" : "MappedToBackend",
    "cachable" : false,
    "smsEnabled" : false,
    "security" : "public",
    "responseEncoding" : "UTF-8",
    "httpMethod" : "GET",
    "decodeResponseBody" : false,
    "iMapping" : "<?xml version=\"1.0\" encoding=\"UTF-8\" standalone=\"yes\"?>\n<mapper xmlns=\"http://www.kony.com/ns/mapper\">\n    <map inputpath=\"request_in\" outputpath=\"request_out\">\n        <set-param inputpath=\"AuthenticatorType\" outputpath=\"AuthenticatorType\"/>\n        <set-param inputpath=\"AuthenticatorValue\" outputpath=\"AuthenticatorValue\"/>\n        <set-param inputpath=\"ExternalUserId\" outputpath=\"ExternalUserId\"/>\n        <set-param inputpath=\"userId\" outputpath=\"userId\"/>\n    </map>\n</mapper>\n",
    "oMapping" : "<?xml version=\"1.0\" encoding=\"UTF-8\" standalone=\"yes\"?>\n<mapper xmlns=\"http://www.kony.com/ns/mapper\">\n    <map inputpath=\"response_in\" outputpath=\"response_out\">\n        <map inputpath=\"parameters\" outputpath=\"AddAllOOBAuth\">\n            <set-param inputpath=\"active\" outputpath=\"active\"/>\n            <set-param inputpath=\"active_status\" outputpath=\"active_status\"/>\n            <set-param inputpath=\"Authid\" outputpath=\"Authid\"/>\n            <set-param inputpath=\"id\" outputpath=\"id\"/>\n            <set-param inputpath=\"scimType_OTP\" outputpath=\"scimType_OTP\"/>\n            <set-param inputpath=\"scimType_TXOTP\" outputpath=\"scimType_TXOTP\"/>\n        </map>\n    </map>\n</mapper>\n",
    "iVisualMappingData" : "{\"nodeDataArray\":[{\"isGroup\":true,\"key\":\"request_in\",\"text\":\"AddAllOOBAuth\",\"xy\":\"150 100\"},{\"isGroup\":true,\"key\":\"request_out\",\"text\":\"ScimApisOrch (1.0).addAllOOBAuth\",\"xy\":\"770 100\"}],\"linkDataArray\":[{\"category\":\"Mapping\",\"visible\":true,\"from\":\"source:AddAllOOBAuth:AuthenticatorType:\",\"to\":\"target:parameters:AuthenticatorType:\",\"fromPort\":\"source:AddAllOOBAuth:AuthenticatorType:\",\"toPort\":\"target:parameters:AuthenticatorType:\"},{\"category\":\"Mapping\",\"visible\":true,\"from\":\"source:AddAllOOBAuth:AuthenticatorValue:\",\"to\":\"target:parameters:AuthenticatorValue:\",\"fromPort\":\"source:AddAllOOBAuth:AuthenticatorValue:\",\"toPort\":\"target:parameters:AuthenticatorValue:\"},{\"category\":\"Mapping\",\"visible\":true,\"from\":\"source:AddAllOOBAuth:ExternalUserId:\",\"to\":\"target:parameters:ExternalUserId:\",\"fromPort\":\"source:AddAllOOBAuth:ExternalUserId:\",\"toPort\":\"target:parameters:ExternalUserId:\"},{\"category\":\"Mapping\",\"visible\":true,\"from\":\"source:AddAllOOBAuth:userId:\",\"to\":\"target:parameters:userId:\",\"fromPort\":\"source:AddAllOOBAuth:userId:\",\"toPort\":\"target:parameters:userId:\"}],\"blockCount\":{\"variableCount\":0},\"variableMap\":{},\"xmlMappingOverride\":false}",
    "oVisualMappingData" : "{\"nodeDataArray\":[{\"isGroup\":true,\"key\":\"response_out\",\"text\":\"AddAllOOBAuth\",\"xy\":\"770 100\"},{\"isGroup\":true,\"key\":\"response_in\",\"text\":\"ScimApisOrch (1.0).addAllOOBAuth\",\"xy\":\"211 94\"}],\"linkDataArray\":[{\"category\":\"Mapping\",\"visible\":true,\"from\":\"source:parameters:Authid:\",\"to\":\"target:AddAllOOBAuth:Authid:\",\"fromPort\":\"source:parameters:Authid:\",\"toPort\":\"target:AddAllOOBAuth:Authid:\"},{\"category\":\"Mapping\",\"visible\":true,\"from\":\"source:parameters:active:\",\"to\":\"target:AddAllOOBAuth:active:\",\"fromPort\":\"source:parameters:active:\",\"toPort\":\"target:AddAllOOBAuth:active:\"},{\"category\":\"Mapping\",\"visible\":true,\"from\":\"source:parameters:active_status:\",\"to\":\"target:AddAllOOBAuth:active_status:\",\"fromPort\":\"source:parameters:active_status:\",\"toPort\":\"target:AddAllOOBAuth:active_status:\"},{\"category\":\"Mapping\",\"visible\":true,\"from\":\"source:parameters:id:\",\"to\":\"target:AddAllOOBAuth:id:\",\"fromPort\":\"source:parameters:id:\",\"toPort\":\"target:AddAllOOBAuth:id:\"},{\"category\":\"Mapping\",\"visible\":true,\"from\":\"source:parameters:scimType_OTP:\",\"to\":\"target:AddAllOOBAuth:scimType_OTP:\",\"fromPort\":\"source:parameters:scimType_OTP:\",\"toPort\":\"target:AddAllOOBAuth:scimType_OTP:\"},{\"category\":\"Mapping\",\"visible\":true,\"from\":\"source:parameters:scimType_TXOTP:\",\"to\":\"target:AddAllOOBAuth:scimType_TXOTP:\",\"fromPort\":\"source:parameters:scimType_TXOTP:\",\"toPort\":\"target:AddAllOOBAuth:scimType_TXOTP:\"}],\"blockCount\":{\"variableCount\":0},\"variableMap\":{},\"xmlMappingOverride\":false}",
    "applyCommonMapping" : false,
    "applyRequestCommonMapping" : false,
    "applyResponseCommonMapping" : false,
    "backendMeta" : {
      "serviceName" : "ScimApisOrch",
      "serviceVersion" : "1.0",
      "operationName" : "addAllOOBAuth"
    },
    "relationshipHierarchyMapping" : {
      "children" : [ ],
      "name" : "AddAllOOBAuth",
      "actions" : { },
      "selected" : true
    },
    "requestXmlMappingOverride" : false,
    "responseXmlMappingOverride" : false,
    "mapperData" : [ {
      "name" : "base mapper1",
      "order" : 1,
      "iMapping" : "<?xml version=\"1.0\" encoding=\"UTF-8\" standalone=\"yes\"?>\n<mapper xmlns=\"http://www.kony.com/ns/mapper\">\n    <map inputpath=\"request_in\" outputpath=\"request_out\">\n        <set-param inputpath=\"AuthenticatorType\" outputpath=\"AuthenticatorType\"/>\n        <set-param inputpath=\"AuthenticatorValue\" outputpath=\"AuthenticatorValue\"/>\n        <set-param inputpath=\"ExternalUserId\" outputpath=\"ExternalUserId\"/>\n        <set-param inputpath=\"userId\" outputpath=\"userId\"/>\n    </map>\n</mapper>\n",
      "oMapping" : "<?xml version=\"1.0\" encoding=\"UTF-8\" standalone=\"yes\"?>\n<mapper xmlns=\"http://www.kony.com/ns/mapper\">\n    <map inputpath=\"response_in\" outputpath=\"response_out\">\n        <map inputpath=\"parameters\" outputpath=\"AddAllOOBAuth\">\n            <set-param inputpath=\"active\" outputpath=\"active\"/>\n            <set-param inputpath=\"active_status\" outputpath=\"active_status\"/>\n            <set-param inputpath=\"Authid\" outputpath=\"Authid\"/>\n            <set-param inputpath=\"id\" outputpath=\"id\"/>\n            <set-param inputpath=\"scimType_OTP\" outputpath=\"scimType_OTP\"/>\n            <set-param inputpath=\"scimType_TXOTP\" outputpath=\"scimType_TXOTP\"/>\n        </map>\n    </map>\n</mapper>\n",
      "iVisualMappingData" : "{\"nodeDataArray\":[{\"isGroup\":true,\"key\":\"request_in\",\"text\":\"AddAllOOBAuth\",\"xy\":\"150 100\"},{\"isGroup\":true,\"key\":\"request_out\",\"text\":\"ScimApisOrch (1.0).addAllOOBAuth\",\"xy\":\"770 100\"}],\"linkDataArray\":[{\"category\":\"Mapping\",\"visible\":true,\"from\":\"source:AddAllOOBAuth:AuthenticatorType:\",\"to\":\"target:parameters:AuthenticatorType:\",\"fromPort\":\"source:AddAllOOBAuth:AuthenticatorType:\",\"toPort\":\"target:parameters:AuthenticatorType:\"},{\"category\":\"Mapping\",\"visible\":true,\"from\":\"source:AddAllOOBAuth:AuthenticatorValue:\",\"to\":\"target:parameters:AuthenticatorValue:\",\"fromPort\":\"source:AddAllOOBAuth:AuthenticatorValue:\",\"toPort\":\"target:parameters:AuthenticatorValue:\"},{\"category\":\"Mapping\",\"visible\":true,\"from\":\"source:AddAllOOBAuth:ExternalUserId:\",\"to\":\"target:parameters:ExternalUserId:\",\"fromPort\":\"source:AddAllOOBAuth:ExternalUserId:\",\"toPort\":\"target:parameters:ExternalUserId:\"},{\"category\":\"Mapping\",\"visible\":true,\"from\":\"source:AddAllOOBAuth:userId:\",\"to\":\"target:parameters:userId:\",\"fromPort\":\"source:AddAllOOBAuth:userId:\",\"toPort\":\"target:parameters:userId:\"}],\"blockCount\":{\"variableCount\":0},\"variableMap\":{},\"xmlMappingOverride\":false}",
      "oVisualMappingData" : "{\"nodeDataArray\":[{\"isGroup\":true,\"key\":\"response_out\",\"text\":\"AddAllOOBAuth\",\"xy\":\"770 100\"},{\"isGroup\":true,\"key\":\"response_in\",\"text\":\"ScimApisOrch (1.0).addAllOOBAuth\",\"xy\":\"211 94\"}],\"linkDataArray\":[{\"category\":\"Mapping\",\"visible\":true,\"from\":\"source:parameters:Authid:\",\"to\":\"target:AddAllOOBAuth:Authid:\",\"fromPort\":\"source:parameters:Authid:\",\"toPort\":\"target:AddAllOOBAuth:Authid:\"},{\"category\":\"Mapping\",\"visible\":true,\"from\":\"source:parameters:active:\",\"to\":\"target:AddAllOOBAuth:active:\",\"fromPort\":\"source:parameters:active:\",\"toPort\":\"target:AddAllOOBAuth:active:\"},{\"category\":\"Mapping\",\"visible\":true,\"from\":\"source:parameters:active_status:\",\"to\":\"target:AddAllOOBAuth:active_status:\",\"fromPort\":\"source:parameters:active_status:\",\"toPort\":\"target:AddAllOOBAuth:active_status:\"},{\"category\":\"Mapping\",\"visible\":true,\"from\":\"source:parameters:id:\",\"to\":\"target:AddAllOOBAuth:id:\",\"fromPort\":\"source:parameters:id:\",\"toPort\":\"target:AddAllOOBAuth:id:\"},{\"category\":\"Mapping\",\"visible\":true,\"from\":\"source:parameters:scimType_OTP:\",\"to\":\"target:AddAllOOBAuth:scimType_OTP:\",\"fromPort\":\"source:parameters:scimType_OTP:\",\"toPort\":\"target:AddAllOOBAuth:scimType_OTP:\"},{\"category\":\"Mapping\",\"visible\":true,\"from\":\"source:parameters:scimType_TXOTP:\",\"to\":\"target:AddAllOOBAuth:scimType_TXOTP:\",\"fromPort\":\"source:parameters:scimType_TXOTP:\",\"toPort\":\"target:AddAllOOBAuth:scimType_TXOTP:\"}],\"blockCount\":{\"variableCount\":0},\"variableMap\":{},\"xmlMappingOverride\":false}",
      "requestXmlMappingOverride" : false,
      "responseXmlMappingOverride" : false,
      "disabled" : false,
      "applyCommonMapping" : false,
      "applyRequestCommonMapping" : false,
      "applyResponseCommonMapping" : false
    } ]
  },
  "enableFrontendUrl" : false,
  "customVerb" : false
}