[ {
  "name" : "access_token",
  "sourceFieldname" : "access_token",
  "description" : "access_token",
  "dataType" : "string",
  "hasIndex" : false,
  "unique" : false,
  "primarykey" : false,
  "namefield" : false,
  "nullable" : true,
  "custom" : false,
  "createable" : true,
  "updateable" : true,
  "audit" : false,
  "customizable" : false,
  "fieldOrder" : 0,
  "fieldProperties" : {
    "autoGenerated" : "false"
  },
  "etag" : "64fcff4a-c9ca-4566-a0fb-683014a45761",
  "isExtended" : false
}, {
  "name" : "AuthenticationType",
  "sourceFieldname" : "AuthenticationType",
  "description" : "AuthenticationType",
  "dataType" : "string",
  "hasIndex" : false,
  "unique" : false,
  "primarykey" : false,
  "namefield" : false,
  "nullable" : true,
  "custom" : false,
  "createable" : true,
  "updateable" : true,
  "audit" : false,
  "customizable" : false,
  "fieldOrder" : 0,
  "fieldProperties" : {
    "autoGenerated" : "false"
  },
  "etag" : "dbb876f2-054e-445b-8e2c-d4a3d6cec8ca",
  "isExtended" : false
}, {
  "name" : "clientId",
  "sourceFieldname" : "clientId",
  "description" : "clientId",
  "dataType" : "string",
  "hasIndex" : false,
  "unique" : false,
  "primarykey" : false,
  "namefield" : false,
  "nullable" : true,
  "custom" : false,
  "createable" : true,
  "updateable" : true,
  "audit" : false,
  "customizable" : false,
  "fieldOrder" : 0,
  "fieldProperties" : {
    "autoGenerated" : "false"
  },
  "etag" : "23bf77aa-77da-406d-afc4-074528767b6c",
  "isExtended" : false
}, {
  "name" : "error",
  "sourceFieldname" : "error",
  "description" : "error",
  "dataType" : "string",
  "hasIndex" : false,
  "unique" : false,
  "primarykey" : false,
  "namefield" : false,
  "nullable" : true,
  "custom" : false,
  "createable" : true,
  "updateable" : true,
  "audit" : false,
  "customizable" : false,
  "fieldOrder" : 0,
  "fieldProperties" : {
    "autoGenerated" : "false"
  },
  "etag" : "cd37f6b3-d133-46d2-891d-bfd07af18895",
  "isExtended" : false
}, {
  "name" : "error_description",
  "sourceFieldname" : "error_description",
  "description" : "error_description",
  "dataType" : "string",
  "hasIndex" : false,
  "unique" : false,
  "primarykey" : false,
  "namefield" : false,
  "nullable" : true,
  "custom" : false,
  "createable" : true,
  "updateable" : true,
  "audit" : false,
  "customizable" : false,
  "fieldOrder" : 0,
  "fieldProperties" : {
    "autoGenerated" : "false"
  },
  "etag" : "8c847e86-dc48-483b-b588-456db6b50ebc",
  "isExtended" : false
}, {
  "name" : "id_token",
  "sourceFieldname" : "id_token",
  "description" : "id_token",
  "dataType" : "string",
  "hasIndex" : false,
  "unique" : false,
  "primarykey" : false,
  "namefield" : false,
  "nullable" : true,
  "custom" : false,
  "createable" : true,
  "updateable" : true,
  "audit" : false,
  "customizable" : false,
  "fieldOrder" : 0,
  "fieldProperties" : {
    "autoGenerated" : "false"
  },
  "etag" : "ac7726eb-1a81-4b48-98be-a4ecb436bb10",
  "isExtended" : false
}, {
  "name" : "OTP",
  "sourceFieldname" : "OTP",
  "description" : "OTP",
  "dataType" : "string",
  "hasIndex" : false,
  "unique" : false,
  "primarykey" : false,
  "namefield" : false,
  "nullable" : true,
  "custom" : false,
  "createable" : true,
  "updateable" : true,
  "audit" : false,
  "customizable" : false,
  "fieldOrder" : 0,
  "fieldProperties" : {
    "autoGenerated" : "false"
  },
  "etag" : "9222750b-6758-44c6-9ce3-309810e65be3",
  "isExtended" : false
}, {
  "name" : "Username",
  "sourceFieldname" : "Username",
  "description" : "Username",
  "dataType" : "string",
  "hasIndex" : false,
  "unique" : false,
  "primarykey" : false,
  "namefield" : false,
  "nullable" : true,
  "custom" : false,
  "createable" : true,
  "updateable" : true,
  "audit" : false,
  "customizable" : false,
  "fieldOrder" : 0,
  "fieldProperties" : {
    "autoGenerated" : "false"
  },
  "etag" : "f2c077bb-cd6b-4b81-ba0b-35834698e6ed",
  "isExtended" : false
} ]