[ {
  "name" : "deviceType",
  "sourceFieldname" : "deviceType",
  "description" : "deviceType",
  "dataType" : "string",
  "hasIndex" : false,
  "unique" : false,
  "primarykey" : false,
  "namefield" : false,
  "nullable" : true,
  "custom" : false,
  "createable" : true,
  "updateable" : true,
  "audit" : false,
  "customizable" : false,
  "fieldOrder" : 0,
  "fieldProperties" : {
    "autoGenerated" : "false"
  },
  "etag" : "8e0060e5-7a3a-4a5f-b41c-ac14dcbe4d3e",
  "isExtended" : false
}, {
  "name" : "externalId",
  "sourceFieldname" : "externalId",
  "description" : "externalId",
  "dataType" : "string",
  "hasIndex" : false,
  "unique" : false,
  "primarykey" : false,
  "namefield" : false,
  "nullable" : true,
  "custom" : false,
  "createable" : true,
  "updateable" : true,
  "audit" : false,
  "customizable" : false,
  "fieldOrder" : 0,
  "fieldProperties" : {
    "autoGenerated" : "false"
  },
  "etag" : "34482135-de0b-4383-a1d7-884c2818cb77",
  "isExtended" : false
}, {
  "name" : "friendlyName",
  "sourceFieldname" : "friendlyName",
  "description" : "friendlyName",
  "dataType" : "string",
  "hasIndex" : false,
  "unique" : false,
  "primarykey" : false,
  "namefield" : false,
  "nullable" : true,
  "custom" : false,
  "createable" : true,
  "updateable" : true,
  "audit" : false,
  "customizable" : false,
  "fieldOrder" : 0,
  "fieldProperties" : {
    "autoGenerated" : "false"
  },
  "etag" : "4fb5da0b-6e0f-4ea1-8a9a-1bc2596bd0ef",
  "isExtended" : false
}, {
  "name" : "id",
  "sourceFieldname" : "id",
  "description" : "id",
  "dataType" : "string",
  "hasIndex" : false,
  "unique" : false,
  "primarykey" : false,
  "namefield" : false,
  "nullable" : true,
  "custom" : false,
  "createable" : true,
  "updateable" : true,
  "audit" : false,
  "customizable" : false,
  "fieldOrder" : 0,
  "fieldProperties" : {
    "autoGenerated" : "false"
  },
  "etag" : "3db38652-3060-43e8-98f4-8b6e92f86a9a",
  "isExtended" : false
} ]