{
  "operationConfig" : {
    "name" : "listAuthenticators9905",
    "type" : "MappedToBackend",
    "cachable" : false,
    "smsEnabled" : false,
    "security" : "authorized_app_user",
    "responseEncoding" : "UTF-8",
    "httpMethod" : "GET",
    "decodeResponseBody" : false,
    "iMapping" : "<?xml version=\"1.0\" encoding=\"UTF-8\" standalone=\"yes\"?>\n<mapper xmlns=\"http://www.kony.com/ns/mapper\">\n    <map inputpath=\"request_in\" outputpath=\"request_out\">\n        <exec-function name=\"kony.string:concat\" output=\"$vars\" outputpath=\"result1\">\n            <set-arg name=\"input1\" input=\"externalId eq \"/>\n            <set-arg inputpath=\"filter\"/>\n        </exec-function>\n        <set-param inputpath=\"$vars/result1\" outputpath=\"filter\"/>\n    </map>\n</mapper>\n",
    "oMapping" : "<?xml version=\"1.0\" encoding=\"UTF-8\" standalone=\"yes\"?><mapper xmlns=\"http://www.kony.com/ns/mapper\">                      <map inputpath=\"response_in\" outputpath=\"response_out\">                            <set-param inputpath=\"userId\" outputpath=\"userid\"/>                    <map inputpath=\"LoopDataset\" outputpath=\"LoopDataset\">                                                                        <set-param inputpath=\"active\" outputpath=\"active\"/>      \t                                            <set-param inputpath=\"authType\" outputpath=\"authType\"/>                     <set-param inputpath=\"desc\" outputpath=\"desc\"/>                   <set-param inputpath=\"consecutiveFailed\" outputpath=\"consecutiveFailed\"/>      \t                                            <set-param inputpath=\"consecutiveSuccess\" outputpath=\"consecutiveSuccess\"/>      \t                                            <set-param inputpath=\"created\" outputpath=\"created\"/>      \t                                            <set-param inputpath=\"expiryDate\" outputpath=\"expiryDate\"/>      \t                                            <set-param inputpath=\"id\" outputpath=\"id\"/>      \t                                            <set-param inputpath=\"ServErrMsg\" outputpath=\"ServErrMsg\"/>      \t                                            <set-param inputpath=\"status\" outputpath=\"status\"/>      \t                                            <set-param inputpath=\"totalFailed\" outputpath=\"totalFailed\"/>      \t                                            <set-param inputpath=\"totalResults\" outputpath=\"totalResults\"/>      \t                                            <set-param inputpath=\"totalSuccess\" outputpath=\"totalSuccess\"/>      \t                                            <set-param inputpath=\"lastSuccessfulDate\" outputpath=\"lastSuccessfulDate\"/>              <set-param inputpath=\"lastFailedDate\" outputpath=\"lastFailedDate\"/>              <set-param inputpath=\"disableThreshold\" outputpath=\"disableThreshold\"/>              <set-param inputpath=\"userId\" outputpath=\"userid\"/>                                                         <map inputpath=\"status\" outputpath=\"status\">                                                                                    <set-param inputpath=\"status\" outputpath=\"status\"/>                                                                                     <set-param inputpath=\"active\" outputpath=\"active\"/>                                                                   </map>                                            </map>                  </map></mapper>",
    "iVisualMappingData" : "{\"nodeDataArray\":[{\"isGroup\":true,\"key\":\"request_in\",\"text\":\"Authenticators\",\"xy\":\"150 100\"},{\"isGroup\":true,\"key\":\"request_out\",\"text\":\"Authenticators (1.0).listAuthenticators\",\"xy\":\"770 100\"},{\"key\":\"block:kony.util:constant:1\",\"name\":\"kony.basic:constant\",\"text\":\"Constant\",\"category\":\"functionTemplateConstant\",\"outPortId\":\"externalId eq \",\"outPortText\":\"value\",\"loc\":\"377 106.66667175292969\",\"visible\":true},{\"key\":\"block:kony.string:concat:1\",\"name\":\"kony.string:stringConcatenate\",\"text\":\"String Concatenate\",\"category\":\"functionTemplateNTo1\",\"outPortId\":\"result1\",\"outPortText\":\"result\",\"valueArray\":[{\"inPortId\":\"input1\",\"inPortText\":\"value\",\"__gohashid\":4908},{\"inPortId\":\"input2\",\"inPortText\":\"value\",\"__gohashid\":4982}],\"loc\":\"486 117.66666412353516\",\"visible\":true}],\"linkDataArray\":[{\"category\":\"Mapping\",\"visible\":true,\"from\":\"source:Authenticators:filter:\",\"to\":\"block:kony.string:concat:1\",\"fromPort\":\"source:Authenticators:filter:\",\"toPort\":\"input2\"},{\"category\":\"Mapping\",\"visible\":true,\"from\":\"block:kony.util:constant:1\",\"to\":\"block:kony.string:concat:1\",\"fromPort\":\"externalId eq \",\"toPort\":\"input1\"},{\"category\":\"Mapping\",\"visible\":true,\"from\":\"block:kony.string:concat:1\",\"to\":\"target:filter:\",\"fromPort\":\"result1\",\"toPort\":\"target:filter:\"}],\"blockCount\":{\"variableCount\":1,\"constant\":1,\"stringConcatenate\":1},\"variableMap\":{\"result1\":true},\"xmlMappingOverride\":false}",
    "oVisualMappingData" : "{\"nodeDataArray\":[{\"isGroup\":true,\"key\":\"response_out\",\"text\":\"Authenticators\",\"xy\":\"770 100\"},{\"isGroup\":true,\"key\":\"response_in\",\"text\":\"Authenticators (1.0).listAuthenticators\",\"xy\":\"150 100\"}],\"linkDataArray\":[{\"from\":\"target\",\"to\":\"target:Authenticators\",\"fromPort\":\"target\",\"toPort\":\"target:Authenticators\",\"visible\":true,\"common\":false},{\"from\":\"target:Authenticators\",\"to\":\"target:Authenticators:fields\",\"fromPort\":\"target:Authenticators\",\"toPort\":\"target:Authenticators:fields\",\"visible\":true,\"common\":false},{\"from\":\"target:Authenticators:fields\",\"to\":\"target:Authenticators:active:\",\"fromPort\":\"target:Authenticators:fields\",\"toPort\":\"target:Authenticators:active:\",\"visible\":true,\"common\":false},{\"from\":\"target:Authenticators:fields\",\"to\":\"target:Authenticators:authType:\",\"fromPort\":\"target:Authenticators:fields\",\"toPort\":\"target:Authenticators:authType:\",\"visible\":true,\"common\":false},{\"from\":\"target:Authenticators:fields\",\"to\":\"target:Authenticators:consecutiveFailed:\",\"fromPort\":\"target:Authenticators:fields\",\"toPort\":\"target:Authenticators:consecutiveFailed:\",\"visible\":true,\"common\":false},{\"from\":\"target:Authenticators:fields\",\"to\":\"target:Authenticators:consecutiveSuccess:\",\"fromPort\":\"target:Authenticators:fields\",\"toPort\":\"target:Authenticators:consecutiveSuccess:\",\"visible\":true,\"common\":false},{\"from\":\"target:Authenticators:fields\",\"to\":\"target:Authenticators:created:\",\"fromPort\":\"target:Authenticators:fields\",\"toPort\":\"target:Authenticators:created:\",\"visible\":true,\"common\":false},{\"from\":\"target:Authenticators:fields\",\"to\":\"target:Authenticators:disableThreshold:\",\"fromPort\":\"target:Authenticators:fields\",\"toPort\":\"target:Authenticators:disableThreshold:\",\"visible\":true,\"common\":false},{\"from\":\"target:Authenticators:fields\",\"to\":\"target:Authenticators:display:\",\"fromPort\":\"target:Authenticators:fields\",\"toPort\":\"target:Authenticators:display:\",\"visible\":true,\"common\":false},{\"from\":\"target:Authenticators:fields\",\"to\":\"target:Authenticators:expiryDate:\",\"fromPort\":\"target:Authenticators:fields\",\"toPort\":\"target:Authenticators:expiryDate:\",\"visible\":true,\"common\":false},{\"from\":\"target:Authenticators:fields\",\"to\":\"target:Authenticators:filter:\",\"fromPort\":\"target:Authenticators:fields\",\"toPort\":\"target:Authenticators:filter:\",\"visible\":true,\"common\":false},{\"from\":\"target:Authenticators:fields\",\"to\":\"target:Authenticators:id:\",\"fromPort\":\"target:Authenticators:fields\",\"toPort\":\"target:Authenticators:id:\",\"visible\":true,\"common\":false},{\"from\":\"target:Authenticators:fields\",\"to\":\"target:Authenticators:id_authtype:\",\"fromPort\":\"target:Authenticators:fields\",\"toPort\":\"target:Authenticators:id_authtype:\",\"visible\":true,\"common\":false},{\"from\":\"target:Authenticators:fields\",\"to\":\"target:Authenticators:lastSuccessfulDate:\",\"fromPort\":\"target:Authenticators:fields\",\"toPort\":\"target:Authenticators:lastSuccessfulDate:\",\"visible\":true,\"common\":false},{\"from\":\"target:Authenticators:fields\",\"to\":\"target:Authenticators:lastUnsuccessfulDate:\",\"fromPort\":\"target:Authenticators:fields\",\"toPort\":\"target:Authenticators:lastUnsuccessfulDate:\",\"visible\":true,\"common\":false},{\"from\":\"target:Authenticators:fields\",\"to\":\"target:Authenticators:ServErrMsg:\",\"fromPort\":\"target:Authenticators:fields\",\"toPort\":\"target:Authenticators:ServErrMsg:\",\"visible\":true,\"common\":false},{\"from\":\"target:Authenticators:fields\",\"to\":\"target:Authenticators:status:\",\"fromPort\":\"target:Authenticators:fields\",\"toPort\":\"target:Authenticators:status:\",\"visible\":true,\"common\":false},{\"from\":\"target:Authenticators:fields\",\"to\":\"target:Authenticators:totalFailed:\",\"fromPort\":\"target:Authenticators:fields\",\"toPort\":\"target:Authenticators:totalFailed:\",\"visible\":true,\"common\":false},{\"from\":\"target:Authenticators:fields\",\"to\":\"target:Authenticators:totalResults:\",\"fromPort\":\"target:Authenticators:fields\",\"toPort\":\"target:Authenticators:totalResults:\",\"visible\":true,\"common\":false},{\"from\":\"target:Authenticators:fields\",\"to\":\"target:Authenticators:totalSuccess:\",\"fromPort\":\"target:Authenticators:fields\",\"toPort\":\"target:Authenticators:totalSuccess:\",\"visible\":true,\"common\":false},{\"from\":\"target:Authenticators:fields\",\"to\":\"target:Authenticators:userid:\",\"fromPort\":\"target:Authenticators:fields\",\"toPort\":\"target:Authenticators:userid:\",\"visible\":true,\"common\":false},{\"from\":\"source\",\"to\":\"source:parameters\",\"fromPort\":\"source\",\"toPort\":\"source:parameters\",\"visible\":true,\"common\":false},{\"from\":\"source:parameters\",\"to\":\"source:ServErrMsg:\",\"fromPort\":\"source:parameters\",\"toPort\":\"source:ServErrMsg:\",\"visible\":true,\"common\":false},{\"from\":\"source:parameters\",\"to\":\"source:active:\",\"fromPort\":\"source:parameters\",\"toPort\":\"source:active:\",\"visible\":true,\"common\":false},{\"from\":\"source:parameters\",\"to\":\"source:authType:\",\"fromPort\":\"source:parameters\",\"toPort\":\"source:authType:\",\"visible\":true,\"common\":false},{\"from\":\"source:parameters\",\"to\":\"source:consecutiveFailed:\",\"fromPort\":\"source:parameters\",\"toPort\":\"source:consecutiveFailed:\",\"visible\":true,\"common\":false},{\"from\":\"source:parameters\",\"to\":\"source:consecutiveSuccess:\",\"fromPort\":\"source:parameters\",\"toPort\":\"source:consecutiveSuccess:\",\"visible\":true,\"common\":false},{\"from\":\"source:parameters\",\"to\":\"source:created:\",\"fromPort\":\"source:parameters\",\"toPort\":\"source:created:\",\"visible\":true,\"common\":false},{\"from\":\"source:parameters\",\"to\":\"source:disableThreshold:\",\"fromPort\":\"source:parameters\",\"toPort\":\"source:disableThreshold:\",\"visible\":true,\"common\":false},{\"from\":\"source:parameters\",\"to\":\"source:expiryDate:\",\"fromPort\":\"source:parameters\",\"toPort\":\"source:expiryDate:\",\"visible\":true,\"common\":false},{\"from\":\"source:parameters\",\"to\":\"source:id:\",\"fromPort\":\"source:parameters\",\"toPort\":\"source:id:\",\"visible\":true,\"common\":false},{\"from\":\"source:parameters\",\"to\":\"source:id_authtype:\",\"fromPort\":\"source:parameters\",\"toPort\":\"source:id_authtype:\",\"visible\":true,\"common\":false},{\"from\":\"source:parameters\",\"to\":\"source:lastSuccessfulDate:\",\"fromPort\":\"source:parameters\",\"toPort\":\"source:lastSuccessfulDate:\",\"visible\":true,\"common\":false},{\"from\":\"source:parameters\",\"to\":\"source:lastUnsuccessfulDate:\",\"fromPort\":\"source:parameters\",\"toPort\":\"source:lastUnsuccessfulDate:\",\"visible\":true,\"common\":false},{\"from\":\"source:parameters\",\"to\":\"source:status:\",\"fromPort\":\"source:parameters\",\"toPort\":\"source:status:\",\"visible\":true,\"common\":false},{\"from\":\"source:parameters\",\"to\":\"source:totalFailed:\",\"fromPort\":\"source:parameters\",\"toPort\":\"source:totalFailed:\",\"visible\":true,\"common\":false},{\"from\":\"source:parameters\",\"to\":\"source:totalResults:\",\"fromPort\":\"source:parameters\",\"toPort\":\"source:totalResults:\",\"visible\":true,\"common\":false},{\"from\":\"source:parameters\",\"to\":\"source:totalSuccess:\",\"fromPort\":\"source:parameters\",\"toPort\":\"source:totalSuccess:\",\"visible\":true,\"common\":false},{\"from\":\"source:parameters\",\"to\":\"source:userId:\",\"fromPort\":\"source:parameters\",\"toPort\":\"source:userId:\",\"visible\":true,\"common\":false},{\"from\":\"source\",\"to\":\"source:authenticators\",\"fromPort\":\"source\",\"toPort\":\"source:authenticators\",\"visible\":true,\"common\":false},{\"from\":\"source:authenticators\",\"to\":\"source:authenticators:parameters\",\"fromPort\":\"source:authenticators\",\"toPort\":\"source:authenticators:parameters\",\"visible\":true,\"common\":false},{\"from\":\"source:authenticators:parameters\",\"to\":\"source:authenticators:display:\",\"fromPort\":\"source:authenticators:parameters\",\"toPort\":\"source:authenticators:display:\",\"visible\":true,\"common\":false},{\"category\":\"Mapping\",\"from\":\"source:authenticators:display:\",\"to\":\"target:Authenticators:display:\",\"fromPort\":\"source:authenticators:display:\",\"toPort\":\"target:Authenticators:display:\",\"visible\":true,\"common\":true}],\"blockCount\":{\"variableCount\":0},\"variableMap\":{},\"xmlMappingOverride\":true}",
    "applyCommonMapping" : false,
    "applyRequestCommonMapping" : false,
    "applyResponseCommonMapping" : false,
    "backendMeta" : {
      "serviceName" : "Authenticators",
      "serviceVersion" : "1.0",
      "operationName" : "listAuthenticators"
    },
    "relationshipHierarchyMapping" : {
      "children" : [ ],
      "name" : "Authenticators",
      "actions" : { },
      "selected" : true
    },
    "requestXmlMappingOverride" : false,
    "responseXmlMappingOverride" : true,
    "mapperData" : [ {
      "name" : "base mapper1",
      "order" : 1,
      "iMapping" : "<?xml version=\"1.0\" encoding=\"UTF-8\" standalone=\"yes\"?>\n<mapper xmlns=\"http://www.kony.com/ns/mapper\">\n    <map inputpath=\"request_in\" outputpath=\"request_out\">\n        <exec-function name=\"kony.string:concat\" output=\"$vars\" outputpath=\"result1\">\n            <set-arg name=\"input1\" input=\"externalId eq \"/>\n            <set-arg inputpath=\"filter\"/>\n        </exec-function>\n        <set-param inputpath=\"$vars/result1\" outputpath=\"filter\"/>\n    </map>\n</mapper>\n",
      "oMapping" : "<?xml version=\"1.0\" encoding=\"UTF-8\" standalone=\"yes\"?><mapper xmlns=\"http://www.kony.com/ns/mapper\">                      <map inputpath=\"response_in\" outputpath=\"response_out\">                            <set-param inputpath=\"userId\" outputpath=\"userid\"/>                    <map inputpath=\"LoopDataset\" outputpath=\"LoopDataset\">                                                                        <set-param inputpath=\"active\" outputpath=\"active\"/>      \t                                            <set-param inputpath=\"authType\" outputpath=\"authType\"/>                     <set-param inputpath=\"desc\" outputpath=\"desc\"/>                   <set-param inputpath=\"consecutiveFailed\" outputpath=\"consecutiveFailed\"/>      \t                                            <set-param inputpath=\"consecutiveSuccess\" outputpath=\"consecutiveSuccess\"/>      \t                                            <set-param inputpath=\"created\" outputpath=\"created\"/>      \t                                            <set-param inputpath=\"expiryDate\" outputpath=\"expiryDate\"/>      \t                                            <set-param inputpath=\"id\" outputpath=\"id\"/>      \t                                            <set-param inputpath=\"ServErrMsg\" outputpath=\"ServErrMsg\"/>      \t                                            <set-param inputpath=\"status\" outputpath=\"status\"/>      \t                                            <set-param inputpath=\"totalFailed\" outputpath=\"totalFailed\"/>      \t                                            <set-param inputpath=\"totalResults\" outputpath=\"totalResults\"/>      \t                                            <set-param inputpath=\"totalSuccess\" outputpath=\"totalSuccess\"/>      \t                                            <set-param inputpath=\"lastSuccessfulDate\" outputpath=\"lastSuccessfulDate\"/>              <set-param inputpath=\"lastFailedDate\" outputpath=\"lastFailedDate\"/>              <set-param inputpath=\"disableThreshold\" outputpath=\"disableThreshold\"/>              <set-param inputpath=\"userId\" outputpath=\"userid\"/>                                                         <map inputpath=\"status\" outputpath=\"status\">                                                                                    <set-param inputpath=\"status\" outputpath=\"status\"/>                                                                                     <set-param inputpath=\"active\" outputpath=\"active\"/>                                                                   </map>                                            </map>                  </map></mapper>",
      "iVisualMappingData" : "{\"nodeDataArray\":[{\"isGroup\":true,\"key\":\"request_in\",\"text\":\"Authenticators\",\"xy\":\"150 100\"},{\"isGroup\":true,\"key\":\"request_out\",\"text\":\"Authenticators (1.0).listAuthenticators\",\"xy\":\"770 100\"},{\"key\":\"block:kony.util:constant:1\",\"name\":\"kony.basic:constant\",\"text\":\"Constant\",\"category\":\"functionTemplateConstant\",\"outPortId\":\"externalId eq \",\"outPortText\":\"value\",\"loc\":\"377 106.66667175292969\",\"visible\":true},{\"key\":\"block:kony.string:concat:1\",\"name\":\"kony.string:stringConcatenate\",\"text\":\"String Concatenate\",\"category\":\"functionTemplateNTo1\",\"outPortId\":\"result1\",\"outPortText\":\"result\",\"valueArray\":[{\"inPortId\":\"input1\",\"inPortText\":\"value\",\"__gohashid\":4908},{\"inPortId\":\"input2\",\"inPortText\":\"value\",\"__gohashid\":4982}],\"loc\":\"486 117.66666412353516\",\"visible\":true}],\"linkDataArray\":[{\"category\":\"Mapping\",\"visible\":true,\"from\":\"source:Authenticators:filter:\",\"to\":\"block:kony.string:concat:1\",\"fromPort\":\"source:Authenticators:filter:\",\"toPort\":\"input2\"},{\"category\":\"Mapping\",\"visible\":true,\"from\":\"block:kony.util:constant:1\",\"to\":\"block:kony.string:concat:1\",\"fromPort\":\"externalId eq \",\"toPort\":\"input1\"},{\"category\":\"Mapping\",\"visible\":true,\"from\":\"block:kony.string:concat:1\",\"to\":\"target:filter:\",\"fromPort\":\"result1\",\"toPort\":\"target:filter:\"}],\"blockCount\":{\"variableCount\":1,\"constant\":1,\"stringConcatenate\":1},\"variableMap\":{\"result1\":true},\"xmlMappingOverride\":false}",
      "oVisualMappingData" : "{\"nodeDataArray\":[{\"isGroup\":true,\"key\":\"response_out\",\"text\":\"Authenticators\",\"xy\":\"770 100\"},{\"isGroup\":true,\"key\":\"response_in\",\"text\":\"Authenticators (1.0).listAuthenticators\",\"xy\":\"150 100\"}],\"linkDataArray\":[{\"from\":\"target\",\"to\":\"target:Authenticators\",\"fromPort\":\"target\",\"toPort\":\"target:Authenticators\",\"visible\":true,\"common\":false},{\"from\":\"target:Authenticators\",\"to\":\"target:Authenticators:fields\",\"fromPort\":\"target:Authenticators\",\"toPort\":\"target:Authenticators:fields\",\"visible\":true,\"common\":false},{\"from\":\"target:Authenticators:fields\",\"to\":\"target:Authenticators:active:\",\"fromPort\":\"target:Authenticators:fields\",\"toPort\":\"target:Authenticators:active:\",\"visible\":true,\"common\":false},{\"from\":\"target:Authenticators:fields\",\"to\":\"target:Authenticators:authType:\",\"fromPort\":\"target:Authenticators:fields\",\"toPort\":\"target:Authenticators:authType:\",\"visible\":true,\"common\":false},{\"from\":\"target:Authenticators:fields\",\"to\":\"target:Authenticators:consecutiveFailed:\",\"fromPort\":\"target:Authenticators:fields\",\"toPort\":\"target:Authenticators:consecutiveFailed:\",\"visible\":true,\"common\":false},{\"from\":\"target:Authenticators:fields\",\"to\":\"target:Authenticators:consecutiveSuccess:\",\"fromPort\":\"target:Authenticators:fields\",\"toPort\":\"target:Authenticators:consecutiveSuccess:\",\"visible\":true,\"common\":false},{\"from\":\"target:Authenticators:fields\",\"to\":\"target:Authenticators:created:\",\"fromPort\":\"target:Authenticators:fields\",\"toPort\":\"target:Authenticators:created:\",\"visible\":true,\"common\":false},{\"from\":\"target:Authenticators:fields\",\"to\":\"target:Authenticators:disableThreshold:\",\"fromPort\":\"target:Authenticators:fields\",\"toPort\":\"target:Authenticators:disableThreshold:\",\"visible\":true,\"common\":false},{\"from\":\"target:Authenticators:fields\",\"to\":\"target:Authenticators:display:\",\"fromPort\":\"target:Authenticators:fields\",\"toPort\":\"target:Authenticators:display:\",\"visible\":true,\"common\":false},{\"from\":\"target:Authenticators:fields\",\"to\":\"target:Authenticators:expiryDate:\",\"fromPort\":\"target:Authenticators:fields\",\"toPort\":\"target:Authenticators:expiryDate:\",\"visible\":true,\"common\":false},{\"from\":\"target:Authenticators:fields\",\"to\":\"target:Authenticators:filter:\",\"fromPort\":\"target:Authenticators:fields\",\"toPort\":\"target:Authenticators:filter:\",\"visible\":true,\"common\":false},{\"from\":\"target:Authenticators:fields\",\"to\":\"target:Authenticators:id:\",\"fromPort\":\"target:Authenticators:fields\",\"toPort\":\"target:Authenticators:id:\",\"visible\":true,\"common\":false},{\"from\":\"target:Authenticators:fields\",\"to\":\"target:Authenticators:id_authtype:\",\"fromPort\":\"target:Authenticators:fields\",\"toPort\":\"target:Authenticators:id_authtype:\",\"visible\":true,\"common\":false},{\"from\":\"target:Authenticators:fields\",\"to\":\"target:Authenticators:lastSuccessfulDate:\",\"fromPort\":\"target:Authenticators:fields\",\"toPort\":\"target:Authenticators:lastSuccessfulDate:\",\"visible\":true,\"common\":false},{\"from\":\"target:Authenticators:fields\",\"to\":\"target:Authenticators:lastUnsuccessfulDate:\",\"fromPort\":\"target:Authenticators:fields\",\"toPort\":\"target:Authenticators:lastUnsuccessfulDate:\",\"visible\":true,\"common\":false},{\"from\":\"target:Authenticators:fields\",\"to\":\"target:Authenticators:ServErrMsg:\",\"fromPort\":\"target:Authenticators:fields\",\"toPort\":\"target:Authenticators:ServErrMsg:\",\"visible\":true,\"common\":false},{\"from\":\"target:Authenticators:fields\",\"to\":\"target:Authenticators:status:\",\"fromPort\":\"target:Authenticators:fields\",\"toPort\":\"target:Authenticators:status:\",\"visible\":true,\"common\":false},{\"from\":\"target:Authenticators:fields\",\"to\":\"target:Authenticators:totalFailed:\",\"fromPort\":\"target:Authenticators:fields\",\"toPort\":\"target:Authenticators:totalFailed:\",\"visible\":true,\"common\":false},{\"from\":\"target:Authenticators:fields\",\"to\":\"target:Authenticators:totalResults:\",\"fromPort\":\"target:Authenticators:fields\",\"toPort\":\"target:Authenticators:totalResults:\",\"visible\":true,\"common\":false},{\"from\":\"target:Authenticators:fields\",\"to\":\"target:Authenticators:totalSuccess:\",\"fromPort\":\"target:Authenticators:fields\",\"toPort\":\"target:Authenticators:totalSuccess:\",\"visible\":true,\"common\":false},{\"from\":\"target:Authenticators:fields\",\"to\":\"target:Authenticators:userid:\",\"fromPort\":\"target:Authenticators:fields\",\"toPort\":\"target:Authenticators:userid:\",\"visible\":true,\"common\":false},{\"from\":\"source\",\"to\":\"source:parameters\",\"fromPort\":\"source\",\"toPort\":\"source:parameters\",\"visible\":true,\"common\":false},{\"from\":\"source:parameters\",\"to\":\"source:ServErrMsg:\",\"fromPort\":\"source:parameters\",\"toPort\":\"source:ServErrMsg:\",\"visible\":true,\"common\":false},{\"from\":\"source:parameters\",\"to\":\"source:active:\",\"fromPort\":\"source:parameters\",\"toPort\":\"source:active:\",\"visible\":true,\"common\":false},{\"from\":\"source:parameters\",\"to\":\"source:authType:\",\"fromPort\":\"source:parameters\",\"toPort\":\"source:authType:\",\"visible\":true,\"common\":false},{\"from\":\"source:parameters\",\"to\":\"source:consecutiveFailed:\",\"fromPort\":\"source:parameters\",\"toPort\":\"source:consecutiveFailed:\",\"visible\":true,\"common\":false},{\"from\":\"source:parameters\",\"to\":\"source:consecutiveSuccess:\",\"fromPort\":\"source:parameters\",\"toPort\":\"source:consecutiveSuccess:\",\"visible\":true,\"common\":false},{\"from\":\"source:parameters\",\"to\":\"source:created:\",\"fromPort\":\"source:parameters\",\"toPort\":\"source:created:\",\"visible\":true,\"common\":false},{\"from\":\"source:parameters\",\"to\":\"source:disableThreshold:\",\"fromPort\":\"source:parameters\",\"toPort\":\"source:disableThreshold:\",\"visible\":true,\"common\":false},{\"from\":\"source:parameters\",\"to\":\"source:expiryDate:\",\"fromPort\":\"source:parameters\",\"toPort\":\"source:expiryDate:\",\"visible\":true,\"common\":false},{\"from\":\"source:parameters\",\"to\":\"source:id:\",\"fromPort\":\"source:parameters\",\"toPort\":\"source:id:\",\"visible\":true,\"common\":false},{\"from\":\"source:parameters\",\"to\":\"source:id_authtype:\",\"fromPort\":\"source:parameters\",\"toPort\":\"source:id_authtype:\",\"visible\":true,\"common\":false},{\"from\":\"source:parameters\",\"to\":\"source:lastSuccessfulDate:\",\"fromPort\":\"source:parameters\",\"toPort\":\"source:lastSuccessfulDate:\",\"visible\":true,\"common\":false},{\"from\":\"source:parameters\",\"to\":\"source:lastUnsuccessfulDate:\",\"fromPort\":\"source:parameters\",\"toPort\":\"source:lastUnsuccessfulDate:\",\"visible\":true,\"common\":false},{\"from\":\"source:parameters\",\"to\":\"source:status:\",\"fromPort\":\"source:parameters\",\"toPort\":\"source:status:\",\"visible\":true,\"common\":false},{\"from\":\"source:parameters\",\"to\":\"source:totalFailed:\",\"fromPort\":\"source:parameters\",\"toPort\":\"source:totalFailed:\",\"visible\":true,\"common\":false},{\"from\":\"source:parameters\",\"to\":\"source:totalResults:\",\"fromPort\":\"source:parameters\",\"toPort\":\"source:totalResults:\",\"visible\":true,\"common\":false},{\"from\":\"source:parameters\",\"to\":\"source:totalSuccess:\",\"fromPort\":\"source:parameters\",\"toPort\":\"source:totalSuccess:\",\"visible\":true,\"common\":false},{\"from\":\"source:parameters\",\"to\":\"source:userId:\",\"fromPort\":\"source:parameters\",\"toPort\":\"source:userId:\",\"visible\":true,\"common\":false},{\"from\":\"source\",\"to\":\"source:authenticators\",\"fromPort\":\"source\",\"toPort\":\"source:authenticators\",\"visible\":true,\"common\":false},{\"from\":\"source:authenticators\",\"to\":\"source:authenticators:parameters\",\"fromPort\":\"source:authenticators\",\"toPort\":\"source:authenticators:parameters\",\"visible\":true,\"common\":false},{\"from\":\"source:authenticators:parameters\",\"to\":\"source:authenticators:display:\",\"fromPort\":\"source:authenticators:parameters\",\"toPort\":\"source:authenticators:display:\",\"visible\":true,\"common\":false},{\"category\":\"Mapping\",\"from\":\"source:authenticators:display:\",\"to\":\"target:Authenticators:display:\",\"fromPort\":\"source:authenticators:display:\",\"toPort\":\"target:Authenticators:display:\",\"visible\":true,\"common\":true}],\"blockCount\":{\"variableCount\":0},\"variableMap\":{},\"xmlMappingOverride\":true}",
      "requestXmlMappingOverride" : false,
      "responseXmlMappingOverride" : true,
      "disabled" : false,
      "applyCommonMapping" : false,
      "applyRequestCommonMapping" : false,
      "applyResponseCommonMapping" : false
    } ]
  }
}