{
  "operationConfig" : {
    "name" : "getPasswordPolicy9554",
    "type" : "MappedToBackend",
    "cachable" : false,
    "smsEnabled" : false,
    "security" : "authorized_app",
    "responseEncoding" : "UTF-8",
    "httpMethod" : "GET",
    "decodeResponseBody" : false,
    "oMapping" : "<?xml version=\"1.0\" encoding=\"UTF-8\" standalone=\"yes\"?>\n<mapper xmlns=\"http://www.kony.com/ns/mapper\">\n    <map inputpath=\"response_in\" outputpath=\"response_out\">\n        <map inputpath=\"\" outputpath=\"PasswordPolicy\">\n            <set-param inputpath=\"maxLength\" outputpath=\"maxLength\"/>\n            <set-param inputpath=\"minDiffChars\" outputpath=\"minDiffChars\"/>\n            <set-param inputpath=\"minLength\" outputpath=\"minLength\"/>\n            <set-param inputpath=\"notEnglish\" outputpath=\"notEnglish\"/>\n            <set-param inputpath=\"notSequence\" outputpath=\"notSequence\"/>\n            <set-param inputpath=\"notUserAttribute\" outputpath=\"notUserAttribute\"/>\n            <set-param inputpath=\"numOrAlpha\" outputpath=\"numOrAlpha\"/>\n        </map>\n    </map>\n</mapper>\n",
    "oVisualMappingData" : "{\"nodeDataArray\":[{\"isGroup\":true,\"key\":\"response_out\",\"text\":\"PasswordPolicy\",\"xy\":\"793 152\"},{\"isGroup\":true,\"key\":\"response_in\",\"text\":\"ScimAPIs (1.0).getPasswordPolicy\",\"xy\":\"288 180\"}],\"linkDataArray\":[{\"category\":\"Mapping\",\"visible\":true,\"from\":\"source:maxLength:\",\"to\":\"target:PasswordPolicy:maxLength:\",\"fromPort\":\"source:maxLength:\",\"toPort\":\"target:PasswordPolicy:maxLength:\"},{\"category\":\"Mapping\",\"visible\":true,\"from\":\"source:minDiffChars:\",\"to\":\"target:PasswordPolicy:minDiffChars:\",\"fromPort\":\"source:minDiffChars:\",\"toPort\":\"target:PasswordPolicy:minDiffChars:\"},{\"category\":\"Mapping\",\"visible\":true,\"from\":\"source:minLength:\",\"to\":\"target:PasswordPolicy:minLength:\",\"fromPort\":\"source:minLength:\",\"toPort\":\"target:PasswordPolicy:minLength:\"},{\"category\":\"Mapping\",\"visible\":true,\"from\":\"source:notEnglish:\",\"to\":\"target:PasswordPolicy:notEnglish:\",\"fromPort\":\"source:notEnglish:\",\"toPort\":\"target:PasswordPolicy:notEnglish:\"},{\"category\":\"Mapping\",\"visible\":true,\"from\":\"source:notSequence:\",\"to\":\"target:PasswordPolicy:notSequence:\",\"fromPort\":\"source:notSequence:\",\"toPort\":\"target:PasswordPolicy:notSequence:\"},{\"category\":\"Mapping\",\"visible\":true,\"from\":\"source:notUserAttribute:\",\"to\":\"target:PasswordPolicy:notUserAttribute:\",\"fromPort\":\"source:notUserAttribute:\",\"toPort\":\"target:PasswordPolicy:notUserAttribute:\"},{\"category\":\"Mapping\",\"visible\":true,\"from\":\"source:numOrAlpha:\",\"to\":\"target:PasswordPolicy:numOrAlpha:\",\"fromPort\":\"source:numOrAlpha:\",\"toPort\":\"target:PasswordPolicy:numOrAlpha:\"}],\"blockCount\":{\"variableCount\":0},\"variableMap\":{},\"xmlMappingOverride\":false}",
    "applyCommonMapping" : false,
    "applyRequestCommonMapping" : true,
    "applyResponseCommonMapping" : false,
    "backendMeta" : {
      "serviceName" : "ScimAPIs",
      "serviceVersion" : "1.0",
      "operationName" : "getPasswordPolicy"
    },
    "relationshipHierarchyMapping" : {
      "children" : [ ],
      "name" : "PasswordPolicy",
      "actions" : { },
      "selected" : true
    },
    "requestXmlMappingOverride" : false,
    "responseXmlMappingOverride" : false,
    "mapperData" : [ {
      "name" : "base mapper1",
      "order" : 1,
      "oMapping" : "<?xml version=\"1.0\" encoding=\"UTF-8\" standalone=\"yes\"?>\n<mapper xmlns=\"http://www.kony.com/ns/mapper\">\n    <map inputpath=\"response_in\" outputpath=\"response_out\">\n        <map inputpath=\"\" outputpath=\"PasswordPolicy\">\n            <set-param inputpath=\"maxLength\" outputpath=\"maxLength\"/>\n            <set-param inputpath=\"minDiffChars\" outputpath=\"minDiffChars\"/>\n            <set-param inputpath=\"minLength\" outputpath=\"minLength\"/>\n            <set-param inputpath=\"notEnglish\" outputpath=\"notEnglish\"/>\n            <set-param inputpath=\"notSequence\" outputpath=\"notSequence\"/>\n            <set-param inputpath=\"notUserAttribute\" outputpath=\"notUserAttribute\"/>\n            <set-param inputpath=\"numOrAlpha\" outputpath=\"numOrAlpha\"/>\n        </map>\n    </map>\n</mapper>\n",
      "oVisualMappingData" : "{\"nodeDataArray\":[{\"isGroup\":true,\"key\":\"response_out\",\"text\":\"PasswordPolicy\",\"xy\":\"793 152\"},{\"isGroup\":true,\"key\":\"response_in\",\"text\":\"ScimAPIs (1.0).getPasswordPolicy\",\"xy\":\"288 180\"}],\"linkDataArray\":[{\"category\":\"Mapping\",\"visible\":true,\"from\":\"source:maxLength:\",\"to\":\"target:PasswordPolicy:maxLength:\",\"fromPort\":\"source:maxLength:\",\"toPort\":\"target:PasswordPolicy:maxLength:\"},{\"category\":\"Mapping\",\"visible\":true,\"from\":\"source:minDiffChars:\",\"to\":\"target:PasswordPolicy:minDiffChars:\",\"fromPort\":\"source:minDiffChars:\",\"toPort\":\"target:PasswordPolicy:minDiffChars:\"},{\"category\":\"Mapping\",\"visible\":true,\"from\":\"source:minLength:\",\"to\":\"target:PasswordPolicy:minLength:\",\"fromPort\":\"source:minLength:\",\"toPort\":\"target:PasswordPolicy:minLength:\"},{\"category\":\"Mapping\",\"visible\":true,\"from\":\"source:notEnglish:\",\"to\":\"target:PasswordPolicy:notEnglish:\",\"fromPort\":\"source:notEnglish:\",\"toPort\":\"target:PasswordPolicy:notEnglish:\"},{\"category\":\"Mapping\",\"visible\":true,\"from\":\"source:notSequence:\",\"to\":\"target:PasswordPolicy:notSequence:\",\"fromPort\":\"source:notSequence:\",\"toPort\":\"target:PasswordPolicy:notSequence:\"},{\"category\":\"Mapping\",\"visible\":true,\"from\":\"source:notUserAttribute:\",\"to\":\"target:PasswordPolicy:notUserAttribute:\",\"fromPort\":\"source:notUserAttribute:\",\"toPort\":\"target:PasswordPolicy:notUserAttribute:\"},{\"category\":\"Mapping\",\"visible\":true,\"from\":\"source:numOrAlpha:\",\"to\":\"target:PasswordPolicy:numOrAlpha:\",\"fromPort\":\"source:numOrAlpha:\",\"toPort\":\"target:PasswordPolicy:numOrAlpha:\"}],\"blockCount\":{\"variableCount\":0},\"variableMap\":{},\"xmlMappingOverride\":false}",
      "requestXmlMappingOverride" : false,
      "responseXmlMappingOverride" : false,
      "disabled" : false,
      "applyCommonMapping" : false,
      "applyRequestCommonMapping" : true,
      "applyResponseCommonMapping" : false
    } ]
  },
  "enableFrontendUrl" : false
}