{
  "version" : "1.0",
  "intSvcs" : [ {
    "name" : "Authenticator",
    "version" : "1.0",
    "etag" : "a43f598b-b747-47ea-b5e1-0b3328682c37"
  }, {
    "name" : "ClientAuthIdentityWrapper",
    "version" : "1.0",
    "etag" : "6e8bdb10-6051-46f8-9fc2-e76c5eb6dc5d"
  }, {
    "name" : "DependencyManager",
    "version" : "1.0",
    "etag" : "95a4bed2-4030-41cb-9fbb-ef72d5127581"
  }, {
    "name" : "GetHostAndTenant",
    "version" : "1.0",
    "etag" : "37afa199-b962-45fe-9ef3-870519001095"
  }, {
    "name" : "HIDApproveInitiation",
    "version" : "1.0",
    "etag" : "e73d9579-c769-4aad-9692-7307d22fb8fe"
  }, {
    "name" : "HIDChallengeValidationService",
    "version" : "1.0",
    "etag" : "f264d33d-7ece-405a-8cf6-a10e503d9296"
  }, {
    "name" : "HIDChalllengeService",
    "version" : "1.0",
    "etag" : "bab1d957-c132-4f64-a712-db4c964aa409"
  }, {
    "name" : "HIDPollConsensus",
    "version" : "1.0",
    "etag" : "dca76ca1-1142-40f1-ac93-ca346c06aa3d"
  }, {
    "name" : "ScimAPIs",
    "version" : "1.0",
    "etag" : "cc597616-7ce3-4fbd-a9e0-c27b8ada8b1d"
  }, {
    "name" : "ScimAPIsOrg",
    "version" : "1.0",
    "etag" : "013da4e1-feed-4299-9190-ca94ddc36847"
  }, {
    "name" : "SearchServices",
    "version" : "1.0",
    "etag" : "28a70b33-8200-4393-a36b-68fae056e606"
  }, {
    "name" : "SendOTPService",
    "version" : "1.0",
    "etag" : "4a3f3df0-d713-4d15-bb89-5458138f6728"
  }, {
    "name" : "SMSAuthService",
    "version" : "1.0",
    "etag" : "5ec90e2e-d9aa-40d9-a2a6-a332f92ad520"
  }, {
    "name" : "TransactionAuthServices",
    "version" : "1.0",
    "etag" : "7b22965c-666b-428f-b0de-b5d95b5c03ba"
  }, {
    "name" : "TransactionSigningApproveInit",
    "version" : "1.0",
    "etag" : "cd924266-0f10-4a0d-8df7-a88f7561a201"
  }, {
    "name" : "UserScimAPIs",
    "version" : "1.0",
    "etag" : "dda1c6a7-4613-4264-b32d-1874ef8daa21"
  }, {
    "name" : "ValidateSMSTransaction",
    "version" : "1.0",
    "etag" : "a90fce44-10f3-4079-ac06-978d51321d22"
  } ],
  "orchSvcs" : [ {
    "name" : "SearchDevices",
    "version" : "1.0",
    "etag" : "22fbd85e-bdd4-412c-b687-f06d947a534d"
  }, {
    "name" : "SendOOBSms",
    "version" : "1.0",
    "etag" : "5447c23b-1ca2-417f-8c8c-a7cf06996fde"
  } ],
  "objectSvcs" : [ {
    "name" : "HIDTransactionSigning",
    "version" : "1.0",
    "etag" : "c65765c5-6d9e-4e2a-97cf-228bfab642cc"
  } ],
  "identity" : [ "ClientIdentity" ]
}