{
  "name" : "ClientIdentity",
  "type" : "oauth2",
  "version" : "1.0",
  "metaPreference" : -1,
  "config" : "{\"dependent_providers\":[],\"auth_type\":\"oauth2\",\"session_restrictions\":{\"session_restriction_type\":\"allow_any_number_of_sessions\"},\"oauthProviderType\":\"default\",\"grant_type\":\"client_credentials\",\"authorization_endpoint\":\"\",\"token_endpoint\":\"https://test.aaas.hidcloud.com/idp/td7f7131a5289307306696/authn/token\",\"logout_url\":\"\",\"client_authentication\":{\"client_id\":\"579526061264041661473712253786958451228505184184\",\"client_secret\":\"o]y7B=m8YIXwP5#LCgT|\",\"authentication_scheme\":\"header\",\"client_pvt_key_jwt\":false},\"scope\":\"openid\",\"authentication_scheme\":\"header\",\"profile\":{\"endpoint\":{\"location\":\"\",\"type\":\"none\",\"value\":\"\"},\"request_method\":\"GET\",\"profile_attribute_selectors\":{\"federation_id\":\"\",\"email\":\"\",\"first_name\":\"\",\"last_name\":\"\",\"custom_profile_attribute_selectors\":{}}},\"dollarParamPresence\":{\"authorization_endpoint\":false,\"token_endpoint\":false,\"logout_url\":false,\"revoke_url\":false,\"profile_url\":false},\"enable_refresh_login\":false,\"enable_identity_pkce\":false,\"additional_data\":{\"token_request\":[],\"refresh_request\":[],\"profile_request\":[],\"authorize_request\":[],\"revoke_request\":[]}}",
  "policyConfig" : "{\"def_user_status\":\"pending\",\"max_login_fail\":5}",
  "admissionPolicy" : "no_approval_needed",
  "identityMeta" : {
    "allow_sso" : false
  },
  "isIntegrityEnabled" : true,
  "ssoenabled" : false,
  "mapType" : "java.util.HashMap",
  "empty" : true
}