<?xml version="1.0" encoding="UTF-8" standalone="yes"?>
<service serviceGroup="" cachable="false" cacheduration="" customOperation="false" description="" endpoint="default" groupType="" id="addOOBAuthenticator" passwordencrypted="false" security="public" type="jsonConnector" smscode="" smsenabled="false">
    <service-config>
        <config-param api-version="" appid="" name="preprocessorname" value="com.hid.onboarding.preprocessor.AddOOBAuthenticatorPreProcessor"/>
        <config-param api-version="" appid="" name="postprocessorname" value=""/>
        <config-param api-version="" appid="" name="preprocessorJS" value=""/>
        <config-param api-version="" appid="" name="postprocessorJS" value=""/>
        <config-param api-version="" appid="" name="preprocessorRules" value=""/>
        <config-param api-version="" appid="" name="postprocessorRules" value=""/>
        <config-param api-version="" appid="" name="kony_http_supported_methods" value="POST"/>
        <config-param api-version="" appid="" name="endpointUrl" value="https://__$HOST__/scim/__$TENANT__/v2/Authenticator"/>
        <config-param api-version="" appid="" name="ignorehttpproxy" value="true"/>
        <config-param api-version="" appid="" name="http.method" value="POST"/>
        <config-param api-version="" appid="" name="dataObjectName" value=""/>
        <config-param api-version="" appid="" name="sockettimeout" value=""/>
        <config-param api-version="" appid="" name="responseEncoding" value="UTF-8"/>
        <config-param api-version="" appid="" name="isembedxmlpresent" value="false"/>
        <config-param api-version="" appid="" name="retrycount" value="0"/>
        <config-param api-version="" appid="" name="urlprovider" value="com.hid.common.ServiceUrlProvider"/>
        <config-param api-version="" appid="" name="jsonpath" value="true"/>
    </service-config>
    <service-input passthrough="false" isExtended="false">
        <header datatype="" name="" passthrough="false" isExtended="false">
            <param datatype="string" defaultvalue="" description="" encode="false" format="None" formatvalue="" name="Content-Type" order="" paramOrder="0" parentOrder="0" sms-name="" src="constant" sourcevalue="application/scim+json" srcformatvalue="" target="" targetdatatype="" testvalue="" value="" isExtended="false">
                <accessType></accessType>
            </param>
            <param datatype="string" defaultvalue="" description="" encode="false" format="None" formatvalue="" name="Accept" order="" paramOrder="0" parentOrder="0" sms-name="" src="constant" sourcevalue="application/scim+json" srcformatvalue="" target="" targetdatatype="" testvalue="" value="" isExtended="false">
                <accessType></accessType>
            </param>
            <param datatype="string" defaultvalue="" description="" encode="false" format="None" formatvalue="" name="Authorization" order="" paramOrder="0" parentOrder="0" sms-name="" src="request" sourcevalue="" srcformatvalue="" target="" targetdatatype="" testvalue="Bearer VZ3bRAAAAXfUPFyxHll1Ov85gxLTeigE4KQsrhQ9" value="" isExtended="false">
                <accessType></accessType>
            </param>
        </header>
        <param datatype="string" defaultvalue="AT_OOBSMS" description="" encode="true" format="None" formatvalue="" name="AuthenticatorType" order="" paramOrder="1" parentOrder="-1" passnull="false" sms-name="" src="request" sourcevalue="" srcformatvalue="" target="request" targetdatatype="java.lang.String" testvalue="AT_OOBSMS" value="AT_OOBSMS" isExtended="false">
            <accessType></accessType>
        </param>
        <param datatype="string" defaultvalue="11673" description="" encode="true" format="None" formatvalue="" name="userId" order="" paramOrder="2" parentOrder="-1" passnull="false" sms-name="" src="request" sourcevalue="" srcformatvalue="" target="request" targetdatatype="java.lang.String" testvalue="11673" value="11673" isExtended="false">
            <accessType></accessType>
        </param>
        <param datatype="string" defaultvalue="DT_OOBSMS" description="" encode="true" format="None" formatvalue="" name="AuthenticatorValue" order="" paramOrder="3" parentOrder="-1" passnull="false" sms-name="" src="request" sourcevalue="" srcformatvalue="" target="request" targetdatatype="java.lang.String" testvalue="DT_OOBSMS" value="DT_OOBSMS" isExtended="false">
            <accessType></accessType>
        </param>
        <param datatype="string" defaultvalue="Password01" description="" encode="true" format="None" formatvalue="" name="OOB_PIN" order="" paramOrder="4" parentOrder="-1" passnull="false" sms-name="" src="request" sourcevalue="" srcformatvalue="" target="request" targetdatatype="java.lang.String" testvalue="Password01" value="Password01" isExtended="false">
            <accessType></accessType>
        </param>
        <param datatype="boolean" defaultvalue="true" description="" encode="true" format="None" formatvalue="" name="isPasswordRequired" order="" paramOrder="5" parentOrder="-1" passnull="false" sms-name="" src="request" sourcevalue="" srcformatvalue="" target="request" targetdatatype="java.lang.String" testvalue="" value="true" isExtended="false">
            <accessType></accessType>
        </param>
        <template-param datatype="" defaultvalue="{&#10;    &quot;schemas&quot;: [&#10;        &quot;urn:hid:scim:api:idp:2.0:Authenticator&quot;&#10;    ],&#10;    &quot;policy&quot;: {&#10;        &quot;value&quot;: &quot;$AuthenticatorType&quot;&#10;    },&#10;    &quot;owner&quot;: {&#10;        &quot;value&quot;: &quot;$userId&quot;&#10;    },&#10;    &quot;activationCode&quot;: &quot;null&quot;,&#10;    &quot;urn:hid:scim:api:idp:2.0:Action&quot;: {&#10;        &quot;action&quot;: &quot;REGISTER-OOB&quot;,&#10;        &quot;attributes&quot;: [&#10;            {&#10;                &quot;name&quot;: &quot;OOB_DEVICETYPE_CODE&quot;,&#10;                &quot;value&quot;: &quot;$AuthenticatorValue&quot;&#10;            }&#10;        ]&#10;    }&#10;}" description="" encode="false" format="" formatvalue="" name="message" order="" paramOrder="0" parentOrder="0" sms-name="" src="" sourcevalue="" srcformatvalue="" target="" targetdatatype="" value="{&#10;    &quot;schemas&quot;: [&#10;        &quot;urn:hid:scim:api:idp:2.0:Authenticator&quot;&#10;    ],&#10;    &quot;policy&quot;: {&#10;        &quot;value&quot;: &quot;$AuthenticatorType&quot;&#10;    },&#10;    &quot;owner&quot;: {&#10;        &quot;value&quot;: &quot;$userId&quot;&#10;    },&#10;    &quot;activationCode&quot;: &quot;null&quot;,&#10;    &quot;urn:hid:scim:api:idp:2.0:Action&quot;: {&#10;        &quot;action&quot;: &quot;REGISTER-OOB&quot;,&#10;        &quot;attributes&quot;: [&#10;            {&#10;                &quot;name&quot;: &quot;OOB_DEVICETYPE_CODE&quot;,&#10;                &quot;value&quot;: &quot;$AuthenticatorValue&quot;&#10;            }&#10;        ]&#10;    }&#10;}" isExtended="false">
            <accessType></accessType>
        </template-param>
        <stub-param value=""/>
    </service-input>
    <service-output passthrough="false" isExtended="false">
        <param datatype="string" defaultvalue="" description="" encode="true" format="None" formatvalue="" name="id" order="" paramOrder="1" parentOrder="0" passnull="false" sms-name="" src="$.id" sourcevalue="" srcformatvalue="" target="response" targetdatatype="java.lang.String" testvalue="" value="" isExtended="false">
            <accessType></accessType>
        </param>
        <param datatype="string" defaultvalue="" description="" encode="true" format="None" formatvalue="" name="active" order="" paramOrder="2" parentOrder="0" passnull="false" sms-name="" src="$.status.active" sourcevalue="" srcformatvalue="" target="response" targetdatatype="java.lang.String" testvalue="" value="" isExtended="false">
            <accessType></accessType>
        </param>
        <param datatype="string" defaultvalue="" description="" encode="true" format="None" formatvalue="" name="scimType_OTP" order="" paramOrder="3" parentOrder="0" passnull="false" sms-name="" src="$.scimType" sourcevalue="" srcformatvalue="" target="response" targetdatatype="java.lang.String" testvalue="" value="" isExtended="false">
            <accessType></accessType>
        </param>
    </service-output>
</service>
