<?xml version="1.0" encoding="UTF-8" standalone="yes"?>
<service serviceGroup="" cachable="false" cacheduration="" customOperation="false" description="" endpoint="" groupType="" id="reset" passwordencrypted="" security="public" type="CompositeConnector" smscode="" smsenabled="false">
    <service-config>
        <config-param api-version="" appid="" name="preprocessorname" value=""/>
        <config-param api-version="" appid="" name="postprocessorJS" value=""/>
        <config-param api-version="" appid="" name="preprocessorJS" value=""/>
        <config-param api-version="" appid="" name="postprocessorname" value=""/>
        <config-param api-version="" appid="" name="exec_type" value="Sequential"/>
        <config-param api-version="" appid="" name="kony_http_supported_methods" value="POST"/>
        <config-param api-version="1.0" appid="ResetUser" name="service" value="getUserDetails"/>
        <config-param api-version="1.0" appid="ResetUser" name="service" value="DeleteEndUser"/>
        <config-param api-version="1.0" appid="ResetUser" name="service" value="CreateUser"/>
        <config-param api-version="1.0" appid="ResetUser" name="service" value="AddActivationCodeAuthenticator"/>
    </service-config>
    <service-input passthrough="false" isExtended="false"/>
    <service-output passthrough="false" isExtended="false"/>
</service>
