{
  "operationConfig" : {
    "name" : "getPasswordPolicy9554",
    "type" : "MappedToBackend",
    "cachable" : false,
    "smsEnabled" : false,
    "security" : "authorized_app",
    "responseEncoding" : "UTF-8",
    "httpMethod" : "GET",
    "decodeResponseBody" : false,
    "iMapping" : "<?xml version=\"1.0\" encoding=\"UTF-8\" standalone=\"yes\"?>\n<mapper xmlns=\"http://www.kony.com/ns/mapper\">\n    <map inputpath=\"request_in\" outputpath=\"request_out\"/>\n</mapper>\n",
    "oMapping" : "<?xml version=\"1.0\" encoding=\"UTF-8\" standalone=\"yes\"?>\n<mapper xmlns=\"http://www.kony.com/ns/mapper\">\n    <map inputpath=\"response_in\" outputpath=\"response_out\">\n        <map inputpath=\"\" outputpath=\"PasswordPolicy\">\n            <set-param inputpath=\"maxLength\" outputpath=\"maxLength\"/>\n            <set-param inputpath=\"minDiffChars\" outputpath=\"minDiffChars\"/>\n            <set-param inputpath=\"minLength\" outputpath=\"minLength\"/>\n            <set-param inputpath=\"notSequence\" outputpath=\"notSequence\"/>\n            <set-param inputpath=\"notUserAttribute\" outputpath=\"notUserAttribute\"/>\n        </map>\n    </map>\n</mapper>\n",
    "iVisualMappingData" : "{\"nodeDataArray\":[{\"isGroup\":true,\"key\":\"request_in\",\"text\":\"PasswordPolicy\",\"xy\":\"150 100\"},{\"isGroup\":true,\"key\":\"request_out\",\"text\":\"AuthenticatorPolicy (1.0).getPasswordPolicy\",\"xy\":\"770 100\"}],\"linkDataArray\":[{\"from\":\"source\",\"to\":\"source:PasswordPolicy\",\"fromPort\":\"source\",\"toPort\":\"source:PasswordPolicy\",\"visible\":true,\"common\":false},{\"from\":\"source:PasswordPolicy\",\"to\":\"source:PasswordPolicy:t_p_fields\",\"fromPort\":\"source:PasswordPolicy\",\"toPort\":\"source:PasswordPolicy:t_p_fields\",\"visible\":true,\"common\":false},{\"from\":\"source:PasswordPolicy:t_p_fields\",\"to\":\"source:PasswordPolicy:maxLength:\",\"fromPort\":\"source:PasswordPolicy:t_p_fields\",\"toPort\":\"source:PasswordPolicy:maxLength:\",\"visible\":true,\"common\":false},{\"from\":\"source:PasswordPolicy:t_p_fields\",\"to\":\"source:PasswordPolicy:minDiffChars:\",\"fromPort\":\"source:PasswordPolicy:t_p_fields\",\"toPort\":\"source:PasswordPolicy:minDiffChars:\",\"visible\":true,\"common\":false},{\"from\":\"source:PasswordPolicy:t_p_fields\",\"to\":\"source:PasswordPolicy:minLength:\",\"fromPort\":\"source:PasswordPolicy:t_p_fields\",\"toPort\":\"source:PasswordPolicy:minLength:\",\"visible\":true,\"common\":false},{\"from\":\"source:PasswordPolicy:t_p_fields\",\"to\":\"source:PasswordPolicy:notEnglish:\",\"fromPort\":\"source:PasswordPolicy:t_p_fields\",\"toPort\":\"source:PasswordPolicy:notEnglish:\",\"visible\":true,\"common\":false},{\"from\":\"source:PasswordPolicy:t_p_fields\",\"to\":\"source:PasswordPolicy:notSequence:\",\"fromPort\":\"source:PasswordPolicy:t_p_fields\",\"toPort\":\"source:PasswordPolicy:notSequence:\",\"visible\":true,\"common\":false},{\"from\":\"source:PasswordPolicy:t_p_fields\",\"to\":\"source:PasswordPolicy:notUserAttribute:\",\"fromPort\":\"source:PasswordPolicy:t_p_fields\",\"toPort\":\"source:PasswordPolicy:notUserAttribute:\",\"visible\":true,\"common\":false},{\"from\":\"source:PasswordPolicy:t_p_fields\",\"to\":\"source:PasswordPolicy:numOrAlpha:\",\"fromPort\":\"source:PasswordPolicy:t_p_fields\",\"toPort\":\"source:PasswordPolicy:numOrAlpha:\",\"visible\":true,\"common\":false}],\"blockCount\":{\"variableCount\":0},\"variableMap\":{},\"xmlMappingOverride\":false}",
    "oVisualMappingData" : "{\"nodeDataArray\":[{\"isGroup\":true,\"key\":\"response_out\",\"text\":\"PasswordPolicy\",\"xy\":\"770 100\"},{\"isGroup\":true,\"key\":\"response_in\",\"text\":\"AuthenticatorPolicy (1.0).getPasswordPolicy\",\"xy\":\"150 100\"}],\"linkDataArray\":[{\"from\":\"target\",\"to\":\"target:PasswordPolicy\",\"fromPort\":\"target\",\"toPort\":\"target:PasswordPolicy\",\"visible\":true,\"common\":false},{\"from\":\"target:PasswordPolicy\",\"to\":\"target:PasswordPolicy:t_p_fields\",\"fromPort\":\"target:PasswordPolicy\",\"toPort\":\"target:PasswordPolicy:t_p_fields\",\"visible\":true,\"common\":false},{\"from\":\"target:PasswordPolicy:t_p_fields\",\"to\":\"target:PasswordPolicy:maxLength:\",\"fromPort\":\"target:PasswordPolicy:t_p_fields\",\"toPort\":\"target:PasswordPolicy:maxLength:\",\"visible\":true,\"common\":false},{\"from\":\"target:PasswordPolicy:t_p_fields\",\"to\":\"target:PasswordPolicy:minDiffChars:\",\"fromPort\":\"target:PasswordPolicy:t_p_fields\",\"toPort\":\"target:PasswordPolicy:minDiffChars:\",\"visible\":true,\"common\":false},{\"from\":\"target:PasswordPolicy:t_p_fields\",\"to\":\"target:PasswordPolicy:minLength:\",\"fromPort\":\"target:PasswordPolicy:t_p_fields\",\"toPort\":\"target:PasswordPolicy:minLength:\",\"visible\":true,\"common\":false},{\"from\":\"target:PasswordPolicy:t_p_fields\",\"to\":\"target:PasswordPolicy:notEnglish:\",\"fromPort\":\"target:PasswordPolicy:t_p_fields\",\"toPort\":\"target:PasswordPolicy:notEnglish:\",\"visible\":true,\"common\":false},{\"from\":\"target:PasswordPolicy:t_p_fields\",\"to\":\"target:PasswordPolicy:notSequence:\",\"fromPort\":\"target:PasswordPolicy:t_p_fields\",\"toPort\":\"target:PasswordPolicy:notSequence:\",\"visible\":true,\"common\":false},{\"from\":\"target:PasswordPolicy:t_p_fields\",\"to\":\"target:PasswordPolicy:notUserAttribute:\",\"fromPort\":\"target:PasswordPolicy:t_p_fields\",\"toPort\":\"target:PasswordPolicy:notUserAttribute:\",\"visible\":true,\"common\":false},{\"from\":\"target:PasswordPolicy:t_p_fields\",\"to\":\"target:PasswordPolicy:numOrAlpha:\",\"fromPort\":\"target:PasswordPolicy:t_p_fields\",\"toPort\":\"target:PasswordPolicy:numOrAlpha:\",\"visible\":true,\"common\":false},{\"from\":\"source\",\"to\":\"source:t_p_parameters\",\"fromPort\":\"source\",\"toPort\":\"source:t_p_parameters\",\"visible\":true,\"common\":false},{\"from\":\"source:t_p_parameters\",\"to\":\"source:maxLength:\",\"fromPort\":\"source:t_p_parameters\",\"toPort\":\"source:maxLength:\",\"visible\":true,\"common\":false},{\"from\":\"source:t_p_parameters\",\"to\":\"source:minDiffChars:\",\"fromPort\":\"source:t_p_parameters\",\"toPort\":\"source:minDiffChars:\",\"visible\":true,\"common\":false},{\"from\":\"source:t_p_parameters\",\"to\":\"source:minLength:\",\"fromPort\":\"source:t_p_parameters\",\"toPort\":\"source:minLength:\",\"visible\":true,\"common\":false},{\"from\":\"source:t_p_parameters\",\"to\":\"source:notSequence:\",\"fromPort\":\"source:t_p_parameters\",\"toPort\":\"source:notSequence:\",\"visible\":true,\"common\":false},{\"from\":\"source:t_p_parameters\",\"to\":\"source:notUserAttribute:\",\"fromPort\":\"source:t_p_parameters\",\"toPort\":\"source:notUserAttribute:\",\"visible\":true,\"common\":false},{\"category\":\"Mapping\",\"visible\":true,\"from\":\"source:maxLength:\",\"to\":\"target:PasswordPolicy:maxLength:\",\"fromPort\":\"source:maxLength:\",\"toPort\":\"target:PasswordPolicy:maxLength:\",\"common\":false},{\"category\":\"Mapping\",\"visible\":true,\"from\":\"source:minDiffChars:\",\"to\":\"target:PasswordPolicy:minDiffChars:\",\"fromPort\":\"source:minDiffChars:\",\"toPort\":\"target:PasswordPolicy:minDiffChars:\",\"common\":false},{\"category\":\"Mapping\",\"visible\":true,\"from\":\"source:minLength:\",\"to\":\"target:PasswordPolicy:minLength:\",\"fromPort\":\"source:minLength:\",\"toPort\":\"target:PasswordPolicy:minLength:\",\"common\":false},{\"category\":\"Mapping\",\"visible\":true,\"from\":\"source:notSequence:\",\"to\":\"target:PasswordPolicy:notSequence:\",\"fromPort\":\"source:notSequence:\",\"toPort\":\"target:PasswordPolicy:notSequence:\",\"common\":false},{\"category\":\"Mapping\",\"visible\":true,\"from\":\"source:notUserAttribute:\",\"to\":\"target:PasswordPolicy:notUserAttribute:\",\"fromPort\":\"source:notUserAttribute:\",\"toPort\":\"target:PasswordPolicy:notUserAttribute:\",\"common\":false}],\"blockCount\":{\"variableCount\":0},\"variableMap\":{},\"xmlMappingOverride\":false}",
    "applyCommonMapping" : false,
    "applyRequestCommonMapping" : true,
    "applyResponseCommonMapping" : false,
    "backendMeta" : {
      "serviceName" : "AuthenticatorPolicy",
      "serviceVersion" : "1.0",
      "operationName" : "getPasswordPolicy"
    },
    "relationshipHierarchyMapping" : {
      "children" : [ ],
      "name" : "PasswordPolicy",
      "actions" : { },
      "selected" : true
    },
    "requestXmlMappingOverride" : false,
    "responseXmlMappingOverride" : false,
    "mapperData" : [ {
      "name" : "base mapper1",
      "order" : 1,
      "iMapping" : "<?xml version=\"1.0\" encoding=\"UTF-8\" standalone=\"yes\"?>\n<mapper xmlns=\"http://www.kony.com/ns/mapper\">\n    <map inputpath=\"request_in\" outputpath=\"request_out\"/>\n</mapper>\n",
      "oMapping" : "<?xml version=\"1.0\" encoding=\"UTF-8\" standalone=\"yes\"?>\n<mapper xmlns=\"http://www.kony.com/ns/mapper\">\n    <map inputpath=\"response_in\" outputpath=\"response_out\">\n        <map inputpath=\"\" outputpath=\"PasswordPolicy\">\n            <set-param inputpath=\"maxLength\" outputpath=\"maxLength\"/>\n            <set-param inputpath=\"minDiffChars\" outputpath=\"minDiffChars\"/>\n            <set-param inputpath=\"minLength\" outputpath=\"minLength\"/>\n            <set-param inputpath=\"notSequence\" outputpath=\"notSequence\"/>\n            <set-param inputpath=\"notUserAttribute\" outputpath=\"notUserAttribute\"/>\n        </map>\n    </map>\n</mapper>\n",
      "iVisualMappingData" : "{\"nodeDataArray\":[{\"isGroup\":true,\"key\":\"request_in\",\"text\":\"PasswordPolicy\",\"xy\":\"150 100\"},{\"isGroup\":true,\"key\":\"request_out\",\"text\":\"AuthenticatorPolicy (1.0).getPasswordPolicy\",\"xy\":\"770 100\"}],\"linkDataArray\":[{\"from\":\"source\",\"to\":\"source:PasswordPolicy\",\"fromPort\":\"source\",\"toPort\":\"source:PasswordPolicy\",\"visible\":true,\"common\":false},{\"from\":\"source:PasswordPolicy\",\"to\":\"source:PasswordPolicy:t_p_fields\",\"fromPort\":\"source:PasswordPolicy\",\"toPort\":\"source:PasswordPolicy:t_p_fields\",\"visible\":true,\"common\":false},{\"from\":\"source:PasswordPolicy:t_p_fields\",\"to\":\"source:PasswordPolicy:maxLength:\",\"fromPort\":\"source:PasswordPolicy:t_p_fields\",\"toPort\":\"source:PasswordPolicy:maxLength:\",\"visible\":true,\"common\":false},{\"from\":\"source:PasswordPolicy:t_p_fields\",\"to\":\"source:PasswordPolicy:minDiffChars:\",\"fromPort\":\"source:PasswordPolicy:t_p_fields\",\"toPort\":\"source:PasswordPolicy:minDiffChars:\",\"visible\":true,\"common\":false},{\"from\":\"source:PasswordPolicy:t_p_fields\",\"to\":\"source:PasswordPolicy:minLength:\",\"fromPort\":\"source:PasswordPolicy:t_p_fields\",\"toPort\":\"source:PasswordPolicy:minLength:\",\"visible\":true,\"common\":false},{\"from\":\"source:PasswordPolicy:t_p_fields\",\"to\":\"source:PasswordPolicy:notEnglish:\",\"fromPort\":\"source:PasswordPolicy:t_p_fields\",\"toPort\":\"source:PasswordPolicy:notEnglish:\",\"visible\":true,\"common\":false},{\"from\":\"source:PasswordPolicy:t_p_fields\",\"to\":\"source:PasswordPolicy:notSequence:\",\"fromPort\":\"source:PasswordPolicy:t_p_fields\",\"toPort\":\"source:PasswordPolicy:notSequence:\",\"visible\":true,\"common\":false},{\"from\":\"source:PasswordPolicy:t_p_fields\",\"to\":\"source:PasswordPolicy:notUserAttribute:\",\"fromPort\":\"source:PasswordPolicy:t_p_fields\",\"toPort\":\"source:PasswordPolicy:notUserAttribute:\",\"visible\":true,\"common\":false},{\"from\":\"source:PasswordPolicy:t_p_fields\",\"to\":\"source:PasswordPolicy:numOrAlpha:\",\"fromPort\":\"source:PasswordPolicy:t_p_fields\",\"toPort\":\"source:PasswordPolicy:numOrAlpha:\",\"visible\":true,\"common\":false}],\"blockCount\":{\"variableCount\":0},\"variableMap\":{},\"xmlMappingOverride\":false}",
      "oVisualMappingData" : "{\"nodeDataArray\":[{\"isGroup\":true,\"key\":\"response_out\",\"text\":\"PasswordPolicy\",\"xy\":\"770 100\"},{\"isGroup\":true,\"key\":\"response_in\",\"text\":\"AuthenticatorPolicy (1.0).getPasswordPolicy\",\"xy\":\"150 100\"}],\"linkDataArray\":[{\"from\":\"target\",\"to\":\"target:PasswordPolicy\",\"fromPort\":\"target\",\"toPort\":\"target:PasswordPolicy\",\"visible\":true,\"common\":false},{\"from\":\"target:PasswordPolicy\",\"to\":\"target:PasswordPolicy:t_p_fields\",\"fromPort\":\"target:PasswordPolicy\",\"toPort\":\"target:PasswordPolicy:t_p_fields\",\"visible\":true,\"common\":false},{\"from\":\"target:PasswordPolicy:t_p_fields\",\"to\":\"target:PasswordPolicy:maxLength:\",\"fromPort\":\"target:PasswordPolicy:t_p_fields\",\"toPort\":\"target:PasswordPolicy:maxLength:\",\"visible\":true,\"common\":false},{\"from\":\"target:PasswordPolicy:t_p_fields\",\"to\":\"target:PasswordPolicy:minDiffChars:\",\"fromPort\":\"target:PasswordPolicy:t_p_fields\",\"toPort\":\"target:PasswordPolicy:minDiffChars:\",\"visible\":true,\"common\":false},{\"from\":\"target:PasswordPolicy:t_p_fields\",\"to\":\"target:PasswordPolicy:minLength:\",\"fromPort\":\"target:PasswordPolicy:t_p_fields\",\"toPort\":\"target:PasswordPolicy:minLength:\",\"visible\":true,\"common\":false},{\"from\":\"target:PasswordPolicy:t_p_fields\",\"to\":\"target:PasswordPolicy:notEnglish:\",\"fromPort\":\"target:PasswordPolicy:t_p_fields\",\"toPort\":\"target:PasswordPolicy:notEnglish:\",\"visible\":true,\"common\":false},{\"from\":\"target:PasswordPolicy:t_p_fields\",\"to\":\"target:PasswordPolicy:notSequence:\",\"fromPort\":\"target:PasswordPolicy:t_p_fields\",\"toPort\":\"target:PasswordPolicy:notSequence:\",\"visible\":true,\"common\":false},{\"from\":\"target:PasswordPolicy:t_p_fields\",\"to\":\"target:PasswordPolicy:notUserAttribute:\",\"fromPort\":\"target:PasswordPolicy:t_p_fields\",\"toPort\":\"target:PasswordPolicy:notUserAttribute:\",\"visible\":true,\"common\":false},{\"from\":\"target:PasswordPolicy:t_p_fields\",\"to\":\"target:PasswordPolicy:numOrAlpha:\",\"fromPort\":\"target:PasswordPolicy:t_p_fields\",\"toPort\":\"target:PasswordPolicy:numOrAlpha:\",\"visible\":true,\"common\":false},{\"from\":\"source\",\"to\":\"source:t_p_parameters\",\"fromPort\":\"source\",\"toPort\":\"source:t_p_parameters\",\"visible\":true,\"common\":false},{\"from\":\"source:t_p_parameters\",\"to\":\"source:maxLength:\",\"fromPort\":\"source:t_p_parameters\",\"toPort\":\"source:maxLength:\",\"visible\":true,\"common\":false},{\"from\":\"source:t_p_parameters\",\"to\":\"source:minDiffChars:\",\"fromPort\":\"source:t_p_parameters\",\"toPort\":\"source:minDiffChars:\",\"visible\":true,\"common\":false},{\"from\":\"source:t_p_parameters\",\"to\":\"source:minLength:\",\"fromPort\":\"source:t_p_parameters\",\"toPort\":\"source:minLength:\",\"visible\":true,\"common\":false},{\"from\":\"source:t_p_parameters\",\"to\":\"source:notSequence:\",\"fromPort\":\"source:t_p_parameters\",\"toPort\":\"source:notSequence:\",\"visible\":true,\"common\":false},{\"from\":\"source:t_p_parameters\",\"to\":\"source:notUserAttribute:\",\"fromPort\":\"source:t_p_parameters\",\"toPort\":\"source:notUserAttribute:\",\"visible\":true,\"common\":false},{\"category\":\"Mapping\",\"visible\":true,\"from\":\"source:maxLength:\",\"to\":\"target:PasswordPolicy:maxLength:\",\"fromPort\":\"source:maxLength:\",\"toPort\":\"target:PasswordPolicy:maxLength:\",\"common\":false},{\"category\":\"Mapping\",\"visible\":true,\"from\":\"source:minDiffChars:\",\"to\":\"target:PasswordPolicy:minDiffChars:\",\"fromPort\":\"source:minDiffChars:\",\"toPort\":\"target:PasswordPolicy:minDiffChars:\",\"common\":false},{\"category\":\"Mapping\",\"visible\":true,\"from\":\"source:minLength:\",\"to\":\"target:PasswordPolicy:minLength:\",\"fromPort\":\"source:minLength:\",\"toPort\":\"target:PasswordPolicy:minLength:\",\"common\":false},{\"category\":\"Mapping\",\"visible\":true,\"from\":\"source:notSequence:\",\"to\":\"target:PasswordPolicy:notSequence:\",\"fromPort\":\"source:notSequence:\",\"toPort\":\"target:PasswordPolicy:notSequence:\",\"common\":false},{\"category\":\"Mapping\",\"visible\":true,\"from\":\"source:notUserAttribute:\",\"to\":\"target:PasswordPolicy:notUserAttribute:\",\"fromPort\":\"source:notUserAttribute:\",\"toPort\":\"target:PasswordPolicy:notUserAttribute:\",\"common\":false}],\"blockCount\":{\"variableCount\":0},\"variableMap\":{},\"xmlMappingOverride\":false}",
      "requestXmlMappingOverride" : false,
      "responseXmlMappingOverride" : false,
      "disabled" : false,
      "applyCommonMapping" : false,
      "applyRequestCommonMapping" : true,
      "applyResponseCommonMapping" : false
    } ]
  },
  "enableFrontendUrl" : false,
  "customVerb" : false
}