[ {
  "name" : "active",
  "sourceFieldname" : "active",
  "description" : "active",
  "dataType" : "string",
  "hasIndex" : false,
  "unique" : false,
  "primarykey" : false,
  "namefield" : false,
  "nullable" : true,
  "custom" : false,
  "createable" : true,
  "updateable" : true,
  "audit" : false,
  "customizable" : false,
  "fieldOrder" : 1,
  "fieldProperties" : {
    "autoGenerated" : "false"
  },
  "etag" : "8e3bd713-4d70-4939-af08-aa9fe9f2e60b",
  "isExtended" : false
}, {
  "name" : "AuthenticatorType",
  "sourceFieldname" : "AuthenticatorType",
  "description" : "AuthenticatorType",
  "dataType" : "string",
  "hasIndex" : false,
  "unique" : false,
  "primarykey" : false,
  "namefield" : false,
  "nullable" : true,
  "custom" : false,
  "createable" : true,
  "updateable" : true,
  "audit" : false,
  "customizable" : false,
  "fieldOrder" : 2,
  "fieldProperties" : {
    "autoGenerated" : "false"
  },
  "etag" : "718a10c6-9712-4ff2-b1e8-7f31ea3962e8",
  "isExtended" : false
}, {
  "name" : "AuthenticatorValue",
  "sourceFieldname" : "AuthenticatorValue",
  "description" : "AuthenticatorValue",
  "dataType" : "string",
  "hasIndex" : false,
  "unique" : false,
  "primarykey" : false,
  "namefield" : false,
  "nullable" : true,
  "custom" : false,
  "createable" : true,
  "updateable" : true,
  "audit" : false,
  "customizable" : false,
  "fieldOrder" : 3,
  "fieldProperties" : {
    "autoGenerated" : "false"
  },
  "etag" : "9cd3e162-cda7-449c-bb65-ce5a4b3fa630",
  "isExtended" : false
}, {
  "name" : "id",
  "sourceFieldname" : "id",
  "description" : "id",
  "dataType" : "string",
  "hasIndex" : false,
  "unique" : false,
  "primarykey" : false,
  "namefield" : false,
  "nullable" : true,
  "custom" : false,
  "createable" : true,
  "updateable" : true,
  "audit" : false,
  "customizable" : false,
  "fieldOrder" : 4,
  "fieldProperties" : {
    "autoGenerated" : "false"
  },
  "etag" : "b3352cb6-54b7-4339-8722-09e15abbd1cd",
  "isExtended" : false
}, {
  "name" : "isPasswordRequired",
  "dataType" : "boolean",
  "hasIndex" : false,
  "unique" : false,
  "primarykey" : false,
  "namefield" : false,
  "nullable" : true,
  "custom" : true,
  "createable" : true,
  "updateable" : true,
  "audit" : false,
  "customizable" : false,
  "fieldOrder" : 7,
  "fieldProperties" : {
    "autoGenerated" : "false"
  },
  "etag" : "4cd828f5-b1ac-4297-aa7a-1a8d44b1486b",
  "isExtended" : false
}, {
  "name" : "OOB_PIN",
  "dataType" : "string",
  "hasIndex" : false,
  "unique" : false,
  "primarykey" : false,
  "namefield" : false,
  "nullable" : true,
  "custom" : true,
  "createable" : true,
  "updateable" : true,
  "audit" : false,
  "customizable" : false,
  "fieldLength" : 40,
  "fieldOrder" : 8,
  "fieldProperties" : {
    "autoGenerated" : "false"
  },
  "etag" : "e40de000-637d-42b4-9e25-de835967069a",
  "isExtended" : false
}, {
  "name" : "scimType_OTP",
  "sourceFieldname" : "scimType_OTP",
  "description" : "scimType_OTP",
  "dataType" : "string",
  "hasIndex" : false,
  "unique" : false,
  "primarykey" : false,
  "namefield" : false,
  "nullable" : true,
  "custom" : false,
  "createable" : true,
  "updateable" : true,
  "audit" : false,
  "customizable" : false,
  "fieldOrder" : 5,
  "fieldProperties" : {
    "autoGenerated" : "false"
  },
  "etag" : "386677b5-dbbd-4de4-b10b-3513c8a0afa8",
  "isExtended" : false
}, {
  "name" : "userId",
  "sourceFieldname" : "userId",
  "description" : "userId",
  "dataType" : "string",
  "hasIndex" : false,
  "unique" : true,
  "primarykey" : true,
  "namefield" : false,
  "nullable" : false,
  "custom" : false,
  "createable" : true,
  "updateable" : true,
  "audit" : false,
  "customizable" : false,
  "fieldOrder" : 6,
  "fieldProperties" : {
    "autoGenerated" : "false"
  },
  "etag" : "ea45a651-3cc0-4781-81bd-8584f64881ed",
  "isExtended" : false
} ]