{
  "version" : "1.0",
  "intSvcs" : [ {
    "name" : "ActivationCodeService",
    "version" : "2.0",
    "etag" : "9ed47eed-482b-40ef-b54f-3e268348fc44"
  }, {
    "name" : "AuthenticatorPolicy",
    "version" : "1.0",
    "etag" : "a595ef1a-3ffc-42f0-a3c2-f043664833d0"
  }, {
    "name" : "ClientAuthIdentityWrapper",
    "version" : "1.0",
    "etag" : "6e8bdb10-6051-46f8-9fc2-e76c5eb6dc5d"
  }, {
    "name" : "ClientIdentityWrapperInternal",
    "version" : "1.0",
    "etag" : "49f7bf21-3a77-4887-a0ca-1d6f525e2cab"
  }, {
    "name" : "DependencyManager",
    "version" : "1.0",
    "etag" : "95a4bed2-4030-41cb-9fbb-ef72d5127581"
  }, {
    "name" : "DeviceProvisionJava",
    "version" : "1.0",
    "etag" : "c7ceb714-c467-48ed-ad53-f32bd6ff9054"
  }, {
    "name" : "FIDO",
    "version" : "1.0",
    "etag" : "476cf464-7acc-44ee-bf75-cf8632d8a1a4"
  }, {
    "name" : "GetClientIp",
    "version" : "1.0",
    "etag" : "863a6efd-cd1d-4ac3-b8c3-848c156fc6af"
  }, {
    "name" : "GetScanToApproveQrData",
    "version" : "1.0",
    "etag" : "fee2fe48-7bb7-4053-9b7b-da634db7c89b"
  }, {
    "name" : "HIDApproveInitiation",
    "version" : "1.0",
    "etag" : "e73d9579-c769-4aad-9692-7307d22fb8fe"
  }, {
    "name" : "HIDIdentityService",
    "version" : "1.0",
    "etag" : "015ce77c-93bd-4229-ab33-d48e839c0cd2"
  }, {
    "name" : "HIDPollConsensus",
    "version" : "1.0",
    "etag" : "dca76ca1-1142-40f1-ac93-ca346c06aa3d"
  }, {
    "name" : "HIDRMS",
    "version" : "1.0",
    "etag" : "77f4b32d-3ee8-4d98-8136-12f7b26e8bae"
  }, {
    "name" : "HIDRMSAndroid",
    "version" : "1.0",
    "etag" : "f515ccb2-cf71-430f-9613-b5ad2a2ddb68"
  }, {
    "name" : "HIDRMSIOS",
    "version" : "1.0",
    "etag" : "df2b009e-5df7-44b1-b7b2-b364a1bd6920"
  }, {
    "name" : "OTPAuthServices",
    "version" : "1.0",
    "etag" : "00a78346-f483-4aaf-8382-b9786b5d1963"
  }, {
    "name" : "OTPServices",
    "version" : "1.0",
    "etag" : "c454d284-15d1-49f8-989f-dbbd849c226a"
  }, {
    "name" : "PasswordAuthServices",
    "version" : "1.0",
    "etag" : "8e334989-b45c-4a8e-8878-b2714ecf48c2"
  }, {
    "name" : "PushedAuthorizationRequest",
    "version" : "1.0",
    "etag" : "949c45a0-71c8-416b-ac4a-bf28d829745a"
  }, {
    "name" : "ResetUser",
    "version" : "1.0",
    "etag" : "04fdf73b-515c-464f-93cb-f2536e3615c3"
  }, {
    "name" : "RMSThreatMarkAPI",
    "version" : "1.0",
    "etag" : "15975e04-2b47-4966-aab0-b9c048909307"
  }, {
    "name" : "ScimAPIs",
    "version" : "1.0",
    "etag" : "cc597616-7ce3-4fbd-a9e0-c27b8ada8b1d"
  }, {
    "name" : "ScimAPIsOrg",
    "version" : "1.0",
    "etag" : "013da4e1-feed-4299-9190-ca94ddc36847"
  }, {
    "name" : "SearchServices",
    "version" : "1.0",
    "etag" : "28a70b33-8200-4393-a36b-68fae056e606"
  }, {
    "name" : "SoftTokenValidation",
    "version" : "1.0",
    "etag" : "68c53e3d-e10a-403f-a0e3-5e95993b56aa"
  }, {
    "name" : "TransactionAuthServices",
    "version" : "1.0",
    "etag" : "7b22965c-666b-428f-b0de-b5d95b5c03ba"
  } ],
  "orchSvcs" : [ {
    "name" : "AssignDevice",
    "version" : "1.0",
    "etag" : "8aa36d54-391c-4e76-802b-3c5b62689796"
  }, {
    "name" : "SearchDevices",
    "version" : "1.0",
    "etag" : "22fbd85e-bdd4-412c-b687-f06d947a534d"
  }, {
    "name" : "SearchHardwareDevice",
    "version" : "1.0",
    "etag" : "d971fd2c-a23e-41fb-af9d-76bfdaa30fd3"
  }, {
    "name" : "OnbaordingValidation",
    "version" : "2.0",
    "etag" : "29914e7e-7440-4855-9750-523e3216395a"
  }, {
    "name" : "SearchPushDevicesOrch",
    "version" : "1.0",
    "etag" : "42e67ff5-7a48-4440-b582-61980250af18"
  }, {
    "name" : "ScimApisOrch",
    "version" : "1.0",
    "etag" : "21988aa3-66e3-44cf-b3b7-f678f05f2d91"
  }, {
    "name" : "SearchAndAddHWDevice",
    "version" : "1.0",
    "etag" : "da2460de-7e19-49f1-8f35-f38d72d0d17f"
  }, {
    "name" : "PushDeviceRegistrationOrch",
    "version" : "2.0",
    "etag" : "1716d1e4-f53f-4522-933f-aa7373582cc9"
  }, {
    "name" : "FIDOOrch",
    "version" : "1.0",
    "etag" : "c5a647ee-c80f-4db4-9641-6f1ceb60f6cc"
  }, {
    "name" : "ResetUserOrch",
    "version" : "1.0",
    "etag" : "93da7aae-383f-4538-a39b-da1ca322e78f"
  } ],
  "objectSvcs" : [ {
    "name" : "HIDAuthService",
    "version" : "1.0",
    "etag" : "63a57446-83b6-4ebc-936c-8e41fa68b070"
  }, {
    "name" : "HIDObjects",
    "version" : "1.0",
    "etag" : "b15b56a5-fb8d-4c0e-acb1-82798122388b"
  }, {
    "name" : "HIDRMSService",
    "version" : "1.0",
    "etag" : "a9a82a5d-28b4-4b19-a026-e3cb105c0122"
  } ],
  "identity" : [ "ClientIdentity", "customHIDLogin" ]
}