{
  "version" : "1.0",
  "intSvcs" : [ {
    "name" : "ActivationCodeService",
    "version" : "2.0",
    "etag" : "e38adde1-8a0f-4c4c-a0d4-9c5a0ba83f02"
  }, {
    "name" : "ClientIdentityWrapperInternal",
    "version" : "1.0",
    "etag" : "81954033-53b4-4edf-b0aa-92fe2b4af576"
  }, {
    "name" : "DeviceProvisionJava",
    "version" : "1.0",
    "etag" : "c9d6c162-69c3-4f12-84e9-881bc4b6e31d"
  }, {
    "name" : "HIDApproveInitiation",
    "version" : "1.0",
    "etag" : "3f5737de-3f7e-4acf-ac8f-f85e4f47a9a3"
  }, {
    "name" : "HIDPollConsensus",
    "version" : "1.0",
    "etag" : "14c31e5b-7e06-4dff-a373-1c8efd7e3575"
  }, {
    "name" : "OTPServices",
    "version" : "1.0",
    "etag" : "589f4bc3-5c30-4ac3-a1eb-c80d9a78a267"
  }, {
    "name" : "ScimAPIs",
    "version" : "1.0",
    "etag" : "ced1dd2b-7933-4810-bc8c-110aa0d84d13"
  }, {
    "name" : "ScimAPIsOrg",
    "version" : "1.0",
    "etag" : "babf5747-4e67-4052-b01e-c6f9f7b22b69"
  }, {
    "name" : "SearchServices",
    "version" : "1.0",
    "etag" : "63b20783-accb-4584-9f51-a000b6b2cfed"
  }, {
    "name" : "TransactionAuthServices",
    "version" : "1.0",
    "etag" : "4a41ee4a-9f11-4ee4-98c2-1477f624b20d"
  } ],
  "orchSvcs" : [ {
    "name" : "ScimApisOrch",
    "version" : "1.0",
    "etag" : "30775233-8cf5-4e7e-a697-ccb2643e4078"
  }, {
    "name" : "AssignDevice",
    "version" : "2.0",
    "etag" : "b5732c98-a185-4b01-9ca3-1128798115ef"
  }, {
    "name" : "SearchHardwareDevice",
    "version" : "1.0",
    "etag" : "8a4450ad-f927-42d2-b254-564da3fd3220"
  }, {
    "name" : "PushDeviceRegistrationOrch",
    "version" : "2.0",
    "etag" : "454bc05e-269b-4414-afb9-247bb72c46db"
  }, {
    "name" : "SearchDevices",
    "version" : "1.0",
    "etag" : "c7c23be1-31fe-428c-ad68-4a7df5404676"
  }, {
    "name" : "SearchAndAddHWDevice",
    "version" : "1.0",
    "etag" : "d8c84406-a929-4495-b4f0-91fa86de4298"
  }, {
    "name" : "OnbaordingValidation",
    "version" : "2.0",
    "etag" : "8b5ca7a9-973e-4e89-92e6-6085664e2ff0"
  } ],
  "objectSvcs" : [ {
    "name" : "HIDObjects",
    "version" : "1.0",
    "etag" : "9bcdcea9-87b1-4efb-9cec-46f32bdc911c"
  } ]
}