{
  "operationConfig" : {
    "name" : "sendOTP1496",
    "type" : "MappedToBackend",
    "cachable" : false,
    "smsEnabled" : false,
    "security" : "authorized_app",
    "responseEncoding" : "UTF-8",
    "httpMethod" : "GET",
    "decodeResponseBody" : false,
    "iMapping" : "<?xml version=\"1.0\" encoding=\"UTF-8\" standalone=\"yes\"?>\n<mapper xmlns=\"http://www.kony.com/ns/mapper\">\n    <map inputpath=\"request_in\" outputpath=\"request_out\">\n        <set-param inputpath=\"AuthenticationType\" outputpath=\"AuthenticationType\"/>\n        <set-param inputpath=\"isPasswordRequired\" outputpath=\"isPasswordRequired\"/>\n        <set-param inputpath=\"password\" outputpath=\"password\"/>\n        <set-param inputpath=\"username\" outputpath=\"username\"/>\n    </map>\n</mapper>\n",
    "oMapping" : "<?xml version=\"1.0\" encoding=\"UTF-8\" standalone=\"yes\"?>\n<mapper xmlns=\"http://www.kony.com/ns/mapper\">\n    <map inputpath=\"response_in\" outputpath=\"response_out\">\n        <map inputpath=\"\" outputpath=\"OTPRequest\">\n            <exec-function name=\"kony.parse:stringToBoolean\" output=\"$vars\" outputpath=\"result\">\n                <set-arg inputpath=\"OOB_SENT\"/>\n            </exec-function>\n            <set-param inputpath=\"$vars/result\" outputpath=\"OTP_SENT\"/>\n        </map>\n    </map>\n</mapper>\n",
    "iVisualMappingData" : "{\"nodeDataArray\":[{\"isGroup\":true,\"key\":\"request_in\",\"text\":\"OTPRequest\",\"xy\":\"150 100\"},{\"isGroup\":true,\"key\":\"request_out\",\"text\":\"OTPServices (1.0).sendOOB\",\"xy\":\"770 100\"}],\"linkDataArray\":[{\"category\":\"Mapping\",\"visible\":true,\"from\":\"source:OTPRequest:username:\",\"to\":\"target:username:\",\"fromPort\":\"source:OTPRequest:username:\",\"toPort\":\"target:username:\",\"common\":false},{\"category\":\"Mapping\",\"visible\":true,\"from\":\"source:OTPRequest:AuthenticationType:\",\"to\":\"target:AuthenticationType:\",\"fromPort\":\"source:OTPRequest:AuthenticationType:\",\"toPort\":\"target:AuthenticationType:\",\"common\":false},{\"category\":\"Mapping\",\"visible\":true,\"from\":\"source:OTPRequest:password:\",\"to\":\"target:password:\",\"fromPort\":\"source:OTPRequest:password:\",\"toPort\":\"target:password:\"},{\"category\":\"Mapping\",\"visible\":true,\"from\":\"source:OTPRequest:isPasswordRequired:\",\"to\":\"target:isPasswordRequired:\",\"fromPort\":\"source:OTPRequest:isPasswordRequired:\",\"toPort\":\"target:isPasswordRequired:\"}],\"blockCount\":{\"variableCount\":0,\"chooseWhen\":1},\"variableMap\":{},\"xmlMappingOverride\":false}",
    "oVisualMappingData" : "{\"nodeDataArray\":[{\"isGroup\":true,\"key\":\"response_out\",\"text\":\"OTPRequest\",\"xy\":\"770 100\"},{\"isGroup\":true,\"key\":\"response_in\",\"text\":\"OTPServices (1.0).sendOOB\",\"xy\":\"150 100\"},{\"key\":\"block:kony.parse:stringToBoolean:1\",\"name\":\"kony.conversion:stringToBoolean\",\"text\":\"String To Boolean\",\"category\":\"functionTemplate1To1\",\"outPortId\":\"result\",\"outPortText\":\"result\",\"loc\":\"448.5 133.5\",\"visible\":true}],\"linkDataArray\":[{\"from\":\"target\",\"to\":\"target:OTPRequest\",\"fromPort\":\"target\",\"toPort\":\"target:OTPRequest\",\"visible\":true,\"common\":false},{\"from\":\"target:OTPRequest\",\"to\":\"target:OTPRequest:t_p_fields\",\"fromPort\":\"target:OTPRequest\",\"toPort\":\"target:OTPRequest:t_p_fields\",\"visible\":true,\"common\":false},{\"from\":\"target:OTPRequest:t_p_fields\",\"to\":\"target:OTPRequest:username:\",\"fromPort\":\"target:OTPRequest:t_p_fields\",\"toPort\":\"target:OTPRequest:username:\",\"visible\":true,\"common\":false},{\"from\":\"target:OTPRequest:t_p_fields\",\"to\":\"target:OTPRequest:AuthenticationType:\",\"fromPort\":\"target:OTPRequest:t_p_fields\",\"toPort\":\"target:OTPRequest:AuthenticationType:\",\"visible\":true,\"common\":false},{\"from\":\"target:OTPRequest:t_p_fields\",\"to\":\"target:OTPRequest:OTP_SENT:\",\"fromPort\":\"target:OTPRequest:t_p_fields\",\"toPort\":\"target:OTPRequest:OTP_SENT:\",\"visible\":true,\"common\":false},{\"from\":\"source\",\"to\":\"source:t_p_parameters\",\"fromPort\":\"source\",\"toPort\":\"source:t_p_parameters\",\"visible\":true,\"common\":false},{\"from\":\"source:t_p_parameters\",\"to\":\"source:OOB_SENT:\",\"fromPort\":\"source:t_p_parameters\",\"toPort\":\"source:OOB_SENT:\",\"visible\":true,\"common\":false},{\"category\":\"Mapping\",\"visible\":true,\"from\":\"source:OOB_SENT:\",\"to\":\"block:kony.parse:stringToBoolean:1\",\"fromPort\":\"source:OOB_SENT:\",\"toPort\":\"result\",\"common\":false},{\"category\":\"Mapping\",\"visible\":true,\"from\":\"block:kony.parse:stringToBoolean:1\",\"to\":\"target:OTPRequest:OTP_SENT:\",\"fromPort\":\"result\",\"toPort\":\"target:OTPRequest:OTP_SENT:\"}],\"blockCount\":{\"variableCount\":0},\"variableMap\":{},\"xmlMappingOverride\":false}",
    "applyCommonMapping" : false,
    "applyRequestCommonMapping" : false,
    "applyResponseCommonMapping" : false,
    "backendMeta" : {
      "serviceName" : "OTPServices",
      "serviceVersion" : "1.0",
      "operationName" : "sendOOB"
    },
    "relationshipHierarchyMapping" : {
      "children" : [ ],
      "name" : "OTPRequest",
      "actions" : { },
      "selected" : true
    },
    "requestXmlMappingOverride" : false,
    "responseXmlMappingOverride" : false,
    "mapperData" : [ {
      "name" : "base mapper1",
      "order" : 1,
      "iMapping" : "<?xml version=\"1.0\" encoding=\"UTF-8\" standalone=\"yes\"?>\n<mapper xmlns=\"http://www.kony.com/ns/mapper\">\n    <map inputpath=\"request_in\" outputpath=\"request_out\">\n        <set-param inputpath=\"AuthenticationType\" outputpath=\"AuthenticationType\"/>\n        <set-param inputpath=\"isPasswordRequired\" outputpath=\"isPasswordRequired\"/>\n        <set-param inputpath=\"password\" outputpath=\"password\"/>\n        <set-param inputpath=\"username\" outputpath=\"username\"/>\n    </map>\n</mapper>\n",
      "oMapping" : "<?xml version=\"1.0\" encoding=\"UTF-8\" standalone=\"yes\"?>\n<mapper xmlns=\"http://www.kony.com/ns/mapper\">\n    <map inputpath=\"response_in\" outputpath=\"response_out\">\n        <map inputpath=\"\" outputpath=\"OTPRequest\">\n            <exec-function name=\"kony.parse:stringToBoolean\" output=\"$vars\" outputpath=\"result\">\n                <set-arg inputpath=\"OOB_SENT\"/>\n            </exec-function>\n            <set-param inputpath=\"$vars/result\" outputpath=\"OTP_SENT\"/>\n        </map>\n    </map>\n</mapper>\n",
      "iVisualMappingData" : "{\"nodeDataArray\":[{\"isGroup\":true,\"key\":\"request_in\",\"text\":\"OTPRequest\",\"xy\":\"150 100\"},{\"isGroup\":true,\"key\":\"request_out\",\"text\":\"OTPServices (1.0).sendOOB\",\"xy\":\"770 100\"}],\"linkDataArray\":[{\"category\":\"Mapping\",\"visible\":true,\"from\":\"source:OTPRequest:username:\",\"to\":\"target:username:\",\"fromPort\":\"source:OTPRequest:username:\",\"toPort\":\"target:username:\",\"common\":false},{\"category\":\"Mapping\",\"visible\":true,\"from\":\"source:OTPRequest:AuthenticationType:\",\"to\":\"target:AuthenticationType:\",\"fromPort\":\"source:OTPRequest:AuthenticationType:\",\"toPort\":\"target:AuthenticationType:\",\"common\":false},{\"category\":\"Mapping\",\"visible\":true,\"from\":\"source:OTPRequest:password:\",\"to\":\"target:password:\",\"fromPort\":\"source:OTPRequest:password:\",\"toPort\":\"target:password:\"},{\"category\":\"Mapping\",\"visible\":true,\"from\":\"source:OTPRequest:isPasswordRequired:\",\"to\":\"target:isPasswordRequired:\",\"fromPort\":\"source:OTPRequest:isPasswordRequired:\",\"toPort\":\"target:isPasswordRequired:\"}],\"blockCount\":{\"variableCount\":0,\"chooseWhen\":1},\"variableMap\":{},\"xmlMappingOverride\":false}",
      "oVisualMappingData" : "{\"nodeDataArray\":[{\"isGroup\":true,\"key\":\"response_out\",\"text\":\"OTPRequest\",\"xy\":\"770 100\"},{\"isGroup\":true,\"key\":\"response_in\",\"text\":\"OTPServices (1.0).sendOOB\",\"xy\":\"150 100\"},{\"key\":\"block:kony.parse:stringToBoolean:1\",\"name\":\"kony.conversion:stringToBoolean\",\"text\":\"String To Boolean\",\"category\":\"functionTemplate1To1\",\"outPortId\":\"result\",\"outPortText\":\"result\",\"loc\":\"448.5 133.5\",\"visible\":true}],\"linkDataArray\":[{\"from\":\"target\",\"to\":\"target:OTPRequest\",\"fromPort\":\"target\",\"toPort\":\"target:OTPRequest\",\"visible\":true,\"common\":false},{\"from\":\"target:OTPRequest\",\"to\":\"target:OTPRequest:t_p_fields\",\"fromPort\":\"target:OTPRequest\",\"toPort\":\"target:OTPRequest:t_p_fields\",\"visible\":true,\"common\":false},{\"from\":\"target:OTPRequest:t_p_fields\",\"to\":\"target:OTPRequest:username:\",\"fromPort\":\"target:OTPRequest:t_p_fields\",\"toPort\":\"target:OTPRequest:username:\",\"visible\":true,\"common\":false},{\"from\":\"target:OTPRequest:t_p_fields\",\"to\":\"target:OTPRequest:AuthenticationType:\",\"fromPort\":\"target:OTPRequest:t_p_fields\",\"toPort\":\"target:OTPRequest:AuthenticationType:\",\"visible\":true,\"common\":false},{\"from\":\"target:OTPRequest:t_p_fields\",\"to\":\"target:OTPRequest:OTP_SENT:\",\"fromPort\":\"target:OTPRequest:t_p_fields\",\"toPort\":\"target:OTPRequest:OTP_SENT:\",\"visible\":true,\"common\":false},{\"from\":\"source\",\"to\":\"source:t_p_parameters\",\"fromPort\":\"source\",\"toPort\":\"source:t_p_parameters\",\"visible\":true,\"common\":false},{\"from\":\"source:t_p_parameters\",\"to\":\"source:OOB_SENT:\",\"fromPort\":\"source:t_p_parameters\",\"toPort\":\"source:OOB_SENT:\",\"visible\":true,\"common\":false},{\"category\":\"Mapping\",\"visible\":true,\"from\":\"source:OOB_SENT:\",\"to\":\"block:kony.parse:stringToBoolean:1\",\"fromPort\":\"source:OOB_SENT:\",\"toPort\":\"result\",\"common\":false},{\"category\":\"Mapping\",\"visible\":true,\"from\":\"block:kony.parse:stringToBoolean:1\",\"to\":\"target:OTPRequest:OTP_SENT:\",\"fromPort\":\"result\",\"toPort\":\"target:OTPRequest:OTP_SENT:\"}],\"blockCount\":{\"variableCount\":0},\"variableMap\":{},\"xmlMappingOverride\":false}",
      "requestXmlMappingOverride" : false,
      "responseXmlMappingOverride" : false,
      "disabled" : false,
      "applyCommonMapping" : false,
      "applyRequestCommonMapping" : false,
      "applyResponseCommonMapping" : false
    } ]
  },
  "enableFrontendUrl" : false,
  "customVerb" : false
}