{
  "operationConfig" : {
    "name" : "registerCredential8408",
    "type" : "MappedToBackend",
    "cachable" : false,
    "smsEnabled" : false,
    "security" : "authorized_app",
    "responseEncoding" : "UTF-8",
    "httpMethod" : "GET",
    "decodeResponseBody" : false,
    "iMapping" : "<?xml version=\"1.0\" encoding=\"UTF-8\" standalone=\"yes\"?>\n<mapper xmlns=\"http://www.kony.com/ns/mapper\">\n    <map inputpath=\"request_in\" outputpath=\"request_out\">\n        <set-param inputpath=\"attestationObject\" outputpath=\"attestationObject\"/>\n        <set-param inputpath=\"clientDataJSON\" outputpath=\"clientDataJSON\"/>\n        <set-param inputpath=\"csrf\" outputpath=\"csrf\"/>\n        <set-param inputpath=\"id\" outputpath=\"id\"/>\n        <set-param inputpath=\"rawId\" outputpath=\"rawId\"/>\n        <set-param inputpath=\"request_uri\" outputpath=\"request_uri\"/>\n        <set-param inputpath=\"username\" outputpath=\"username\"/>\n    </map>\n</mapper>\n",
    "oMapping" : "<?xml version=\"1.0\" encoding=\"UTF-8\" standalone=\"yes\"?>\n<mapper xmlns=\"http://www.kony.com/ns/mapper\">\n    <map inputpath=\"response_in\" outputpath=\"response_out\">\n        <map inputpath=\"\" outputpath=\"\"/>\n    </map>\n</mapper>\n",
    "iVisualMappingData" : "{\"nodeDataArray\":[{\"isGroup\":true,\"key\":\"request_in\",\"text\":\"FIDORegistration\",\"xy\":\"150 100\"},{\"isGroup\":true,\"key\":\"request_out\",\"text\":\"FIDO (1.0).registerCredential\",\"xy\":\"770 100\"}],\"linkDataArray\":[{\"category\":\"Mapping\",\"from\":\"source:FIDORegistration:request_uri:\",\"to\":\"target:request_uri:\",\"fromPort\":\"source:FIDORegistration:request_uri:\",\"toPort\":\"target:request_uri:\",\"visible\":true,\"common\":true},{\"category\":\"Mapping\",\"from\":\"source:FIDORegistration:username:\",\"to\":\"target:username:\",\"fromPort\":\"source:FIDORegistration:username:\",\"toPort\":\"target:username:\",\"visible\":true,\"common\":true},{\"category\":\"Mapping\",\"visible\":true,\"from\":\"source:FIDORegistration:id:\",\"to\":\"target:id:\",\"fromPort\":\"source:FIDORegistration:id:\",\"toPort\":\"target:id:\"},{\"category\":\"Mapping\",\"visible\":true,\"from\":\"source:FIDORegistration:rawId:\",\"to\":\"target:rawId:\",\"fromPort\":\"source:FIDORegistration:rawId:\",\"toPort\":\"target:rawId:\"},{\"category\":\"Mapping\",\"visible\":true,\"from\":\"source:FIDORegistration:clientDataJSON:\",\"to\":\"target:clientDataJSON:\",\"fromPort\":\"source:FIDORegistration:clientDataJSON:\",\"toPort\":\"target:clientDataJSON:\"},{\"category\":\"Mapping\",\"visible\":true,\"from\":\"source:FIDORegistration:csrf:\",\"to\":\"target:csrf:\",\"fromPort\":\"source:FIDORegistration:csrf:\",\"toPort\":\"target:csrf:\"},{\"category\":\"Mapping\",\"visible\":true,\"from\":\"source:FIDORegistration:attestationObject:\",\"to\":\"target:attestationObject:\",\"fromPort\":\"source:FIDORegistration:attestationObject:\",\"toPort\":\"target:attestationObject:\"}],\"blockCount\":{\"variableCount\":0},\"variableMap\":{},\"xmlMappingOverride\":false}",
    "oVisualMappingData" : "{\"nodeDataArray\":[{\"isGroup\":true,\"key\":\"response_out\",\"text\":\"FIDORegistration\",\"xy\":\"770 100\"},{\"isGroup\":true,\"key\":\"response_in\",\"text\":\"FIDO (1.0).registerCredential\",\"xy\":\"150 100\"}],\"linkDataArray\":[]}",
    "applyCommonMapping" : false,
    "applyRequestCommonMapping" : false,
    "applyResponseCommonMapping" : true,
    "backendMeta" : {
      "serviceName" : "FIDO",
      "serviceVersion" : "1.0",
      "operationName" : "registerCredential"
    },
    "relationshipHierarchyMapping" : {
      "name" : "FIDORegistration",
      "children" : [ ],
      "actions" : { },
      "selected" : true
    },
    "requestXmlMappingOverride" : false,
    "responseXmlMappingOverride" : false,
    "mapperData" : [ {
      "name" : "base mapper1",
      "order" : 1,
      "iMapping" : "<?xml version=\"1.0\" encoding=\"UTF-8\" standalone=\"yes\"?>\n<mapper xmlns=\"http://www.kony.com/ns/mapper\">\n    <map inputpath=\"request_in\" outputpath=\"request_out\">\n        <set-param inputpath=\"attestationObject\" outputpath=\"attestationObject\"/>\n        <set-param inputpath=\"clientDataJSON\" outputpath=\"clientDataJSON\"/>\n        <set-param inputpath=\"csrf\" outputpath=\"csrf\"/>\n        <set-param inputpath=\"id\" outputpath=\"id\"/>\n        <set-param inputpath=\"rawId\" outputpath=\"rawId\"/>\n        <set-param inputpath=\"request_uri\" outputpath=\"request_uri\"/>\n        <set-param inputpath=\"username\" outputpath=\"username\"/>\n    </map>\n</mapper>\n",
      "oMapping" : "<?xml version=\"1.0\" encoding=\"UTF-8\" standalone=\"yes\"?>\n<mapper xmlns=\"http://www.kony.com/ns/mapper\">\n    <map inputpath=\"response_in\" outputpath=\"response_out\">\n        <map inputpath=\"\" outputpath=\"\"/>\n    </map>\n</mapper>\n",
      "iVisualMappingData" : "{\"nodeDataArray\":[{\"isGroup\":true,\"key\":\"request_in\",\"text\":\"FIDORegistration\",\"xy\":\"150 100\"},{\"isGroup\":true,\"key\":\"request_out\",\"text\":\"FIDO (1.0).registerCredential\",\"xy\":\"770 100\"}],\"linkDataArray\":[{\"category\":\"Mapping\",\"from\":\"source:FIDORegistration:request_uri:\",\"to\":\"target:request_uri:\",\"fromPort\":\"source:FIDORegistration:request_uri:\",\"toPort\":\"target:request_uri:\",\"visible\":true,\"common\":true},{\"category\":\"Mapping\",\"from\":\"source:FIDORegistration:username:\",\"to\":\"target:username:\",\"fromPort\":\"source:FIDORegistration:username:\",\"toPort\":\"target:username:\",\"visible\":true,\"common\":true},{\"category\":\"Mapping\",\"visible\":true,\"from\":\"source:FIDORegistration:id:\",\"to\":\"target:id:\",\"fromPort\":\"source:FIDORegistration:id:\",\"toPort\":\"target:id:\"},{\"category\":\"Mapping\",\"visible\":true,\"from\":\"source:FIDORegistration:rawId:\",\"to\":\"target:rawId:\",\"fromPort\":\"source:FIDORegistration:rawId:\",\"toPort\":\"target:rawId:\"},{\"category\":\"Mapping\",\"visible\":true,\"from\":\"source:FIDORegistration:clientDataJSON:\",\"to\":\"target:clientDataJSON:\",\"fromPort\":\"source:FIDORegistration:clientDataJSON:\",\"toPort\":\"target:clientDataJSON:\"},{\"category\":\"Mapping\",\"visible\":true,\"from\":\"source:FIDORegistration:csrf:\",\"to\":\"target:csrf:\",\"fromPort\":\"source:FIDORegistration:csrf:\",\"toPort\":\"target:csrf:\"},{\"category\":\"Mapping\",\"visible\":true,\"from\":\"source:FIDORegistration:attestationObject:\",\"to\":\"target:attestationObject:\",\"fromPort\":\"source:FIDORegistration:attestationObject:\",\"toPort\":\"target:attestationObject:\"}],\"blockCount\":{\"variableCount\":0},\"variableMap\":{},\"xmlMappingOverride\":false}",
      "oVisualMappingData" : "{\"nodeDataArray\":[{\"isGroup\":true,\"key\":\"response_out\",\"text\":\"FIDORegistration\",\"xy\":\"770 100\"},{\"isGroup\":true,\"key\":\"response_in\",\"text\":\"FIDO (1.0).registerCredential\",\"xy\":\"150 100\"}],\"linkDataArray\":[]}",
      "requestXmlMappingOverride" : false,
      "responseXmlMappingOverride" : false,
      "disabled" : false,
      "applyCommonMapping" : false,
      "applyRequestCommonMapping" : false,
      "applyResponseCommonMapping" : true
    } ]
  },
  "enableFrontendUrl" : false,
  "customVerb" : false
}