{
  "version" : "1.0",
  "intSvcs" : [ {
    "name" : "Authenticator",
    "version" : "1.0",
    "etag" : "2bc6ef39-8679-42bd-abc6-98b3f2bf896f"
  }, {
    "name" : "AuthenticatorServices",
    "version" : "1.0",
    "etag" : "3cb4e90a-f476-4d23-bf35-0c266b03e4d4"
  }, {
    "name" : "ClientAuthIdentityWrapper",
    "version" : "1.0",
    "etag" : "08820ef0-6a8b-498e-a7a2-b3a4c90bdf45"
  }, {
    "name" : "ClientIdentityWrapperInternal",
    "version" : "1.0",
    "etag" : "81954033-53b4-4edf-b0aa-92fe2b4af576"
  }, {
    "name" : "OrgAdminAuthentication",
    "version" : "1.0",
    "etag" : "e4674b31-0c2a-416e-b29e-50ca5682c1a7"
  }, {
    "name" : "ScimAPIs",
    "version" : "1.0",
    "etag" : "ced1dd2b-7933-4810-bc8c-110aa0d84d13"
  }, {
    "name" : "ScimAPIsOrg",
    "version" : "1.0",
    "etag" : "babf5747-4e67-4052-b01e-c6f9f7b22b69"
  }, {
    "name" : "SearchServices",
    "version" : "1.0",
    "etag" : "63b20783-accb-4584-9f51-a000b6b2cfed"
  }, {
    "name" : "SelfServiceOrgIdentity",
    "version" : "1.0",
    "etag" : "b2f4d3e0-8ab9-47ca-93b8-a0e81b61f76a"
  }, {
    "name" : "UserAdministration",
    "version" : "1.0",
    "etag" : "337af04d-25c2-4e1d-9cc1-ded0e81db343"
  }, {
    "name" : "UserManagementService",
    "version" : "1.0",
    "etag" : "7d39645a-d107-47da-b690-28d00a40efe5"
  } ],
  "orchSvcs" : [ {
    "name" : "ResetAuthenticatorFailureCount",
    "version" : "1.0",
    "etag" : "a530b345-b7d7-42a9-b765-c9366e8fc876"
  }, {
    "name" : "OrgIdentityOrch",
    "version" : "1.0",
    "etag" : "f0987ec2-4184-4f2a-b718-39ffe19ef586"
  }, {
    "name" : "PasswordPolicyLooping",
    "version" : "1.0",
    "etag" : "b0c60f6a-a38c-4d80-811b-63086d8217b5"
  }, {
    "name" : "ResetAuthenticatorFailCount",
    "version" : "1.0",
    "etag" : "3741798b-9c2d-4786-998a-ca97ad48aa2f"
  }, {
    "name" : "ChangePassword",
    "version" : "1.0",
    "etag" : "adc07d27-3e6f-4d53-a3c0-e0ea681b52f6"
  }, {
    "name" : "DeleteMultipleAuthenticators",
    "version" : "1.0",
    "etag" : "223d6bb9-fffb-46a7-827d-89c7cd3fc699"
  }, {
    "name" : "Authenticators",
    "version" : "1.0",
    "etag" : "bc188e4d-7bd8-4246-b7f5-fe6912bd3796"
  }, {
    "name" : "UserAccountReset",
    "version" : "1.0",
    "etag" : "7d457873-c6b7-4b28-9f51-28d2308c7509"
  }, {
    "name" : "AuthenticatorOrchServices",
    "version" : "1.0",
    "etag" : "c6962ec4-3a9d-4ef7-9857-28c8e373075c"
  } ],
  "objectSvcs" : [ {
    "name" : "HIDUserAdministration",
    "version" : "1.0",
    "etag" : "2a26d1e0-a145-4a0a-8d01-7ad2b46ba27b"
  } ],
  "identity" : [ "ClientIdentity", "CustomOrgIdentity", "OrgAdminScim" ]
}