{
  "version" : "1.0",
  "intSvcs" : [ {
    "name" : "Authenticator",
    "version" : "1.0",
    "etag" : "8f8f2fd8-4055-4679-a581-944a5f10c92c"
  }, {
    "name" : "AuthenticatorServices",
    "version" : "1.0",
    "etag" : "fd15d2e6-7e59-4682-942a-5ff559afb602"
  }, {
    "name" : "ClientAuthIdentityWrapper",
    "version" : "1.0",
    "etag" : "928b5cb7-a00e-49de-84d2-234021c0dcb0"
  }, {
    "name" : "ClientIdentityWrapperInternal",
    "version" : "1.0",
    "etag" : "81954033-53b4-4edf-b0aa-92fe2b4af576"
  }, {
    "name" : "OrgAdminAuthentication",
    "version" : "1.0",
    "etag" : "e4674b31-0c2a-416e-b29e-50ca5682c1a7"
  }, {
    "name" : "ScimAPIs",
    "version" : "1.0",
    "etag" : "efd3c40f-1ae0-42fe-8875-6917119e1e98"
  }, {
    "name" : "ScimAPIsOrg",
    "version" : "1.0",
    "etag" : "babf5747-4e67-4052-b01e-c6f9f7b22b69"
  }, {
    "name" : "SearchServices",
    "version" : "1.0",
    "etag" : "974b3708-2f3b-4d47-8345-825735e64fbd"
  }, {
    "name" : "SelfServiceOrgIdentity",
    "version" : "1.0",
    "etag" : "7782e44d-18f8-46da-8693-ab2372a5ab19"
  }, {
    "name" : "UserAdministration",
    "version" : "1.0",
    "etag" : "31e56dc1-fa98-46f9-bcd0-459e9bc4cc1a"
  }, {
    "name" : "UserManagementService",
    "version" : "1.0",
    "etag" : "feb40cec-5183-4a07-bd11-cf00c376d2c2"
  } ],
  "orchSvcs" : [ {
    "name" : "ResetAuthenticatorFailureCount",
    "version" : "1.0",
    "etag" : "a530b345-b7d7-42a9-b765-c9366e8fc876"
  }, {
    "name" : "OrgIdentityOrch",
    "version" : "1.0",
    "etag" : "f0987ec2-4184-4f2a-b718-39ffe19ef586"
  }, {
    "name" : "PasswordPolicyLooping",
    "version" : "1.0",
    "etag" : "b0c60f6a-a38c-4d80-811b-63086d8217b5"
  }, {
    "name" : "ResetAuthenticatorFailCount",
    "version" : "1.0",
    "etag" : "3741798b-9c2d-4786-998a-ca97ad48aa2f"
  }, {
    "name" : "ChangePassword",
    "version" : "1.0",
    "etag" : "adc07d27-3e6f-4d53-a3c0-e0ea681b52f6"
  }, {
    "name" : "DeleteMultipleAuthenticators",
    "version" : "1.0",
    "etag" : "223d6bb9-fffb-46a7-827d-89c7cd3fc699"
  }, {
    "name" : "Authenticators",
    "version" : "1.0",
    "etag" : "bc188e4d-7bd8-4246-b7f5-fe6912bd3796"
  }, {
    "name" : "UserAccountReset",
    "version" : "1.0",
    "etag" : "7d457873-c6b7-4b28-9f51-28d2308c7509"
  }, {
    "name" : "AuthenticatorOrchServices",
    "version" : "1.0",
    "etag" : "c6962ec4-3a9d-4ef7-9857-28c8e373075c"
  } ],
  "objectSvcs" : [ {
    "name" : "HIDUserAdministration",
    "version" : "1.0",
    "etag" : "2a26d1e0-a145-4a0a-8d01-7ad2b46ba27b"
  } ],
  "identity" : [ "ClientIdentity", "CustomOrgIdentity", "OrgAdminScim" ]
}