{
  "operationConfig" : {
    "name" : "passwordValidation5855",
    "type" : "MappedToBackend",
    "cachable" : false,
    "smsEnabled" : false,
    "security" : "authorized_app_user",
    "responseEncoding" : "UTF-8",
    "httpMethod" : "GET",
    "decodeResponseBody" : false,
    "iMapping" : "<?xml version=\"1.0\" encoding=\"UTF-8\" standalone=\"yes\"?><mapper xmlns=\"http://www.kony.com/ns/mapper\">  <map inputpath=\"request_in\" outputpath=\"request_out\">    <set-param inputpath=\"authType\" outputpath=\"authType\"/>    <set-param inputpath=\"password\" outputpath=\"password\"/>    <set-param inputpath=\"username\" outputpath=\"username\"/>  </map></mapper>",
    "oMapping" : "<?xml version=\"1.0\" encoding=\"UTF-8\" standalone=\"yes\"?><mapper xmlns=\"http://www.kony.com/ns/mapper\">  <map inputpath=\"response_in\" outputpath=\"response_out\">    <map inputpath=\"\" outputpath=\"ValidatePassword\">      <set-param inputpath=\"error\" outputpath=\"error\"/>      <set-param inputpath=\"errormsg\" outputpath=\"errormsg\"/>    </map>  </map></mapper>",
    "iVisualMappingData" : "{\"nodeDataArray\":[{\"isGroup\":true,\"key\":\"request_in\",\"text\":\"ValidatePassword\",\"xy\":\"150 100\"},{\"isGroup\":true,\"key\":\"request_out\",\"text\":\"PasswordAuthServices (1.0).passwordValidation\",\"xy\":\"770 100\"}],\"linkDataArray\":[{\"from\":\"source\",\"to\":\"source:ValidatePassword\",\"fromPort\":\"source\",\"toPort\":\"source:ValidatePassword\",\"visible\":true,\"common\":false},{\"from\":\"source:ValidatePassword\",\"to\":\"source:ValidatePassword:t_p_fields\",\"fromPort\":\"source:ValidatePassword\",\"toPort\":\"source:ValidatePassword:t_p_fields\",\"visible\":true,\"common\":false},{\"from\":\"source:ValidatePassword:t_p_fields\",\"to\":\"source:ValidatePassword:username:\",\"fromPort\":\"source:ValidatePassword:t_p_fields\",\"toPort\":\"source:ValidatePassword:username:\",\"visible\":true,\"common\":false},{\"from\":\"source:ValidatePassword:t_p_fields\",\"to\":\"source:ValidatePassword:password:\",\"fromPort\":\"source:ValidatePassword:t_p_fields\",\"toPort\":\"source:ValidatePassword:password:\",\"visible\":true,\"common\":false},{\"from\":\"source:ValidatePassword:t_p_fields\",\"to\":\"source:ValidatePassword:authType:\",\"fromPort\":\"source:ValidatePassword:t_p_fields\",\"toPort\":\"source:ValidatePassword:authType:\",\"visible\":true,\"common\":false},{\"from\":\"target\",\"to\":\"target:t_p_parameters\",\"fromPort\":\"target\",\"toPort\":\"target:t_p_parameters\",\"visible\":true,\"common\":false},{\"from\":\"target:t_p_parameters\",\"to\":\"target:authType:\",\"fromPort\":\"target:t_p_parameters\",\"toPort\":\"target:authType:\",\"visible\":true,\"common\":false},{\"from\":\"target:t_p_parameters\",\"to\":\"target:password:\",\"fromPort\":\"target:t_p_parameters\",\"toPort\":\"target:password:\",\"visible\":true,\"common\":false},{\"from\":\"target:t_p_parameters\",\"to\":\"target:username:\",\"fromPort\":\"target:t_p_parameters\",\"toPort\":\"target:username:\",\"visible\":true,\"common\":false},{\"category\":\"Mapping\",\"visible\":true,\"from\":\"source:ValidatePassword:username:\",\"to\":\"target:username:\",\"fromPort\":\"source:ValidatePassword:username:\",\"toPort\":\"target:username:\"},{\"category\":\"Mapping\",\"visible\":true,\"from\":\"source:ValidatePassword:password:\",\"to\":\"target:password:\",\"fromPort\":\"source:ValidatePassword:password:\",\"toPort\":\"target:password:\"},{\"category\":\"Mapping\",\"visible\":true,\"from\":\"source:ValidatePassword:authType:\",\"to\":\"target:authType:\",\"fromPort\":\"source:ValidatePassword:authType:\",\"toPort\":\"target:authType:\"}],\"blockCount\":{\"variableCount\":0},\"variableMap\":{},\"xmlMappingOverride\":false}",
    "oVisualMappingData" : "{\"nodeDataArray\":[{\"isGroup\":true,\"key\":\"response_out\",\"text\":\"ValidatePassword\",\"xy\":\"770 100\"},{\"isGroup\":true,\"key\":\"response_in\",\"text\":\"PasswordAuthServices (1.0).passwordValidation\",\"xy\":\"150 100\"}],\"linkDataArray\":[{\"category\":\"Mapping\",\"visible\":true,\"from\":\"source:error:\",\"to\":\"target:ValidatePassword:error:\",\"fromPort\":\"source:error:\",\"toPort\":\"target:ValidatePassword:error:\"},{\"category\":\"Mapping\",\"visible\":true,\"from\":\"source:errormsg:\",\"to\":\"target:ValidatePassword:errormsg:\",\"fromPort\":\"source:errormsg:\",\"toPort\":\"target:ValidatePassword:errormsg:\"},{\"from\":\"target\",\"to\":\"target:ValidatePassword\",\"fromPort\":\"target\",\"toPort\":\"target:ValidatePassword\",\"visible\":true,\"common\":false},{\"from\":\"target:ValidatePassword\",\"to\":\"target:ValidatePassword:t_p_fields\",\"fromPort\":\"target:ValidatePassword\",\"toPort\":\"target:ValidatePassword:t_p_fields\",\"visible\":true,\"common\":false},{\"from\":\"target:ValidatePassword:t_p_fields\",\"to\":\"target:ValidatePassword:username:\",\"fromPort\":\"target:ValidatePassword:t_p_fields\",\"toPort\":\"target:ValidatePassword:username:\",\"visible\":true,\"common\":false},{\"from\":\"target:ValidatePassword:t_p_fields\",\"to\":\"target:ValidatePassword:password:\",\"fromPort\":\"target:ValidatePassword:t_p_fields\",\"toPort\":\"target:ValidatePassword:password:\",\"visible\":true,\"common\":false},{\"from\":\"target:ValidatePassword:t_p_fields\",\"to\":\"target:ValidatePassword:authType:\",\"fromPort\":\"target:ValidatePassword:t_p_fields\",\"toPort\":\"target:ValidatePassword:authType:\",\"visible\":true,\"common\":false},{\"from\":\"target:ValidatePassword:t_p_fields\",\"to\":\"target:ValidatePassword:error:\",\"fromPort\":\"target:ValidatePassword:t_p_fields\",\"toPort\":\"target:ValidatePassword:error:\",\"visible\":true,\"common\":false},{\"from\":\"target:ValidatePassword:t_p_fields\",\"to\":\"target:ValidatePassword:errormsg:\",\"fromPort\":\"target:ValidatePassword:t_p_fields\",\"toPort\":\"target:ValidatePassword:errormsg:\",\"visible\":true,\"common\":false},{\"from\":\"target:ValidatePassword:t_p_fields\",\"to\":\"target:ValidatePassword:access_token:\",\"fromPort\":\"target:ValidatePassword:t_p_fields\",\"toPort\":\"target:ValidatePassword:access_token:\",\"visible\":true,\"common\":false},{\"from\":\"source\",\"to\":\"source:t_p_parameters\",\"fromPort\":\"source\",\"toPort\":\"source:t_p_parameters\",\"visible\":true,\"common\":false},{\"from\":\"source:t_p_parameters\",\"to\":\"source:access_token:\",\"fromPort\":\"source:t_p_parameters\",\"toPort\":\"source:access_token:\",\"visible\":true,\"common\":false},{\"from\":\"source:t_p_parameters\",\"to\":\"source:error:\",\"fromPort\":\"source:t_p_parameters\",\"toPort\":\"source:error:\",\"visible\":true,\"common\":false},{\"from\":\"source:t_p_parameters\",\"to\":\"source:errormsg:\",\"fromPort\":\"source:t_p_parameters\",\"toPort\":\"source:errormsg:\",\"visible\":true,\"common\":false},{\"from\":\"source:t_p_parameters\",\"to\":\"source:expires_in:\",\"fromPort\":\"source:t_p_parameters\",\"toPort\":\"source:expires_in:\",\"visible\":true,\"common\":false},{\"from\":\"source:t_p_parameters\",\"to\":\"source:id_token:\",\"fromPort\":\"source:t_p_parameters\",\"toPort\":\"source:id_token:\",\"visible\":true,\"common\":false},{\"from\":\"source:t_p_parameters\",\"to\":\"source:token_type:\",\"fromPort\":\"source:t_p_parameters\",\"toPort\":\"source:token_type:\",\"visible\":true,\"common\":false}],\"blockCount\":{\"variableCount\":0},\"variableMap\":{},\"xmlMappingOverride\":false}",
    "applyCommonMapping" : false,
    "applyRequestCommonMapping" : false,
    "applyResponseCommonMapping" : false,
    "backendMeta" : {
      "serviceName" : "PasswordAuthServices",
      "serviceVersion" : "1.0",
      "operationName" : "passwordValidation"
    },
    "relationshipHierarchyMapping" : {
      "name" : "ValidatePassword",
      "children" : [ ],
      "actions" : { },
      "selected" : true
    },
    "requestXmlMappingOverride" : false,
    "responseXmlMappingOverride" : false,
    "mapperData" : [ {
      "name" : "base mapper1",
      "order" : 1,
      "iMapping" : "<?xml version=\"1.0\" encoding=\"UTF-8\" standalone=\"yes\"?><mapper xmlns=\"http://www.kony.com/ns/mapper\">  <map inputpath=\"request_in\" outputpath=\"request_out\">    <set-param inputpath=\"authType\" outputpath=\"authType\"/>    <set-param inputpath=\"password\" outputpath=\"password\"/>    <set-param inputpath=\"username\" outputpath=\"username\"/>  </map></mapper>",
      "oMapping" : "<?xml version=\"1.0\" encoding=\"UTF-8\" standalone=\"yes\"?><mapper xmlns=\"http://www.kony.com/ns/mapper\">  <map inputpath=\"response_in\" outputpath=\"response_out\">    <map inputpath=\"\" outputpath=\"ValidatePassword\">      <set-param inputpath=\"error\" outputpath=\"error\"/>      <set-param inputpath=\"errormsg\" outputpath=\"errormsg\"/>    </map>  </map></mapper>",
      "iVisualMappingData" : "{\"nodeDataArray\":[{\"isGroup\":true,\"key\":\"request_in\",\"text\":\"ValidatePassword\",\"xy\":\"150 100\"},{\"isGroup\":true,\"key\":\"request_out\",\"text\":\"PasswordAuthServices (1.0).passwordValidation\",\"xy\":\"770 100\"}],\"linkDataArray\":[{\"from\":\"source\",\"to\":\"source:ValidatePassword\",\"fromPort\":\"source\",\"toPort\":\"source:ValidatePassword\",\"visible\":true,\"common\":false},{\"from\":\"source:ValidatePassword\",\"to\":\"source:ValidatePassword:t_p_fields\",\"fromPort\":\"source:ValidatePassword\",\"toPort\":\"source:ValidatePassword:t_p_fields\",\"visible\":true,\"common\":false},{\"from\":\"source:ValidatePassword:t_p_fields\",\"to\":\"source:ValidatePassword:username:\",\"fromPort\":\"source:ValidatePassword:t_p_fields\",\"toPort\":\"source:ValidatePassword:username:\",\"visible\":true,\"common\":false},{\"from\":\"source:ValidatePassword:t_p_fields\",\"to\":\"source:ValidatePassword:password:\",\"fromPort\":\"source:ValidatePassword:t_p_fields\",\"toPort\":\"source:ValidatePassword:password:\",\"visible\":true,\"common\":false},{\"from\":\"source:ValidatePassword:t_p_fields\",\"to\":\"source:ValidatePassword:authType:\",\"fromPort\":\"source:ValidatePassword:t_p_fields\",\"toPort\":\"source:ValidatePassword:authType:\",\"visible\":true,\"common\":false},{\"from\":\"target\",\"to\":\"target:t_p_parameters\",\"fromPort\":\"target\",\"toPort\":\"target:t_p_parameters\",\"visible\":true,\"common\":false},{\"from\":\"target:t_p_parameters\",\"to\":\"target:authType:\",\"fromPort\":\"target:t_p_parameters\",\"toPort\":\"target:authType:\",\"visible\":true,\"common\":false},{\"from\":\"target:t_p_parameters\",\"to\":\"target:password:\",\"fromPort\":\"target:t_p_parameters\",\"toPort\":\"target:password:\",\"visible\":true,\"common\":false},{\"from\":\"target:t_p_parameters\",\"to\":\"target:username:\",\"fromPort\":\"target:t_p_parameters\",\"toPort\":\"target:username:\",\"visible\":true,\"common\":false},{\"category\":\"Mapping\",\"visible\":true,\"from\":\"source:ValidatePassword:username:\",\"to\":\"target:username:\",\"fromPort\":\"source:ValidatePassword:username:\",\"toPort\":\"target:username:\"},{\"category\":\"Mapping\",\"visible\":true,\"from\":\"source:ValidatePassword:password:\",\"to\":\"target:password:\",\"fromPort\":\"source:ValidatePassword:password:\",\"toPort\":\"target:password:\"},{\"category\":\"Mapping\",\"visible\":true,\"from\":\"source:ValidatePassword:authType:\",\"to\":\"target:authType:\",\"fromPort\":\"source:ValidatePassword:authType:\",\"toPort\":\"target:authType:\"}],\"blockCount\":{\"variableCount\":0},\"variableMap\":{},\"xmlMappingOverride\":false}",
      "oVisualMappingData" : "{\"nodeDataArray\":[{\"isGroup\":true,\"key\":\"response_out\",\"text\":\"ValidatePassword\",\"xy\":\"770 100\"},{\"isGroup\":true,\"key\":\"response_in\",\"text\":\"PasswordAuthServices (1.0).passwordValidation\",\"xy\":\"150 100\"}],\"linkDataArray\":[{\"category\":\"Mapping\",\"visible\":true,\"from\":\"source:error:\",\"to\":\"target:ValidatePassword:error:\",\"fromPort\":\"source:error:\",\"toPort\":\"target:ValidatePassword:error:\"},{\"category\":\"Mapping\",\"visible\":true,\"from\":\"source:errormsg:\",\"to\":\"target:ValidatePassword:errormsg:\",\"fromPort\":\"source:errormsg:\",\"toPort\":\"target:ValidatePassword:errormsg:\"},{\"from\":\"target\",\"to\":\"target:ValidatePassword\",\"fromPort\":\"target\",\"toPort\":\"target:ValidatePassword\",\"visible\":true,\"common\":false},{\"from\":\"target:ValidatePassword\",\"to\":\"target:ValidatePassword:t_p_fields\",\"fromPort\":\"target:ValidatePassword\",\"toPort\":\"target:ValidatePassword:t_p_fields\",\"visible\":true,\"common\":false},{\"from\":\"target:ValidatePassword:t_p_fields\",\"to\":\"target:ValidatePassword:username:\",\"fromPort\":\"target:ValidatePassword:t_p_fields\",\"toPort\":\"target:ValidatePassword:username:\",\"visible\":true,\"common\":false},{\"from\":\"target:ValidatePassword:t_p_fields\",\"to\":\"target:ValidatePassword:password:\",\"fromPort\":\"target:ValidatePassword:t_p_fields\",\"toPort\":\"target:ValidatePassword:password:\",\"visible\":true,\"common\":false},{\"from\":\"target:ValidatePassword:t_p_fields\",\"to\":\"target:ValidatePassword:authType:\",\"fromPort\":\"target:ValidatePassword:t_p_fields\",\"toPort\":\"target:ValidatePassword:authType:\",\"visible\":true,\"common\":false},{\"from\":\"target:ValidatePassword:t_p_fields\",\"to\":\"target:ValidatePassword:error:\",\"fromPort\":\"target:ValidatePassword:t_p_fields\",\"toPort\":\"target:ValidatePassword:error:\",\"visible\":true,\"common\":false},{\"from\":\"target:ValidatePassword:t_p_fields\",\"to\":\"target:ValidatePassword:errormsg:\",\"fromPort\":\"target:ValidatePassword:t_p_fields\",\"toPort\":\"target:ValidatePassword:errormsg:\",\"visible\":true,\"common\":false},{\"from\":\"target:ValidatePassword:t_p_fields\",\"to\":\"target:ValidatePassword:access_token:\",\"fromPort\":\"target:ValidatePassword:t_p_fields\",\"toPort\":\"target:ValidatePassword:access_token:\",\"visible\":true,\"common\":false},{\"from\":\"source\",\"to\":\"source:t_p_parameters\",\"fromPort\":\"source\",\"toPort\":\"source:t_p_parameters\",\"visible\":true,\"common\":false},{\"from\":\"source:t_p_parameters\",\"to\":\"source:access_token:\",\"fromPort\":\"source:t_p_parameters\",\"toPort\":\"source:access_token:\",\"visible\":true,\"common\":false},{\"from\":\"source:t_p_parameters\",\"to\":\"source:error:\",\"fromPort\":\"source:t_p_parameters\",\"toPort\":\"source:error:\",\"visible\":true,\"common\":false},{\"from\":\"source:t_p_parameters\",\"to\":\"source:errormsg:\",\"fromPort\":\"source:t_p_parameters\",\"toPort\":\"source:errormsg:\",\"visible\":true,\"common\":false},{\"from\":\"source:t_p_parameters\",\"to\":\"source:expires_in:\",\"fromPort\":\"source:t_p_parameters\",\"toPort\":\"source:expires_in:\",\"visible\":true,\"common\":false},{\"from\":\"source:t_p_parameters\",\"to\":\"source:id_token:\",\"fromPort\":\"source:t_p_parameters\",\"toPort\":\"source:id_token:\",\"visible\":true,\"common\":false},{\"from\":\"source:t_p_parameters\",\"to\":\"source:token_type:\",\"fromPort\":\"source:t_p_parameters\",\"toPort\":\"source:token_type:\",\"visible\":true,\"common\":false}],\"blockCount\":{\"variableCount\":0},\"variableMap\":{},\"xmlMappingOverride\":false}",
      "requestXmlMappingOverride" : false,
      "responseXmlMappingOverride" : false,
      "disabled" : false,
      "applyCommonMapping" : false,
      "applyRequestCommonMapping" : false,
      "applyResponseCommonMapping" : false
    } ]
  },
  "enableFrontendUrl" : false,
  "customVerb" : false
}