{
  "operationConfig" : {
    "name" : "actionSign4171",
    "type" : "MappedToBackend",
    "cachable" : false,
    "smsEnabled" : false,
    "security" : "authorized_app_user",
    "responseEncoding" : "UTF-8",
    "httpMethod" : "GET",
    "decodeResponseBody" : false,
    "iMapping" : "<?xml version=\"1.0\" encoding=\"UTF-8\" standalone=\"yes\"?><mapper xmlns=\"http://www.kony.com/ns/mapper\">  <map inputpath=\"request_in\" outputpath=\"request_out\">    <set-param inputpath=\"app_session_id\" outputpath=\"app_session_id\"/>    <set-param inputpath=\"app_user_id\" outputpath=\"app_user_id\"/>    <set-param inputpath=\"client_ip\" outputpath=\"client_ip\"/>    <set-param input=\"1\" outputpath=\"factor_index\"/>    <set-param inputpath=\"platform\" outputpath=\"platform\"/>    <set-param inputpath=\"security_item_type\" outputpath=\"security_item_type\"/>    <set-param inputpath=\"tm_action_id\" outputpath=\"tm_action_id\"/>    <set-param inputpath=\"tm_device_tag\" outputpath=\"tm_device_tag\"/>    <set-param inputpath=\"tm_session_sid\" outputpath=\"tm_session_sid\"/>  </map></mapper>",
    "oMapping" : "<?xml version=\"1.0\" encoding=\"UTF-8\" standalone=\"yes\"?>\n<mapper xmlns=\"http://www.kony.com/ns/mapper\">\n    <map inputpath=\"response_in\" outputpath=\"response_out\">\n        <map inputpath=\"\" outputpath=\"RMSActionSign\">\n            <set-param inputpath=\"error_code\" outputpath=\"error_code\"/>\n            <set-param inputpath=\"error_message\" outputpath=\"error_message\"/>\n            <set-param inputpath=\"tm_action_id\" outputpath=\"tm_action_id\"/>\n        </map>\n    </map>\n</mapper>\n",
    "iVisualMappingData" : "{\"nodeDataArray\":[{\"isGroup\":true,\"key\":\"request_in\",\"text\":\"RMSActionSign\",\"xy\":\"150 100\"},{\"isGroup\":true,\"key\":\"request_out\",\"text\":\"RMSThreatMarkAPI (1.0).actionSign\",\"xy\":\"770 100\"},{\"key\":\"block:kony.util:constant:1\",\"name\":\"kony.basic:constant\",\"text\":\"Constant\",\"category\":\"functionTemplateConstant\",\"outPortId\":\"1\",\"outPortText\":\"value\",\"loc\":\"482 129\",\"visible\":true}],\"linkDataArray\":[{\"category\":\"Mapping\",\"from\":\"source:RMSActionSign:app_session_id:\",\"to\":\"target:app_session_id:\",\"fromPort\":\"source:RMSActionSign:app_session_id:\",\"toPort\":\"target:app_session_id:\",\"visible\":true,\"common\":true},{\"category\":\"Mapping\",\"from\":\"source:RMSActionSign:app_user_id:\",\"to\":\"target:app_user_id:\",\"fromPort\":\"source:RMSActionSign:app_user_id:\",\"toPort\":\"target:app_user_id:\",\"visible\":true,\"common\":true},{\"category\":\"Mapping\",\"from\":\"source:RMSActionSign:client_ip:\",\"to\":\"target:client_ip:\",\"fromPort\":\"source:RMSActionSign:client_ip:\",\"toPort\":\"target:client_ip:\",\"visible\":true,\"common\":true},{\"category\":\"Mapping\",\"from\":\"source:RMSActionSign:security_item_type:\",\"to\":\"target:security_item_type:\",\"fromPort\":\"source:RMSActionSign:security_item_type:\",\"toPort\":\"target:security_item_type:\",\"visible\":true,\"common\":true},{\"category\":\"Mapping\",\"from\":\"source:RMSActionSign:tm_action_id:\",\"to\":\"target:tm_action_id:\",\"fromPort\":\"source:RMSActionSign:tm_action_id:\",\"toPort\":\"target:tm_action_id:\",\"visible\":true,\"common\":true},{\"category\":\"Mapping\",\"from\":\"source:RMSActionSign:tm_device_tag:\",\"to\":\"target:tm_device_tag:\",\"fromPort\":\"source:RMSActionSign:tm_device_tag:\",\"toPort\":\"target:tm_device_tag:\",\"visible\":true,\"common\":true},{\"category\":\"Mapping\",\"from\":\"source:RMSActionSign:tm_session_sid:\",\"to\":\"target:tm_session_sid:\",\"fromPort\":\"source:RMSActionSign:tm_session_sid:\",\"toPort\":\"target:tm_session_sid:\",\"visible\":true,\"common\":true},{\"category\":\"Mapping\",\"visible\":true,\"from\":\"block:kony.util:constant:1\",\"to\":\"target:factor_index:\",\"fromPort\":\"1\",\"toPort\":\"target:factor_index:\"},{\"from\":\"source\",\"to\":\"source:RMSActionSign\",\"fromPort\":\"source\",\"toPort\":\"source:RMSActionSign\",\"visible\":true,\"common\":false},{\"from\":\"source:RMSActionSign\",\"to\":\"source:RMSActionSign:t_p_fields\",\"fromPort\":\"source:RMSActionSign\",\"toPort\":\"source:RMSActionSign:t_p_fields\",\"visible\":true,\"common\":false},{\"from\":\"source:RMSActionSign:t_p_fields\",\"to\":\"source:RMSActionSign:application_id:\",\"fromPort\":\"source:RMSActionSign:t_p_fields\",\"toPort\":\"source:RMSActionSign:application_id:\",\"visible\":true,\"common\":false},{\"from\":\"source:RMSActionSign:t_p_fields\",\"to\":\"source:RMSActionSign:app_action_id:\",\"fromPort\":\"source:RMSActionSign:t_p_fields\",\"toPort\":\"source:RMSActionSign:app_action_id:\",\"visible\":true,\"common\":false},{\"from\":\"source:RMSActionSign:t_p_fields\",\"to\":\"source:RMSActionSign:app_session_id:\",\"fromPort\":\"source:RMSActionSign:t_p_fields\",\"toPort\":\"source:RMSActionSign:app_session_id:\",\"visible\":true,\"common\":false},{\"from\":\"source:RMSActionSign:t_p_fields\",\"to\":\"source:RMSActionSign:app_user_id:\",\"fromPort\":\"source:RMSActionSign:t_p_fields\",\"toPort\":\"source:RMSActionSign:app_user_id:\",\"visible\":true,\"common\":false},{\"from\":\"source:RMSActionSign:t_p_fields\",\"to\":\"source:RMSActionSign:channel_id:\",\"fromPort\":\"source:RMSActionSign:t_p_fields\",\"toPort\":\"source:RMSActionSign:channel_id:\",\"visible\":true,\"common\":false},{\"from\":\"source:RMSActionSign:t_p_fields\",\"to\":\"source:RMSActionSign:client_ip:\",\"fromPort\":\"source:RMSActionSign:t_p_fields\",\"toPort\":\"source:RMSActionSign:client_ip:\",\"visible\":true,\"common\":false},{\"from\":\"source:RMSActionSign:t_p_fields\",\"to\":\"source:RMSActionSign:error_code:\",\"fromPort\":\"source:RMSActionSign:t_p_fields\",\"toPort\":\"source:RMSActionSign:error_code:\",\"visible\":true,\"common\":false},{\"from\":\"source:RMSActionSign:t_p_fields\",\"to\":\"source:RMSActionSign:error_message:\",\"fromPort\":\"source:RMSActionSign:t_p_fields\",\"toPort\":\"source:RMSActionSign:error_message:\",\"visible\":true,\"common\":false},{\"from\":\"source:RMSActionSign:t_p_fields\",\"to\":\"source:RMSActionSign:factor_index:\",\"fromPort\":\"source:RMSActionSign:t_p_fields\",\"toPort\":\"source:RMSActionSign:factor_index:\",\"visible\":true,\"common\":false},{\"from\":\"source:RMSActionSign:t_p_fields\",\"to\":\"source:RMSActionSign:security_item_type:\",\"fromPort\":\"source:RMSActionSign:t_p_fields\",\"toPort\":\"source:RMSActionSign:security_item_type:\",\"visible\":true,\"common\":false},{\"from\":\"source:RMSActionSign:t_p_fields\",\"to\":\"source:RMSActionSign:tm_action_id:\",\"fromPort\":\"source:RMSActionSign:t_p_fields\",\"toPort\":\"source:RMSActionSign:tm_action_id:\",\"visible\":true,\"common\":false},{\"from\":\"source:RMSActionSign:t_p_fields\",\"to\":\"source:RMSActionSign:tm_device_tag:\",\"fromPort\":\"source:RMSActionSign:t_p_fields\",\"toPort\":\"source:RMSActionSign:tm_device_tag:\",\"visible\":true,\"common\":false},{\"from\":\"source:RMSActionSign:t_p_fields\",\"to\":\"source:RMSActionSign:tm_session_sid:\",\"fromPort\":\"source:RMSActionSign:t_p_fields\",\"toPort\":\"source:RMSActionSign:tm_session_sid:\",\"visible\":true,\"common\":false},{\"from\":\"source:RMSActionSign:t_p_fields\",\"to\":\"source:RMSActionSign:platform:\",\"fromPort\":\"source:RMSActionSign:t_p_fields\",\"toPort\":\"source:RMSActionSign:platform:\",\"visible\":true,\"common\":false},{\"from\":\"target\",\"to\":\"target:t_p_parameters\",\"fromPort\":\"target\",\"toPort\":\"target:t_p_parameters\",\"visible\":true,\"common\":false},{\"from\":\"target:t_p_parameters\",\"to\":\"target:app_action_id:\",\"fromPort\":\"target:t_p_parameters\",\"toPort\":\"target:app_action_id:\",\"visible\":true,\"common\":false},{\"from\":\"target:t_p_parameters\",\"to\":\"target:app_session_id:\",\"fromPort\":\"target:t_p_parameters\",\"toPort\":\"target:app_session_id:\",\"visible\":true,\"common\":false},{\"from\":\"target:t_p_parameters\",\"to\":\"target:app_user_id:\",\"fromPort\":\"target:t_p_parameters\",\"toPort\":\"target:app_user_id:\",\"visible\":true,\"common\":false},{\"from\":\"target:t_p_parameters\",\"to\":\"target:application_id:\",\"fromPort\":\"target:t_p_parameters\",\"toPort\":\"target:application_id:\",\"visible\":true,\"common\":false},{\"from\":\"target:t_p_parameters\",\"to\":\"target:channel_id:\",\"fromPort\":\"target:t_p_parameters\",\"toPort\":\"target:channel_id:\",\"visible\":true,\"common\":false},{\"from\":\"target:t_p_parameters\",\"to\":\"target:client_ip:\",\"fromPort\":\"target:t_p_parameters\",\"toPort\":\"target:client_ip:\",\"visible\":true,\"common\":false},{\"from\":\"target:t_p_parameters\",\"to\":\"target:environment_id:\",\"fromPort\":\"target:t_p_parameters\",\"toPort\":\"target:environment_id:\",\"visible\":true,\"common\":false},{\"from\":\"target:t_p_parameters\",\"to\":\"target:factor_index:\",\"fromPort\":\"target:t_p_parameters\",\"toPort\":\"target:factor_index:\",\"visible\":true,\"common\":false},{\"from\":\"target:t_p_parameters\",\"to\":\"target:platform:\",\"fromPort\":\"target:t_p_parameters\",\"toPort\":\"target:platform:\",\"visible\":true,\"common\":false},{\"from\":\"target:t_p_parameters\",\"to\":\"target:security_item_type:\",\"fromPort\":\"target:t_p_parameters\",\"toPort\":\"target:security_item_type:\",\"visible\":true,\"common\":false},{\"from\":\"target:t_p_parameters\",\"to\":\"target:tm_action_id:\",\"fromPort\":\"target:t_p_parameters\",\"toPort\":\"target:tm_action_id:\",\"visible\":true,\"common\":false},{\"from\":\"target:t_p_parameters\",\"to\":\"target:tm_device_tag:\",\"fromPort\":\"target:t_p_parameters\",\"toPort\":\"target:tm_device_tag:\",\"visible\":true,\"common\":false},{\"from\":\"target:t_p_parameters\",\"to\":\"target:tm_session_sid:\",\"fromPort\":\"target:t_p_parameters\",\"toPort\":\"target:tm_session_sid:\",\"visible\":true,\"common\":false},{\"category\":\"Mapping\",\"visible\":true,\"from\":\"source:RMSActionSign:platform:\",\"to\":\"target:platform:\",\"fromPort\":\"source:RMSActionSign:platform:\",\"toPort\":\"target:platform:\"}],\"blockCount\":{\"variableCount\":0,\"constant\":1},\"variableMap\":{},\"xmlMappingOverride\":false}",
    "oVisualMappingData" : "{\"nodeDataArray\":[{\"isGroup\":true,\"key\":\"response_out\",\"text\":\"RMSActionSign\",\"xy\":\"770 100\"},{\"isGroup\":true,\"key\":\"response_in\",\"text\":\"RMSThreatMarkAPI (1.0).actionSign\",\"xy\":\"150 100\"}],\"linkDataArray\":[{\"category\":\"Mapping\",\"from\":\"source:error_code:\",\"to\":\"target:RMSActionSign:error_code:\",\"fromPort\":\"source:error_code:\",\"toPort\":\"target:RMSActionSign:error_code:\",\"visible\":true,\"common\":true},{\"category\":\"Mapping\",\"from\":\"source:error_message:\",\"to\":\"target:RMSActionSign:error_message:\",\"fromPort\":\"source:error_message:\",\"toPort\":\"target:RMSActionSign:error_message:\",\"visible\":true,\"common\":true},{\"category\":\"Mapping\",\"from\":\"source:tm_action_id:\",\"to\":\"target:RMSActionSign:tm_action_id:\",\"fromPort\":\"source:tm_action_id:\",\"toPort\":\"target:RMSActionSign:tm_action_id:\",\"visible\":true,\"common\":true}]}",
    "applyCommonMapping" : false,
    "applyRequestCommonMapping" : false,
    "applyResponseCommonMapping" : false,
    "backendMeta" : {
      "serviceName" : "RMSThreatMarkAPI",
      "serviceVersion" : "1.0",
      "operationName" : "actionSign"
    },
    "relationshipHierarchyMapping" : {
      "name" : "RMSActionSign",
      "children" : [ ],
      "actions" : { },
      "selected" : true
    },
    "requestXmlMappingOverride" : false,
    "responseXmlMappingOverride" : false,
    "mapperData" : [ {
      "name" : "base mapper1",
      "order" : 1,
      "iMapping" : "<?xml version=\"1.0\" encoding=\"UTF-8\" standalone=\"yes\"?><mapper xmlns=\"http://www.kony.com/ns/mapper\">  <map inputpath=\"request_in\" outputpath=\"request_out\">    <set-param inputpath=\"app_session_id\" outputpath=\"app_session_id\"/>    <set-param inputpath=\"app_user_id\" outputpath=\"app_user_id\"/>    <set-param inputpath=\"client_ip\" outputpath=\"client_ip\"/>    <set-param input=\"1\" outputpath=\"factor_index\"/>    <set-param inputpath=\"platform\" outputpath=\"platform\"/>    <set-param inputpath=\"security_item_type\" outputpath=\"security_item_type\"/>    <set-param inputpath=\"tm_action_id\" outputpath=\"tm_action_id\"/>    <set-param inputpath=\"tm_device_tag\" outputpath=\"tm_device_tag\"/>    <set-param inputpath=\"tm_session_sid\" outputpath=\"tm_session_sid\"/>  </map></mapper>",
      "oMapping" : "<?xml version=\"1.0\" encoding=\"UTF-8\" standalone=\"yes\"?>\n<mapper xmlns=\"http://www.kony.com/ns/mapper\">\n    <map inputpath=\"response_in\" outputpath=\"response_out\">\n        <map inputpath=\"\" outputpath=\"RMSActionSign\">\n            <set-param inputpath=\"error_code\" outputpath=\"error_code\"/>\n            <set-param inputpath=\"error_message\" outputpath=\"error_message\"/>\n            <set-param inputpath=\"tm_action_id\" outputpath=\"tm_action_id\"/>\n        </map>\n    </map>\n</mapper>\n",
      "iVisualMappingData" : "{\"nodeDataArray\":[{\"isGroup\":true,\"key\":\"request_in\",\"text\":\"RMSActionSign\",\"xy\":\"150 100\"},{\"isGroup\":true,\"key\":\"request_out\",\"text\":\"RMSThreatMarkAPI (1.0).actionSign\",\"xy\":\"770 100\"},{\"key\":\"block:kony.util:constant:1\",\"name\":\"kony.basic:constant\",\"text\":\"Constant\",\"category\":\"functionTemplateConstant\",\"outPortId\":\"1\",\"outPortText\":\"value\",\"loc\":\"482 129\",\"visible\":true}],\"linkDataArray\":[{\"category\":\"Mapping\",\"from\":\"source:RMSActionSign:app_session_id:\",\"to\":\"target:app_session_id:\",\"fromPort\":\"source:RMSActionSign:app_session_id:\",\"toPort\":\"target:app_session_id:\",\"visible\":true,\"common\":true},{\"category\":\"Mapping\",\"from\":\"source:RMSActionSign:app_user_id:\",\"to\":\"target:app_user_id:\",\"fromPort\":\"source:RMSActionSign:app_user_id:\",\"toPort\":\"target:app_user_id:\",\"visible\":true,\"common\":true},{\"category\":\"Mapping\",\"from\":\"source:RMSActionSign:client_ip:\",\"to\":\"target:client_ip:\",\"fromPort\":\"source:RMSActionSign:client_ip:\",\"toPort\":\"target:client_ip:\",\"visible\":true,\"common\":true},{\"category\":\"Mapping\",\"from\":\"source:RMSActionSign:security_item_type:\",\"to\":\"target:security_item_type:\",\"fromPort\":\"source:RMSActionSign:security_item_type:\",\"toPort\":\"target:security_item_type:\",\"visible\":true,\"common\":true},{\"category\":\"Mapping\",\"from\":\"source:RMSActionSign:tm_action_id:\",\"to\":\"target:tm_action_id:\",\"fromPort\":\"source:RMSActionSign:tm_action_id:\",\"toPort\":\"target:tm_action_id:\",\"visible\":true,\"common\":true},{\"category\":\"Mapping\",\"from\":\"source:RMSActionSign:tm_device_tag:\",\"to\":\"target:tm_device_tag:\",\"fromPort\":\"source:RMSActionSign:tm_device_tag:\",\"toPort\":\"target:tm_device_tag:\",\"visible\":true,\"common\":true},{\"category\":\"Mapping\",\"from\":\"source:RMSActionSign:tm_session_sid:\",\"to\":\"target:tm_session_sid:\",\"fromPort\":\"source:RMSActionSign:tm_session_sid:\",\"toPort\":\"target:tm_session_sid:\",\"visible\":true,\"common\":true},{\"category\":\"Mapping\",\"visible\":true,\"from\":\"block:kony.util:constant:1\",\"to\":\"target:factor_index:\",\"fromPort\":\"1\",\"toPort\":\"target:factor_index:\"},{\"from\":\"source\",\"to\":\"source:RMSActionSign\",\"fromPort\":\"source\",\"toPort\":\"source:RMSActionSign\",\"visible\":true,\"common\":false},{\"from\":\"source:RMSActionSign\",\"to\":\"source:RMSActionSign:t_p_fields\",\"fromPort\":\"source:RMSActionSign\",\"toPort\":\"source:RMSActionSign:t_p_fields\",\"visible\":true,\"common\":false},{\"from\":\"source:RMSActionSign:t_p_fields\",\"to\":\"source:RMSActionSign:application_id:\",\"fromPort\":\"source:RMSActionSign:t_p_fields\",\"toPort\":\"source:RMSActionSign:application_id:\",\"visible\":true,\"common\":false},{\"from\":\"source:RMSActionSign:t_p_fields\",\"to\":\"source:RMSActionSign:app_action_id:\",\"fromPort\":\"source:RMSActionSign:t_p_fields\",\"toPort\":\"source:RMSActionSign:app_action_id:\",\"visible\":true,\"common\":false},{\"from\":\"source:RMSActionSign:t_p_fields\",\"to\":\"source:RMSActionSign:app_session_id:\",\"fromPort\":\"source:RMSActionSign:t_p_fields\",\"toPort\":\"source:RMSActionSign:app_session_id:\",\"visible\":true,\"common\":false},{\"from\":\"source:RMSActionSign:t_p_fields\",\"to\":\"source:RMSActionSign:app_user_id:\",\"fromPort\":\"source:RMSActionSign:t_p_fields\",\"toPort\":\"source:RMSActionSign:app_user_id:\",\"visible\":true,\"common\":false},{\"from\":\"source:RMSActionSign:t_p_fields\",\"to\":\"source:RMSActionSign:channel_id:\",\"fromPort\":\"source:RMSActionSign:t_p_fields\",\"toPort\":\"source:RMSActionSign:channel_id:\",\"visible\":true,\"common\":false},{\"from\":\"source:RMSActionSign:t_p_fields\",\"to\":\"source:RMSActionSign:client_ip:\",\"fromPort\":\"source:RMSActionSign:t_p_fields\",\"toPort\":\"source:RMSActionSign:client_ip:\",\"visible\":true,\"common\":false},{\"from\":\"source:RMSActionSign:t_p_fields\",\"to\":\"source:RMSActionSign:error_code:\",\"fromPort\":\"source:RMSActionSign:t_p_fields\",\"toPort\":\"source:RMSActionSign:error_code:\",\"visible\":true,\"common\":false},{\"from\":\"source:RMSActionSign:t_p_fields\",\"to\":\"source:RMSActionSign:error_message:\",\"fromPort\":\"source:RMSActionSign:t_p_fields\",\"toPort\":\"source:RMSActionSign:error_message:\",\"visible\":true,\"common\":false},{\"from\":\"source:RMSActionSign:t_p_fields\",\"to\":\"source:RMSActionSign:factor_index:\",\"fromPort\":\"source:RMSActionSign:t_p_fields\",\"toPort\":\"source:RMSActionSign:factor_index:\",\"visible\":true,\"common\":false},{\"from\":\"source:RMSActionSign:t_p_fields\",\"to\":\"source:RMSActionSign:security_item_type:\",\"fromPort\":\"source:RMSActionSign:t_p_fields\",\"toPort\":\"source:RMSActionSign:security_item_type:\",\"visible\":true,\"common\":false},{\"from\":\"source:RMSActionSign:t_p_fields\",\"to\":\"source:RMSActionSign:tm_action_id:\",\"fromPort\":\"source:RMSActionSign:t_p_fields\",\"toPort\":\"source:RMSActionSign:tm_action_id:\",\"visible\":true,\"common\":false},{\"from\":\"source:RMSActionSign:t_p_fields\",\"to\":\"source:RMSActionSign:tm_device_tag:\",\"fromPort\":\"source:RMSActionSign:t_p_fields\",\"toPort\":\"source:RMSActionSign:tm_device_tag:\",\"visible\":true,\"common\":false},{\"from\":\"source:RMSActionSign:t_p_fields\",\"to\":\"source:RMSActionSign:tm_session_sid:\",\"fromPort\":\"source:RMSActionSign:t_p_fields\",\"toPort\":\"source:RMSActionSign:tm_session_sid:\",\"visible\":true,\"common\":false},{\"from\":\"source:RMSActionSign:t_p_fields\",\"to\":\"source:RMSActionSign:platform:\",\"fromPort\":\"source:RMSActionSign:t_p_fields\",\"toPort\":\"source:RMSActionSign:platform:\",\"visible\":true,\"common\":false},{\"from\":\"target\",\"to\":\"target:t_p_parameters\",\"fromPort\":\"target\",\"toPort\":\"target:t_p_parameters\",\"visible\":true,\"common\":false},{\"from\":\"target:t_p_parameters\",\"to\":\"target:app_action_id:\",\"fromPort\":\"target:t_p_parameters\",\"toPort\":\"target:app_action_id:\",\"visible\":true,\"common\":false},{\"from\":\"target:t_p_parameters\",\"to\":\"target:app_session_id:\",\"fromPort\":\"target:t_p_parameters\",\"toPort\":\"target:app_session_id:\",\"visible\":true,\"common\":false},{\"from\":\"target:t_p_parameters\",\"to\":\"target:app_user_id:\",\"fromPort\":\"target:t_p_parameters\",\"toPort\":\"target:app_user_id:\",\"visible\":true,\"common\":false},{\"from\":\"target:t_p_parameters\",\"to\":\"target:application_id:\",\"fromPort\":\"target:t_p_parameters\",\"toPort\":\"target:application_id:\",\"visible\":true,\"common\":false},{\"from\":\"target:t_p_parameters\",\"to\":\"target:channel_id:\",\"fromPort\":\"target:t_p_parameters\",\"toPort\":\"target:channel_id:\",\"visible\":true,\"common\":false},{\"from\":\"target:t_p_parameters\",\"to\":\"target:client_ip:\",\"fromPort\":\"target:t_p_parameters\",\"toPort\":\"target:client_ip:\",\"visible\":true,\"common\":false},{\"from\":\"target:t_p_parameters\",\"to\":\"target:environment_id:\",\"fromPort\":\"target:t_p_parameters\",\"toPort\":\"target:environment_id:\",\"visible\":true,\"common\":false},{\"from\":\"target:t_p_parameters\",\"to\":\"target:factor_index:\",\"fromPort\":\"target:t_p_parameters\",\"toPort\":\"target:factor_index:\",\"visible\":true,\"common\":false},{\"from\":\"target:t_p_parameters\",\"to\":\"target:platform:\",\"fromPort\":\"target:t_p_parameters\",\"toPort\":\"target:platform:\",\"visible\":true,\"common\":false},{\"from\":\"target:t_p_parameters\",\"to\":\"target:security_item_type:\",\"fromPort\":\"target:t_p_parameters\",\"toPort\":\"target:security_item_type:\",\"visible\":true,\"common\":false},{\"from\":\"target:t_p_parameters\",\"to\":\"target:tm_action_id:\",\"fromPort\":\"target:t_p_parameters\",\"toPort\":\"target:tm_action_id:\",\"visible\":true,\"common\":false},{\"from\":\"target:t_p_parameters\",\"to\":\"target:tm_device_tag:\",\"fromPort\":\"target:t_p_parameters\",\"toPort\":\"target:tm_device_tag:\",\"visible\":true,\"common\":false},{\"from\":\"target:t_p_parameters\",\"to\":\"target:tm_session_sid:\",\"fromPort\":\"target:t_p_parameters\",\"toPort\":\"target:tm_session_sid:\",\"visible\":true,\"common\":false},{\"category\":\"Mapping\",\"visible\":true,\"from\":\"source:RMSActionSign:platform:\",\"to\":\"target:platform:\",\"fromPort\":\"source:RMSActionSign:platform:\",\"toPort\":\"target:platform:\"}],\"blockCount\":{\"variableCount\":0,\"constant\":1},\"variableMap\":{},\"xmlMappingOverride\":false}",
      "oVisualMappingData" : "{\"nodeDataArray\":[{\"isGroup\":true,\"key\":\"response_out\",\"text\":\"RMSActionSign\",\"xy\":\"770 100\"},{\"isGroup\":true,\"key\":\"response_in\",\"text\":\"RMSThreatMarkAPI (1.0).actionSign\",\"xy\":\"150 100\"}],\"linkDataArray\":[{\"category\":\"Mapping\",\"from\":\"source:error_code:\",\"to\":\"target:RMSActionSign:error_code:\",\"fromPort\":\"source:error_code:\",\"toPort\":\"target:RMSActionSign:error_code:\",\"visible\":true,\"common\":true},{\"category\":\"Mapping\",\"from\":\"source:error_message:\",\"to\":\"target:RMSActionSign:error_message:\",\"fromPort\":\"source:error_message:\",\"toPort\":\"target:RMSActionSign:error_message:\",\"visible\":true,\"common\":true},{\"category\":\"Mapping\",\"from\":\"source:tm_action_id:\",\"to\":\"target:RMSActionSign:tm_action_id:\",\"fromPort\":\"source:tm_action_id:\",\"toPort\":\"target:RMSActionSign:tm_action_id:\",\"visible\":true,\"common\":true}]}",
      "requestXmlMappingOverride" : false,
      "responseXmlMappingOverride" : false,
      "disabled" : false,
      "applyCommonMapping" : false,
      "applyRequestCommonMapping" : false,
      "applyResponseCommonMapping" : false
    } ]
  },
  "enableFrontendUrl" : false,
  "customVerb" : false
}