{
  "type" : "svcdriven",
  "description" : "Main Object Service for Searching an HW device using serial number.\nOnce the device is found, then a list of devices will be added to the user, and the AT_OTP authenticator will be added alongside.",
  "custom" : false,
  "junction" : false,
  "customizable" : false,
  "verbs" : {
    "searchAndAddHWDevice" : "searchAndAddHWDeviceMapping"
  },
  "entityProperties" : {
    "BatchMode" : "buffer",
    "backendMeta" : { },
    "designTimeBackendMeta" : { }
  }
}