[ {
  "name" : "activationAuthStatus",
  "sourceFieldname" : "activationAuthStatus",
  "description" : "activationAuthStatus",
  "dataType" : "string",
  "hasIndex" : false,
  "unique" : false,
  "primarykey" : false,
  "namefield" : false,
  "nullable" : true,
  "custom" : false,
  "createable" : true,
  "updateable" : true,
  "audit" : false,
  "customizable" : false,
  "fieldOrder" : 1,
  "fieldProperties" : {
    "autoGenerated" : "false"
  },
  "etag" : "59b5480f-4187-488c-9935-d625eadcc8bd",
  "isExtended" : false
}, {
  "name" : "activationCode",
  "sourceFieldname" : "activationCode",
  "description" : "activationCode",
  "dataType" : "string",
  "hasIndex" : false,
  "unique" : false,
  "primarykey" : false,
  "namefield" : false,
  "nullable" : true,
  "custom" : false,
  "createable" : true,
  "updateable" : true,
  "audit" : false,
  "customizable" : false,
  "fieldOrder" : 2,
  "fieldProperties" : {
    "autoGenerated" : "false"
  },
  "etag" : "b76bdde1-d396-411f-a4ea-fb7cb06dbb8d",
  "isExtended" : false
}, {
  "name" : "ActivationCodeError",
  "sourceFieldname" : "ActivationCodeError",
  "description" : "ActivationCodeError",
  "dataType" : "string",
  "hasIndex" : false,
  "unique" : false,
  "primarykey" : false,
  "namefield" : false,
  "nullable" : true,
  "custom" : false,
  "createable" : true,
  "updateable" : true,
  "audit" : false,
  "customizable" : false,
  "fieldOrder" : 3,
  "fieldProperties" : {
    "autoGenerated" : "false"
  },
  "etag" : "88a19a00-6529-4cf6-8d5b-d07731a13e44",
  "isExtended" : false
}, {
  "name" : "active",
  "sourceFieldname" : "active",
  "description" : "active",
  "dataType" : "string",
  "hasIndex" : false,
  "unique" : false,
  "primarykey" : false,
  "namefield" : false,
  "nullable" : true,
  "custom" : false,
  "createable" : true,
  "updateable" : true,
  "audit" : false,
  "customizable" : false,
  "fieldOrder" : 4,
  "fieldProperties" : {
    "autoGenerated" : "false"
  },
  "etag" : "6e5e75f1-0f8a-455d-897f-44b855606fc9",
  "isExtended" : false
}, {
  "name" : "Auth_Key",
  "dataType" : "string",
  "hasIndex" : false,
  "unique" : false,
  "primarykey" : false,
  "namefield" : false,
  "nullable" : true,
  "custom" : true,
  "createable" : true,
  "updateable" : true,
  "audit" : false,
  "customizable" : false,
  "fieldLength" : 40,
  "fieldOrder" : 17,
  "fieldProperties" : {
    "autoGenerated" : "false"
  },
  "etag" : "d07efc0f-94bf-4998-b471-50dcd5473d94",
  "isExtended" : false
}, {
  "name" : "authType",
  "sourceFieldname" : "authType",
  "description" : "authType",
  "dataType" : "string",
  "hasIndex" : false,
  "unique" : false,
  "primarykey" : false,
  "namefield" : false,
  "nullable" : true,
  "custom" : false,
  "createable" : true,
  "updateable" : true,
  "audit" : false,
  "customizable" : false,
  "fieldOrder" : 5,
  "fieldProperties" : {
    "autoGenerated" : "false"
  },
  "etag" : "28182ce1-fd1b-41db-9d05-ad710427520b",
  "isExtended" : false
}, {
  "name" : "consecutiveFailed",
  "sourceFieldname" : "consecutiveFailed",
  "description" : "consecutiveFailed",
  "dataType" : "number",
  "hasIndex" : false,
  "unique" : false,
  "primarykey" : false,
  "namefield" : false,
  "nullable" : true,
  "custom" : false,
  "createable" : true,
  "updateable" : true,
  "audit" : false,
  "customizable" : false,
  "fieldOrder" : 6,
  "fieldProperties" : {
    "autoGenerated" : "false"
  },
  "etag" : "c26a8acd-b112-4e82-aad5-9165e33f120a",
  "isExtended" : false
}, {
  "name" : "consecutiveSuccess",
  "sourceFieldname" : "consecutiveSuccess",
  "description" : "consecutiveSuccess",
  "dataType" : "number",
  "hasIndex" : false,
  "unique" : false,
  "primarykey" : false,
  "namefield" : false,
  "nullable" : true,
  "custom" : false,
  "createable" : true,
  "updateable" : true,
  "audit" : false,
  "customizable" : false,
  "fieldOrder" : 7,
  "fieldProperties" : {
    "autoGenerated" : "false"
  },
  "etag" : "8a4fe7df-8ec8-4e8b-9c92-650e49250eb7",
  "isExtended" : false
}, {
  "name" : "expiryDate",
  "sourceFieldname" : "expiryDate",
  "description" : "expiryDate",
  "dataType" : "string",
  "hasIndex" : false,
  "unique" : false,
  "primarykey" : false,
  "namefield" : false,
  "nullable" : true,
  "custom" : false,
  "createable" : true,
  "updateable" : true,
  "audit" : false,
  "customizable" : false,
  "fieldOrder" : 8,
  "fieldProperties" : {
    "autoGenerated" : "false"
  },
  "etag" : "90b15d7a-355e-4628-9949-490c9fc65654",
  "isExtended" : false
}, {
  "name" : "ExternalUserId",
  "dataType" : "string",
  "hasIndex" : false,
  "unique" : false,
  "primarykey" : false,
  "namefield" : false,
  "nullable" : true,
  "custom" : true,
  "createable" : true,
  "updateable" : true,
  "audit" : false,
  "customizable" : false,
  "fieldLength" : 40,
  "fieldOrder" : 16,
  "fieldProperties" : {
    "autoGenerated" : "false"
  },
  "etag" : "9ac80653-3af1-4890-94a4-a1fa773518eb",
  "isExtended" : false
}, {
  "name" : "filter",
  "sourceFieldname" : "filter",
  "description" : "filter",
  "dataType" : "string",
  "hasIndex" : false,
  "unique" : false,
  "primarykey" : false,
  "namefield" : false,
  "nullable" : true,
  "custom" : false,
  "createable" : true,
  "updateable" : true,
  "audit" : false,
  "customizable" : false,
  "fieldOrder" : 9,
  "fieldProperties" : {
    "autoGenerated" : "false"
  },
  "etag" : "83de60a2-d317-4f15-bf1a-b8d6dcf574a3",
  "isExtended" : false
}, {
  "name" : "ServErrCode",
  "sourceFieldname" : "ServErrCode",
  "description" : "ServErrCode",
  "dataType" : "string",
  "hasIndex" : false,
  "unique" : false,
  "primarykey" : false,
  "namefield" : false,
  "nullable" : true,
  "custom" : false,
  "createable" : true,
  "updateable" : true,
  "audit" : false,
  "customizable" : false,
  "fieldOrder" : 10,
  "fieldProperties" : {
    "autoGenerated" : "false"
  },
  "etag" : "415ef35b-7ccb-4a7a-8abd-41173ff02c3d",
  "isExtended" : false
}, {
  "name" : "ServErrMsg",
  "sourceFieldname" : "ServErrMsg",
  "description" : "ServErrMsg",
  "dataType" : "string",
  "hasIndex" : false,
  "unique" : false,
  "primarykey" : false,
  "namefield" : false,
  "nullable" : true,
  "custom" : false,
  "createable" : true,
  "updateable" : true,
  "audit" : false,
  "customizable" : false,
  "fieldOrder" : 11,
  "fieldProperties" : {
    "autoGenerated" : "false"
  },
  "etag" : "c3e697c8-d6c1-41e1-8bb7-29cedb3178ad",
  "isExtended" : false
}, {
  "name" : "totalResults",
  "sourceFieldname" : "totalResults",
  "description" : "totalResults",
  "dataType" : "string",
  "hasIndex" : false,
  "unique" : false,
  "primarykey" : false,
  "namefield" : false,
  "nullable" : true,
  "custom" : false,
  "createable" : true,
  "updateable" : true,
  "audit" : false,
  "customizable" : false,
  "fieldOrder" : 12,
  "fieldProperties" : {
    "autoGenerated" : "false"
  },
  "etag" : "7904778d-e565-48ff-b009-c0b3b6fc9e12",
  "isExtended" : false
}, {
  "name" : "userid",
  "sourceFieldname" : "userid",
  "description" : "userid",
  "dataType" : "string",
  "hasIndex" : false,
  "unique" : false,
  "primarykey" : false,
  "namefield" : false,
  "nullable" : true,
  "custom" : false,
  "createable" : true,
  "updateable" : true,
  "audit" : false,
  "customizable" : false,
  "fieldOrder" : 13,
  "fieldProperties" : {
    "autoGenerated" : "false"
  },
  "etag" : "4df7df70-a943-4d29-a6e3-1ce4f3d64b14",
  "isExtended" : false
}, {
  "name" : "username",
  "sourceFieldname" : "username",
  "description" : "username",
  "dataType" : "string",
  "hasIndex" : false,
  "unique" : true,
  "primarykey" : true,
  "namefield" : false,
  "nullable" : false,
  "custom" : false,
  "createable" : true,
  "updateable" : true,
  "audit" : false,
  "customizable" : false,
  "fieldOrder" : 14,
  "fieldProperties" : {
    "autoGenerated" : "false"
  },
  "etag" : "9fdc130c-1b40-413d-a9f5-0508a4ba3e29",
  "isExtended" : false
}, {
  "name" : "validationStatus",
  "sourceFieldname" : "validationStatus",
  "description" : "validationStatus",
  "dataType" : "string",
  "hasIndex" : false,
  "unique" : false,
  "primarykey" : false,
  "namefield" : false,
  "nullable" : true,
  "custom" : false,
  "createable" : true,
  "updateable" : true,
  "audit" : false,
  "customizable" : false,
  "fieldOrder" : 15,
  "fieldProperties" : {
    "autoGenerated" : "false"
  },
  "etag" : "665dfcc0-eb83-4b56-a50d-ae148b4ae2f5",
  "isExtended" : false
} ]