{
  "operationConfig" : {
    "name" : "statusPoll3011",
    "type" : "MappedToBackend",
    "cachable" : false,
    "smsEnabled" : false,
    "security" : "authorized_app",
    "responseEncoding" : "UTF-8",
    "httpMethod" : "GET",
    "decodeResponseBody" : false,
    "iMapping" : "<?xml version=\"1.0\" encoding=\"UTF-8\" standalone=\"yes\"?><mapper xmlns=\"http://www.kony.com/ns/mapper\">  <map inputpath=\"request_in\" outputpath=\"request_out\"/></mapper>",
    "oMapping" : "<?xml version=\"1.0\" encoding=\"UTF-8\" standalone=\"yes\"?><mapper xmlns=\"http://www.kony.com/ns/mapper\">  <map inputpath=\"response_in\" outputpath=\"response_out\">    <map inputpath=\"\" outputpath=\"SubmissionStatus\">      <set-param inputpath=\"requestStatus\" outputpath=\"requestStatus\"/>      <set-param inputpath=\"transactionId\" outputpath=\"transactionId\"/>    </map>  </map></mapper>",
    "iVisualMappingData" : "{\"nodeDataArray\":[{\"isGroup\":true,\"key\":\"request_in\",\"text\":\"SubmissionStatus\",\"xy\":\"150 100\"},{\"isGroup\":true,\"key\":\"request_out\",\"text\":\"IDV_POLLING (1.0).statusPoll\",\"xy\":\"770 100\"}],\"linkDataArray\":[{\"from\":\"source\",\"to\":\"source:SubmissionStatus\",\"fromPort\":\"source\",\"toPort\":\"source:SubmissionStatus\",\"visible\":true,\"common\":false},{\"from\":\"source:SubmissionStatus\",\"to\":\"source:SubmissionStatus:t_p_fields\",\"fromPort\":\"source:SubmissionStatus\",\"toPort\":\"source:SubmissionStatus:t_p_fields\",\"visible\":true,\"common\":false},{\"from\":\"source:SubmissionStatus:t_p_fields\",\"to\":\"source:SubmissionStatus:requestStatus:\",\"fromPort\":\"source:SubmissionStatus:t_p_fields\",\"toPort\":\"source:SubmissionStatus:requestStatus:\",\"visible\":true,\"common\":false},{\"from\":\"source:SubmissionStatus:t_p_fields\",\"to\":\"source:SubmissionStatus:transactionId:\",\"fromPort\":\"source:SubmissionStatus:t_p_fields\",\"toPort\":\"source:SubmissionStatus:transactionId:\",\"visible\":true,\"common\":false},{\"from\":\"source:SubmissionStatus:t_p_fields\",\"to\":\"source:SubmissionStatus:UID:\",\"fromPort\":\"source:SubmissionStatus:t_p_fields\",\"toPort\":\"source:SubmissionStatus:UID:\",\"visible\":true,\"common\":false},{\"from\":\"target\",\"to\":\"target:t_p_parameters\",\"fromPort\":\"target\",\"toPort\":\"target:t_p_parameters\",\"visible\":true,\"common\":false},{\"from\":\"target:t_p_parameters\",\"to\":\"target:UID:\",\"fromPort\":\"target:t_p_parameters\",\"toPort\":\"target:UID:\",\"visible\":true,\"common\":false}],\"blockCount\":{\"variableCount\":0},\"variableMap\":{},\"xmlMappingOverride\":false}",
    "oVisualMappingData" : "{\"nodeDataArray\":[{\"isGroup\":true,\"key\":\"response_out\",\"text\":\"SubmissionStatus\",\"xy\":\"770 100\"},{\"isGroup\":true,\"key\":\"response_in\",\"text\":\"IDV_POLLING (1.0).statusPoll\",\"xy\":\"150 100\"}],\"linkDataArray\":[{\"from\":\"target\",\"to\":\"target:SubmissionStatus\",\"fromPort\":\"target\",\"toPort\":\"target:SubmissionStatus\",\"visible\":true,\"common\":false},{\"from\":\"target:SubmissionStatus\",\"to\":\"target:SubmissionStatus:t_p_fields\",\"fromPort\":\"target:SubmissionStatus\",\"toPort\":\"target:SubmissionStatus:t_p_fields\",\"visible\":true,\"common\":false},{\"from\":\"target:SubmissionStatus:t_p_fields\",\"to\":\"target:SubmissionStatus:requestStatus:\",\"fromPort\":\"target:SubmissionStatus:t_p_fields\",\"toPort\":\"target:SubmissionStatus:requestStatus:\",\"visible\":true,\"common\":false},{\"from\":\"target:SubmissionStatus:t_p_fields\",\"to\":\"target:SubmissionStatus:transactionId:\",\"fromPort\":\"target:SubmissionStatus:t_p_fields\",\"toPort\":\"target:SubmissionStatus:transactionId:\",\"visible\":true,\"common\":false},{\"from\":\"source\",\"to\":\"source:t_p_parameters\",\"fromPort\":\"source\",\"toPort\":\"source:t_p_parameters\",\"visible\":true,\"common\":false},{\"from\":\"source:t_p_parameters\",\"to\":\"source:requestStatus:\",\"fromPort\":\"source:t_p_parameters\",\"toPort\":\"source:requestStatus:\",\"visible\":true,\"common\":false},{\"from\":\"source:t_p_parameters\",\"to\":\"source:transactionId:\",\"fromPort\":\"source:t_p_parameters\",\"toPort\":\"source:transactionId:\",\"visible\":true,\"common\":false},{\"category\":\"Mapping\",\"visible\":true,\"from\":\"source:requestStatus:\",\"to\":\"target:SubmissionStatus:requestStatus:\",\"fromPort\":\"source:requestStatus:\",\"toPort\":\"target:SubmissionStatus:requestStatus:\"},{\"category\":\"Mapping\",\"visible\":true,\"from\":\"source:transactionId:\",\"to\":\"target:SubmissionStatus:transactionId:\",\"fromPort\":\"source:transactionId:\",\"toPort\":\"target:SubmissionStatus:transactionId:\"}],\"blockCount\":{\"variableCount\":0},\"variableMap\":{},\"xmlMappingOverride\":false}",
    "applyCommonMapping" : false,
    "applyRequestCommonMapping" : false,
    "applyResponseCommonMapping" : false,
    "backendMeta" : {
      "serviceName" : "IDV_POLLING",
      "serviceVersion" : "1.0",
      "operationName" : "statusPoll"
    },
    "relationshipHierarchyMapping" : {
      "name" : "SubmissionStatus",
      "children" : [ ],
      "actions" : { },
      "selected" : true
    },
    "requestXmlMappingOverride" : false,
    "responseXmlMappingOverride" : false,
    "mapperData" : [ {
      "name" : "base mapper1",
      "order" : 1,
      "iMapping" : "<?xml version=\"1.0\" encoding=\"UTF-8\" standalone=\"yes\"?><mapper xmlns=\"http://www.kony.com/ns/mapper\">  <map inputpath=\"request_in\" outputpath=\"request_out\"/></mapper>",
      "oMapping" : "<?xml version=\"1.0\" encoding=\"UTF-8\" standalone=\"yes\"?><mapper xmlns=\"http://www.kony.com/ns/mapper\">  <map inputpath=\"response_in\" outputpath=\"response_out\">    <map inputpath=\"\" outputpath=\"SubmissionStatus\">      <set-param inputpath=\"requestStatus\" outputpath=\"requestStatus\"/>      <set-param inputpath=\"transactionId\" outputpath=\"transactionId\"/>    </map>  </map></mapper>",
      "iVisualMappingData" : "{\"nodeDataArray\":[{\"isGroup\":true,\"key\":\"request_in\",\"text\":\"SubmissionStatus\",\"xy\":\"150 100\"},{\"isGroup\":true,\"key\":\"request_out\",\"text\":\"IDV_POLLING (1.0).statusPoll\",\"xy\":\"770 100\"}],\"linkDataArray\":[{\"from\":\"source\",\"to\":\"source:SubmissionStatus\",\"fromPort\":\"source\",\"toPort\":\"source:SubmissionStatus\",\"visible\":true,\"common\":false},{\"from\":\"source:SubmissionStatus\",\"to\":\"source:SubmissionStatus:t_p_fields\",\"fromPort\":\"source:SubmissionStatus\",\"toPort\":\"source:SubmissionStatus:t_p_fields\",\"visible\":true,\"common\":false},{\"from\":\"source:SubmissionStatus:t_p_fields\",\"to\":\"source:SubmissionStatus:requestStatus:\",\"fromPort\":\"source:SubmissionStatus:t_p_fields\",\"toPort\":\"source:SubmissionStatus:requestStatus:\",\"visible\":true,\"common\":false},{\"from\":\"source:SubmissionStatus:t_p_fields\",\"to\":\"source:SubmissionStatus:transactionId:\",\"fromPort\":\"source:SubmissionStatus:t_p_fields\",\"toPort\":\"source:SubmissionStatus:transactionId:\",\"visible\":true,\"common\":false},{\"from\":\"source:SubmissionStatus:t_p_fields\",\"to\":\"source:SubmissionStatus:UID:\",\"fromPort\":\"source:SubmissionStatus:t_p_fields\",\"toPort\":\"source:SubmissionStatus:UID:\",\"visible\":true,\"common\":false},{\"from\":\"target\",\"to\":\"target:t_p_parameters\",\"fromPort\":\"target\",\"toPort\":\"target:t_p_parameters\",\"visible\":true,\"common\":false},{\"from\":\"target:t_p_parameters\",\"to\":\"target:UID:\",\"fromPort\":\"target:t_p_parameters\",\"toPort\":\"target:UID:\",\"visible\":true,\"common\":false}],\"blockCount\":{\"variableCount\":0},\"variableMap\":{},\"xmlMappingOverride\":false}",
      "oVisualMappingData" : "{\"nodeDataArray\":[{\"isGroup\":true,\"key\":\"response_out\",\"text\":\"SubmissionStatus\",\"xy\":\"770 100\"},{\"isGroup\":true,\"key\":\"response_in\",\"text\":\"IDV_POLLING (1.0).statusPoll\",\"xy\":\"150 100\"}],\"linkDataArray\":[{\"from\":\"target\",\"to\":\"target:SubmissionStatus\",\"fromPort\":\"target\",\"toPort\":\"target:SubmissionStatus\",\"visible\":true,\"common\":false},{\"from\":\"target:SubmissionStatus\",\"to\":\"target:SubmissionStatus:t_p_fields\",\"fromPort\":\"target:SubmissionStatus\",\"toPort\":\"target:SubmissionStatus:t_p_fields\",\"visible\":true,\"common\":false},{\"from\":\"target:SubmissionStatus:t_p_fields\",\"to\":\"target:SubmissionStatus:requestStatus:\",\"fromPort\":\"target:SubmissionStatus:t_p_fields\",\"toPort\":\"target:SubmissionStatus:requestStatus:\",\"visible\":true,\"common\":false},{\"from\":\"target:SubmissionStatus:t_p_fields\",\"to\":\"target:SubmissionStatus:transactionId:\",\"fromPort\":\"target:SubmissionStatus:t_p_fields\",\"toPort\":\"target:SubmissionStatus:transactionId:\",\"visible\":true,\"common\":false},{\"from\":\"source\",\"to\":\"source:t_p_parameters\",\"fromPort\":\"source\",\"toPort\":\"source:t_p_parameters\",\"visible\":true,\"common\":false},{\"from\":\"source:t_p_parameters\",\"to\":\"source:requestStatus:\",\"fromPort\":\"source:t_p_parameters\",\"toPort\":\"source:requestStatus:\",\"visible\":true,\"common\":false},{\"from\":\"source:t_p_parameters\",\"to\":\"source:transactionId:\",\"fromPort\":\"source:t_p_parameters\",\"toPort\":\"source:transactionId:\",\"visible\":true,\"common\":false},{\"category\":\"Mapping\",\"visible\":true,\"from\":\"source:requestStatus:\",\"to\":\"target:SubmissionStatus:requestStatus:\",\"fromPort\":\"source:requestStatus:\",\"toPort\":\"target:SubmissionStatus:requestStatus:\"},{\"category\":\"Mapping\",\"visible\":true,\"from\":\"source:transactionId:\",\"to\":\"target:SubmissionStatus:transactionId:\",\"fromPort\":\"source:transactionId:\",\"toPort\":\"target:SubmissionStatus:transactionId:\"}],\"blockCount\":{\"variableCount\":0},\"variableMap\":{},\"xmlMappingOverride\":false}",
      "requestXmlMappingOverride" : false,
      "responseXmlMappingOverride" : false,
      "disabled" : false,
      "applyCommonMapping" : false,
      "applyRequestCommonMapping" : false,
      "applyResponseCommonMapping" : false
    } ]
  },
  "enableFrontendUrl" : false,
  "customVerb" : false
}