{
  "operationConfig" : {
    "name" : "sendOOB4943",
    "type" : "MappedToBackend",
    "cachable" : false,
    "smsEnabled" : false,
    "security" : "authorized_app",
    "responseEncoding" : "UTF-8",
    "httpMethod" : "GET",
    "decodeResponseBody" : false,
    "iMapping" : "<?xml version=\"1.0\" encoding=\"UTF-8\" standalone=\"yes\"?>\n<mapper xmlns=\"http://www.kony.com/ns/mapper\">\n    <map inputpath=\"request_in\" outputpath=\"request_out\">\n        <set-param inputpath=\"AuthenticationType\" outputpath=\"AuthenticationType\"/>\n        <set-param inputpath=\"username\" outputpath=\"username\"/>\n    </map>\n</mapper>\n",
    "oMapping" : "<?xml version=\"1.0\" encoding=\"UTF-8\" standalone=\"yes\"?>\n<mapper xmlns=\"http://www.kony.com/ns/mapper\">\n    <map inputpath=\"response_in\" outputpath=\"response_out\">\n        <map inputpath=\"\" outputpath=\"SendOOB\">\n            <set-param inputpath=\"OOB_SENT\" outputpath=\"OOB_SENT\"/>\n        </map>\n    </map>\n</mapper>\n",
    "iVisualMappingData" : "{\"nodeDataArray\":[{\"isGroup\":true,\"key\":\"request_in\",\"text\":\"SendOOB\",\"xy\":\"391 250\"},{\"isGroup\":true,\"key\":\"request_out\",\"text\":\"OTPServices (1.0).sendOOB\",\"xy\":\"968 282\"}],\"linkDataArray\":[{\"category\":\"Mapping\",\"visible\":true,\"from\":\"source:SendOOB:AuthenticationType:\",\"to\":\"target:AuthenticationType:\",\"fromPort\":\"source:SendOOB:AuthenticationType:\",\"toPort\":\"target:AuthenticationType:\"},{\"category\":\"Mapping\",\"visible\":true,\"from\":\"source:SendOOB:username:\",\"to\":\"target:username:\",\"fromPort\":\"source:SendOOB:username:\",\"toPort\":\"target:username:\"}],\"blockCount\":{\"variableCount\":0},\"variableMap\":{},\"xmlMappingOverride\":false}",
    "oVisualMappingData" : "{\"nodeDataArray\":[{\"isGroup\":true,\"key\":\"response_out\",\"text\":\"SendOOB\",\"xy\":\"811 261\"},{\"isGroup\":true,\"key\":\"response_in\",\"text\":\"OTPServices (1.0).sendOOB\",\"xy\":\"308 346\"}],\"linkDataArray\":[{\"category\":\"Mapping\",\"visible\":true,\"from\":\"source:OOB_SENT:\",\"to\":\"target:SendOOB:OOB_SENT:\",\"fromPort\":\"source:OOB_SENT:\",\"toPort\":\"target:SendOOB:OOB_SENT:\"}],\"blockCount\":{\"variableCount\":0},\"variableMap\":{},\"xmlMappingOverride\":false}",
    "applyCommonMapping" : false,
    "applyRequestCommonMapping" : false,
    "applyResponseCommonMapping" : false,
    "backendMeta" : {
      "serviceName" : "OTPServices",
      "serviceVersion" : "1.0",
      "operationName" : "sendOOB"
    },
    "relationshipHierarchyMapping" : {
      "children" : [ ],
      "name" : "SendOOB",
      "actions" : { },
      "selected" : true
    },
    "requestXmlMappingOverride" : false,
    "responseXmlMappingOverride" : false,
    "mapperData" : [ {
      "name" : "base mapper1",
      "order" : 1,
      "iMapping" : "<?xml version=\"1.0\" encoding=\"UTF-8\" standalone=\"yes\"?>\n<mapper xmlns=\"http://www.kony.com/ns/mapper\">\n    <map inputpath=\"request_in\" outputpath=\"request_out\">\n        <set-param inputpath=\"AuthenticationType\" outputpath=\"AuthenticationType\"/>\n        <set-param inputpath=\"username\" outputpath=\"username\"/>\n    </map>\n</mapper>\n",
      "oMapping" : "<?xml version=\"1.0\" encoding=\"UTF-8\" standalone=\"yes\"?>\n<mapper xmlns=\"http://www.kony.com/ns/mapper\">\n    <map inputpath=\"response_in\" outputpath=\"response_out\">\n        <map inputpath=\"\" outputpath=\"SendOOB\">\n            <set-param inputpath=\"OOB_SENT\" outputpath=\"OOB_SENT\"/>\n        </map>\n    </map>\n</mapper>\n",
      "iVisualMappingData" : "{\"nodeDataArray\":[{\"isGroup\":true,\"key\":\"request_in\",\"text\":\"SendOOB\",\"xy\":\"391 250\"},{\"isGroup\":true,\"key\":\"request_out\",\"text\":\"OTPServices (1.0).sendOOB\",\"xy\":\"968 282\"}],\"linkDataArray\":[{\"category\":\"Mapping\",\"visible\":true,\"from\":\"source:SendOOB:AuthenticationType:\",\"to\":\"target:AuthenticationType:\",\"fromPort\":\"source:SendOOB:AuthenticationType:\",\"toPort\":\"target:AuthenticationType:\"},{\"category\":\"Mapping\",\"visible\":true,\"from\":\"source:SendOOB:username:\",\"to\":\"target:username:\",\"fromPort\":\"source:SendOOB:username:\",\"toPort\":\"target:username:\"}],\"blockCount\":{\"variableCount\":0},\"variableMap\":{},\"xmlMappingOverride\":false}",
      "oVisualMappingData" : "{\"nodeDataArray\":[{\"isGroup\":true,\"key\":\"response_out\",\"text\":\"SendOOB\",\"xy\":\"811 261\"},{\"isGroup\":true,\"key\":\"response_in\",\"text\":\"OTPServices (1.0).sendOOB\",\"xy\":\"308 346\"}],\"linkDataArray\":[{\"category\":\"Mapping\",\"visible\":true,\"from\":\"source:OOB_SENT:\",\"to\":\"target:SendOOB:OOB_SENT:\",\"fromPort\":\"source:OOB_SENT:\",\"toPort\":\"target:SendOOB:OOB_SENT:\"}],\"blockCount\":{\"variableCount\":0},\"variableMap\":{},\"xmlMappingOverride\":false}",
      "requestXmlMappingOverride" : false,
      "responseXmlMappingOverride" : false,
      "disabled" : false,
      "applyCommonMapping" : false,
      "applyRequestCommonMapping" : false,
      "applyResponseCommonMapping" : false
    } ]
  },
  "enableFrontendUrl" : false,
  "customVerb" : false
}