{
  "operationConfig" : {
    "name" : "signatureValiation1651",
    "type" : "MappedToBackend",
    "cachable" : false,
    "smsEnabled" : false,
    "security" : "authorized_app",
    "responseEncoding" : "UTF-8",
    "httpMethod" : "GET",
    "decodeResponseBody" : false,
    "iMapping" : "<?xml version=\"1.0\" encoding=\"UTF-8\" standalone=\"yes\"?>\n<mapper xmlns=\"http://www.kony.com/ns/mapper\">\n    <map inputpath=\"request_in\" outputpath=\"request_out\">\n        <set-param inputpath=\"authType\" outputpath=\"authType\"/>\n        <set-param inputpath=\"client_id\" outputpath=\"client_id\"/>\n        <set-param inputpath=\"content\" outputpath=\"content\"/>\n        <set-param inputpath=\"password\" outputpath=\"password\"/>\n        <set-param inputpath=\"username\" outputpath=\"username\"/>\n    </map>\n</mapper>\n",
    "oMapping" : "<?xml version=\"1.0\" encoding=\"UTF-8\" standalone=\"yes\"?>\n<mapper xmlns=\"http://www.kony.com/ns/mapper\">\n    <map inputpath=\"response_in\" outputpath=\"response_out\">\n        <map inputpath=\"\" outputpath=\"SignatureValidation\">\n            <set-param inputpath=\"access_token\" outputpath=\"access_token\"/>\n            <set-param inputpath=\"error_description\" outputpath=\"error_description\"/>\n        </map>\n    </map>\n</mapper>\n",
    "iVisualMappingData" : "{\"nodeDataArray\":[{\"isGroup\":true,\"key\":\"request_in\",\"text\":\"SignatureValidation\",\"xy\":\"150 100\"},{\"isGroup\":true,\"key\":\"request_out\",\"text\":\"HIDChallengeValidationService (1.0).signatureValiation\",\"xy\":\"770 100\"}],\"linkDataArray\":[{\"category\":\"Mapping\",\"visible\":true,\"from\":\"source:SignatureValidation:authType:\",\"to\":\"target:authType:\",\"fromPort\":\"source:SignatureValidation:authType:\",\"toPort\":\"target:authType:\"},{\"category\":\"Mapping\",\"visible\":true,\"from\":\"source:SignatureValidation:username:\",\"to\":\"target:username:\",\"fromPort\":\"source:SignatureValidation:username:\",\"toPort\":\"target:username:\"},{\"category\":\"Mapping\",\"visible\":true,\"from\":\"source:SignatureValidation:password:\",\"to\":\"target:password:\",\"fromPort\":\"source:SignatureValidation:password:\",\"toPort\":\"target:password:\"},{\"category\":\"Mapping\",\"visible\":true,\"from\":\"source:SignatureValidation:content:\",\"to\":\"target:content:\",\"fromPort\":\"source:SignatureValidation:content:\",\"toPort\":\"target:content:\"},{\"category\":\"Mapping\",\"visible\":true,\"from\":\"source:SignatureValidation:client_id:\",\"to\":\"target:client_id:\",\"fromPort\":\"source:SignatureValidation:client_id:\",\"toPort\":\"target:client_id:\"}],\"blockCount\":{\"variableCount\":0},\"variableMap\":{},\"xmlMappingOverride\":false}",
    "oVisualMappingData" : "{\"nodeDataArray\":[{\"isGroup\":true,\"key\":\"response_out\",\"text\":\"SignatureValidation\",\"xy\":\"770 100\"},{\"isGroup\":true,\"key\":\"response_in\",\"text\":\"HIDChallengeValidationService (1.0).signatureValiation\",\"xy\":\"150 100\"}],\"linkDataArray\":[{\"category\":\"Mapping\",\"visible\":true,\"from\":\"source:access_token:\",\"to\":\"target:SignatureValidation:access_token:\",\"fromPort\":\"source:access_token:\",\"toPort\":\"target:SignatureValidation:access_token:\"},{\"category\":\"Mapping\",\"visible\":true,\"from\":\"source:error_description:\",\"to\":\"target:SignatureValidation:error_description:\",\"fromPort\":\"source:error_description:\",\"toPort\":\"target:SignatureValidation:error_description:\"}],\"blockCount\":{\"variableCount\":0},\"variableMap\":{},\"xmlMappingOverride\":false}",
    "applyCommonMapping" : false,
    "applyRequestCommonMapping" : false,
    "applyResponseCommonMapping" : false,
    "backendMeta" : {
      "serviceName" : "HIDChallengeValidationService",
      "serviceVersion" : "1.0",
      "operationName" : "signatureValiation"
    },
    "relationshipHierarchyMapping" : {
      "children" : [ ],
      "name" : "SignatureValidation",
      "actions" : { },
      "selected" : true
    },
    "requestXmlMappingOverride" : false,
    "responseXmlMappingOverride" : false,
    "mapperData" : [ {
      "name" : "base mapper1",
      "order" : 1,
      "iMapping" : "<?xml version=\"1.0\" encoding=\"UTF-8\" standalone=\"yes\"?>\n<mapper xmlns=\"http://www.kony.com/ns/mapper\">\n    <map inputpath=\"request_in\" outputpath=\"request_out\">\n        <set-param inputpath=\"authType\" outputpath=\"authType\"/>\n        <set-param inputpath=\"client_id\" outputpath=\"client_id\"/>\n        <set-param inputpath=\"content\" outputpath=\"content\"/>\n        <set-param inputpath=\"password\" outputpath=\"password\"/>\n        <set-param inputpath=\"username\" outputpath=\"username\"/>\n    </map>\n</mapper>\n",
      "oMapping" : "<?xml version=\"1.0\" encoding=\"UTF-8\" standalone=\"yes\"?>\n<mapper xmlns=\"http://www.kony.com/ns/mapper\">\n    <map inputpath=\"response_in\" outputpath=\"response_out\">\n        <map inputpath=\"\" outputpath=\"SignatureValidation\">\n            <set-param inputpath=\"access_token\" outputpath=\"access_token\"/>\n            <set-param inputpath=\"error_description\" outputpath=\"error_description\"/>\n        </map>\n    </map>\n</mapper>\n",
      "iVisualMappingData" : "{\"nodeDataArray\":[{\"isGroup\":true,\"key\":\"request_in\",\"text\":\"SignatureValidation\",\"xy\":\"150 100\"},{\"isGroup\":true,\"key\":\"request_out\",\"text\":\"HIDChallengeValidationService (1.0).signatureValiation\",\"xy\":\"770 100\"}],\"linkDataArray\":[{\"category\":\"Mapping\",\"visible\":true,\"from\":\"source:SignatureValidation:authType:\",\"to\":\"target:authType:\",\"fromPort\":\"source:SignatureValidation:authType:\",\"toPort\":\"target:authType:\"},{\"category\":\"Mapping\",\"visible\":true,\"from\":\"source:SignatureValidation:username:\",\"to\":\"target:username:\",\"fromPort\":\"source:SignatureValidation:username:\",\"toPort\":\"target:username:\"},{\"category\":\"Mapping\",\"visible\":true,\"from\":\"source:SignatureValidation:password:\",\"to\":\"target:password:\",\"fromPort\":\"source:SignatureValidation:password:\",\"toPort\":\"target:password:\"},{\"category\":\"Mapping\",\"visible\":true,\"from\":\"source:SignatureValidation:content:\",\"to\":\"target:content:\",\"fromPort\":\"source:SignatureValidation:content:\",\"toPort\":\"target:content:\"},{\"category\":\"Mapping\",\"visible\":true,\"from\":\"source:SignatureValidation:client_id:\",\"to\":\"target:client_id:\",\"fromPort\":\"source:SignatureValidation:client_id:\",\"toPort\":\"target:client_id:\"}],\"blockCount\":{\"variableCount\":0},\"variableMap\":{},\"xmlMappingOverride\":false}",
      "oVisualMappingData" : "{\"nodeDataArray\":[{\"isGroup\":true,\"key\":\"response_out\",\"text\":\"SignatureValidation\",\"xy\":\"770 100\"},{\"isGroup\":true,\"key\":\"response_in\",\"text\":\"HIDChallengeValidationService (1.0).signatureValiation\",\"xy\":\"150 100\"}],\"linkDataArray\":[{\"category\":\"Mapping\",\"visible\":true,\"from\":\"source:access_token:\",\"to\":\"target:SignatureValidation:access_token:\",\"fromPort\":\"source:access_token:\",\"toPort\":\"target:SignatureValidation:access_token:\"},{\"category\":\"Mapping\",\"visible\":true,\"from\":\"source:error_description:\",\"to\":\"target:SignatureValidation:error_description:\",\"fromPort\":\"source:error_description:\",\"toPort\":\"target:SignatureValidation:error_description:\"}],\"blockCount\":{\"variableCount\":0},\"variableMap\":{},\"xmlMappingOverride\":false}",
      "requestXmlMappingOverride" : false,
      "responseXmlMappingOverride" : false,
      "disabled" : false,
      "applyCommonMapping" : false,
      "applyRequestCommonMapping" : false,
      "applyResponseCommonMapping" : false
    } ]
  },
  "enableFrontendUrl" : false
}