[ {
  "name" : "attestation",
  "sourceFieldname" : "attestation",
  "description" : "attestation",
  "dataType" : "string",
  "hasIndex" : false,
  "unique" : false,
  "primarykey" : false,
  "namefield" : false,
  "nullable" : true,
  "custom" : false,
  "createable" : true,
  "updateable" : true,
  "audit" : false,
  "customizable" : false,
  "fieldOrder" : 0,
  "fieldProperties" : {
    "autoGenerated" : "false"
  },
  "etag" : "781c91eb-3192-41b9-87c6-0db59a488691",
  "isExtended" : false
}, {
  "name" : "challenge",
  "sourceFieldname" : "challenge",
  "description" : "challenge",
  "dataType" : "string",
  "hasIndex" : false,
  "unique" : false,
  "primarykey" : false,
  "namefield" : false,
  "nullable" : true,
  "custom" : false,
  "createable" : true,
  "updateable" : true,
  "audit" : false,
  "customizable" : false,
  "fieldOrder" : 0,
  "fieldProperties" : {
    "autoGenerated" : "false"
  },
  "etag" : "fa7029bd-3368-4e75-9bec-62e35ea92137",
  "isExtended" : false
} ]