[ {
  "name" : "AuthenticationType",
  "sourceFieldname" : "AuthenticationType",
  "description" : "AuthenticationType",
  "dataType" : "enum",
  "hasIndex" : false,
  "unique" : false,
  "primarykey" : false,
  "namefield" : false,
  "nullable" : true,
  "custom" : false,
  "createable" : true,
  "updateable" : true,
  "audit" : false,
  "customizable" : false,
  "fieldOrder" : 2,
  "fieldProperties" : {
    "autoGenerated" : "false",
    "enumValues" : "[\"AT_OOBSMS\",\"AT_OOBEML\"]"
  },
  "etag" : "964c423a-0115-4884-8e18-1a0bec96ead1",
  "isExtended" : false
}, {
  "name" : "OTP_SENT",
  "sourceFieldname" : "OOB_SENT",
  "description" : "OOB_SENT",
  "dataType" : "boolean",
  "hasIndex" : false,
  "unique" : false,
  "primarykey" : false,
  "namefield" : false,
  "nullable" : true,
  "custom" : false,
  "createable" : true,
  "updateable" : true,
  "audit" : false,
  "customizable" : false,
  "fieldOrder" : 3,
  "fieldProperties" : {
    "autoGenerated" : "false"
  },
  "etag" : "83978169-f75c-42c9-a38f-30e3982ebcd6",
  "isExtended" : false
}, {
  "name" : "username",
  "sourceFieldname" : "username",
  "description" : "username",
  "dataType" : "string",
  "hasIndex" : false,
  "unique" : true,
  "primarykey" : true,
  "namefield" : false,
  "nullable" : false,
  "custom" : false,
  "createable" : true,
  "updateable" : true,
  "audit" : false,
  "customizable" : false,
  "fieldOrder" : 1,
  "fieldProperties" : {
    "autoGenerated" : "false"
  },
  "etag" : "c2619bb0-d8e7-4ad4-a384-78973bc0212d",
  "isExtended" : false
} ]