{
  "version" : "1.0",
  "intSvcs" : [ {
    "name" : "ActivationCodeService",
    "version" : "2.0",
    "etag" : "e071da7c-5164-4d73-9bbd-a12814324659"
  }, {
    "name" : "ClientAuthIdentityWrapper",
    "version" : "1.0",
    "etag" : "1f97b6c3-13e8-4b60-94cf-f6fdefcdb215"
  }, {
    "name" : "ClientIdentityWrapperInternal",
    "version" : "1.0",
    "etag" : "81954033-53b4-4edf-b0aa-92fe2b4af576"
  }, {
    "name" : "CustomFactorValidation",
    "version" : "1.0",
    "etag" : "04fb6910-0805-47cc-a4cf-a946dc58e676"
  }, {
    "name" : "CustomMFASelector",
    "version" : "1.0",
    "etag" : "3f6117c2-c963-43b6-8bd5-78c42af0f701"
  }, {
    "name" : "DependencyManager",
    "version" : "1.0",
    "etag" : "95a4bed2-4030-41cb-9fbb-ef72d5127581"
  }, {
    "name" : "DeviceProvisionJava",
    "version" : "1.0",
    "etag" : "c9d6c162-69c3-4f12-84e9-881bc4b6e31d"
  }, {
    "name" : "HIDApproveInitiation",
    "version" : "1.0",
    "etag" : "3f5737de-3f7e-4acf-ac8f-f85e4f47a9a3"
  }, {
    "name" : "HIDPollConsensus",
    "version" : "1.0",
    "etag" : "14c31e5b-7e06-4dff-a373-1c8efd7e3575"
  }, {
    "name" : "HIDRMS",
    "version" : "1.0",
    "etag" : "9df5f6fb-51f8-4e07-885a-74adff89e3db"
  }, {
    "name" : "OTPAuthServices",
    "version" : "1.0",
    "etag" : "4a1eb2e6-05af-4a2f-8c46-5d73d3774544"
  }, {
    "name" : "OTPServices",
    "version" : "1.0",
    "etag" : "589f4bc3-5c30-4ac3-a1eb-c80d9a78a267"
  }, {
    "name" : "PasswordAuthServices",
    "version" : "1.0",
    "etag" : "deaa64c0-bf16-4a0a-b039-566264a5b901"
  }, {
    "name" : "RMSThreatMarkAPI",
    "version" : "1.0",
    "etag" : "92c0e6af-2c77-47e2-8c1f-5d8221b1e1ab"
  }, {
    "name" : "ScimAPIs",
    "version" : "1.0",
    "etag" : "ced1dd2b-7933-4810-bc8c-110aa0d84d13"
  }, {
    "name" : "ScimAPIsOrg",
    "version" : "1.0",
    "etag" : "babf5747-4e67-4052-b01e-c6f9f7b22b69"
  }, {
    "name" : "SearchServices",
    "version" : "1.0",
    "etag" : "63b20783-accb-4584-9f51-a000b6b2cfed"
  }, {
    "name" : "SendOTPService",
    "version" : "1.0",
    "etag" : "a87b1bb8-53a5-4202-863a-9fdb99515b76"
  }, {
    "name" : "TransactionAuthServices",
    "version" : "1.0",
    "etag" : "4a41ee4a-9f11-4ee4-98c2-1477f624b20d"
  }, {
    "name" : "UserIdentityAttributes",
    "version" : "1.0",
    "etag" : "230e3768-1c63-4ae8-8021-5645937c74d8"
  } ],
  "orchSvcs" : [ {
    "name" : "ScimApisOrch",
    "version" : "1.0",
    "etag" : "30775233-8cf5-4e7e-a697-ccb2643e4078"
  }, {
    "name" : "SearchPushDevicesOrch",
    "version" : "1.0",
    "etag" : "2bf28251-ac0f-46a5-b7d7-e9cf10082119"
  }, {
    "name" : "SearchHardwareDevice",
    "version" : "1.0",
    "etag" : "8a4450ad-f927-42d2-b254-564da3fd3220"
  }, {
    "name" : "PushDeviceRegistrationOrch",
    "version" : "2.0",
    "etag" : "454bc05e-269b-4414-afb9-247bb72c46db"
  }, {
    "name" : "SearchDevices",
    "version" : "1.0",
    "etag" : "c7c23be1-31fe-428c-ad68-4a7df5404676"
  }, {
    "name" : "LoginValidation",
    "version" : "1.0",
    "etag" : "285f3002-6198-420a-bd01-22e12292fd3e"
  }, {
    "name" : "SearchAndAddHWDevice",
    "version" : "1.0",
    "etag" : "da2460de-7e19-49f1-8f35-f38d72d0d17f"
  }, {
    "name" : "AssignDevice",
    "version" : "1.0",
    "etag" : "8aa36d54-391c-4e76-802b-3c5b62689796"
  }, {
    "name" : "OnbaordingValidation",
    "version" : "2.0",
    "etag" : "8b5ca7a9-973e-4e89-92e6-6085664e2ff0"
  } ],
  "objectSvcs" : [ {
    "name" : "HIDAuthService",
    "version" : "1.0",
    "etag" : "35c3caf9-970b-44b7-8ec3-5b7c1eba9e77"
  }, {
    "name" : "HIDObjects",
    "version" : "1.0",
    "etag" : "c3b0d973-4f84-4d3f-ac54-b5d62455ff77"
  }, {
    "name" : "HIDRMSService",
    "version" : "1.0",
    "etag" : "31977f08-e3e4-47fa-8cd2-33f83a54ce90"
  } ],
  "identity" : [ "ClientIdentity", "customHIDLogin", "customHIDLoginWithoutMFA", "OrgAdminScim" ]
}