{
  "operationConfig" : {
    "name" : "getHIDApprovalStatus5447",
    "type" : "MappedToBackend",
    "cachable" : false,
    "smsEnabled" : false,
    "security" : "authorized_app",
    "responseEncoding" : "UTF-8",
    "httpMethod" : "GET",
    "decodeResponseBody" : false,
    "iMapping" : "<?xml version=\"1.0\" encoding=\"UTF-8\" standalone=\"yes\"?>\n<mapper xmlns=\"http://www.kony.com/ns/mapper\">\n    <map inputpath=\"request_in\" outputpath=\"request_out\">\n        <set-param inputpath=\"mfa_key\" outputpath=\"mfa_key\"/>\n    </map>\n</mapper>\n",
    "oMapping" : "<?xml version=\"1.0\" encoding=\"UTF-8\" standalone=\"yes\"?>\n<mapper xmlns=\"http://www.kony.com/ns/mapper\">\n    <map inputpath=\"response_in\" outputpath=\"response_out\">\n        <map inputpath=\"\" outputpath=\"ApproveStatusPolling\">\n            <set-param inputpath=\"access_token\" outputpath=\"access_token\"/>\n            <set-param inputpath=\"auth_status\" outputpath=\"auth_status\"/>\n        </map>\n    </map>\n</mapper>\n",
    "iVisualMappingData" : "{\"nodeDataArray\":[{\"isGroup\":true,\"key\":\"request_in\",\"text\":\"ApproveStatusPolling\",\"xy\":\"150 100\"},{\"isGroup\":true,\"key\":\"request_out\",\"text\":\"HIDPollConsensus (1.0).getHIDApprovalStatus\",\"xy\":\"770 100\"}],\"linkDataArray\":[{\"category\":\"Mapping\",\"visible\":true,\"from\":\"source:ApproveStatusPolling:mfa_key:\",\"to\":\"target:mfa_key:\",\"fromPort\":\"source:ApproveStatusPolling:mfa_key:\",\"toPort\":\"target:mfa_key:\"}],\"blockCount\":{\"variableCount\":0},\"variableMap\":{},\"xmlMappingOverride\":false}",
    "oVisualMappingData" : "{\"nodeDataArray\":[{\"isGroup\":true,\"key\":\"response_out\",\"text\":\"ApproveStatusPolling\",\"xy\":\"770 100\"},{\"isGroup\":true,\"key\":\"response_in\",\"text\":\"HIDPollConsensus (1.0).getHIDApprovalStatus\",\"xy\":\"150 100\"}],\"linkDataArray\":[{\"category\":\"Mapping\",\"visible\":true,\"from\":\"source:access_token:\",\"to\":\"target:ApproveStatusPolling:access_token:\",\"fromPort\":\"source:access_token:\",\"toPort\":\"target:ApproveStatusPolling:access_token:\"},{\"category\":\"Mapping\",\"visible\":true,\"from\":\"source:auth_status:\",\"to\":\"target:ApproveStatusPolling:auth_status:\",\"fromPort\":\"source:auth_status:\",\"toPort\":\"target:ApproveStatusPolling:auth_status:\"}],\"blockCount\":{\"variableCount\":0},\"variableMap\":{},\"xmlMappingOverride\":false}",
    "applyCommonMapping" : false,
    "applyRequestCommonMapping" : false,
    "applyResponseCommonMapping" : false,
    "backendMeta" : {
      "serviceName" : "HIDPollConsensus",
      "serviceVersion" : "1.0",
      "operationName" : "getHIDApprovalStatus"
    },
    "relationshipHierarchyMapping" : {
      "children" : [ ],
      "name" : "ApproveStatusPolling",
      "actions" : { },
      "selected" : true
    },
    "requestXmlMappingOverride" : false,
    "responseXmlMappingOverride" : false,
    "mapperData" : [ {
      "name" : "base mapper1",
      "order" : 1,
      "iMapping" : "<?xml version=\"1.0\" encoding=\"UTF-8\" standalone=\"yes\"?>\n<mapper xmlns=\"http://www.kony.com/ns/mapper\">\n    <map inputpath=\"request_in\" outputpath=\"request_out\">\n        <set-param inputpath=\"mfa_key\" outputpath=\"mfa_key\"/>\n    </map>\n</mapper>\n",
      "oMapping" : "<?xml version=\"1.0\" encoding=\"UTF-8\" standalone=\"yes\"?>\n<mapper xmlns=\"http://www.kony.com/ns/mapper\">\n    <map inputpath=\"response_in\" outputpath=\"response_out\">\n        <map inputpath=\"\" outputpath=\"ApproveStatusPolling\">\n            <set-param inputpath=\"access_token\" outputpath=\"access_token\"/>\n            <set-param inputpath=\"auth_status\" outputpath=\"auth_status\"/>\n        </map>\n    </map>\n</mapper>\n",
      "iVisualMappingData" : "{\"nodeDataArray\":[{\"isGroup\":true,\"key\":\"request_in\",\"text\":\"ApproveStatusPolling\",\"xy\":\"150 100\"},{\"isGroup\":true,\"key\":\"request_out\",\"text\":\"HIDPollConsensus (1.0).getHIDApprovalStatus\",\"xy\":\"770 100\"}],\"linkDataArray\":[{\"category\":\"Mapping\",\"visible\":true,\"from\":\"source:ApproveStatusPolling:mfa_key:\",\"to\":\"target:mfa_key:\",\"fromPort\":\"source:ApproveStatusPolling:mfa_key:\",\"toPort\":\"target:mfa_key:\"}],\"blockCount\":{\"variableCount\":0},\"variableMap\":{},\"xmlMappingOverride\":false}",
      "oVisualMappingData" : "{\"nodeDataArray\":[{\"isGroup\":true,\"key\":\"response_out\",\"text\":\"ApproveStatusPolling\",\"xy\":\"770 100\"},{\"isGroup\":true,\"key\":\"response_in\",\"text\":\"HIDPollConsensus (1.0).getHIDApprovalStatus\",\"xy\":\"150 100\"}],\"linkDataArray\":[{\"category\":\"Mapping\",\"visible\":true,\"from\":\"source:access_token:\",\"to\":\"target:ApproveStatusPolling:access_token:\",\"fromPort\":\"source:access_token:\",\"toPort\":\"target:ApproveStatusPolling:access_token:\"},{\"category\":\"Mapping\",\"visible\":true,\"from\":\"source:auth_status:\",\"to\":\"target:ApproveStatusPolling:auth_status:\",\"fromPort\":\"source:auth_status:\",\"toPort\":\"target:ApproveStatusPolling:auth_status:\"}],\"blockCount\":{\"variableCount\":0},\"variableMap\":{},\"xmlMappingOverride\":false}",
      "requestXmlMappingOverride" : false,
      "responseXmlMappingOverride" : false,
      "disabled" : false,
      "applyCommonMapping" : false,
      "applyRequestCommonMapping" : false,
      "applyResponseCommonMapping" : false
    } ]
  },
  "enableFrontendUrl" : false
}