<?xml version="1.0" encoding="UTF-8" standalone="yes"?>
<service serviceGroup="" cachable="false" cacheduration="" customOperation="false" description="Create User Operation" endpoint="default" groupType="" id="CreateUser" passwordencrypted="false" security="public" type="jsonConnector" smscode="" smsenabled="false">
    <service-config>
        <config-param api-version="" appid="" name="preprocessorname" value="com.hid.idvonboarding.preprocessor.IdvCreateUserPreProcessor"/>
        <config-param api-version="" appid="" name="postprocessorname" value="com.hid.idvonboarding.postprocessor.IdvCreateUserPostProcessor"/>
        <config-param api-version="" appid="" name="preprocessorJS" value=""/>
        <config-param api-version="" appid="" name="postprocessorJS" value=""/>
        <config-param api-version="" appid="" name="preprocessorRules" value=""/>
        <config-param api-version="" appid="" name="postprocessorRules" value=""/>
        <config-param api-version="" appid="" name="kony_http_supported_methods" value="POST"/>
        <config-param api-version="" appid="" name="endpointUrl" value="https://__$HOST__/scim/__$TENANT__/v2/Users?api-version=__$API_VERSION__"/>
        <config-param api-version="" appid="" name="ignorehttpproxy" value="true"/>
        <config-param api-version="" appid="" name="http.method" value="POST"/>
        <config-param api-version="" appid="" name="dataObjectName" value=""/>
        <config-param api-version="" appid="" name="sockettimeout" value=""/>
        <config-param api-version="" appid="" name="responseEncoding" value="UTF-8"/>
        <config-param api-version="" appid="" name="isembedxmlpresent" value="false"/>
        <config-param api-version="" appid="" name="retrycount" value="0"/>
        <config-param api-version="" appid="" name="urlprovider" value="com.hid.common.ServiceUrlProvider"/>
        <config-param api-version="" appid="" name="jsonpath" value="true"/>
    </service-config>
    <service-input passthrough="false" isExtended="false">
        <header datatype="" name="" passthrough="false" isExtended="false">
            <param datatype="string" defaultvalue="" description="" encode="false" format="None" formatvalue="" name="Content-Type" order="" paramOrder="0" parentOrder="0" sms-name="" src="constant" sourcevalue="application/scim+json" srcformatvalue="" target="" targetdatatype="" testvalue="" value="" isExtended="false">
                <accessType></accessType>
            </param>
            <param datatype="string" defaultvalue="" description="" encode="false" format="None" formatvalue="" name="Accept" order="" paramOrder="0" parentOrder="0" sms-name="" src="constant" sourcevalue="application/scim+json" srcformatvalue="" target="" targetdatatype="" testvalue="" value="" isExtended="false">
                <accessType></accessType>
            </param>
            <param datatype="string" defaultvalue="" description="" encode="false" format="None" formatvalue="" name="Authorization" order="" paramOrder="0" parentOrder="0" sms-name="" src="request" sourcevalue="" srcformatvalue="" target="" targetdatatype="" testvalue="" value="" isExtended="false">
                <accessType></accessType>
            </param>
        </header>
        <param datatype="string" defaultvalue="" description="" encode="true" format="None" formatvalue="" name="externalId" order="" paramOrder="1" parentOrder="-1" passnull="false" sms-name="" src="request" sourcevalue="" srcformatvalue="" target="request" targetdatatype="java.lang.String" testvalue="" value="" isExtended="false">
            <accessType></accessType>
        </param>
        <param datatype="string" defaultvalue="" description="" encode="true" format="None" formatvalue="" name="mobile" order="" paramOrder="2" parentOrder="-1" passnull="false" sms-name="" src="request" sourcevalue="" srcformatvalue="" target="request" targetdatatype="java.lang.String" testvalue="" value="" isExtended="false">
            <accessType></accessType>
        </param>
        <param datatype="string" defaultvalue="" description="" encode="true" format="None" formatvalue="" name="emailId" order="" paramOrder="3" parentOrder="-1" passnull="false" sms-name="" src="request" sourcevalue="" srcformatvalue="" target="request" targetdatatype="java.lang.String" testvalue="" value="" isExtended="false">
            <accessType></accessType>
        </param>
        <template-param datatype="" defaultvalue="{&#10;    &quot;schemas&quot;: [&#10;        &quot;urn:hid:scim:api:idp:2.0:UserAttribute&quot;,&#10;        &quot;urn:hid:scim:api:idp:2.0:UserAuthenticator&quot;,&#10;        &quot;urn:hid:scim:api:idp:2.0:UserDevice&quot;,&#10;        &quot;urn:ietf:params:scim:schemas:extension:enterprise:2.0:User&quot;,&#10;        &quot;roles&quot;&#10;    ],&#10;    &quot;userName&quot;: &quot;$externalId&quot;,&#10;    &quot;name&quot;: {&#10;        &quot;familyName&quot;: &quot;familyName&quot;,&#10;        &quot;givenName&quot;: &quot;firstName&quot;&#10;    },&#10;    &quot;groups&quot;: [&#10;        {&#10;            &quot;value&quot;: &quot;UG_ROOT&quot;&#10;        }&#10;    ],&#10;    &quot;urn:hid:scim:api:idp:2.0:UserAttribute&quot;: {&#10;        &quot;attributes&quot;: [&#10;            {&#10;                &quot;name&quot;: &quot;ATR_MOBILE&quot;,&#10;                &quot;type&quot;: &quot;string&quot;,&#10;                &quot;value&quot;: &quot;$mobile&quot;&#10;            },&#10;            {&#10;                &quot;name&quot;: &quot;IS_ACTIVE&quot;,&#10;                &quot;type&quot;: &quot;boolean&quot;,&#10;                &quot;value&quot;: true&#10;            },&#10;            {&#10;                &quot;name&quot;: &quot;IDPAL_UUID&quot;,&#10;                &quot;type&quot;: &quot;string&quot;,&#10;                &quot;value&quot;: &quot; &quot;&#10;            },&#10;            {&#10;                &quot;name&quot;: &quot;ATR_EMAIL&quot;,&#10;                &quot;type&quot;: &quot;string&quot;,&#10;                &quot;value&quot;: &quot;$emailId&quot;&#10;            }&#10;        ]&#10;    }&#10;}" description="" encode="false" format="" formatvalue="" name="message" order="" paramOrder="0" parentOrder="0" sms-name="" src="" sourcevalue="" srcformatvalue="" target="" targetdatatype="" value="{&#10;    &quot;schemas&quot;: [&#10;        &quot;urn:hid:scim:api:idp:2.0:UserAttribute&quot;,&#10;        &quot;urn:hid:scim:api:idp:2.0:UserAuthenticator&quot;,&#10;        &quot;urn:hid:scim:api:idp:2.0:UserDevice&quot;,&#10;        &quot;urn:ietf:params:scim:schemas:extension:enterprise:2.0:User&quot;,&#10;        &quot;roles&quot;&#10;    ],&#10;    &quot;userName&quot;: &quot;$externalId&quot;,&#10;    &quot;name&quot;: {&#10;        &quot;familyName&quot;: &quot;familyName&quot;,&#10;        &quot;givenName&quot;: &quot;firstName&quot;&#10;    },&#10;    &quot;groups&quot;: [&#10;        {&#10;            &quot;value&quot;: &quot;UG_ROOT&quot;&#10;        }&#10;    ],&#10;    &quot;urn:hid:scim:api:idp:2.0:UserAttribute&quot;: {&#10;        &quot;attributes&quot;: [&#10;            {&#10;                &quot;name&quot;: &quot;ATR_MOBILE&quot;,&#10;                &quot;type&quot;: &quot;string&quot;,&#10;                &quot;value&quot;: &quot;$mobile&quot;&#10;            },&#10;            {&#10;                &quot;name&quot;: &quot;IS_ACTIVE&quot;,&#10;                &quot;type&quot;: &quot;boolean&quot;,&#10;                &quot;value&quot;: true&#10;            },&#10;            {&#10;                &quot;name&quot;: &quot;IDPAL_UUID&quot;,&#10;                &quot;type&quot;: &quot;string&quot;,&#10;                &quot;value&quot;: &quot; &quot;&#10;            },&#10;            {&#10;                &quot;name&quot;: &quot;ATR_EMAIL&quot;,&#10;                &quot;type&quot;: &quot;string&quot;,&#10;                &quot;value&quot;: &quot;$emailId&quot;&#10;            }&#10;        ]&#10;    }&#10;}" isExtended="false">
            <accessType></accessType>
        </template-param>
        <stub-param value=""/>
    </service-input>
    <service-output passthrough="false" isExtended="false">
        <dataset defaultvalue="" id="attributes" order="" paramOrder="5" parentOrder="0" src="$.[&quot;urn:hid:scim:api:idp:2.0:UserAttribute&quot;].attributes[*]" testvalue="" isExtended="false">
            <param datatype="string" defaultvalue="" description="" encode="true" format="None" formatvalue="" name="name" order="" paramOrder="6" parentOrder="5" passnull="false" sms-name="" src="name" sourcevalue="" srcformatvalue="" target="response" targetdatatype="java.lang.String" testvalue="" value="" isExtended="false">
                <accessType></accessType>
            </param>
            <param datatype="string" defaultvalue="" description="" encode="true" format="None" formatvalue="" name="value" order="" paramOrder="7" parentOrder="5" passnull="false" sms-name="" src="value" sourcevalue="" srcformatvalue="" target="response" targetdatatype="java.lang.String" testvalue="" value="" isExtended="false">
                <accessType></accessType>
            </param>
        </dataset>
        <param datatype="string" defaultvalue="" description="" encode="true" format="None" formatvalue="" name="externalId" order="" paramOrder="1" parentOrder="0" passnull="false" sms-name="" src="$.externalId" sourcevalue="" srcformatvalue="" target="response" targetdatatype="java.lang.String" testvalue="" value="" isExtended="false">
            <accessType></accessType>
        </param>
        <param datatype="boolean" defaultvalue="" description="" encode="true" format="None" formatvalue="" name="active" order="" paramOrder="2" parentOrder="0" passnull="false" sms-name="" src="$.active" sourcevalue="" srcformatvalue="" target="response" targetdatatype="java.lang.String" testvalue="" value="" isExtended="false">
            <accessType></accessType>
        </param>
        <param datatype="string" defaultvalue="" description="" encode="true" format="None" formatvalue="" name="userId" order="" paramOrder="3" parentOrder="0" passnull="false" sms-name="" src="$.id" sourcevalue="" srcformatvalue="" target="response" targetdatatype="java.lang.String" testvalue="" value="" isExtended="false">
            <accessType></accessType>
        </param>
        <param datatype="string" defaultvalue="" description="" encode="true" format="None" formatvalue="" name="status" order="" paramOrder="4" parentOrder="0" passnull="false" sms-name="" src="$.status" sourcevalue="" srcformatvalue="" target="response" targetdatatype="java.lang.String" testvalue="" value="" isExtended="false">
            <accessType></accessType>
        </param>
    </service-output>
</service>
