<?xml version="1.0" encoding="UTF-8" standalone="yes"?>
<service serviceGroup="" cachable="false" cacheduration="" description="" endpoint="" groupType="" id="sendSMS" passwordencrypted="" security="public" type="CompositeConnector" smscode="" smsenabled="false">
    <service-config>
        <config-param api-version="" appid="" name="preprocessorname" value=""/>
        <config-param api-version="" appid="" name="postprocessorJS" value=""/>
        <config-param api-version="" appid="" name="preprocessorJS" value=""/>
        <config-param api-version="" appid="" name="postprocessorname" value="com.hid.idvonboarding.postprocessor.IdvCreateAuthenticatorOrchPostProcessor"/>
        <config-param api-version="" appid="" name="exec_type" value="Sequential"/>
        <config-param api-version="" appid="" name="kony_http_supported_methods" value="POST"/>
        <config-param api-version="1.0" appid="UserScimAPIs" name="service" value="SearchUser"/>
        <config-param api-version="1.0" appid="Authenticator" name="service" value="addOOBAuthenticator"/>
        <config-param api-version="1.0" appid="SMSAuthService" name="service" value="SendOOBSmsToUser"/>
    </service-config>
    <service-input passthrough="false"/>
    <service-output passthrough="false"/>
</service>
