<?xml version="1.0" encoding="UTF-8" standalone="yes"?>
<service serviceGroup="" cachable="false" cacheduration="" customOperation="false" description="" endpoint="default" groupType="" id="getVerifiedImages" passwordencrypted="false" security="public" type="javaConnector" smscode="" smsenabled="false">
    <service-config>
        <config-param api-version="" appid="" name="preprocessorname" value=""/>
        <config-param api-version="" appid="" name="postprocessorname" value=""/>
        <config-param api-version="" appid="" name="preprocessorJS" value=""/>
        <config-param api-version="" appid="" name="postprocessorJS" value=""/>
        <config-param api-version="" appid="" name="preprocessorRules" value=""/>
        <config-param api-version="" appid="" name="postprocessorRules" value=""/>
        <config-param api-version="" appid="" name="kony_http_supported_methods" value="POST"/>
        <config-param api-version="" appid="" name="className" value="com.hid.idv.service.GetVerifiedImages"/>
        <config-param api-version="" appid="" name="methodName" value="getVerifiedImages"/>
        <config-param api-version="" appid="" name="sockettimeout" value=""/>
    </service-config>
    <service-input passthrough="false" isExtended="false">
        <param datatype="string" defaultvalue="" description="" encode="true" format="None" formatvalue="" name="transactionId" order="" paramOrder="1" parentOrder="-1" passnull="false" sms-name="" src="request" sourcevalue="" srcformatvalue="" target="request" targetdatatype="java.lang.String" testvalue="uBwFPwiKrQmA0DQ0" value="" isExtended="false">
            <accessType></accessType>
        </param>
    </service-input>
    <service-output passthrough="false" isExtended="false">
        <record id="DocumentImage" order="" paramOrder="4" parentOrder="0" src="" isExtended="false">
            <param datatype="string" defaultvalue="" description="" encode="true" format="None" formatvalue="" name="ImageName" order="" paramOrder="1" parentOrder="4" passnull="false" sms-name="" src="" sourcevalue="" srcformatvalue="" target="response" targetdatatype="java.lang.String" testvalue="" value="" isExtended="false">
                <accessType></accessType>
            </param>
            <param datatype="string" defaultvalue="" description="" encode="true" format="None" formatvalue="" name="Base64Image" order="" paramOrder="2" parentOrder="4" passnull="false" sms-name="" src="" sourcevalue="" srcformatvalue="" target="response" targetdatatype="java.lang.String" testvalue="" value="" isExtended="false">
                <accessType></accessType>
            </param>
            <param datatype="string" defaultvalue="" description="" encode="true" format="None" formatvalue="" name="Details" order="" paramOrder="3" parentOrder="4" passnull="false" sms-name="" src="" sourcevalue="" srcformatvalue="" target="response" targetdatatype="java.lang.String" testvalue="" value="" isExtended="false">
                <accessType></accessType>
            </param>
        </record>
    </service-output>
</service>
