{
  "operationConfig" : {
    "name" : "visitScore1942",
    "type" : "MappedToBackend",
    "cachable" : false,
    "smsEnabled" : false,
    "security" : "public",
    "responseEncoding" : "UTF-8",
    "httpMethod" : "GET",
    "decodeResponseBody" : false,
    "iMapping" : "<?xml version=\"1.0\" encoding=\"UTF-8\" standalone=\"yes\"?>\n<mapper xmlns=\"http://www.kony.com/ns/mapper\">\n    <map inputpath=\"request_in\" outputpath=\"request_out\">\n        <set-param inputpath=\"app_action_id\" outputpath=\"app_action_id\"/>\n        <set-param inputpath=\"app_user_id\" outputpath=\"app_user_id\"/>\n        <set-param inputpath=\"application_id\" outputpath=\"application_id\"/>\n        <set-param inputpath=\"channel_id\" outputpath=\"channel_id\"/>\n        <set-param inputpath=\"tm_tag\" outputpath=\"tm_device_tag\"/>\n        <set-param inputpath=\"tm_sid\" outputpath=\"tm_session_sid\"/>\n    </map>\n</mapper>\n",
    "oMapping" : "<?xml version=\"1.0\" encoding=\"UTF-8\" standalone=\"yes\"?><mapper xmlns=\"http://www.kony.com/ns/mapper\">  <map inputpath=\"response_in\" outputpath=\"response_out\">    <map inputpath=\"scoring_result\" outputpath=\"RMScall\">      <set-param inputpath=\"../error_code\" outputpath=\"error_code\"/>      <set-param inputpath=\"../message\" outputpath=\"message\"/>      <set-param inputpath=\"risk\" outputpath=\"risk_score\"/>    </map>  </map></mapper>",
    "iVisualMappingData" : "{\"nodeDataArray\":[{\"isGroup\":true,\"key\":\"request_in\",\"text\":\"RMScall\",\"xy\":\"150 100\"},{\"isGroup\":true,\"key\":\"request_out\",\"text\":\"RMSThreatMarkAPI (1.0).visitScore\",\"xy\":\"770 100\"}],\"linkDataArray\":[{\"category\":\"Mapping\",\"from\":\"source:RMScall:application_id:\",\"to\":\"target:application_id:\",\"fromPort\":\"source:RMScall:application_id:\",\"toPort\":\"target:application_id:\",\"visible\":true,\"common\":true},{\"category\":\"Mapping\",\"from\":\"source:RMScall:channel_id:\",\"to\":\"target:channel_id:\",\"fromPort\":\"source:RMScall:channel_id:\",\"toPort\":\"target:channel_id:\",\"visible\":true,\"common\":true},{\"category\":\"Mapping\",\"visible\":true,\"from\":\"source:RMScall:tm_sid:\",\"to\":\"target:tm_session_sid:\",\"fromPort\":\"source:RMScall:tm_sid:\",\"toPort\":\"target:tm_session_sid:\"},{\"category\":\"Mapping\",\"visible\":true,\"from\":\"source:RMScall:tm_tag:\",\"to\":\"target:tm_device_tag:\",\"fromPort\":\"source:RMScall:tm_tag:\",\"toPort\":\"target:tm_device_tag:\"},{\"category\":\"Mapping\",\"visible\":true,\"from\":\"source:RMScall:app_user_id:\",\"to\":\"target:app_user_id:\",\"fromPort\":\"source:RMScall:app_user_id:\",\"toPort\":\"target:app_user_id:\"},{\"category\":\"Mapping\",\"visible\":true,\"from\":\"source:RMScall:app_action_id:\",\"to\":\"target:app_action_id:\",\"fromPort\":\"source:RMScall:app_action_id:\",\"toPort\":\"target:app_action_id:\"}],\"blockCount\":{\"variableCount\":0},\"variableMap\":{},\"xmlMappingOverride\":false}",
    "oVisualMappingData" : "{\"nodeDataArray\":[{\"isGroup\":true,\"key\":\"response_out\",\"text\":\"RMScall\",\"xy\":\"770 100\"},{\"isGroup\":true,\"key\":\"response_in\",\"text\":\"RMSThreatMarkAPI (1.0).visitScore\",\"xy\":\"150 100\"}],\"linkDataArray\":[{\"category\":\"Mapping\",\"from\":\"source:error_code:\",\"to\":\"target:RMScall:error_code:\",\"fromPort\":\"source:error_code:\",\"toPort\":\"target:RMScall:error_code:\",\"visible\":true,\"common\":true},{\"category\":\"Mapping\",\"from\":\"source:message:\",\"to\":\"target:RMScall:message:\",\"fromPort\":\"source:message:\",\"toPort\":\"target:RMScall:message:\",\"visible\":true,\"common\":true},{\"from\":\"target\",\"to\":\"target:RMScall\",\"fromPort\":\"target\",\"toPort\":\"target:RMScall\",\"visible\":true,\"common\":false},{\"from\":\"target:RMScall\",\"to\":\"target:RMScall:t_p_fields\",\"fromPort\":\"target:RMScall\",\"toPort\":\"target:RMScall:t_p_fields\",\"visible\":true,\"common\":false},{\"from\":\"target:RMScall:t_p_fields\",\"to\":\"target:RMScall:tm_sid:\",\"fromPort\":\"target:RMScall:t_p_fields\",\"toPort\":\"target:RMScall:tm_sid:\",\"visible\":true,\"common\":false},{\"from\":\"target:RMScall:t_p_fields\",\"to\":\"target:RMScall:tm_tag:\",\"fromPort\":\"target:RMScall:t_p_fields\",\"toPort\":\"target:RMScall:tm_tag:\",\"visible\":true,\"common\":false},{\"from\":\"target:RMScall:t_p_fields\",\"to\":\"target:RMScall:application_id:\",\"fromPort\":\"target:RMScall:t_p_fields\",\"toPort\":\"target:RMScall:application_id:\",\"visible\":true,\"common\":false},{\"from\":\"target:RMScall:t_p_fields\",\"to\":\"target:RMScall:channel_id:\",\"fromPort\":\"target:RMScall:t_p_fields\",\"toPort\":\"target:RMScall:channel_id:\",\"visible\":true,\"common\":false},{\"from\":\"target:RMScall:t_p_fields\",\"to\":\"target:RMScall:app_action_id:\",\"fromPort\":\"target:RMScall:t_p_fields\",\"toPort\":\"target:RMScall:app_action_id:\",\"visible\":true,\"common\":false},{\"from\":\"target:RMScall:t_p_fields\",\"to\":\"target:RMScall:tm_action_id:\",\"fromPort\":\"target:RMScall:t_p_fields\",\"toPort\":\"target:RMScall:tm_action_id:\",\"visible\":true,\"common\":false},{\"from\":\"target:RMScall:t_p_fields\",\"to\":\"target:RMScall:error_code:\",\"fromPort\":\"target:RMScall:t_p_fields\",\"toPort\":\"target:RMScall:error_code:\",\"visible\":true,\"common\":false},{\"from\":\"target:RMScall:t_p_fields\",\"to\":\"target:RMScall:message:\",\"fromPort\":\"target:RMScall:t_p_fields\",\"toPort\":\"target:RMScall:message:\",\"visible\":true,\"common\":false},{\"from\":\"target:RMScall:t_p_fields\",\"to\":\"target:RMScall:app_user_id:\",\"fromPort\":\"target:RMScall:t_p_fields\",\"toPort\":\"target:RMScall:app_user_id:\",\"visible\":true,\"common\":false},{\"from\":\"target:RMScall:t_p_fields\",\"to\":\"target:RMScall:risk_score:\",\"fromPort\":\"target:RMScall:t_p_fields\",\"toPort\":\"target:RMScall:risk_score:\",\"visible\":true,\"common\":false},{\"from\":\"source\",\"to\":\"source:t_p_parameters\",\"fromPort\":\"source\",\"toPort\":\"source:t_p_parameters\",\"visible\":true,\"common\":false},{\"from\":\"source:t_p_parameters\",\"to\":\"source:error_code:\",\"fromPort\":\"source:t_p_parameters\",\"toPort\":\"source:error_code:\",\"visible\":true,\"common\":false},{\"from\":\"source:t_p_parameters\",\"to\":\"source:message:\",\"fromPort\":\"source:t_p_parameters\",\"toPort\":\"source:message:\",\"visible\":true,\"common\":false},{\"from\":\"source\",\"to\":\"source:scoring_result\",\"fromPort\":\"source\",\"toPort\":\"source:scoring_result\",\"visible\":true,\"common\":false},{\"from\":\"source:scoring_result\",\"to\":\"source:scoring_result:t_p_parameters\",\"fromPort\":\"source:scoring_result\",\"toPort\":\"source:scoring_result:t_p_parameters\",\"visible\":true,\"common\":false},{\"from\":\"source:scoring_result:t_p_parameters\",\"to\":\"source:scoring_result:risk:\",\"fromPort\":\"source:scoring_result:t_p_parameters\",\"toPort\":\"source:scoring_result:risk:\",\"visible\":true,\"common\":false},{\"category\":\"Mapping\",\"visible\":true,\"from\":\"source:scoring_result:risk:\",\"to\":\"target:RMScall:risk_score:\",\"fromPort\":\"source:scoring_result:risk:\",\"toPort\":\"target:RMScall:risk_score:\"}],\"blockCount\":{\"variableCount\":0},\"variableMap\":{},\"xmlMappingOverride\":false}",
    "applyCommonMapping" : false,
    "applyRequestCommonMapping" : false,
    "applyResponseCommonMapping" : false,
    "backendMeta" : {
      "serviceName" : "RMSThreatMarkAPI",
      "serviceVersion" : "1.0",
      "operationName" : "visitScore"
    },
    "relationshipHierarchyMapping" : {
      "name" : "RMScall",
      "children" : [ ],
      "actions" : { },
      "selected" : true
    },
    "requestXmlMappingOverride" : false,
    "responseXmlMappingOverride" : false,
    "mapperData" : [ {
      "name" : "base mapper1",
      "order" : 1,
      "iMapping" : "<?xml version=\"1.0\" encoding=\"UTF-8\" standalone=\"yes\"?><mapper xmlns=\"http://www.kony.com/ns/mapper\">  <map inputpath=\"request_in\" outputpath=\"request_out\">    <set-param inputpath=\"app_action_id\" outputpath=\"app_action_id\"/>    <set-param inputpath=\"app_user_id\" outputpath=\"app_user_id\"/>    <set-param inputpath=\"application_id\" outputpath=\"application_id\"/>    <set-param inputpath=\"channel_id\" outputpath=\"channel_id\"/>    <set-param inputpath=\"tm_tag\" outputpath=\"tm_device_tag\"/>    <set-param inputpath=\"tm_sid\" outputpath=\"tm_session_sid\"/>  </map></mapper>",
      "oMapping" : "<?xml version=\"1.0\" encoding=\"UTF-8\" standalone=\"yes\"?><mapper xmlns=\"http://www.kony.com/ns/mapper\">  <map inputpath=\"response_in\" outputpath=\"response_out\">    <map inputpath=\"scoring_result\" outputpath=\"RMScall\">      <set-param inputpath=\"../error_code\" outputpath=\"error_code\"/>      <set-param inputpath=\"../message\" outputpath=\"message\"/>      <set-param inputpath=\"risk\" outputpath=\"risk_score\"/>    </map>  </map></mapper>",
      "iVisualMappingData" : "{\"nodeDataArray\":[{\"isGroup\":true,\"key\":\"request_in\",\"text\":\"RMScall\",\"xy\":\"150 100\"},{\"isGroup\":true,\"key\":\"request_out\",\"text\":\"RMSThreatMarkAPI (1.0).visitScore\",\"xy\":\"770 100\"}],\"linkDataArray\":[{\"category\":\"Mapping\",\"from\":\"source:RMScall:application_id:\",\"to\":\"target:application_id:\",\"fromPort\":\"source:RMScall:application_id:\",\"toPort\":\"target:application_id:\",\"visible\":true,\"common\":true},{\"category\":\"Mapping\",\"from\":\"source:RMScall:channel_id:\",\"to\":\"target:channel_id:\",\"fromPort\":\"source:RMScall:channel_id:\",\"toPort\":\"target:channel_id:\",\"visible\":true,\"common\":true},{\"category\":\"Mapping\",\"visible\":true,\"from\":\"source:RMScall:tm_sid:\",\"to\":\"target:tm_session_sid:\",\"fromPort\":\"source:RMScall:tm_sid:\",\"toPort\":\"target:tm_session_sid:\"},{\"category\":\"Mapping\",\"visible\":true,\"from\":\"source:RMScall:tm_tag:\",\"to\":\"target:tm_device_tag:\",\"fromPort\":\"source:RMScall:tm_tag:\",\"toPort\":\"target:tm_device_tag:\"},{\"category\":\"Mapping\",\"visible\":true,\"from\":\"source:RMScall:app_user_id:\",\"to\":\"target:app_user_id:\",\"fromPort\":\"source:RMScall:app_user_id:\",\"toPort\":\"target:app_user_id:\"},{\"from\":\"source\",\"to\":\"source:RMScall\",\"fromPort\":\"source\",\"toPort\":\"source:RMScall\",\"visible\":true,\"common\":false},{\"from\":\"source:RMScall\",\"to\":\"source:RMScall:t_p_fields\",\"fromPort\":\"source:RMScall\",\"toPort\":\"source:RMScall:t_p_fields\",\"visible\":true,\"common\":false},{\"from\":\"source:RMScall:t_p_fields\",\"to\":\"source:RMScall:tm_sid:\",\"fromPort\":\"source:RMScall:t_p_fields\",\"toPort\":\"source:RMScall:tm_sid:\",\"visible\":true,\"common\":false},{\"from\":\"source:RMScall:t_p_fields\",\"to\":\"source:RMScall:tm_tag:\",\"fromPort\":\"source:RMScall:t_p_fields\",\"toPort\":\"source:RMScall:tm_tag:\",\"visible\":true,\"common\":false},{\"from\":\"source:RMScall:t_p_fields\",\"to\":\"source:RMScall:application_id:\",\"fromPort\":\"source:RMScall:t_p_fields\",\"toPort\":\"source:RMScall:application_id:\",\"visible\":true,\"common\":false},{\"from\":\"source:RMScall:t_p_fields\",\"to\":\"source:RMScall:channel_id:\",\"fromPort\":\"source:RMScall:t_p_fields\",\"toPort\":\"source:RMScall:channel_id:\",\"visible\":true,\"common\":false},{\"from\":\"source:RMScall:t_p_fields\",\"to\":\"source:RMScall:app_action_id:\",\"fromPort\":\"source:RMScall:t_p_fields\",\"toPort\":\"source:RMScall:app_action_id:\",\"visible\":true,\"common\":false},{\"from\":\"source:RMScall:t_p_fields\",\"to\":\"source:RMScall:tm_action_id:\",\"fromPort\":\"source:RMScall:t_p_fields\",\"toPort\":\"source:RMScall:tm_action_id:\",\"visible\":true,\"common\":false},{\"from\":\"source:RMScall:t_p_fields\",\"to\":\"source:RMScall:error_code:\",\"fromPort\":\"source:RMScall:t_p_fields\",\"toPort\":\"source:RMScall:error_code:\",\"visible\":true,\"common\":false},{\"from\":\"source:RMScall:t_p_fields\",\"to\":\"source:RMScall:message:\",\"fromPort\":\"source:RMScall:t_p_fields\",\"toPort\":\"source:RMScall:message:\",\"visible\":true,\"common\":false},{\"from\":\"source:RMScall:t_p_fields\",\"to\":\"source:RMScall:app_user_id:\",\"fromPort\":\"source:RMScall:t_p_fields\",\"toPort\":\"source:RMScall:app_user_id:\",\"visible\":true,\"common\":false},{\"from\":\"source:RMScall:t_p_fields\",\"to\":\"source:RMScall:risk_score:\",\"fromPort\":\"source:RMScall:t_p_fields\",\"toPort\":\"source:RMScall:risk_score:\",\"visible\":true,\"common\":false},{\"from\":\"target\",\"to\":\"target:t_p_parameters\",\"fromPort\":\"target\",\"toPort\":\"target:t_p_parameters\",\"visible\":true,\"common\":false},{\"from\":\"target:t_p_parameters\",\"to\":\"target:app_action_id:\",\"fromPort\":\"target:t_p_parameters\",\"toPort\":\"target:app_action_id:\",\"visible\":true,\"common\":false},{\"from\":\"target:t_p_parameters\",\"to\":\"target:app_user_id:\",\"fromPort\":\"target:t_p_parameters\",\"toPort\":\"target:app_user_id:\",\"visible\":true,\"common\":false},{\"from\":\"target:t_p_parameters\",\"to\":\"target:application_id:\",\"fromPort\":\"target:t_p_parameters\",\"toPort\":\"target:application_id:\",\"visible\":true,\"common\":false},{\"from\":\"target:t_p_parameters\",\"to\":\"target:channel_id:\",\"fromPort\":\"target:t_p_parameters\",\"toPort\":\"target:channel_id:\",\"visible\":true,\"common\":false},{\"from\":\"target:t_p_parameters\",\"to\":\"target:tm_device_tag:\",\"fromPort\":\"target:t_p_parameters\",\"toPort\":\"target:tm_device_tag:\",\"visible\":true,\"common\":false},{\"from\":\"target:t_p_parameters\",\"to\":\"target:tm_session_sid:\",\"fromPort\":\"target:t_p_parameters\",\"toPort\":\"target:tm_session_sid:\",\"visible\":true,\"common\":false},{\"category\":\"Mapping\",\"visible\":true,\"from\":\"source:RMScall:app_action_id:\",\"to\":\"target:app_action_id:\",\"fromPort\":\"source:RMScall:app_action_id:\",\"toPort\":\"target:app_action_id:\"}],\"blockCount\":{\"variableCount\":0},\"variableMap\":{},\"xmlMappingOverride\":false}",
      "oVisualMappingData" : "{\"nodeDataArray\":[{\"isGroup\":true,\"key\":\"response_out\",\"text\":\"RMScall\",\"xy\":\"770 100\"},{\"isGroup\":true,\"key\":\"response_in\",\"text\":\"RMSThreatMarkAPI (1.0).visitScore\",\"xy\":\"150 100\"}],\"linkDataArray\":[{\"category\":\"Mapping\",\"from\":\"source:error_code:\",\"to\":\"target:RMScall:error_code:\",\"fromPort\":\"source:error_code:\",\"toPort\":\"target:RMScall:error_code:\",\"visible\":true,\"common\":true},{\"category\":\"Mapping\",\"from\":\"source:message:\",\"to\":\"target:RMScall:message:\",\"fromPort\":\"source:message:\",\"toPort\":\"target:RMScall:message:\",\"visible\":true,\"common\":true},{\"from\":\"target\",\"to\":\"target:RMScall\",\"fromPort\":\"target\",\"toPort\":\"target:RMScall\",\"visible\":true,\"common\":false},{\"from\":\"target:RMScall\",\"to\":\"target:RMScall:t_p_fields\",\"fromPort\":\"target:RMScall\",\"toPort\":\"target:RMScall:t_p_fields\",\"visible\":true,\"common\":false},{\"from\":\"target:RMScall:t_p_fields\",\"to\":\"target:RMScall:tm_sid:\",\"fromPort\":\"target:RMScall:t_p_fields\",\"toPort\":\"target:RMScall:tm_sid:\",\"visible\":true,\"common\":false},{\"from\":\"target:RMScall:t_p_fields\",\"to\":\"target:RMScall:tm_tag:\",\"fromPort\":\"target:RMScall:t_p_fields\",\"toPort\":\"target:RMScall:tm_tag:\",\"visible\":true,\"common\":false},{\"from\":\"target:RMScall:t_p_fields\",\"to\":\"target:RMScall:application_id:\",\"fromPort\":\"target:RMScall:t_p_fields\",\"toPort\":\"target:RMScall:application_id:\",\"visible\":true,\"common\":false},{\"from\":\"target:RMScall:t_p_fields\",\"to\":\"target:RMScall:channel_id:\",\"fromPort\":\"target:RMScall:t_p_fields\",\"toPort\":\"target:RMScall:channel_id:\",\"visible\":true,\"common\":false},{\"from\":\"target:RMScall:t_p_fields\",\"to\":\"target:RMScall:app_action_id:\",\"fromPort\":\"target:RMScall:t_p_fields\",\"toPort\":\"target:RMScall:app_action_id:\",\"visible\":true,\"common\":false},{\"from\":\"target:RMScall:t_p_fields\",\"to\":\"target:RMScall:tm_action_id:\",\"fromPort\":\"target:RMScall:t_p_fields\",\"toPort\":\"target:RMScall:tm_action_id:\",\"visible\":true,\"common\":false},{\"from\":\"target:RMScall:t_p_fields\",\"to\":\"target:RMScall:error_code:\",\"fromPort\":\"target:RMScall:t_p_fields\",\"toPort\":\"target:RMScall:error_code:\",\"visible\":true,\"common\":false},{\"from\":\"target:RMScall:t_p_fields\",\"to\":\"target:RMScall:message:\",\"fromPort\":\"target:RMScall:t_p_fields\",\"toPort\":\"target:RMScall:message:\",\"visible\":true,\"common\":false},{\"from\":\"target:RMScall:t_p_fields\",\"to\":\"target:RMScall:app_user_id:\",\"fromPort\":\"target:RMScall:t_p_fields\",\"toPort\":\"target:RMScall:app_user_id:\",\"visible\":true,\"common\":false},{\"from\":\"target:RMScall:t_p_fields\",\"to\":\"target:RMScall:risk_score:\",\"fromPort\":\"target:RMScall:t_p_fields\",\"toPort\":\"target:RMScall:risk_score:\",\"visible\":true,\"common\":false},{\"from\":\"source\",\"to\":\"source:t_p_parameters\",\"fromPort\":\"source\",\"toPort\":\"source:t_p_parameters\",\"visible\":true,\"common\":false},{\"from\":\"source:t_p_parameters\",\"to\":\"source:error_code:\",\"fromPort\":\"source:t_p_parameters\",\"toPort\":\"source:error_code:\",\"visible\":true,\"common\":false},{\"from\":\"source:t_p_parameters\",\"to\":\"source:message:\",\"fromPort\":\"source:t_p_parameters\",\"toPort\":\"source:message:\",\"visible\":true,\"common\":false},{\"from\":\"source\",\"to\":\"source:scoring_result\",\"fromPort\":\"source\",\"toPort\":\"source:scoring_result\",\"visible\":true,\"common\":false},{\"from\":\"source:scoring_result\",\"to\":\"source:scoring_result:t_p_parameters\",\"fromPort\":\"source:scoring_result\",\"toPort\":\"source:scoring_result:t_p_parameters\",\"visible\":true,\"common\":false},{\"from\":\"source:scoring_result:t_p_parameters\",\"to\":\"source:scoring_result:risk:\",\"fromPort\":\"source:scoring_result:t_p_parameters\",\"toPort\":\"source:scoring_result:risk:\",\"visible\":true,\"common\":false},{\"category\":\"Mapping\",\"visible\":true,\"from\":\"source:scoring_result:risk:\",\"to\":\"target:RMScall:risk_score:\",\"fromPort\":\"source:scoring_result:risk:\",\"toPort\":\"target:RMScall:risk_score:\"}],\"blockCount\":{\"variableCount\":0},\"variableMap\":{},\"xmlMappingOverride\":false}",
      "requestXmlMappingOverride" : false,
      "responseXmlMappingOverride" : false,
      "disabled" : false,
      "applyCommonMapping" : false,
      "applyRequestCommonMapping" : false,
      "applyResponseCommonMapping" : false
    } ]
  },
  "enableFrontendUrl" : false,
  "customVerb" : false
}