[ {
  "name" : "maxLength",
  "sourceFieldname" : "maxLength",
  "description" : "maxLength",
  "dataType" : "string",
  "hasIndex" : false,
  "unique" : false,
  "primarykey" : false,
  "namefield" : false,
  "nullable" : true,
  "custom" : false,
  "createable" : true,
  "updateable" : true,
  "audit" : false,
  "customizable" : false,
  "fieldOrder" : 0,
  "fieldProperties" : {
    "autoGenerated" : "false"
  },
  "etag" : "7787e505-0ee3-48ae-abe7-2a329674be78",
  "isExtended" : false
}, {
  "name" : "minDiffChars",
  "sourceFieldname" : "minDiffChars",
  "description" : "minDiffChars",
  "dataType" : "string",
  "hasIndex" : false,
  "unique" : false,
  "primarykey" : false,
  "namefield" : false,
  "nullable" : true,
  "custom" : false,
  "createable" : true,
  "updateable" : true,
  "audit" : false,
  "customizable" : false,
  "fieldOrder" : 0,
  "fieldProperties" : {
    "autoGenerated" : "false"
  },
  "etag" : "58d30707-aaf6-48fe-ba97-a7065f6490de",
  "isExtended" : false
}, {
  "name" : "minLength",
  "sourceFieldname" : "minLength",
  "description" : "minLength",
  "dataType" : "string",
  "hasIndex" : false,
  "unique" : false,
  "primarykey" : false,
  "namefield" : false,
  "nullable" : true,
  "custom" : false,
  "createable" : true,
  "updateable" : true,
  "audit" : false,
  "customizable" : false,
  "fieldOrder" : 0,
  "fieldProperties" : {
    "autoGenerated" : "false"
  },
  "etag" : "1b38cba5-bfa8-4903-bb00-b2bb97a09eab",
  "isExtended" : false
}, {
  "name" : "notEnglish",
  "sourceFieldname" : "notEnglish",
  "description" : "notEnglish",
  "dataType" : "string",
  "hasIndex" : false,
  "unique" : false,
  "primarykey" : false,
  "namefield" : false,
  "nullable" : true,
  "custom" : false,
  "createable" : true,
  "updateable" : true,
  "audit" : false,
  "customizable" : false,
  "fieldOrder" : 0,
  "fieldProperties" : {
    "autoGenerated" : "false"
  },
  "etag" : "555d62e3-5b77-417c-9e03-f0d6bd6f7564",
  "isExtended" : false
}, {
  "name" : "notSequence",
  "sourceFieldname" : "notSequence",
  "description" : "notSequence",
  "dataType" : "string",
  "hasIndex" : false,
  "unique" : false,
  "primarykey" : false,
  "namefield" : false,
  "nullable" : true,
  "custom" : false,
  "createable" : true,
  "updateable" : true,
  "audit" : false,
  "customizable" : false,
  "fieldOrder" : 0,
  "fieldProperties" : {
    "autoGenerated" : "false"
  },
  "etag" : "fa8b2751-50c9-4d67-96f2-775c448b24d9",
  "isExtended" : false
}, {
  "name" : "notUserAttribute",
  "sourceFieldname" : "notUserAttribute",
  "description" : "notUserAttribute",
  "dataType" : "string",
  "hasIndex" : false,
  "unique" : false,
  "primarykey" : false,
  "namefield" : false,
  "nullable" : true,
  "custom" : false,
  "createable" : true,
  "updateable" : true,
  "audit" : false,
  "customizable" : false,
  "fieldOrder" : 0,
  "fieldProperties" : {
    "autoGenerated" : "false"
  },
  "etag" : "702d6fc9-1faf-4dbb-a4ab-587de647bfab",
  "isExtended" : false
}, {
  "name" : "numOrAlpha",
  "sourceFieldname" : "numOrAlpha",
  "description" : "numOrAlpha",
  "dataType" : "string",
  "hasIndex" : false,
  "unique" : false,
  "primarykey" : false,
  "namefield" : false,
  "nullable" : true,
  "custom" : false,
  "createable" : true,
  "updateable" : true,
  "audit" : false,
  "customizable" : false,
  "fieldOrder" : 0,
  "fieldProperties" : {
    "autoGenerated" : "false"
  },
  "etag" : "5f6bf3ca-86f0-45d9-85bf-ab6ded90c875",
  "isExtended" : false
} ]