<?xml version="1.0" encoding="UTF-8" standalone="yes"?>
<service serviceGroup="" cachable="false" cacheduration="" description="" endpoint="" groupType="" id="listAuthenticators" passwordencrypted="" security="authorized_app" type="CompositeConnector" smscode="" smsenabled="false">
    <service-config>
        <config-param api-version="" appid="" name="preprocessorname" value=""/>
        <config-param api-version="" appid="" name="postprocessorJS" value=""/>
        <config-param api-version="" appid="" name="preprocessorJS" value=""/>
        <config-param api-version="" appid="" name="postprocessorname" value="com.hid.useradmin.postprocessor.GetAuthenticatorsLoopingOrchPostProcessor"/>
        <config-param api-version="" appid="" name="exec_type" value="Sequential"/>
        <config-param api-version="" appid="" name="kony_http_supported_methods" value="POST"/>
        <config-param api-version="1.0" appid="UserAdministration" name="service" value="SearchUserEnableDisableAuthenticator"/>
        <config-param api-version="1.0" appid="PasswordPolicyLooping" name="service" value="getPwdPolicyLoop"/>
        <config-param api-version="1.0" appid="AuthenticatorOrchServices" name="service" value="getAuthenticatorLooping"/>
    </service-config>
    <service-input passthrough="false"/>
    <service-output passthrough="false"/>
</service>
