{
  "version" : "1.0",
  "intSvcs" : [ {
    "name" : "GetUserImages",
    "version" : "1.0",
    "etag" : "14b16ab6-6c17-4556-964d-6343627cc101"
  }, {
    "name" : "GetVerifiedImages",
    "version" : "1.0",
    "etag" : "bf7c9b2f-23be-42e5-bc16-2771e45ac661"
  }, {
    "name" : "HID_IDV_Service",
    "version" : "1.0",
    "etag" : "dc025152-d015-4c88-97af-a07c615c1518"
  }, {
    "name" : "HID_IDV_UserScannedDetails",
    "version" : "1.0",
    "etag" : "5eef1324-425c-4512-b28b-2927fa1063bc"
  } ],
  "orchSvcs" : [ {
    "name" : "IDV_POLLING",
    "version" : "1.0",
    "etag" : "94058e8a-e377-4f0b-b03d-7a1a45f83cd2"
  } ],
  "objectSvcs" : [ {
    "name" : "HID_IDV_Web_ObjectServices",
    "version" : "1.0",
    "etag" : "152bbf0a-1aa1-407d-9513-9fe2c68a70f7"
  } ]
}