{
  "operationConfig" : {
    "name" : "initiate7986",
    "type" : "MappedToBackend",
    "cachable" : false,
    "smsEnabled" : false,
    "security" : "authorized_app",
    "responseEncoding" : "UTF-8",
    "httpMethod" : "GET",
    "decodeResponseBody" : false,
    "iMapping" : "<?xml version=\"1.0\" encoding=\"UTF-8\" standalone=\"yes\"?>\n<mapper xmlns=\"http://www.kony.com/ns/mapper\">\n    <map inputpath=\"request_in\" outputpath=\"request_out\">\n        <set-param inputpath=\"deviceId\" outputpath=\"deviceId\"/>\n        <set-param inputpath=\"pushMessage\" outputpath=\"pushMsg\"/>\n        <set-param inputpath=\"username\" outputpath=\"username\"/>\n    </map>\n</mapper>\n",
    "oMapping" : "<?xml version=\"1.0\" encoding=\"UTF-8\" standalone=\"yes\"?>\n<mapper xmlns=\"http://www.kony.com/ns/mapper\">\n    <map inputpath=\"response_in\" outputpath=\"response_out\">\n        <map inputpath=\"\" outputpath=\"ApproveRequest\">\n            <set-param inputpath=\"auth_req_id\" outputpath=\"auth_req_id\"/>\n            <set-param inputpath=\"expires_in\" outputpath=\"expires_in\"/>\n            <set-param inputpath=\"interval\" outputpath=\"interval\"/>\n            <set-param inputpath=\"error\" outputpath=\"error\"/>\n            <set-param inputpath=\"error_description\" outputpath=\"error_description\"/>\n        </map>\n    </map>\n</mapper>\n",
    "iVisualMappingData" : "{\"nodeDataArray\":[{\"isGroup\":true,\"key\":\"request_in\",\"text\":\"ApproveRequest\",\"xy\":\"150 100\"},{\"isGroup\":true,\"key\":\"request_out\",\"text\":\"HIDApproveInitiation (1.0).initiate\",\"xy\":\"770 100\"}],\"linkDataArray\":[{\"category\":\"Mapping\",\"visible\":true,\"from\":\"source:ApproveRequest:username:\",\"to\":\"target:username:\",\"fromPort\":\"source:ApproveRequest:username:\",\"toPort\":\"target:username:\"},{\"category\":\"Mapping\",\"visible\":true,\"from\":\"source:ApproveRequest:deviceId:\",\"to\":\"target:deviceId:\",\"fromPort\":\"source:ApproveRequest:deviceId:\",\"toPort\":\"target:deviceId:\"},{\"category\":\"Mapping\",\"visible\":true,\"from\":\"source:ApproveRequest:pushMessage:\",\"to\":\"target:pushMsg:\",\"fromPort\":\"source:ApproveRequest:pushMessage:\",\"toPort\":\"target:pushMsg:\"}],\"blockCount\":{\"variableCount\":0},\"variableMap\":{},\"xmlMappingOverride\":false}",
    "oVisualMappingData" : "{\"nodeDataArray\":[{\"isGroup\":true,\"key\":\"response_out\",\"text\":\"ApproveRequest\",\"xy\":\"770 100\"},{\"isGroup\":true,\"key\":\"response_in\",\"text\":\"HIDApproveInitiation (1.0).initiate\",\"xy\":\"291 91\"}],\"linkDataArray\":[{\"category\":\"Mapping\",\"visible\":true,\"from\":\"source:auth_req_id:\",\"to\":\"target:ApproveRequest:auth_req_id:\",\"fromPort\":\"source:auth_req_id:\",\"toPort\":\"target:ApproveRequest:auth_req_id:\"},{\"category\":\"Mapping\",\"visible\":true,\"from\":\"source:error:\",\"to\":\"target:ApproveRequest:error:\",\"fromPort\":\"source:error:\",\"toPort\":\"target:ApproveRequest:error:\"},{\"category\":\"Mapping\",\"visible\":true,\"from\":\"source:error_description:\",\"to\":\"target:ApproveRequest:error_description:\",\"fromPort\":\"source:error_description:\",\"toPort\":\"target:ApproveRequest:error_description:\"},{\"category\":\"Mapping\",\"visible\":true,\"from\":\"source:expires_in:\",\"to\":\"target:ApproveRequest:expires_in:\",\"fromPort\":\"source:expires_in:\",\"toPort\":\"target:ApproveRequest:expires_in:\"},{\"category\":\"Mapping\",\"visible\":true,\"from\":\"source:interval:\",\"to\":\"target:ApproveRequest:interval:\",\"fromPort\":\"source:interval:\",\"toPort\":\"target:ApproveRequest:interval:\"}],\"blockCount\":{\"variableCount\":0},\"variableMap\":{},\"xmlMappingOverride\":false}",
    "applyCommonMapping" : false,
    "applyRequestCommonMapping" : false,
    "applyResponseCommonMapping" : false,
    "backendMeta" : {
      "serviceName" : "HIDApproveInitiation",
      "serviceVersion" : "1.0",
      "operationName" : "initiate"
    },
    "relationshipHierarchyMapping" : {
      "children" : [ ],
      "name" : "ApproveRequest",
      "actions" : { },
      "selected" : true
    },
    "requestXmlMappingOverride" : false,
    "responseXmlMappingOverride" : false,
    "mapperData" : [ {
      "name" : "base mapper1",
      "order" : 1,
      "iMapping" : "<?xml version=\"1.0\" encoding=\"UTF-8\" standalone=\"yes\"?>\n<mapper xmlns=\"http://www.kony.com/ns/mapper\">\n    <map inputpath=\"request_in\" outputpath=\"request_out\">\n        <set-param inputpath=\"deviceId\" outputpath=\"deviceId\"/>\n        <set-param inputpath=\"pushMessage\" outputpath=\"pushMsg\"/>\n        <set-param inputpath=\"username\" outputpath=\"username\"/>\n    </map>\n</mapper>\n",
      "oMapping" : "<?xml version=\"1.0\" encoding=\"UTF-8\" standalone=\"yes\"?>\n<mapper xmlns=\"http://www.kony.com/ns/mapper\">\n    <map inputpath=\"response_in\" outputpath=\"response_out\">\n        <map inputpath=\"\" outputpath=\"ApproveRequest\">\n            <set-param inputpath=\"auth_req_id\" outputpath=\"auth_req_id\"/>\n            <set-param inputpath=\"expires_in\" outputpath=\"expires_in\"/>\n            <set-param inputpath=\"interval\" outputpath=\"interval\"/>\n            <set-param inputpath=\"error\" outputpath=\"error\"/>\n            <set-param inputpath=\"error_description\" outputpath=\"error_description\"/>\n        </map>\n    </map>\n</mapper>\n",
      "iVisualMappingData" : "{\"nodeDataArray\":[{\"isGroup\":true,\"key\":\"request_in\",\"text\":\"ApproveRequest\",\"xy\":\"150 100\"},{\"isGroup\":true,\"key\":\"request_out\",\"text\":\"HIDApproveInitiation (1.0).initiate\",\"xy\":\"770 100\"}],\"linkDataArray\":[{\"category\":\"Mapping\",\"visible\":true,\"from\":\"source:ApproveRequest:username:\",\"to\":\"target:username:\",\"fromPort\":\"source:ApproveRequest:username:\",\"toPort\":\"target:username:\"},{\"category\":\"Mapping\",\"visible\":true,\"from\":\"source:ApproveRequest:deviceId:\",\"to\":\"target:deviceId:\",\"fromPort\":\"source:ApproveRequest:deviceId:\",\"toPort\":\"target:deviceId:\"},{\"category\":\"Mapping\",\"visible\":true,\"from\":\"source:ApproveRequest:pushMessage:\",\"to\":\"target:pushMsg:\",\"fromPort\":\"source:ApproveRequest:pushMessage:\",\"toPort\":\"target:pushMsg:\"}],\"blockCount\":{\"variableCount\":0},\"variableMap\":{},\"xmlMappingOverride\":false}",
      "oVisualMappingData" : "{\"nodeDataArray\":[{\"isGroup\":true,\"key\":\"response_out\",\"text\":\"ApproveRequest\",\"xy\":\"770 100\"},{\"isGroup\":true,\"key\":\"response_in\",\"text\":\"HIDApproveInitiation (1.0).initiate\",\"xy\":\"291 91\"}],\"linkDataArray\":[{\"category\":\"Mapping\",\"visible\":true,\"from\":\"source:auth_req_id:\",\"to\":\"target:ApproveRequest:auth_req_id:\",\"fromPort\":\"source:auth_req_id:\",\"toPort\":\"target:ApproveRequest:auth_req_id:\"},{\"category\":\"Mapping\",\"visible\":true,\"from\":\"source:error:\",\"to\":\"target:ApproveRequest:error:\",\"fromPort\":\"source:error:\",\"toPort\":\"target:ApproveRequest:error:\"},{\"category\":\"Mapping\",\"visible\":true,\"from\":\"source:error_description:\",\"to\":\"target:ApproveRequest:error_description:\",\"fromPort\":\"source:error_description:\",\"toPort\":\"target:ApproveRequest:error_description:\"},{\"category\":\"Mapping\",\"visible\":true,\"from\":\"source:expires_in:\",\"to\":\"target:ApproveRequest:expires_in:\",\"fromPort\":\"source:expires_in:\",\"toPort\":\"target:ApproveRequest:expires_in:\"},{\"category\":\"Mapping\",\"visible\":true,\"from\":\"source:interval:\",\"to\":\"target:ApproveRequest:interval:\",\"fromPort\":\"source:interval:\",\"toPort\":\"target:ApproveRequest:interval:\"}],\"blockCount\":{\"variableCount\":0},\"variableMap\":{},\"xmlMappingOverride\":false}",
      "requestXmlMappingOverride" : false,
      "responseXmlMappingOverride" : false,
      "disabled" : false,
      "applyCommonMapping" : false,
      "applyRequestCommonMapping" : false,
      "applyResponseCommonMapping" : false
    } ]
  },
  "enableFrontendUrl" : false,
  "customVerb" : false
}