{
  "version" : "1.0",
  "intSvcs" : [ {
    "name" : "ClientAuthIdentityWrapper",
    "version" : "1.0",
    "etag" : "4024f1d0-9db0-4d40-81f3-5177755d3142"
  }, {
    "name" : "GetHostAndTenant",
    "version" : "1.0",
    "etag" : "87232f46-4f6d-45ac-9e1f-2389b3f44c02"
  }, {
    "name" : "HIDApproveInitiation",
    "version" : "1.0",
    "etag" : "e178e294-cb99-4f71-825e-cc7fa01742f8"
  }, {
    "name" : "HIDChallengeValidationService",
    "version" : "1.0",
    "etag" : "a0362264-e517-4a26-b5e4-8cc799e25d4c"
  }, {
    "name" : "HIDChalllengeService",
    "version" : "1.0",
    "etag" : "a4e7d406-0517-4382-adb2-04dc9831dfaa"
  }, {
    "name" : "HIDPollConsensus",
    "version" : "1.0",
    "etag" : "6a133e21-7cd6-4e79-a6cc-63accc2a31d4"
  }, {
    "name" : "SearchServices",
    "version" : "1.0",
    "etag" : "1cd313c6-1bbc-43c2-aaf5-f00c5fd92389"
  }, {
    "name" : "SendOTPService",
    "version" : "1.0",
    "etag" : "4a3f3df0-d713-4d15-bb89-5458138f6728"
  }, {
    "name" : "TransactionAuthServices",
    "version" : "1.0",
    "etag" : "4a41ee4a-9f11-4ee4-98c2-1477f624b20d"
  }, {
    "name" : "TransactionSigningApproveInit",
    "version" : "1.0",
    "etag" : "005d7e8b-5908-410b-8be8-43e49d26b3e9"
  }, {
    "name" : "ValidateSMSTransaction",
    "version" : "1.0",
    "etag" : "1a5451d6-fbf2-484e-b713-0d434d6c8dae"
  } ],
  "orchSvcs" : [ {
    "name" : "SearchPushDevicesOrch",
    "version" : "1.0",
    "etag" : "2bf28251-ac0f-46a5-b7d7-e9cf10082119"
  } ],
  "objectSvcs" : [ {
    "name" : "HIDTransactionSigning",
    "version" : "1.0",
    "etag" : "dd59325e-0489-4bd0-b384-978b121e96e5"
  } ],
  "identity" : [ "ClientIdentity", "OrgAdminScim" ]
}