{
  "operationConfig" : {
    "name" : "changeAuthenticatorStatus9716",
    "type" : "MappedToBackend",
    "cachable" : false,
    "smsEnabled" : false,
    "security" : "authorized_app_user",
    "responseEncoding" : "UTF-8",
    "httpMethod" : "GET",
    "decodeResponseBody" : false,
    "iMapping" : "<?xml version=\"1.0\" encoding=\"UTF-8\" standalone=\"yes\"?>\n<mapper xmlns=\"http://www.kony.com/ns/mapper\">\n    <map inputpath=\"request_in\" outputpath=\"request_out\">\n        <set-param inputpath=\"active\" outputpath=\"active\"/>\n        <set-param inputpath=\"authType\" outputpath=\"authType\"/>\n        <set-param inputpath=\"status\" outputpath=\"status\"/>\n        <set-param inputpath=\"userId\" outputpath=\"userId\"/>\n    </map>\n</mapper>\n",
    "oMapping" : "<?xml version=\"1.0\" encoding=\"UTF-8\" standalone=\"yes\"?>\n<mapper xmlns=\"http://www.kony.com/ns/mapper\">\n    <map inputpath=\"response_in\" outputpath=\"response_out\">\n        <map inputpath=\"\" outputpath=\"ChangeAuthenticatorStatus\">\n            <set-param inputpath=\"errorDetail\" outputpath=\"errorDetail\"/>\n            <set-param inputpath=\"status\" outputpath=\"status\"/>\n        </map>\n    </map>\n</mapper>\n",
    "iVisualMappingData" : "{\"nodeDataArray\":[{\"isGroup\":true,\"key\":\"request_in\",\"text\":\"ChangeAuthenticatorStatus\",\"xy\":\"280 87\"},{\"isGroup\":true,\"key\":\"request_out\",\"text\":\"UserAdministration (1.0).changeAuthenticatorStatus\",\"xy\":\"770 100\"}],\"linkDataArray\":[{\"category\":\"Mapping\",\"visible\":true,\"from\":\"source:ChangeAuthenticatorStatus:active:\",\"to\":\"target:active:\",\"fromPort\":\"source:ChangeAuthenticatorStatus:active:\",\"toPort\":\"target:active:\"},{\"category\":\"Mapping\",\"visible\":true,\"from\":\"source:ChangeAuthenticatorStatus:authType:\",\"to\":\"target:authType:\",\"fromPort\":\"source:ChangeAuthenticatorStatus:authType:\",\"toPort\":\"target:authType:\"},{\"category\":\"Mapping\",\"visible\":true,\"from\":\"source:ChangeAuthenticatorStatus:status:\",\"to\":\"target:status:\",\"fromPort\":\"source:ChangeAuthenticatorStatus:status:\",\"toPort\":\"target:status:\"},{\"category\":\"Mapping\",\"visible\":true,\"from\":\"source:ChangeAuthenticatorStatus:userId:\",\"to\":\"target:userId:\",\"fromPort\":\"source:ChangeAuthenticatorStatus:userId:\",\"toPort\":\"target:userId:\"}],\"blockCount\":{\"variableCount\":0},\"variableMap\":{},\"xmlMappingOverride\":false}",
    "oVisualMappingData" : "{\"nodeDataArray\":[{\"isGroup\":true,\"key\":\"response_out\",\"text\":\"ChangeAuthenticatorStatus\",\"xy\":\"770 100\"},{\"isGroup\":true,\"key\":\"response_in\",\"text\":\"UserAdministration (1.0).changeAuthenticatorStatus\",\"xy\":\"226 63\"}],\"linkDataArray\":[{\"category\":\"Mapping\",\"visible\":true,\"from\":\"source:errorDetail:\",\"to\":\"target:ChangeAuthenticatorStatus:errorDetail:\",\"fromPort\":\"source:errorDetail:\",\"toPort\":\"target:ChangeAuthenticatorStatus:errorDetail:\"},{\"category\":\"Mapping\",\"visible\":true,\"from\":\"source:status:\",\"to\":\"target:ChangeAuthenticatorStatus:status:\",\"fromPort\":\"source:status:\",\"toPort\":\"target:ChangeAuthenticatorStatus:status:\"}],\"blockCount\":{\"variableCount\":0},\"variableMap\":{},\"xmlMappingOverride\":false}",
    "applyCommonMapping" : false,
    "applyRequestCommonMapping" : false,
    "applyResponseCommonMapping" : false,
    "backendMeta" : {
      "serviceName" : "UserAdministration",
      "serviceVersion" : "1.0",
      "operationName" : "changeAuthenticatorStatus"
    },
    "relationshipHierarchyMapping" : {
      "children" : [ ],
      "name" : "ChangeAuthenticatorStatus",
      "actions" : { },
      "selected" : true
    },
    "requestXmlMappingOverride" : false,
    "responseXmlMappingOverride" : false,
    "mapperData" : [ {
      "name" : "base mapper1",
      "order" : 1,
      "iMapping" : "<?xml version=\"1.0\" encoding=\"UTF-8\" standalone=\"yes\"?>\n<mapper xmlns=\"http://www.kony.com/ns/mapper\">\n    <map inputpath=\"request_in\" outputpath=\"request_out\">\n        <set-param inputpath=\"active\" outputpath=\"active\"/>\n        <set-param inputpath=\"authType\" outputpath=\"authType\"/>\n        <set-param inputpath=\"status\" outputpath=\"status\"/>\n        <set-param inputpath=\"userId\" outputpath=\"userId\"/>\n    </map>\n</mapper>\n",
      "oMapping" : "<?xml version=\"1.0\" encoding=\"UTF-8\" standalone=\"yes\"?>\n<mapper xmlns=\"http://www.kony.com/ns/mapper\">\n    <map inputpath=\"response_in\" outputpath=\"response_out\">\n        <map inputpath=\"\" outputpath=\"ChangeAuthenticatorStatus\">\n            <set-param inputpath=\"errorDetail\" outputpath=\"errorDetail\"/>\n            <set-param inputpath=\"status\" outputpath=\"status\"/>\n        </map>\n    </map>\n</mapper>\n",
      "iVisualMappingData" : "{\"nodeDataArray\":[{\"isGroup\":true,\"key\":\"request_in\",\"text\":\"ChangeAuthenticatorStatus\",\"xy\":\"280 87\"},{\"isGroup\":true,\"key\":\"request_out\",\"text\":\"UserAdministration (1.0).changeAuthenticatorStatus\",\"xy\":\"770 100\"}],\"linkDataArray\":[{\"category\":\"Mapping\",\"visible\":true,\"from\":\"source:ChangeAuthenticatorStatus:active:\",\"to\":\"target:active:\",\"fromPort\":\"source:ChangeAuthenticatorStatus:active:\",\"toPort\":\"target:active:\"},{\"category\":\"Mapping\",\"visible\":true,\"from\":\"source:ChangeAuthenticatorStatus:authType:\",\"to\":\"target:authType:\",\"fromPort\":\"source:ChangeAuthenticatorStatus:authType:\",\"toPort\":\"target:authType:\"},{\"category\":\"Mapping\",\"visible\":true,\"from\":\"source:ChangeAuthenticatorStatus:status:\",\"to\":\"target:status:\",\"fromPort\":\"source:ChangeAuthenticatorStatus:status:\",\"toPort\":\"target:status:\"},{\"category\":\"Mapping\",\"visible\":true,\"from\":\"source:ChangeAuthenticatorStatus:userId:\",\"to\":\"target:userId:\",\"fromPort\":\"source:ChangeAuthenticatorStatus:userId:\",\"toPort\":\"target:userId:\"}],\"blockCount\":{\"variableCount\":0},\"variableMap\":{},\"xmlMappingOverride\":false}",
      "oVisualMappingData" : "{\"nodeDataArray\":[{\"isGroup\":true,\"key\":\"response_out\",\"text\":\"ChangeAuthenticatorStatus\",\"xy\":\"770 100\"},{\"isGroup\":true,\"key\":\"response_in\",\"text\":\"UserAdministration (1.0).changeAuthenticatorStatus\",\"xy\":\"226 63\"}],\"linkDataArray\":[{\"category\":\"Mapping\",\"visible\":true,\"from\":\"source:errorDetail:\",\"to\":\"target:ChangeAuthenticatorStatus:errorDetail:\",\"fromPort\":\"source:errorDetail:\",\"toPort\":\"target:ChangeAuthenticatorStatus:errorDetail:\"},{\"category\":\"Mapping\",\"visible\":true,\"from\":\"source:status:\",\"to\":\"target:ChangeAuthenticatorStatus:status:\",\"fromPort\":\"source:status:\",\"toPort\":\"target:ChangeAuthenticatorStatus:status:\"}],\"blockCount\":{\"variableCount\":0},\"variableMap\":{},\"xmlMappingOverride\":false}",
      "requestXmlMappingOverride" : false,
      "responseXmlMappingOverride" : false,
      "disabled" : false,
      "applyCommonMapping" : false,
      "applyRequestCommonMapping" : false,
      "applyResponseCommonMapping" : false
    } ]
  },
  "enableFrontendUrl" : false,
  "customVerb" : false
}