[ {
  "name" : "maxLength",
  "sourceFieldname" : "maxLength",
  "description" : "maxLength",
  "dataType" : "string",
  "hasIndex" : false,
  "unique" : true,
  "primarykey" : true,
  "namefield" : false,
  "nullable" : false,
  "custom" : false,
  "createable" : true,
  "updateable" : true,
  "audit" : false,
  "customizable" : false,
  "fieldOrder" : 1,
  "fieldProperties" : {
    "autoGenerated" : "false"
  },
  "etag" : "1cd5f7e2-b917-4980-8714-8d69a5f306a4",
  "isExtended" : false
}, {
  "name" : "minDiffChars",
  "sourceFieldname" : "minDiffChars",
  "description" : "minDiffChars",
  "dataType" : "string",
  "hasIndex" : false,
  "unique" : false,
  "primarykey" : false,
  "namefield" : false,
  "nullable" : true,
  "custom" : false,
  "createable" : true,
  "updateable" : true,
  "audit" : false,
  "customizable" : false,
  "fieldOrder" : 2,
  "fieldProperties" : {
    "autoGenerated" : "false"
  },
  "etag" : "e56d95e0-64aa-4722-a089-9a4ed634aa82",
  "isExtended" : false
}, {
  "name" : "minLength",
  "sourceFieldname" : "minLength",
  "description" : "minLength",
  "dataType" : "string",
  "hasIndex" : false,
  "unique" : false,
  "primarykey" : false,
  "namefield" : false,
  "nullable" : true,
  "custom" : false,
  "createable" : true,
  "updateable" : true,
  "audit" : false,
  "customizable" : false,
  "fieldOrder" : 3,
  "fieldProperties" : {
    "autoGenerated" : "false"
  },
  "etag" : "2b09a5a8-c364-4da5-bdcc-a73852a9016f",
  "isExtended" : false
}, {
  "name" : "notEnglish",
  "sourceFieldname" : "notEnglish",
  "description" : "notEnglish",
  "dataType" : "boolean",
  "hasIndex" : false,
  "unique" : false,
  "primarykey" : false,
  "namefield" : false,
  "nullable" : true,
  "custom" : false,
  "createable" : true,
  "updateable" : true,
  "audit" : false,
  "customizable" : false,
  "fieldOrder" : 4,
  "fieldProperties" : {
    "autoGenerated" : "false"
  },
  "etag" : "7f22a32c-d3c1-4245-941a-0efc362db759",
  "isExtended" : false
}, {
  "name" : "notOldPassword",
  "sourceFieldname" : "notOldPassword",
  "description" : "notOldPassword",
  "dataType" : "boolean",
  "hasIndex" : false,
  "unique" : false,
  "primarykey" : false,
  "namefield" : false,
  "nullable" : true,
  "custom" : false,
  "createable" : true,
  "updateable" : true,
  "audit" : false,
  "customizable" : false,
  "fieldOrder" : 5,
  "fieldProperties" : {
    "autoGenerated" : "false"
  },
  "etag" : "b3437621-bf37-45db-bbb0-9ca822d0e7d5",
  "isExtended" : false
}, {
  "name" : "notSequence",
  "sourceFieldname" : "notSequence",
  "description" : "notSequence",
  "dataType" : "boolean",
  "hasIndex" : false,
  "unique" : false,
  "primarykey" : false,
  "namefield" : false,
  "nullable" : true,
  "custom" : false,
  "createable" : true,
  "updateable" : true,
  "audit" : false,
  "customizable" : false,
  "fieldOrder" : 6,
  "fieldProperties" : {
    "autoGenerated" : "false"
  },
  "etag" : "3ea51160-995f-41ab-a6eb-f180d9763605",
  "isExtended" : false
}, {
  "name" : "notUserAttribute",
  "sourceFieldname" : "notUserAttribute",
  "description" : "notUserAttribute",
  "dataType" : "boolean",
  "hasIndex" : false,
  "unique" : false,
  "primarykey" : false,
  "namefield" : false,
  "nullable" : true,
  "custom" : false,
  "createable" : true,
  "updateable" : true,
  "audit" : false,
  "customizable" : false,
  "fieldOrder" : 7,
  "fieldProperties" : {
    "autoGenerated" : "false"
  },
  "etag" : "e9662913-cf70-415e-abfc-1de24e529cc2",
  "isExtended" : false
} ]