[ {
  "name" : "residentKey",
  "sourceFieldname" : "residentKey",
  "description" : "residentKey",
  "dataType" : "string",
  "hasIndex" : false,
  "unique" : false,
  "primarykey" : false,
  "namefield" : false,
  "nullable" : true,
  "custom" : false,
  "createable" : true,
  "updateable" : true,
  "audit" : false,
  "customizable" : false,
  "fieldOrder" : 0,
  "fieldProperties" : {
    "autoGenerated" : "false"
  },
  "etag" : "098e955e-01c8-4d3d-94b4-98d986ba3d43",
  "isExtended" : false
}, {
  "name" : "userVerification",
  "sourceFieldname" : "userVerification",
  "description" : "userVerification",
  "dataType" : "string",
  "hasIndex" : false,
  "unique" : false,
  "primarykey" : false,
  "namefield" : false,
  "nullable" : true,
  "custom" : false,
  "createable" : true,
  "updateable" : true,
  "audit" : false,
  "customizable" : false,
  "fieldOrder" : 0,
  "fieldProperties" : {
    "autoGenerated" : "false"
  },
  "etag" : "961ce735-95f5-49a0-a56b-efe24e3c03b3",
  "isExtended" : false
} ]