[ {
  "name" : "correlationid",
  "sourceFieldname" : "correlationid",
  "description" : "correlationid",
  "dataType" : "string",
  "hasIndex" : false,
  "unique" : false,
  "primarykey" : false,
  "namefield" : false,
  "nullable" : true,
  "custom" : false,
  "createable" : true,
  "updateable" : true,
  "audit" : false,
  "customizable" : false,
  "fieldOrder" : 0,
  "fieldProperties" : {
    "autoGenerated" : "false"
  },
  "etag" : "0cca0bfd-4f72-4d44-a5a4-122695820a6d",
  "isExtended" : false
}, {
  "name" : "DEVICETYPE",
  "sourceFieldname" : "DEVICETYPE",
  "description" : "DEVICETYPE",
  "dataType" : "string",
  "hasIndex" : false,
  "unique" : false,
  "primarykey" : false,
  "namefield" : false,
  "nullable" : true,
  "custom" : false,
  "createable" : true,
  "updateable" : true,
  "audit" : false,
  "customizable" : false,
  "fieldOrder" : 0,
  "fieldProperties" : {
    "autoGenerated" : "false"
  },
  "etag" : "a464db80-8440-463e-8c39-6858dd54a813",
  "isExtended" : false
}, {
  "name" : "ExternalUserId",
  "sourceFieldname" : "ExternalUserId",
  "description" : "ExternalUserId",
  "dataType" : "string",
  "hasIndex" : false,
  "unique" : false,
  "primarykey" : false,
  "namefield" : false,
  "nullable" : true,
  "custom" : false,
  "createable" : true,
  "updateable" : true,
  "audit" : false,
  "customizable" : false,
  "fieldOrder" : 0,
  "fieldProperties" : {
    "autoGenerated" : "false"
  },
  "etag" : "905ab8f8-67bc-4096-b647-a38b0faeece4",
  "isExtended" : false
}, {
  "name" : "Message",
  "sourceFieldname" : "Message",
  "description" : "Message",
  "dataType" : "string",
  "hasIndex" : false,
  "unique" : false,
  "primarykey" : false,
  "namefield" : false,
  "nullable" : true,
  "custom" : false,
  "createable" : true,
  "updateable" : true,
  "audit" : false,
  "customizable" : false,
  "fieldOrder" : 0,
  "fieldProperties" : {
    "autoGenerated" : "false"
  },
  "etag" : "d68a0b1c-2cce-4ec1-93d5-4f6af23124da",
  "isExtended" : false
} ]