<?xml version="1.0" encoding="UTF-8" standalone="yes"?>
<service serviceGroup="" cachable="false" cacheduration="" customOperation="false" description="" endpoint="default" groupType="" id="sendLinkWithEmail" passwordencrypted="false" security="public" type="jsonConnector" smscode="" smsenabled="false">
    <service-config>
        <config-param api-version="" appid="" name="preprocessorname" value="com.hid.idv.service.IdvBasePreprocessor"/>
        <config-param api-version="" appid="" name="postprocessorname" value=""/>
        <config-param api-version="" appid="" name="preprocessorJS" value=""/>
        <config-param api-version="" appid="" name="postprocessorJS" value=""/>
        <config-param api-version="" appid="" name="preprocessorRules" value=""/>
        <config-param api-version="" appid="" name="postprocessorRules" value=""/>
        <config-param api-version="" appid="" name="kony_http_supported_methods" value="POST"/>
        <config-param api-version="" appid="" name="endpointUrl" value="https://cfwebt.amalgam-east.ascendant.cloud/api/verify"/>
        <config-param api-version="" appid="" name="ignorehttpproxy" value="true"/>
        <config-param api-version="" appid="" name="http.method" value="POST"/>
        <config-param api-version="" appid="" name="dataObjectName" value=""/>
        <config-param api-version="" appid="" name="sockettimeout" value=""/>
        <config-param api-version="" appid="" name="responseEncoding" value="UTF-8"/>
        <config-param api-version="" appid="" name="isembedxmlpresent" value="false"/>
        <config-param api-version="" appid="" name="retrycount" value="0"/>
        <config-param api-version="" appid="" name="jsonpath" value="true"/>
    </service-config>
    <service-input passthrough="false" isExtended="false">
        <header datatype="" name="" passthrough="false" isExtended="false">
            <param datatype="string" defaultvalue="" description="" encode="false" format="None" formatvalue="" name="Accept" order="" paramOrder="0" parentOrder="0" sms-name="" src="constant" sourcevalue="*/*" srcformatvalue="" target="" targetdatatype="" testvalue="" value="" isExtended="false">
                <accessType></accessType>
            </param>
            <param datatype="string" defaultvalue="" description="" encode="false" format="None" formatvalue="" name="Content-Type" order="" paramOrder="0" parentOrder="0" sms-name="" src="constant" sourcevalue="application/json" srcformatvalue="" target="" targetdatatype="" testvalue="" value="" isExtended="false">
                <accessType></accessType>
            </param>
            <param datatype="string" defaultvalue="" description="" encode="false" format="None" formatvalue="" name="Authorization" order="" paramOrder="0" parentOrder="0" sms-name="" src="request" sourcevalue="" srcformatvalue="" target="" targetdatatype="" testvalue="Bearer eyJhbGciOiJIUzI1NiJ9.eyJqdGkiOiIxZTQ5Njc4ZS05NGQ5LTQ3ZjUtODkxNi01M2U3Mzc0NWIyYzIiLCJleHAiOjE2ODczNjA2ODgsIlVzZXJSb2xlIjoiMTAzIn0.wvbk4ENPTn-3b_fcMv4UKHoEdx-pSFBMFy8KHr8fSsQ" value="" isExtended="false">
                <accessType></accessType>
            </param>
        </header>
        <param datatype="string" defaultvalue="" description="" encode="false" format="None" formatvalue="" name="email" order="" paramOrder="1" parentOrder="-1" passnull="false" sms-name="" src="request" sourcevalue="" srcformatvalue="" target="request" targetdatatype="java.lang.String" testvalue="gks23feb@gmail.com" value="" isExtended="false">
            <accessType></accessType>
        </param>
        <param datatype="string" defaultvalue="9999" description="" encode="true" format="None" formatvalue="" name="AccountCode" order="" paramOrder="2" parentOrder="-1" passnull="false" sms-name="" src="request" sourcevalue="" srcformatvalue="" target="request" targetdatatype="java.lang.String" testvalue="9999" value="9999" isExtended="false">
            <accessType></accessType>
        </param>
        <param datatype="string" defaultvalue="" description="" encode="false" format="None" formatvalue="" name="uid" order="" paramOrder="3" parentOrder="-1" passnull="false" sms-name="" src="request" sourcevalue="" srcformatvalue="" target="request" targetdatatype="java.lang.String" testvalue="sampleUID123" value="" isExtended="false">
            <accessType></accessType>
        </param>
        <template-param datatype="" defaultvalue="{&#10;    &quot;channel&quot;: &quot;EMAIL&quot;,&#10;    &quot;channelDetails&quot;: &quot;$email&quot;,&#10;    &quot;channelConfiguration&quot;: {&#10;        &quot;frontCaptureMode&quot;: &quot;Auto&quot;,&#10;        &quot;backCaptureMode&quot;: &quot;Auto&quot;,&#10;        &quot;selfieCaptureMode&quot;: &quot;Auto&quot;,&#10;        &quot;enableSelfieCapture&quot;: &quot;true&quot;,&#10;        &quot;enableFarSelfie&quot;: &quot;false&quot;,&#10;        &quot;transactionAttempts&quot;: &quot;3&quot;,&#10;        &quot;frontCaptureAttempt&quot;: &quot;3&quot;,&#10;        &quot;backCaptureAttempt&quot;: &quot;3&quot;,&#10;        &quot;enableLocationDetection&quot;: &quot;true&quot;,&#10;        &quot;requestExpiryTimeInMin&quot;: 8,&#10;        &quot;transactionExpiryTimeInMin&quot;: 1440&#10;    },&#10;    &quot;transactionDetails&quot;: {&#10;        &quot;accountCode&quot;: &quot;$AccountCode&quot;,&#10;        &quot;uid&quot;: &quot;$uid&quot;&#10;    },&#10;    &quot;channelResponse&quot;: [&#10;        &quot;AddressCity&quot;,&#10;        &quot;AddressPostalCode&quot;,&#10;        &quot;BirthDate&quot;,&#10;        &quot;DocumentNumber&quot;,&#10;        &quot;PIISource&quot;,&#10;        &quot;SELFIE_MATCHSCORE&quot;,&#10;        &quot;IMAGE_SELFIE&quot;,&#10;        &quot;HideTransactionDetails&quot;,&#10;        &quot;HidePassIDEThreshold&quot;,&#10;        &quot;HideFailIDEThreshold&quot;,&#10;        &quot;HideUncertainIDEThreshold&quot;&#10;    ]&#10;}" description="" encode="false" format="" formatvalue="" name="message" order="" paramOrder="0" parentOrder="0" sms-name="" src="" sourcevalue="" srcformatvalue="" target="" targetdatatype="" value="{&#10;    &quot;channel&quot;: &quot;EMAIL&quot;,&#10;    &quot;channelDetails&quot;: &quot;$email&quot;,&#10;    &quot;channelConfiguration&quot;: {&#10;        &quot;frontCaptureMode&quot;: &quot;Auto&quot;,&#10;        &quot;backCaptureMode&quot;: &quot;Auto&quot;,&#10;        &quot;selfieCaptureMode&quot;: &quot;Auto&quot;,&#10;        &quot;enableSelfieCapture&quot;: &quot;true&quot;,&#10;        &quot;enableFarSelfie&quot;: &quot;false&quot;,&#10;        &quot;transactionAttempts&quot;: &quot;3&quot;,&#10;        &quot;frontCaptureAttempt&quot;: &quot;3&quot;,&#10;        &quot;backCaptureAttempt&quot;: &quot;3&quot;,&#10;        &quot;enableLocationDetection&quot;: &quot;true&quot;,&#10;        &quot;requestExpiryTimeInMin&quot;: 8,&#10;        &quot;transactionExpiryTimeInMin&quot;: 1440&#10;    },&#10;    &quot;transactionDetails&quot;: {&#10;        &quot;accountCode&quot;: &quot;$AccountCode&quot;,&#10;        &quot;uid&quot;: &quot;$uid&quot;&#10;    },&#10;    &quot;channelResponse&quot;: [&#10;        &quot;AddressCity&quot;,&#10;        &quot;AddressPostalCode&quot;,&#10;        &quot;BirthDate&quot;,&#10;        &quot;DocumentNumber&quot;,&#10;        &quot;PIISource&quot;,&#10;        &quot;SELFIE_MATCHSCORE&quot;,&#10;        &quot;IMAGE_SELFIE&quot;,&#10;        &quot;HideTransactionDetails&quot;,&#10;        &quot;HidePassIDEThreshold&quot;,&#10;        &quot;HideFailIDEThreshold&quot;,&#10;        &quot;HideUncertainIDEThreshold&quot;&#10;    ]&#10;}" isExtended="false">
            <accessType></accessType>
        </template-param>
        <stub-param value=""/>
    </service-input>
    <service-output passthrough="false" isExtended="false">
        <param datatype="string" defaultvalue="" description="" encode="true" format="None" formatvalue="" name="requestID" order="" paramOrder="1" parentOrder="0" passnull="false" sms-name="" src="$.requestID" sourcevalue="" srcformatvalue="" target="response" targetdatatype="java.lang.String" testvalue="" value="" isExtended="false">
            <accessType></accessType>
        </param>
    </service-output>
</service>
