<?xml version="1.0" encoding="UTF-8" standalone="yes"?>
<endpoint name="default" type="JSON" url="https://api.c121.threatmark.com/v3/" encryptSecureInfo="false">
    <config>
        <entry>
            <key>server.auth.mode</key>
            <value>basic</value>
        </entry>
        <entry>
            <key>ignorehttpproxy</key>
            <value>true</value>
        </entry>
        <entry>
            <key>pwd</key>
            <value>Qa5NjqU4AMA!</value>
        </entry>
        <entry>
            <key>userid</key>
            <value>api_PYmW3P8</value>
        </entry>
    </config>
    <apiThrottling/>
    <jsonpath>true</jsonpath>
</endpoint>
