<?xml version="1.0" encoding="UTF-8" standalone="yes"?>
<service serviceGroup="" cachable="false" cacheduration="" customOperation="false" description="" endpoint="default" groupType="" id="SearchUserAuth" passwordencrypted="false" security="private" type="jsonConnector" smscode="" smsenabled="false">
    <service-config>
        <config-param api-version="" appid="" name="preprocessorname" value="com.hid.common.ClientBasePreprocessor"/>
        <config-param api-version="" appid="" name="postprocessorname" value="com.hid.authentication.postprocessor.SearchUserAuthPostProcessor"/>
        <config-param api-version="" appid="" name="preprocessorJS" value=""/>
        <config-param api-version="" appid="" name="postprocessorJS" value=""/>
        <config-param api-version="" appid="" name="preprocessorRules" value=""/>
        <config-param api-version="" appid="" name="postprocessorRules" value=""/>
        <config-param api-version="" appid="" name="kony_http_supported_methods" value="POST"/>
        <config-param api-version="" appid="" name="endpointUrl" value="https://__$HOST__/scim/__$TENANT__/v2/Users/.search?api-version=__$API_VERSION__"/>
        <config-param api-version="" appid="" name="ignorehttpproxy" value="true"/>
        <config-param api-version="" appid="" name="http.method" value="POST"/>
        <config-param api-version="" appid="" name="dataObjectName" value=""/>
        <config-param api-version="" appid="" name="sockettimeout" value=""/>
        <config-param api-version="" appid="" name="responseEncoding" value="UTF-8"/>
        <config-param api-version="" appid="" name="isembedxmlpresent" value="false"/>
        <config-param api-version="" appid="" name="retrycount" value="0"/>
        <config-param api-version="" appid="" name="urlprovider" value="com.hid.common.ServiceUrlProvider"/>
        <config-param api-version="" appid="" name="jsonpath" value="true"/>
    </service-config>
    <service-input passthrough="false" isExtended="false">
        <header datatype="" name="" passthrough="false" isExtended="false">
            <param datatype="string" defaultvalue="" description="" encode="false" format="None" formatvalue="" name="Content-Type" order="" paramOrder="0" parentOrder="0" sms-name="" src="constant" sourcevalue="application/scim+json" srcformatvalue="" target="" targetdatatype="" testvalue="" value="" isExtended="false">
                <accessType></accessType>
            </param>
            <param datatype="string" defaultvalue="*/*" description="" encode="false" format="None" formatvalue="" name="Accept" order="" paramOrder="0" parentOrder="0" sms-name="" src="constant" sourcevalue="application/scim+json" srcformatvalue="" target="" targetdatatype="" testvalue="*/*" value="*/*" isExtended="false">
                <accessType></accessType>
            </param>
            <param datatype="string" defaultvalue="" description="" encode="false" format="None" formatvalue="" name="Authorization" order="" paramOrder="0" parentOrder="0" sms-name="" src="request" sourcevalue="" srcformatvalue="" target="" targetdatatype="" testvalue="Bearer lABNOQAAAYa70xXgTtLPSPfiyE7WM4XzSjiQmq6K" value="" isExtended="false">
                <accessType></accessType>
            </param>
            <param datatype="string" defaultvalue="" description="" encode="false" format="None" formatvalue="" name="X-Correlation-ID" order="" paramOrder="0" parentOrder="0" sms-name="" src="request" sourcevalue="" srcformatvalue="" target="" targetdatatype="" testvalue="" value="" isExtended="false">
                <accessType></accessType>
            </param>
        </header>
        <param datatype="string" defaultvalue="" description="" encode="true" format="None" formatvalue="" name="filter" order="" paramOrder="1" parentOrder="-1" passnull="false" sms-name="" src="request" sourcevalue="" srcformatvalue="" target="request" targetdatatype="java.lang.String" testvalue="userName eq testpin3" value="" isExtended="false">
            <accessType></accessType>
        </param>
        <param datatype="string" defaultvalue="id" description="" encode="true" format="None" formatvalue="" name="sortBy" order="" paramOrder="2" parentOrder="-1" passnull="false" sms-name="" src="request" sourcevalue="" srcformatvalue="" target="request" targetdatatype="java.lang.String" testvalue="id" value="id" isExtended="false">
            <accessType></accessType>
        </param>
        <param datatype="string" defaultvalue="descending" description="" encode="true" format="None" formatvalue="" name="sortOrder" order="" paramOrder="3" parentOrder="-1" passnull="false" sms-name="" src="request" sourcevalue="" srcformatvalue="" target="request" targetdatatype="java.lang.String" testvalue="descending" value="descending" isExtended="false">
            <accessType></accessType>
        </param>
        <param datatype="string" defaultvalue="0" description="" encode="true" format="None" formatvalue="" name="startIndex" order="" paramOrder="4" parentOrder="-1" passnull="false" sms-name="" src="request" sourcevalue="" srcformatvalue="" target="request" targetdatatype="java.lang.String" testvalue="0" value="0" isExtended="false">
            <accessType></accessType>
        </param>
        <param datatype="string" defaultvalue="100" description="" encode="true" format="None" formatvalue="" name="count" order="" paramOrder="5" parentOrder="-1" passnull="false" sms-name="" src="request" sourcevalue="" srcformatvalue="" target="request" targetdatatype="java.lang.String" testvalue="100" value="100" isExtended="false">
            <accessType></accessType>
        </param>
        <param datatype="string" defaultvalue="urn:ietf:params:scim:api:messages:2.0:SearchRequest" description="" encode="true" format="None" formatvalue="" name="schemaString" order="" paramOrder="6" parentOrder="-1" passnull="false" sms-name="" src="request" sourcevalue="" srcformatvalue="" target="request" targetdatatype="java.lang.String" testvalue="urn:ietf:params:scim:api:messages:2.0:SearchRequest" value="urn:ietf:params:scim:api:messages:2.0:SearchRequest" isExtended="false">
            <accessType></accessType>
        </param>
        <param datatype="string" defaultvalue="" description="" encode="true" format="None" formatvalue="" name="msgId" order="" paramOrder="7" parentOrder="-1" passnull="false" sms-name="" src="request" sourcevalue="" srcformatvalue="" target="request" targetdatatype="java.lang.String" testvalue="" value="" isExtended="false">
            <accessType></accessType>
        </param>
        <param datatype="string" defaultvalue="" description="" encode="true" format="None" formatvalue="" name="correlationId" order="" paramOrder="8" parentOrder="-1" passnull="false" sms-name="" src="request" sourcevalue="" srcformatvalue="" target="request" targetdatatype="java.lang.String" testvalue="" value="" isExtended="false">
            <accessType></accessType>
        </param>
        <template-param datatype="" defaultvalue="{&#10;    &quot;attributes&quot;: [&#10;        &quot;urn:hid:scim:api:idp:2.0:UserAttribute&quot;,&#10;        &quot;urn:hid:scim:api:idp:2.0:UserAuthenticator&quot;,&#10;        &quot;urn:hid:scim:api:idp:2.0:UserDevice&quot;,&#10;        &quot;urn:ietf:params:scim:schemas:extension:enterprise:2.0:User&quot;,&#10;        &quot;roles&quot;,&#10;        &quot;active&quot;&#10;    ],&#10;    &quot;schemas&quot;: [&#10;        &quot;$schemaString&quot;&#10;    ],&#10;    &quot;filter&quot;: &quot;$filter&quot;,&#10;    &quot;sortBy&quot;: &quot;$sortBy&quot;,&#10;    &quot;sortOrder&quot;: &quot;$sortOrder&quot;,&#10;    &quot;count&quot;: &quot;$count&quot;&#10;}" description="" encode="false" format="" formatvalue="" name="message" order="" paramOrder="0" parentOrder="0" sms-name="" src="" sourcevalue="" srcformatvalue="" target="" targetdatatype="" value="{&#10;    &quot;attributes&quot;: [&#10;        &quot;urn:hid:scim:api:idp:2.0:UserAttribute&quot;,&#10;        &quot;urn:hid:scim:api:idp:2.0:UserAuthenticator&quot;,&#10;        &quot;urn:hid:scim:api:idp:2.0:UserDevice&quot;,&#10;        &quot;urn:ietf:params:scim:schemas:extension:enterprise:2.0:User&quot;,&#10;        &quot;roles&quot;,&#10;        &quot;active&quot;&#10;    ],&#10;    &quot;schemas&quot;: [&#10;        &quot;$schemaString&quot;&#10;    ],&#10;    &quot;filter&quot;: &quot;$filter&quot;,&#10;    &quot;sortBy&quot;: &quot;$sortBy&quot;,&#10;    &quot;sortOrder&quot;: &quot;$sortOrder&quot;,&#10;    &quot;count&quot;: &quot;$count&quot;&#10;}" isExtended="false">
            <accessType></accessType>
        </template-param>
        <stub-param value=""/>
    </service-input>
    <service-output passthrough="false" isExtended="false">
        <param datatype="string" defaultvalue="" description="" encode="true" format="None" formatvalue="" name="totalResults" order="" paramOrder="1" parentOrder="0" passnull="false" sms-name="" src="$.totalResults" sourcevalue="" srcformatvalue="" target="response" targetdatatype="java.lang.String" testvalue="" value="" isExtended="false">
            <accessType></accessType>
        </param>
        <param datatype="string" defaultvalue="" description="" encode="true" format="None" formatvalue="" name="id" order="" paramOrder="2" parentOrder="0" passnull="false" sms-name="" src="$.resources[0].id" sourcevalue="" srcformatvalue="" target="response" targetdatatype="java.lang.String" testvalue="" value="" isExtended="false">
            <accessType></accessType>
        </param>
        <param datatype="string" defaultvalue="" description="" encode="true" format="None" formatvalue="" name="externalId" order="" paramOrder="3" parentOrder="0" passnull="false" sms-name="" src="$.resources[*].externalId" sourcevalue="" srcformatvalue="" target="response" targetdatatype="java.lang.String" testvalue="" value="" isExtended="false">
            <accessType></accessType>
        </param>
        <param datatype="string" defaultvalue="" description="" encode="true" format="None" formatvalue="" name="searchDevicesServiceError" order="" paramOrder="4" parentOrder="0" passnull="false" sms-name="" src="$.searchDevicesServiceError" sourcevalue="" srcformatvalue="" target="response" targetdatatype="java.lang.String" testvalue="" value="" isExtended="false">
            <accessType></accessType>
        </param>
    </service-output>
</service>
