{
  "operationConfig" : {
    "name" : "addDeviceToUser7865",
    "type" : "MappedToBackend",
    "cachable" : false,
    "smsEnabled" : false,
    "security" : "authorized_app",
    "responseEncoding" : "UTF-8",
    "httpMethod" : "GET",
    "decodeResponseBody" : false,
    "iMapping" : "<?xml version=\"1.0\" encoding=\"UTF-8\" standalone=\"yes\"?>\n<mapper xmlns=\"http://www.kony.com/ns/mapper\">\n    <map inputpath=\"request_in\" outputpath=\"request_out\">\n        <set-param inputpath=\"DeviceId\" outputpath=\"DeviceId\"/>\n        <set-param inputpath=\"Username\" outputpath=\"Username\"/>\n    </map>\n</mapper>\n",
    "oMapping" : "<?xml version=\"1.0\" encoding=\"UTF-8\" standalone=\"yes\"?><mapper xmlns=\"http://www.kony.com/ns/mapper\">  <map inputpath=\"response_in\" outputpath=\"response_out\">     <map inputpath=\"\" outputpath=\"AddHardwareDeviceToUser\">    <map inputpath=\"LoopDataset\" outputpath=\"LoopDataset\">      <set-param inputpath=\"externalId\" outputpath=\"externalId\"/>     </map>    </map>  </map></mapper>",
    "iVisualMappingData" : "{\"nodeDataArray\":[{\"isGroup\":true,\"key\":\"request_in\",\"text\":\"AddHardwareDeviceToUser\",\"xy\":\"150 100\"},{\"isGroup\":true,\"key\":\"request_out\",\"text\":\"AssignDevice (2.0).addDeviceToUser\",\"xy\":\"770 100\"}],\"linkDataArray\":[{\"category\":\"Mapping\",\"visible\":true,\"from\":\"source:AddHardwareDeviceToUser:DeviceId:\",\"to\":\"target:parameters:DeviceId:\",\"fromPort\":\"source:AddHardwareDeviceToUser:DeviceId:\",\"toPort\":\"target:parameters:DeviceId:\"},{\"category\":\"Mapping\",\"visible\":true,\"from\":\"source:AddHardwareDeviceToUser:Username:\",\"to\":\"target:parameters:Username:\",\"fromPort\":\"source:AddHardwareDeviceToUser:Username:\",\"toPort\":\"target:parameters:Username:\"}],\"blockCount\":{\"variableCount\":0},\"variableMap\":{},\"xmlMappingOverride\":false}",
    "oVisualMappingData" : "{\"nodeDataArray\":[{\"isGroup\":true,\"key\":\"response_out\",\"text\":\"AddHardwareDeviceToUser\",\"xy\":\"770 100\"},{\"isGroup\":true,\"key\":\"response_in\",\"text\":\"AssignDevice (2.0).addDeviceToUser\",\"xy\":\"150 100\"}],\"linkDataArray\":[{\"category\":\"Mapping\",\"visible\":true,\"from\":\"source:externalId:\",\"to\":\"target:AddHardwareDeviceToUser:externalId:\",\"fromPort\":\"source:externalId:\",\"toPort\":\"target:AddHardwareDeviceToUser:externalId:\"},{\"from\":\"target\",\"to\":\"target:AddHardwareDeviceToUser\",\"fromPort\":\"target\",\"toPort\":\"target:AddHardwareDeviceToUser\",\"visible\":true,\"common\":false},{\"from\":\"target:AddHardwareDeviceToUser\",\"to\":\"target:AddHardwareDeviceToUser:fields\",\"fromPort\":\"target:AddHardwareDeviceToUser\",\"toPort\":\"target:AddHardwareDeviceToUser:fields\",\"visible\":true,\"common\":false},{\"from\":\"target:AddHardwareDeviceToUser:fields\",\"to\":\"target:AddHardwareDeviceToUser:DeviceId:\",\"fromPort\":\"target:AddHardwareDeviceToUser:fields\",\"toPort\":\"target:AddHardwareDeviceToUser:DeviceId:\",\"visible\":true,\"common\":false},{\"from\":\"target:AddHardwareDeviceToUser:fields\",\"to\":\"target:AddHardwareDeviceToUser:externalId:\",\"fromPort\":\"target:AddHardwareDeviceToUser:fields\",\"toPort\":\"target:AddHardwareDeviceToUser:externalId:\",\"visible\":true,\"common\":false},{\"from\":\"target:AddHardwareDeviceToUser:fields\",\"to\":\"target:AddHardwareDeviceToUser:Username:\",\"fromPort\":\"target:AddHardwareDeviceToUser:fields\",\"toPort\":\"target:AddHardwareDeviceToUser:Username:\",\"visible\":true,\"common\":false},{\"from\":\"source\",\"to\":\"source:parameters\",\"fromPort\":\"source\",\"toPort\":\"source:parameters\",\"visible\":true,\"common\":false},{\"from\":\"source:parameters\",\"to\":\"source:externalId:\",\"fromPort\":\"source:parameters\",\"toPort\":\"source:externalId:\",\"visible\":true,\"common\":false}],\"blockCount\":{\"variableCount\":0},\"variableMap\":{},\"xmlMappingOverride\":true}",
    "applyCommonMapping" : false,
    "applyRequestCommonMapping" : false,
    "applyResponseCommonMapping" : false,
    "backendMeta" : {
      "serviceName" : "AssignDevice",
      "serviceVersion" : "2.0",
      "operationName" : "addDeviceToUser"
    },
    "relationshipHierarchyMapping" : {
      "children" : [ ],
      "name" : "AddHardwareDeviceToUser",
      "actions" : { },
      "selected" : true
    },
    "requestXmlMappingOverride" : false,
    "responseXmlMappingOverride" : true,
    "mapperData" : [ {
      "name" : "base mapper1",
      "order" : 1,
      "iMapping" : "<?xml version=\"1.0\" encoding=\"UTF-8\" standalone=\"yes\"?>\n<mapper xmlns=\"http://www.kony.com/ns/mapper\">\n    <map inputpath=\"request_in\" outputpath=\"request_out\">\n        <set-param inputpath=\"DeviceId\" outputpath=\"DeviceId\"/>\n        <set-param inputpath=\"Username\" outputpath=\"Username\"/>\n    </map>\n</mapper>\n",
      "oMapping" : "<?xml version=\"1.0\" encoding=\"UTF-8\" standalone=\"yes\"?><mapper xmlns=\"http://www.kony.com/ns/mapper\">  <map inputpath=\"response_in\" outputpath=\"response_out\">     <map inputpath=\"\" outputpath=\"AddHardwareDeviceToUser\">    <map inputpath=\"LoopDataset\" outputpath=\"LoopDataset\">      <set-param inputpath=\"externalId\" outputpath=\"externalId\"/>     </map>    </map>  </map></mapper>",
      "iVisualMappingData" : "{\"nodeDataArray\":[{\"isGroup\":true,\"key\":\"request_in\",\"text\":\"AddHardwareDeviceToUser\",\"xy\":\"150 100\"},{\"isGroup\":true,\"key\":\"request_out\",\"text\":\"AssignDevice (2.0).addDeviceToUser\",\"xy\":\"770 100\"}],\"linkDataArray\":[{\"category\":\"Mapping\",\"visible\":true,\"from\":\"source:AddHardwareDeviceToUser:DeviceId:\",\"to\":\"target:parameters:DeviceId:\",\"fromPort\":\"source:AddHardwareDeviceToUser:DeviceId:\",\"toPort\":\"target:parameters:DeviceId:\"},{\"category\":\"Mapping\",\"visible\":true,\"from\":\"source:AddHardwareDeviceToUser:Username:\",\"to\":\"target:parameters:Username:\",\"fromPort\":\"source:AddHardwareDeviceToUser:Username:\",\"toPort\":\"target:parameters:Username:\"}],\"blockCount\":{\"variableCount\":0},\"variableMap\":{},\"xmlMappingOverride\":false}",
      "oVisualMappingData" : "{\"nodeDataArray\":[{\"isGroup\":true,\"key\":\"response_out\",\"text\":\"AddHardwareDeviceToUser\",\"xy\":\"770 100\"},{\"isGroup\":true,\"key\":\"response_in\",\"text\":\"AssignDevice (2.0).addDeviceToUser\",\"xy\":\"150 100\"}],\"linkDataArray\":[{\"category\":\"Mapping\",\"visible\":true,\"from\":\"source:externalId:\",\"to\":\"target:AddHardwareDeviceToUser:externalId:\",\"fromPort\":\"source:externalId:\",\"toPort\":\"target:AddHardwareDeviceToUser:externalId:\"},{\"from\":\"target\",\"to\":\"target:AddHardwareDeviceToUser\",\"fromPort\":\"target\",\"toPort\":\"target:AddHardwareDeviceToUser\",\"visible\":true,\"common\":false},{\"from\":\"target:AddHardwareDeviceToUser\",\"to\":\"target:AddHardwareDeviceToUser:fields\",\"fromPort\":\"target:AddHardwareDeviceToUser\",\"toPort\":\"target:AddHardwareDeviceToUser:fields\",\"visible\":true,\"common\":false},{\"from\":\"target:AddHardwareDeviceToUser:fields\",\"to\":\"target:AddHardwareDeviceToUser:DeviceId:\",\"fromPort\":\"target:AddHardwareDeviceToUser:fields\",\"toPort\":\"target:AddHardwareDeviceToUser:DeviceId:\",\"visible\":true,\"common\":false},{\"from\":\"target:AddHardwareDeviceToUser:fields\",\"to\":\"target:AddHardwareDeviceToUser:externalId:\",\"fromPort\":\"target:AddHardwareDeviceToUser:fields\",\"toPort\":\"target:AddHardwareDeviceToUser:externalId:\",\"visible\":true,\"common\":false},{\"from\":\"target:AddHardwareDeviceToUser:fields\",\"to\":\"target:AddHardwareDeviceToUser:Username:\",\"fromPort\":\"target:AddHardwareDeviceToUser:fields\",\"toPort\":\"target:AddHardwareDeviceToUser:Username:\",\"visible\":true,\"common\":false},{\"from\":\"source\",\"to\":\"source:parameters\",\"fromPort\":\"source\",\"toPort\":\"source:parameters\",\"visible\":true,\"common\":false},{\"from\":\"source:parameters\",\"to\":\"source:externalId:\",\"fromPort\":\"source:parameters\",\"toPort\":\"source:externalId:\",\"visible\":true,\"common\":false}],\"blockCount\":{\"variableCount\":0},\"variableMap\":{},\"xmlMappingOverride\":true}",
      "requestXmlMappingOverride" : false,
      "responseXmlMappingOverride" : true,
      "disabled" : false,
      "applyCommonMapping" : false,
      "applyRequestCommonMapping" : false,
      "applyResponseCommonMapping" : false
    } ]
  }
}