<?xml version="1.0" encoding="UTF-8" standalone="yes"?>
<service serviceGroup="" cachable="false" cacheduration="" description="" endpoint="default" groupType="" id="visitScore" passwordencrypted="false" security="public" type="jsonConnector" smscode="" smsenabled="false">
    <service-config>
        <config-param api-version="" appid="" name="preprocessorname" value=""/>
        <config-param api-version="" appid="" name="postprocessorname" value=""/>
        <config-param api-version="" appid="" name="preprocessorJS" value=""/>
        <config-param api-version="" appid="" name="postprocessorJS" value=""/>
        <config-param api-version="" appid="" name="preprocessorRules" value=""/>
        <config-param api-version="" appid="" name="postprocessorRules" value=""/>
        <config-param api-version="" appid="" name="kony_http_supported_methods" value="POST"/>
        <config-param api-version="" appid="" name="endpointUrl" value="https://c121.threatmark.com:8053/v3/visit/score"/>
        <config-param api-version="" appid="" name="ignorehttpproxy" value="true"/>
        <config-param api-version="" appid="" name="http.method" value="POST"/>
        <config-param api-version="" appid="" name="dataObjectName" value=""/>
        <config-param api-version="" appid="" name="sockettimeout" value=""/>
        <config-param api-version="" appid="" name="responseEncoding" value="UTF-8"/>
        <config-param api-version="" appid="" name="isembedxmlpresent" value="false"/>
        <config-param api-version="" appid="" name="retrycount" value="0"/>
        <config-param api-version="" appid="" name="server.auth.mode" value="basic"/>
        <config-param api-version="" appid="" name="userid" value="api_PYmW3P8"/>
        <config-param api-version="" appid="" name="pwd" value="Qa5NjqU4AMA!"/>
        <config-param api-version="" appid="" name="jsonpath" value="true"/>
    </service-config>
    <service-input passthrough="false" isExtended="false">
        <header datatype="" name="" passthrough="false" isExtended="false"/>
        <param datatype="string" defaultvalue="INFINITY" description="" encode="true" format="None" formatvalue="" name="application_id" order="" paramOrder="1" parentOrder="-1" passnull="false" sms-name="" src="request" sourcevalue="" srcformatvalue="" target="request" targetdatatype="java.lang.String" testvalue="INFINITY" value="INFINITY" isExtended="false">
            <accessType></accessType>
        </param>
        <param datatype="string" defaultvalue="Internet Banking" description="" encode="true" format="None" formatvalue="" name="channel_id" order="" paramOrder="2" parentOrder="-1" passnull="false" sms-name="" src="request" sourcevalue="" srcformatvalue="" target="request" targetdatatype="java.lang.String" testvalue="internet_banking" value="Internet Banking" isExtended="false">
            <accessType></accessType>
        </param>
        <param datatype="string" defaultvalue="" description="" encode="true" format="None" formatvalue="" name="tm_device_tag" order="" paramOrder="3" parentOrder="-1" passnull="false" sms-name="" src="request" sourcevalue="" srcformatvalue="" target="request" targetdatatype="java.lang.String" testvalue="" value="" isExtended="false">
            <accessType></accessType>
        </param>
        <param datatype="string" defaultvalue="" description="" encode="true" format="None" formatvalue="" name="tm_session_sid" order="" paramOrder="4" parentOrder="-1" passnull="false" sms-name="" src="request" sourcevalue="" srcformatvalue="" target="request" targetdatatype="java.lang.String" testvalue="" value="" isExtended="false">
            <accessType></accessType>
        </param>
        <param datatype="string" defaultvalue="" description="" encode="true" format="None" formatvalue="" name="app_user_id" order="" paramOrder="5" parentOrder="-1" passnull="false" sms-name="" src="request" sourcevalue="" srcformatvalue="" target="request" targetdatatype="java.lang.String" testvalue="" value="" isExtended="false">
            <accessType></accessType>
        </param>
        <param datatype="string" defaultvalue="" description="" encode="true" format="None" formatvalue="" name="app_action_id" order="" paramOrder="6" parentOrder="-1" passnull="false" sms-name="" src="request" sourcevalue="" srcformatvalue="" target="request" targetdatatype="java.lang.String" testvalue="hid_action20" value="" isExtended="false">
            <accessType></accessType>
        </param>
        <param datatype="string" defaultvalue="" description="" encode="true" format="None" formatvalue="" name="client_Ip" order="" paramOrder="7" parentOrder="-1" passnull="false" sms-name="" src="request" sourcevalue="" srcformatvalue="" target="request" targetdatatype="java.lang.String" testvalue="" value="" isExtended="false">
            <accessType></accessType>
        </param>
        <template-param datatype="" defaultvalue="{&#10;    &quot;app_context&quot;: {&#10;        &quot;application_id&quot;: &quot;$application_id&quot;,&#10;        &quot;channel_id&quot;: &quot;$channel_id&quot;,&#10;        &quot;service_id&quot;: &quot;INFINITY&quot;&#10;    },&#10;    &quot;app_user_id&quot;: &quot;$app_user_id&quot;,&#10;    &quot;caller_context&quot;: {&#10;        &quot;caller_id&quot;: &quot;coreB_node2_prod&quot;,&#10;        &quot;environment_id&quot;: &quot;prod&quot;&#10;    },&#10;    &quot;session_context&quot;: {&#10;        &quot;app_device_id&quot;: &quot;string&quot;,&#10;        &quot;app_session_id&quot;: &quot;5586&quot;,&#10;        &quot;app_session_sid&quot;: &quot;015239505454545286967788d1228d4873184881&quot;,&#10;        &quot;client_ip&quot;: &quot;$client_Ip&quot;,&#10;        &quot;tm_device_tag&quot;: &quot;h41c0XT6IeiRPeU5gQQFE98g6DIA0Hga&quot;,&#10;        &quot;tm_session_sid&quot;: &quot;EXQ8at3eZ4A9HTvMKjitqPFgqr1mAtSE&quot;&#10;    }&#10;}" description="" encode="false" format="" formatvalue="" name="message" order="" paramOrder="0" parentOrder="0" sms-name="" src="" sourcevalue="" srcformatvalue="" target="" targetdatatype="" value="{&#10;    &quot;app_context&quot;: {&#10;        &quot;application_id&quot;: &quot;$application_id&quot;,&#10;        &quot;channel_id&quot;: &quot;$channel_id&quot;,&#10;        &quot;service_id&quot;: &quot;INFINITY&quot;&#10;    },&#10;    &quot;app_user_id&quot;: &quot;$app_user_id&quot;,&#10;    &quot;caller_context&quot;: {&#10;        &quot;caller_id&quot;: &quot;coreB_node2_prod&quot;,&#10;        &quot;environment_id&quot;: &quot;prod&quot;&#10;    },&#10;    &quot;session_context&quot;: {&#10;        &quot;app_device_id&quot;: &quot;string&quot;,&#10;        &quot;app_session_id&quot;: &quot;5586&quot;,&#10;        &quot;app_session_sid&quot;: &quot;015239505454545286967788d1228d4873184881&quot;,&#10;        &quot;client_ip&quot;: &quot;$client_Ip&quot;,&#10;        &quot;tm_device_tag&quot;: &quot;h41c0XT6IeiRPeU5gQQFE98g6DIA0Hga&quot;,&#10;        &quot;tm_session_sid&quot;: &quot;EXQ8at3eZ4A9HTvMKjitqPFgqr1mAtSE&quot;&#10;    }&#10;}" isExtended="false">
            <accessType></accessType>
        </template-param>
        <stub-param value=""/>
    </service-input>
    <service-output passthrough="false" isExtended="false">
        <param datatype="string" defaultvalue="" description="" encode="true" format="None" formatvalue="" name="message" order="" paramOrder="3" parentOrder="0" passnull="false" sms-name="" src="$.message" sourcevalue="" srcformatvalue="" target="response" targetdatatype="java.lang.String" testvalue="" value="" isExtended="false">
            <accessType></accessType>
        </param>
        <param datatype="number" defaultvalue="" description="" encode="true" format="None" formatvalue="" name="error_code" order="" paramOrder="4" parentOrder="0" passnull="false" sms-name="" src="$.error_code" sourcevalue="" srcformatvalue="" target="response" targetdatatype="java.lang.String" testvalue="" value="" isExtended="false">
            <accessType></accessType>
        </param>
        <record id="scoring_result" order="" paramOrder="1" parentOrder="0" src="$.scoring_result" isExtended="false">
            <param datatype="number" defaultvalue="" description="" encode="true" format="None" formatvalue="" name="risk" order="" paramOrder="2" parentOrder="1" passnull="false" sms-name="" src="risk" sourcevalue="" srcformatvalue="" target="response" targetdatatype="java.lang.String" testvalue="" value="" isExtended="false">
                <accessType></accessType>
            </param>
        </record>
    </service-output>
</service>
