[ {
  "name" : "maxLength",
  "sourceFieldname" : "maxLength",
  "description" : "maxLength",
  "dataType" : "string",
  "hasIndex" : false,
  "unique" : false,
  "primarykey" : false,
  "namefield" : false,
  "nullable" : true,
  "custom" : false,
  "createable" : true,
  "updateable" : true,
  "audit" : false,
  "customizable" : false,
  "fieldOrder" : 0,
  "fieldProperties" : {
    "autoGenerated" : "false"
  },
  "etag" : "fa2c014c-5d47-4ab8-9ade-4a1348d5e1cd",
  "isExtended" : false
}, {
  "name" : "minDiffChars",
  "sourceFieldname" : "minDiffChars",
  "description" : "minDiffChars",
  "dataType" : "string",
  "hasIndex" : false,
  "unique" : false,
  "primarykey" : false,
  "namefield" : false,
  "nullable" : true,
  "custom" : false,
  "createable" : true,
  "updateable" : true,
  "audit" : false,
  "customizable" : false,
  "fieldOrder" : 0,
  "fieldProperties" : {
    "autoGenerated" : "false"
  },
  "etag" : "fd2751e8-7947-4a92-bf98-ecab4d9fb210",
  "isExtended" : false
}, {
  "name" : "minLength",
  "sourceFieldname" : "minLength",
  "description" : "minLength",
  "dataType" : "string",
  "hasIndex" : false,
  "unique" : false,
  "primarykey" : false,
  "namefield" : false,
  "nullable" : true,
  "custom" : false,
  "createable" : true,
  "updateable" : true,
  "audit" : false,
  "customizable" : false,
  "fieldOrder" : 0,
  "fieldProperties" : {
    "autoGenerated" : "false"
  },
  "etag" : "6827bb99-d725-469f-8564-c897031f3c9e",
  "isExtended" : false
}, {
  "name" : "notEnglish",
  "sourceFieldname" : "notEnglish",
  "description" : "notEnglish",
  "dataType" : "string",
  "hasIndex" : false,
  "unique" : false,
  "primarykey" : false,
  "namefield" : false,
  "nullable" : true,
  "custom" : false,
  "createable" : true,
  "updateable" : true,
  "audit" : false,
  "customizable" : false,
  "fieldOrder" : 0,
  "fieldProperties" : {
    "autoGenerated" : "false"
  },
  "etag" : "41bdc6fa-08d7-4bd5-aff3-f59b1b71e168",
  "isExtended" : false
}, {
  "name" : "notSequence",
  "sourceFieldname" : "notSequence",
  "description" : "notSequence",
  "dataType" : "string",
  "hasIndex" : false,
  "unique" : false,
  "primarykey" : false,
  "namefield" : false,
  "nullable" : true,
  "custom" : false,
  "createable" : true,
  "updateable" : true,
  "audit" : false,
  "customizable" : false,
  "fieldOrder" : 0,
  "fieldProperties" : {
    "autoGenerated" : "false"
  },
  "etag" : "61bef4cd-4dd3-4364-a04a-a8117475d14d",
  "isExtended" : false
}, {
  "name" : "notUserAttribute",
  "sourceFieldname" : "notUserAttribute",
  "description" : "notUserAttribute",
  "dataType" : "string",
  "hasIndex" : false,
  "unique" : false,
  "primarykey" : false,
  "namefield" : false,
  "nullable" : true,
  "custom" : false,
  "createable" : true,
  "updateable" : true,
  "audit" : false,
  "customizable" : false,
  "fieldOrder" : 0,
  "fieldProperties" : {
    "autoGenerated" : "false"
  },
  "etag" : "1629ed71-5833-4d24-a994-62f61c511a3b",
  "isExtended" : false
}, {
  "name" : "numOrAlpha",
  "sourceFieldname" : "numOrAlpha",
  "description" : "numOrAlpha",
  "dataType" : "string",
  "hasIndex" : false,
  "unique" : false,
  "primarykey" : false,
  "namefield" : false,
  "nullable" : true,
  "custom" : false,
  "createable" : true,
  "updateable" : true,
  "audit" : false,
  "customizable" : false,
  "fieldOrder" : 0,
  "fieldProperties" : {
    "autoGenerated" : "false"
  },
  "etag" : "58c4a020-f2ca-45c2-8084-74f7398c3b12",
  "isExtended" : false
} ]