[ {
  "name" : "access_token",
  "sourceFieldname" : "access_token",
  "description" : "access_token",
  "dataType" : "string",
  "hasIndex" : false,
  "unique" : false,
  "primarykey" : false,
  "namefield" : false,
  "nullable" : true,
  "custom" : false,
  "createable" : true,
  "updateable" : true,
  "audit" : false,
  "customizable" : false,
  "fieldOrder" : 0,
  "fieldProperties" : {
    "autoGenerated" : "false"
  },
  "etag" : "c916eea4-f7b9-4449-93ff-95b30af9f7f8",
  "isExtended" : false
}, {
  "name" : "AuthenticationType",
  "sourceFieldname" : "AuthenticationType",
  "description" : "AuthenticationType",
  "dataType" : "string",
  "hasIndex" : false,
  "unique" : false,
  "primarykey" : false,
  "namefield" : false,
  "nullable" : true,
  "custom" : false,
  "createable" : true,
  "updateable" : true,
  "audit" : false,
  "customizable" : false,
  "fieldOrder" : 0,
  "fieldProperties" : {
    "autoGenerated" : "false"
  },
  "etag" : "7dce3ae8-692f-4d32-acb2-420a4673eee8",
  "isExtended" : false
}, {
  "name" : "clientId",
  "sourceFieldname" : "clientId",
  "description" : "clientId",
  "dataType" : "string",
  "hasIndex" : false,
  "unique" : false,
  "primarykey" : false,
  "namefield" : false,
  "nullable" : true,
  "custom" : false,
  "createable" : true,
  "updateable" : true,
  "audit" : false,
  "customizable" : false,
  "fieldOrder" : 0,
  "fieldProperties" : {
    "autoGenerated" : "false"
  },
  "etag" : "c15f0e74-0d30-4ea7-babe-42c38e3022cf",
  "isExtended" : false
}, {
  "name" : "error",
  "sourceFieldname" : "error",
  "description" : "error",
  "dataType" : "string",
  "hasIndex" : false,
  "unique" : false,
  "primarykey" : false,
  "namefield" : false,
  "nullable" : true,
  "custom" : false,
  "createable" : true,
  "updateable" : true,
  "audit" : false,
  "customizable" : false,
  "fieldOrder" : 0,
  "fieldProperties" : {
    "autoGenerated" : "false"
  },
  "etag" : "d1153ab4-ee90-42c3-aba2-b9cdffcff5af",
  "isExtended" : false
}, {
  "name" : "error_description",
  "sourceFieldname" : "error_description",
  "description" : "error_description",
  "dataType" : "string",
  "hasIndex" : false,
  "unique" : false,
  "primarykey" : false,
  "namefield" : false,
  "nullable" : true,
  "custom" : false,
  "createable" : true,
  "updateable" : true,
  "audit" : false,
  "customizable" : false,
  "fieldOrder" : 0,
  "fieldProperties" : {
    "autoGenerated" : "false"
  },
  "etag" : "0025e246-2674-4203-8eaf-7ae4c8645f09",
  "isExtended" : false
}, {
  "name" : "id_token",
  "sourceFieldname" : "id_token",
  "description" : "id_token",
  "dataType" : "string",
  "hasIndex" : false,
  "unique" : false,
  "primarykey" : false,
  "namefield" : false,
  "nullable" : true,
  "custom" : false,
  "createable" : true,
  "updateable" : true,
  "audit" : false,
  "customizable" : false,
  "fieldOrder" : 0,
  "fieldProperties" : {
    "autoGenerated" : "false"
  },
  "etag" : "bcf8fc18-5c3a-418f-bded-feb5a80ef5a7",
  "isExtended" : false
}, {
  "name" : "OTP",
  "sourceFieldname" : "OTP",
  "description" : "OTP",
  "dataType" : "string",
  "hasIndex" : false,
  "unique" : false,
  "primarykey" : false,
  "namefield" : false,
  "nullable" : true,
  "custom" : false,
  "createable" : true,
  "updateable" : true,
  "audit" : false,
  "customizable" : false,
  "fieldOrder" : 0,
  "fieldProperties" : {
    "autoGenerated" : "false"
  },
  "etag" : "c3bf2d7d-971e-412a-8568-dcbbcdf40a1b",
  "isExtended" : false
}, {
  "name" : "Username",
  "sourceFieldname" : "Username",
  "description" : "Username",
  "dataType" : "string",
  "hasIndex" : false,
  "unique" : false,
  "primarykey" : false,
  "namefield" : false,
  "nullable" : true,
  "custom" : false,
  "createable" : true,
  "updateable" : true,
  "audit" : false,
  "customizable" : false,
  "fieldOrder" : 0,
  "fieldProperties" : {
    "autoGenerated" : "false"
  },
  "etag" : "41eeda06-821b-4210-ba4a-0fd8ab5fd759",
  "isExtended" : false
} ]