{
  "operationConfig" : {
    "name" : "passwordValidation3492",
    "type" : "MappedToBackend",
    "cachable" : false,
    "smsEnabled" : false,
    "security" : "authorized_app",
    "responseEncoding" : "UTF-8",
    "httpMethod" : "GET",
    "decodeResponseBody" : false,
    "iMapping" : "<?xml version=\"1.0\" encoding=\"UTF-8\" standalone=\"yes\"?>\n<mapper xmlns=\"http://www.kony.com/ns/mapper\">\n    <map inputpath=\"request_in\" outputpath=\"request_out\">\n        <set-param inputpath=\"authType\" outputpath=\"authType\"/>\n        <set-param inputpath=\"password\" outputpath=\"password\"/>\n        <set-param inputpath=\"username\" outputpath=\"username\"/>\n    </map>\n</mapper>\n",
    "oMapping" : "<?xml version=\"1.0\" encoding=\"UTF-8\" standalone=\"yes\"?>\n<mapper xmlns=\"http://www.kony.com/ns/mapper\">\n    <map inputpath=\"response_in\" outputpath=\"response_out\">\n        <map inputpath=\"\" outputpath=\"ValidatePassword\">\n            <set-param inputpath=\"error\" outputpath=\"error\"/>\n            <set-param inputpath=\"errormsg\" outputpath=\"errormsg\"/>\n        </map>\n    </map>\n</mapper>\n",
    "iVisualMappingData" : "{\"nodeDataArray\":[{\"isGroup\":true,\"key\":\"request_in\",\"text\":\"ValidatePassword\",\"xy\":\"150 100\"},{\"isGroup\":true,\"key\":\"request_out\",\"text\":\"PasswordAuthServices (1.0).passwordValidation\",\"xy\":\"770 100\"}],\"linkDataArray\":[{\"category\":\"Mapping\",\"from\":\"source:ValidatePassword:username:\",\"to\":\"target:username:\",\"fromPort\":\"source:ValidatePassword:username:\",\"toPort\":\"target:username:\",\"visible\":true,\"common\":true},{\"category\":\"Mapping\",\"from\":\"source:ValidatePassword:password:\",\"to\":\"target:password:\",\"fromPort\":\"source:ValidatePassword:password:\",\"toPort\":\"target:password:\",\"visible\":true,\"common\":true},{\"category\":\"Mapping\",\"from\":\"source:ValidatePassword:authType:\",\"to\":\"target:authType:\",\"fromPort\":\"source:ValidatePassword:authType:\",\"toPort\":\"target:authType:\",\"visible\":true,\"common\":true}]}",
    "oVisualMappingData" : "{\"nodeDataArray\":[{\"isGroup\":true,\"key\":\"response_out\",\"text\":\"ValidatePassword\",\"xy\":\"770 100\"},{\"isGroup\":true,\"key\":\"response_in\",\"text\":\"PasswordAuthServices (1.0).passwordValidation\",\"xy\":\"150 100\"}],\"linkDataArray\":[{\"category\":\"Mapping\",\"from\":\"source:error:\",\"to\":\"target:ValidatePassword:error:\",\"fromPort\":\"source:error:\",\"toPort\":\"target:ValidatePassword:error:\",\"visible\":true,\"common\":true},{\"category\":\"Mapping\",\"from\":\"source:errormsg:\",\"to\":\"target:ValidatePassword:errormsg:\",\"fromPort\":\"source:errormsg:\",\"toPort\":\"target:ValidatePassword:errormsg:\",\"visible\":true,\"common\":true}]}",
    "applyCommonMapping" : false,
    "applyRequestCommonMapping" : false,
    "applyResponseCommonMapping" : false,
    "backendMeta" : {
      "serviceName" : "PasswordAuthServices",
      "serviceVersion" : "1.0",
      "operationName" : "passwordValidation"
    },
    "relationshipHierarchyMapping" : {
      "name" : "ValidatePassword",
      "children" : [ ],
      "actions" : { },
      "selected" : true
    },
    "requestXmlMappingOverride" : false,
    "responseXmlMappingOverride" : false,
    "mapperData" : [ {
      "name" : "base mapper1",
      "order" : 1,
      "iMapping" : "<?xml version=\"1.0\" encoding=\"UTF-8\" standalone=\"yes\"?>\n<mapper xmlns=\"http://www.kony.com/ns/mapper\">\n    <map inputpath=\"request_in\" outputpath=\"request_out\">\n        <set-param inputpath=\"authType\" outputpath=\"authType\"/>\n        <set-param inputpath=\"password\" outputpath=\"password\"/>\n        <set-param inputpath=\"username\" outputpath=\"username\"/>\n    </map>\n</mapper>\n",
      "oMapping" : "<?xml version=\"1.0\" encoding=\"UTF-8\" standalone=\"yes\"?>\n<mapper xmlns=\"http://www.kony.com/ns/mapper\">\n    <map inputpath=\"response_in\" outputpath=\"response_out\">\n        <map inputpath=\"\" outputpath=\"ValidatePassword\">\n            <set-param inputpath=\"error\" outputpath=\"error\"/>\n            <set-param inputpath=\"errormsg\" outputpath=\"errormsg\"/>\n        </map>\n    </map>\n</mapper>\n",
      "iVisualMappingData" : "{\"nodeDataArray\":[{\"isGroup\":true,\"key\":\"request_in\",\"text\":\"ValidatePassword\",\"xy\":\"150 100\"},{\"isGroup\":true,\"key\":\"request_out\",\"text\":\"PasswordAuthServices (1.0).passwordValidation\",\"xy\":\"770 100\"}],\"linkDataArray\":[{\"category\":\"Mapping\",\"from\":\"source:ValidatePassword:username:\",\"to\":\"target:username:\",\"fromPort\":\"source:ValidatePassword:username:\",\"toPort\":\"target:username:\",\"visible\":true,\"common\":true},{\"category\":\"Mapping\",\"from\":\"source:ValidatePassword:password:\",\"to\":\"target:password:\",\"fromPort\":\"source:ValidatePassword:password:\",\"toPort\":\"target:password:\",\"visible\":true,\"common\":true},{\"category\":\"Mapping\",\"from\":\"source:ValidatePassword:authType:\",\"to\":\"target:authType:\",\"fromPort\":\"source:ValidatePassword:authType:\",\"toPort\":\"target:authType:\",\"visible\":true,\"common\":true}]}",
      "oVisualMappingData" : "{\"nodeDataArray\":[{\"isGroup\":true,\"key\":\"response_out\",\"text\":\"ValidatePassword\",\"xy\":\"770 100\"},{\"isGroup\":true,\"key\":\"response_in\",\"text\":\"PasswordAuthServices (1.0).passwordValidation\",\"xy\":\"150 100\"}],\"linkDataArray\":[{\"category\":\"Mapping\",\"from\":\"source:error:\",\"to\":\"target:ValidatePassword:error:\",\"fromPort\":\"source:error:\",\"toPort\":\"target:ValidatePassword:error:\",\"visible\":true,\"common\":true},{\"category\":\"Mapping\",\"from\":\"source:errormsg:\",\"to\":\"target:ValidatePassword:errormsg:\",\"fromPort\":\"source:errormsg:\",\"toPort\":\"target:ValidatePassword:errormsg:\",\"visible\":true,\"common\":true}]}",
      "requestXmlMappingOverride" : false,
      "responseXmlMappingOverride" : false,
      "disabled" : false,
      "applyCommonMapping" : false,
      "applyRequestCommonMapping" : false,
      "applyResponseCommonMapping" : false
    } ]
  },
  "enableFrontendUrl" : false,
  "customVerb" : false
}