{
  "operationConfig" : {
    "name" : "deleteDevice7134",
    "type" : "MappedToBackend",
    "cachable" : false,
    "smsEnabled" : false,
    "security" : "authorized_app_user",
    "responseEncoding" : "UTF-8",
    "httpMethod" : "GET",
    "decodeResponseBody" : false,
    "iMapping" : "<?xml version=\"1.0\" encoding=\"UTF-8\" standalone=\"yes\"?><mapper xmlns=\"http://www.kony.com/ns/mapper\">  <map inputpath=\"request_in\" outputpath=\"request_out\">    <set-param inputpath=\"correlationId\" outputpath=\"correlationId\"/>    <set-param inputpath=\"deviceId\" outputpath=\"deviceId\"/>  </map></mapper>",
    "oMapping" : "<?xml version=\"1.0\" encoding=\"UTF-8\" standalone=\"yes\"?>\n<mapper xmlns=\"http://www.kony.com/ns/mapper\">\n    <map inputpath=\"response_in\" outputpath=\"response_out\">\n        <map inputpath=\"\" outputpath=\"DeleteDevice\">\n            <set-param inputpath=\"errMsg\" outputpath=\"errMsg\"/>\n            <set-param inputpath=\"status\" outputpath=\"status\"/>\n        </map>\n    </map>\n</mapper>\n",
    "iVisualMappingData" : "{\"nodeDataArray\":[{\"isGroup\":true,\"key\":\"request_in\",\"text\":\"DeleteDevice\",\"xy\":\"150 100\"},{\"isGroup\":true,\"key\":\"request_out\",\"text\":\"DeleteDevice (1.0).deleteDevice\",\"xy\":\"770 100\"}],\"linkDataArray\":[{\"category\":\"Mapping\",\"from\":\"source:DeleteDevice:deviceId:\",\"to\":\"target:deviceId:\",\"fromPort\":\"source:DeleteDevice:deviceId:\",\"toPort\":\"target:deviceId:\",\"visible\":true,\"common\":true},{\"from\":\"source\",\"to\":\"source:DeleteDevice\",\"fromPort\":\"source\",\"toPort\":\"source:DeleteDevice\",\"visible\":true,\"common\":false},{\"from\":\"source:DeleteDevice\",\"to\":\"source:DeleteDevice:t_p_fields\",\"fromPort\":\"source:DeleteDevice\",\"toPort\":\"source:DeleteDevice:t_p_fields\",\"visible\":true,\"common\":false},{\"from\":\"source:DeleteDevice:t_p_fields\",\"to\":\"source:DeleteDevice:deviceId:\",\"fromPort\":\"source:DeleteDevice:t_p_fields\",\"toPort\":\"source:DeleteDevice:deviceId:\",\"visible\":true,\"common\":false},{\"from\":\"source:DeleteDevice:t_p_fields\",\"to\":\"source:DeleteDevice:errMsg:\",\"fromPort\":\"source:DeleteDevice:t_p_fields\",\"toPort\":\"source:DeleteDevice:errMsg:\",\"visible\":true,\"common\":false},{\"from\":\"source:DeleteDevice:t_p_fields\",\"to\":\"source:DeleteDevice:status:\",\"fromPort\":\"source:DeleteDevice:t_p_fields\",\"toPort\":\"source:DeleteDevice:status:\",\"visible\":true,\"common\":false},{\"from\":\"source:DeleteDevice:t_p_fields\",\"to\":\"source:DeleteDevice:correlationId:\",\"fromPort\":\"source:DeleteDevice:t_p_fields\",\"toPort\":\"source:DeleteDevice:correlationId:\",\"visible\":true,\"common\":false},{\"from\":\"target\",\"to\":\"target:t_p_parameters\",\"fromPort\":\"target\",\"toPort\":\"target:t_p_parameters\",\"visible\":true,\"common\":false},{\"from\":\"target:t_p_parameters\",\"to\":\"target:correlationId:\",\"fromPort\":\"target:t_p_parameters\",\"toPort\":\"target:correlationId:\",\"visible\":true,\"common\":false},{\"from\":\"target:t_p_parameters\",\"to\":\"target:deviceId:\",\"fromPort\":\"target:t_p_parameters\",\"toPort\":\"target:deviceId:\",\"visible\":true,\"common\":false},{\"category\":\"Mapping\",\"visible\":true,\"from\":\"source:DeleteDevice:correlationId:\",\"to\":\"target:correlationId:\",\"fromPort\":\"source:DeleteDevice:correlationId:\",\"toPort\":\"target:correlationId:\"}],\"blockCount\":{\"variableCount\":0},\"variableMap\":{},\"xmlMappingOverride\":false}",
    "oVisualMappingData" : "{\"nodeDataArray\":[{\"isGroup\":true,\"key\":\"response_out\",\"text\":\"DeleteDevice\",\"xy\":\"770 100\"},{\"isGroup\":true,\"key\":\"response_in\",\"text\":\"DeleteDevice (1.0).deleteDevice\",\"xy\":\"150 100\"}],\"linkDataArray\":[{\"category\":\"Mapping\",\"visible\":true,\"from\":\"source:errMsg:\",\"to\":\"target:DeleteDevice:errMsg:\",\"fromPort\":\"source:errMsg:\",\"toPort\":\"target:DeleteDevice:errMsg:\"},{\"category\":\"Mapping\",\"visible\":true,\"from\":\"source:status:\",\"to\":\"target:DeleteDevice:status:\",\"fromPort\":\"source:status:\",\"toPort\":\"target:DeleteDevice:status:\"}],\"blockCount\":{\"variableCount\":0},\"variableMap\":{},\"xmlMappingOverride\":false}",
    "applyCommonMapping" : false,
    "applyRequestCommonMapping" : false,
    "applyResponseCommonMapping" : false,
    "backendMeta" : {
      "serviceName" : "DeleteDevice",
      "serviceVersion" : "1.0",
      "operationName" : "deleteDevice"
    },
    "relationshipHierarchyMapping" : {
      "name" : "DeleteDevice",
      "children" : [ ],
      "actions" : { },
      "selected" : true
    },
    "requestXmlMappingOverride" : false,
    "responseXmlMappingOverride" : false,
    "mapperData" : [ {
      "name" : "base mapper1",
      "order" : 1,
      "iMapping" : "<?xml version=\"1.0\" encoding=\"UTF-8\" standalone=\"yes\"?><mapper xmlns=\"http://www.kony.com/ns/mapper\">  <map inputpath=\"request_in\" outputpath=\"request_out\">    <set-param inputpath=\"correlationId\" outputpath=\"correlationId\"/>    <set-param inputpath=\"deviceId\" outputpath=\"deviceId\"/>  </map></mapper>",
      "oMapping" : "<?xml version=\"1.0\" encoding=\"UTF-8\" standalone=\"yes\"?>\n<mapper xmlns=\"http://www.kony.com/ns/mapper\">\n    <map inputpath=\"response_in\" outputpath=\"response_out\">\n        <map inputpath=\"\" outputpath=\"DeleteDevice\">\n            <set-param inputpath=\"errMsg\" outputpath=\"errMsg\"/>\n            <set-param inputpath=\"status\" outputpath=\"status\"/>\n        </map>\n    </map>\n</mapper>\n",
      "iVisualMappingData" : "{\"nodeDataArray\":[{\"isGroup\":true,\"key\":\"request_in\",\"text\":\"DeleteDevice\",\"xy\":\"150 100\"},{\"isGroup\":true,\"key\":\"request_out\",\"text\":\"DeleteDevice (1.0).deleteDevice\",\"xy\":\"770 100\"}],\"linkDataArray\":[{\"category\":\"Mapping\",\"from\":\"source:DeleteDevice:deviceId:\",\"to\":\"target:deviceId:\",\"fromPort\":\"source:DeleteDevice:deviceId:\",\"toPort\":\"target:deviceId:\",\"visible\":true,\"common\":true},{\"from\":\"source\",\"to\":\"source:DeleteDevice\",\"fromPort\":\"source\",\"toPort\":\"source:DeleteDevice\",\"visible\":true,\"common\":false},{\"from\":\"source:DeleteDevice\",\"to\":\"source:DeleteDevice:t_p_fields\",\"fromPort\":\"source:DeleteDevice\",\"toPort\":\"source:DeleteDevice:t_p_fields\",\"visible\":true,\"common\":false},{\"from\":\"source:DeleteDevice:t_p_fields\",\"to\":\"source:DeleteDevice:deviceId:\",\"fromPort\":\"source:DeleteDevice:t_p_fields\",\"toPort\":\"source:DeleteDevice:deviceId:\",\"visible\":true,\"common\":false},{\"from\":\"source:DeleteDevice:t_p_fields\",\"to\":\"source:DeleteDevice:errMsg:\",\"fromPort\":\"source:DeleteDevice:t_p_fields\",\"toPort\":\"source:DeleteDevice:errMsg:\",\"visible\":true,\"common\":false},{\"from\":\"source:DeleteDevice:t_p_fields\",\"to\":\"source:DeleteDevice:status:\",\"fromPort\":\"source:DeleteDevice:t_p_fields\",\"toPort\":\"source:DeleteDevice:status:\",\"visible\":true,\"common\":false},{\"from\":\"source:DeleteDevice:t_p_fields\",\"to\":\"source:DeleteDevice:correlationId:\",\"fromPort\":\"source:DeleteDevice:t_p_fields\",\"toPort\":\"source:DeleteDevice:correlationId:\",\"visible\":true,\"common\":false},{\"from\":\"target\",\"to\":\"target:t_p_parameters\",\"fromPort\":\"target\",\"toPort\":\"target:t_p_parameters\",\"visible\":true,\"common\":false},{\"from\":\"target:t_p_parameters\",\"to\":\"target:correlationId:\",\"fromPort\":\"target:t_p_parameters\",\"toPort\":\"target:correlationId:\",\"visible\":true,\"common\":false},{\"from\":\"target:t_p_parameters\",\"to\":\"target:deviceId:\",\"fromPort\":\"target:t_p_parameters\",\"toPort\":\"target:deviceId:\",\"visible\":true,\"common\":false},{\"category\":\"Mapping\",\"visible\":true,\"from\":\"source:DeleteDevice:correlationId:\",\"to\":\"target:correlationId:\",\"fromPort\":\"source:DeleteDevice:correlationId:\",\"toPort\":\"target:correlationId:\"}],\"blockCount\":{\"variableCount\":0},\"variableMap\":{},\"xmlMappingOverride\":false}",
      "oVisualMappingData" : "{\"nodeDataArray\":[{\"isGroup\":true,\"key\":\"response_out\",\"text\":\"DeleteDevice\",\"xy\":\"770 100\"},{\"isGroup\":true,\"key\":\"response_in\",\"text\":\"DeleteDevice (1.0).deleteDevice\",\"xy\":\"150 100\"}],\"linkDataArray\":[{\"category\":\"Mapping\",\"visible\":true,\"from\":\"source:errMsg:\",\"to\":\"target:DeleteDevice:errMsg:\",\"fromPort\":\"source:errMsg:\",\"toPort\":\"target:DeleteDevice:errMsg:\"},{\"category\":\"Mapping\",\"visible\":true,\"from\":\"source:status:\",\"to\":\"target:DeleteDevice:status:\",\"fromPort\":\"source:status:\",\"toPort\":\"target:DeleteDevice:status:\"}],\"blockCount\":{\"variableCount\":0},\"variableMap\":{},\"xmlMappingOverride\":false}",
      "requestXmlMappingOverride" : false,
      "responseXmlMappingOverride" : false,
      "disabled" : false,
      "applyCommonMapping" : false,
      "applyRequestCommonMapping" : false,
      "applyResponseCommonMapping" : false
    } ]
  },
  "enableFrontendUrl" : false,
  "customVerb" : false
}