{
  "operationConfig" : {
    "name" : "getDetailsByTransactionID1675",
    "type" : "MappedToBackend",
    "cachable" : false,
    "smsEnabled" : false,
    "security" : "authorized_app",
    "responseEncoding" : "UTF-8",
    "httpMethod" : "GET",
    "decodeResponseBody" : false,
    "iMapping" : "<?xml version=\"1.0\" encoding=\"UTF-8\" standalone=\"yes\"?>\n<mapper xmlns=\"http://www.kony.com/ns/mapper\">\n    <map inputpath=\"request_in\" outputpath=\"request_out\">\n        <set-param inputpath=\"transactionId\" outputpath=\"transactionId\"/>\n    </map>\n</mapper>\n",
    "oMapping" : "<?xml version=\"1.0\" encoding=\"UTF-8\" standalone=\"yes\"?>\n<mapper xmlns=\"http://www.kony.com/ns/mapper\">\n    <map inputpath=\"response_in\" outputpath=\"response_out\">\n        <map inputpath=\"DocumentEncoding2\" outputpath=\"SubmissionDetails\">\n            <set-param inputpath=\"AgeAtIssue\" outputpath=\"AgeAtIssue\"/>\n            <set-param inputpath=\"Sex\" outputpath=\"Sex\"/>\n            <set-param inputpath=\"GivenName\" outputpath=\"GivenName\"/>\n            <set-param inputpath=\"IssueDate\" outputpath=\"IssueDate\"/>\n            <set-param inputpath=\"DocumentNumber\" outputpath=\"DocumentNumber\"/>\n            <set-param inputpath=\"ExpirationDate\" outputpath=\"ExpirationDate\"/>\n            <set-param inputpath=\"IssuingStateName\" outputpath=\"IssuingStateName\"/>\n            <set-param inputpath=\"YearsSinceIssue\" outputpath=\"YearsSinceIssue\"/>\n            <set-param inputpath=\"PlaceOfBirth\" outputpath=\"PlaceOfBirth\"/>\n            <set-param inputpath=\"Nationality\" outputpath=\"Nationality\"/>\n            <set-param inputpath=\"BirthDate\" outputpath=\"BirthDate\"/>\n            <set-param inputpath=\"Age\" outputpath=\"Age\"/>\n            <set-param inputpath=\"DocumentClassCode\" outputpath=\"DocumentClassCode\"/>\n            <set-param inputpath=\"Surname\" outputpath=\"Surname\"/>\n            <set-param inputpath=\"RemainderTerm\" outputpath=\"RemainderTerm\"/>\n            <set-param inputpath=\"IssuingStateCode\" outputpath=\"IssuingStateCode\"/>\n            <set-param inputpath=\"FullName\" outputpath=\"FullName\"/>\n        </map>\n    </map>\n</mapper>\n",
    "iVisualMappingData" : "{\"nodeDataArray\":[{\"isGroup\":true,\"key\":\"request_in\",\"text\":\"SubmissionDetails\",\"xy\":\"150 100\"},{\"isGroup\":true,\"key\":\"request_out\",\"text\":\"HID_IDV_UserScannedDetails (1.0).getDetailsByTransactionID\",\"xy\":\"770 100\"}],\"linkDataArray\":[{\"category\":\"Mapping\",\"from\":\"source:SubmissionDetails:transactionId:\",\"to\":\"target:transactionId:\",\"fromPort\":\"source:SubmissionDetails:transactionId:\",\"toPort\":\"target:transactionId:\",\"visible\":true,\"common\":true}]}",
    "oVisualMappingData" : "{\"nodeDataArray\":[{\"isGroup\":true,\"key\":\"response_out\",\"text\":\"SubmissionDetails\",\"xy\":\"770 100\"},{\"isGroup\":true,\"key\":\"response_in\",\"text\":\"HID_IDV_UserScannedDetails (1.0).getDetailsByTransactionID\",\"xy\":\"150 100\"}],\"linkDataArray\":[{\"category\":\"Mapping\",\"visible\":true,\"from\":\"source:DocumentEncoding2:FullName:\",\"to\":\"target:SubmissionDetails:FullName:\",\"fromPort\":\"source:DocumentEncoding2:FullName:\",\"toPort\":\"target:SubmissionDetails:FullName:\"},{\"category\":\"Mapping\",\"visible\":true,\"from\":\"source:DocumentEncoding2:GivenName:\",\"to\":\"target:SubmissionDetails:GivenName:\",\"fromPort\":\"source:DocumentEncoding2:GivenName:\",\"toPort\":\"target:SubmissionDetails:GivenName:\"},{\"category\":\"Mapping\",\"visible\":true,\"from\":\"source:DocumentEncoding2:DocumentNumber:\",\"to\":\"target:SubmissionDetails:DocumentNumber:\",\"fromPort\":\"source:DocumentEncoding2:DocumentNumber:\",\"toPort\":\"target:SubmissionDetails:DocumentNumber:\"},{\"category\":\"Mapping\",\"visible\":true,\"from\":\"source:DocumentEncoding2:IssuingStateCode:\",\"to\":\"target:SubmissionDetails:IssuingStateCode:\",\"fromPort\":\"source:DocumentEncoding2:IssuingStateCode:\",\"toPort\":\"target:SubmissionDetails:IssuingStateCode:\"},{\"category\":\"Mapping\",\"visible\":true,\"from\":\"source:DocumentEncoding2:Age:\",\"to\":\"target:SubmissionDetails:Age:\",\"fromPort\":\"source:DocumentEncoding2:Age:\",\"toPort\":\"target:SubmissionDetails:Age:\"},{\"category\":\"Mapping\",\"visible\":true,\"from\":\"source:DocumentEncoding2:AgeAtIssue:\",\"to\":\"target:SubmissionDetails:AgeAtIssue:\",\"fromPort\":\"source:DocumentEncoding2:AgeAtIssue:\",\"toPort\":\"target:SubmissionDetails:AgeAtIssue:\"},{\"category\":\"Mapping\",\"visible\":true,\"from\":\"source:DocumentEncoding2:BirthDate:\",\"to\":\"target:SubmissionDetails:BirthDate:\",\"fromPort\":\"source:DocumentEncoding2:BirthDate:\",\"toPort\":\"target:SubmissionDetails:BirthDate:\"},{\"category\":\"Mapping\",\"visible\":true,\"from\":\"source:DocumentEncoding2:DocumentClassCode:\",\"to\":\"target:SubmissionDetails:DocumentClassCode:\",\"fromPort\":\"source:DocumentEncoding2:DocumentClassCode:\",\"toPort\":\"target:SubmissionDetails:DocumentClassCode:\"},{\"category\":\"Mapping\",\"visible\":true,\"from\":\"source:DocumentEncoding2:ExpirationDate:\",\"to\":\"target:SubmissionDetails:ExpirationDate:\",\"fromPort\":\"source:DocumentEncoding2:ExpirationDate:\",\"toPort\":\"target:SubmissionDetails:ExpirationDate:\"},{\"category\":\"Mapping\",\"visible\":true,\"from\":\"source:DocumentEncoding2:IssueDate:\",\"to\":\"target:SubmissionDetails:IssueDate:\",\"fromPort\":\"source:DocumentEncoding2:IssueDate:\",\"toPort\":\"target:SubmissionDetails:IssueDate:\"},{\"category\":\"Mapping\",\"visible\":true,\"from\":\"source:DocumentEncoding2:IssuingStateName:\",\"to\":\"target:SubmissionDetails:IssuingStateName:\",\"fromPort\":\"source:DocumentEncoding2:IssuingStateName:\",\"toPort\":\"target:SubmissionDetails:IssuingStateName:\"},{\"category\":\"Mapping\",\"visible\":true,\"from\":\"source:DocumentEncoding2:Nationality:\",\"to\":\"target:SubmissionDetails:Nationality:\",\"fromPort\":\"source:DocumentEncoding2:Nationality:\",\"toPort\":\"target:SubmissionDetails:Nationality:\"},{\"category\":\"Mapping\",\"visible\":true,\"from\":\"source:DocumentEncoding2:PlaceOfBirth:\",\"to\":\"target:SubmissionDetails:PlaceOfBirth:\",\"fromPort\":\"source:DocumentEncoding2:PlaceOfBirth:\",\"toPort\":\"target:SubmissionDetails:PlaceOfBirth:\"},{\"category\":\"Mapping\",\"visible\":true,\"from\":\"source:DocumentEncoding2:RemainderTerm:\",\"to\":\"target:SubmissionDetails:RemainderTerm:\",\"fromPort\":\"source:DocumentEncoding2:RemainderTerm:\",\"toPort\":\"target:SubmissionDetails:RemainderTerm:\"},{\"category\":\"Mapping\",\"visible\":true,\"from\":\"source:DocumentEncoding2:Sex:\",\"to\":\"target:SubmissionDetails:Sex:\",\"fromPort\":\"source:DocumentEncoding2:Sex:\",\"toPort\":\"target:SubmissionDetails:Sex:\"},{\"category\":\"Mapping\",\"visible\":true,\"from\":\"source:DocumentEncoding2:YearsSinceIssue:\",\"to\":\"target:SubmissionDetails:YearsSinceIssue:\",\"fromPort\":\"source:DocumentEncoding2:YearsSinceIssue:\",\"toPort\":\"target:SubmissionDetails:YearsSinceIssue:\"},{\"category\":\"Mapping\",\"visible\":true,\"from\":\"source:DocumentEncoding2:Surname:\",\"to\":\"target:SubmissionDetails:Surname:\",\"fromPort\":\"source:DocumentEncoding2:Surname:\",\"toPort\":\"target:SubmissionDetails:Surname:\"}],\"blockCount\":{\"variableCount\":0},\"variableMap\":{},\"xmlMappingOverride\":false}",
    "applyCommonMapping" : false,
    "applyRequestCommonMapping" : false,
    "applyResponseCommonMapping" : false,
    "backendMeta" : {
      "serviceName" : "HID_IDV_UserScannedDetails",
      "serviceVersion" : "1.0",
      "operationName" : "getDetailsByTransactionID"
    },
    "relationshipHierarchyMapping" : {
      "name" : "SubmissionDetails",
      "children" : [ ],
      "actions" : { },
      "selected" : true
    },
    "requestXmlMappingOverride" : false,
    "responseXmlMappingOverride" : false,
    "mapperData" : [ {
      "name" : "base mapper1",
      "order" : 1,
      "iMapping" : "<?xml version=\"1.0\" encoding=\"UTF-8\" standalone=\"yes\"?>\n<mapper xmlns=\"http://www.kony.com/ns/mapper\">\n    <map inputpath=\"request_in\" outputpath=\"request_out\">\n        <set-param inputpath=\"transactionId\" outputpath=\"transactionId\"/>\n    </map>\n</mapper>\n",
      "oMapping" : "<?xml version=\"1.0\" encoding=\"UTF-8\" standalone=\"yes\"?>\n<mapper xmlns=\"http://www.kony.com/ns/mapper\">\n    <map inputpath=\"response_in\" outputpath=\"response_out\">\n        <map inputpath=\"DocumentEncoding2\" outputpath=\"SubmissionDetails\">\n            <set-param inputpath=\"AgeAtIssue\" outputpath=\"AgeAtIssue\"/>\n            <set-param inputpath=\"Sex\" outputpath=\"Sex\"/>\n            <set-param inputpath=\"GivenName\" outputpath=\"GivenName\"/>\n            <set-param inputpath=\"IssueDate\" outputpath=\"IssueDate\"/>\n            <set-param inputpath=\"DocumentNumber\" outputpath=\"DocumentNumber\"/>\n            <set-param inputpath=\"ExpirationDate\" outputpath=\"ExpirationDate\"/>\n            <set-param inputpath=\"IssuingStateName\" outputpath=\"IssuingStateName\"/>\n            <set-param inputpath=\"YearsSinceIssue\" outputpath=\"YearsSinceIssue\"/>\n            <set-param inputpath=\"PlaceOfBirth\" outputpath=\"PlaceOfBirth\"/>\n            <set-param inputpath=\"Nationality\" outputpath=\"Nationality\"/>\n            <set-param inputpath=\"BirthDate\" outputpath=\"BirthDate\"/>\n            <set-param inputpath=\"Age\" outputpath=\"Age\"/>\n            <set-param inputpath=\"DocumentClassCode\" outputpath=\"DocumentClassCode\"/>\n            <set-param inputpath=\"Surname\" outputpath=\"Surname\"/>\n            <set-param inputpath=\"RemainderTerm\" outputpath=\"RemainderTerm\"/>\n            <set-param inputpath=\"IssuingStateCode\" outputpath=\"IssuingStateCode\"/>\n            <set-param inputpath=\"FullName\" outputpath=\"FullName\"/>\n        </map>\n    </map>\n</mapper>\n",
      "iVisualMappingData" : "{\"nodeDataArray\":[{\"isGroup\":true,\"key\":\"request_in\",\"text\":\"SubmissionDetails\",\"xy\":\"150 100\"},{\"isGroup\":true,\"key\":\"request_out\",\"text\":\"HID_IDV_UserScannedDetails (1.0).getDetailsByTransactionID\",\"xy\":\"770 100\"}],\"linkDataArray\":[{\"category\":\"Mapping\",\"from\":\"source:SubmissionDetails:transactionId:\",\"to\":\"target:transactionId:\",\"fromPort\":\"source:SubmissionDetails:transactionId:\",\"toPort\":\"target:transactionId:\",\"visible\":true,\"common\":true}]}",
      "oVisualMappingData" : "{\"nodeDataArray\":[{\"isGroup\":true,\"key\":\"response_out\",\"text\":\"SubmissionDetails\",\"xy\":\"770 100\"},{\"isGroup\":true,\"key\":\"response_in\",\"text\":\"HID_IDV_UserScannedDetails (1.0).getDetailsByTransactionID\",\"xy\":\"150 100\"}],\"linkDataArray\":[{\"category\":\"Mapping\",\"visible\":true,\"from\":\"source:DocumentEncoding2:FullName:\",\"to\":\"target:SubmissionDetails:FullName:\",\"fromPort\":\"source:DocumentEncoding2:FullName:\",\"toPort\":\"target:SubmissionDetails:FullName:\"},{\"category\":\"Mapping\",\"visible\":true,\"from\":\"source:DocumentEncoding2:GivenName:\",\"to\":\"target:SubmissionDetails:GivenName:\",\"fromPort\":\"source:DocumentEncoding2:GivenName:\",\"toPort\":\"target:SubmissionDetails:GivenName:\"},{\"category\":\"Mapping\",\"visible\":true,\"from\":\"source:DocumentEncoding2:DocumentNumber:\",\"to\":\"target:SubmissionDetails:DocumentNumber:\",\"fromPort\":\"source:DocumentEncoding2:DocumentNumber:\",\"toPort\":\"target:SubmissionDetails:DocumentNumber:\"},{\"category\":\"Mapping\",\"visible\":true,\"from\":\"source:DocumentEncoding2:IssuingStateCode:\",\"to\":\"target:SubmissionDetails:IssuingStateCode:\",\"fromPort\":\"source:DocumentEncoding2:IssuingStateCode:\",\"toPort\":\"target:SubmissionDetails:IssuingStateCode:\"},{\"category\":\"Mapping\",\"visible\":true,\"from\":\"source:DocumentEncoding2:Age:\",\"to\":\"target:SubmissionDetails:Age:\",\"fromPort\":\"source:DocumentEncoding2:Age:\",\"toPort\":\"target:SubmissionDetails:Age:\"},{\"category\":\"Mapping\",\"visible\":true,\"from\":\"source:DocumentEncoding2:AgeAtIssue:\",\"to\":\"target:SubmissionDetails:AgeAtIssue:\",\"fromPort\":\"source:DocumentEncoding2:AgeAtIssue:\",\"toPort\":\"target:SubmissionDetails:AgeAtIssue:\"},{\"category\":\"Mapping\",\"visible\":true,\"from\":\"source:DocumentEncoding2:BirthDate:\",\"to\":\"target:SubmissionDetails:BirthDate:\",\"fromPort\":\"source:DocumentEncoding2:BirthDate:\",\"toPort\":\"target:SubmissionDetails:BirthDate:\"},{\"category\":\"Mapping\",\"visible\":true,\"from\":\"source:DocumentEncoding2:DocumentClassCode:\",\"to\":\"target:SubmissionDetails:DocumentClassCode:\",\"fromPort\":\"source:DocumentEncoding2:DocumentClassCode:\",\"toPort\":\"target:SubmissionDetails:DocumentClassCode:\"},{\"category\":\"Mapping\",\"visible\":true,\"from\":\"source:DocumentEncoding2:ExpirationDate:\",\"to\":\"target:SubmissionDetails:ExpirationDate:\",\"fromPort\":\"source:DocumentEncoding2:ExpirationDate:\",\"toPort\":\"target:SubmissionDetails:ExpirationDate:\"},{\"category\":\"Mapping\",\"visible\":true,\"from\":\"source:DocumentEncoding2:IssueDate:\",\"to\":\"target:SubmissionDetails:IssueDate:\",\"fromPort\":\"source:DocumentEncoding2:IssueDate:\",\"toPort\":\"target:SubmissionDetails:IssueDate:\"},{\"category\":\"Mapping\",\"visible\":true,\"from\":\"source:DocumentEncoding2:IssuingStateName:\",\"to\":\"target:SubmissionDetails:IssuingStateName:\",\"fromPort\":\"source:DocumentEncoding2:IssuingStateName:\",\"toPort\":\"target:SubmissionDetails:IssuingStateName:\"},{\"category\":\"Mapping\",\"visible\":true,\"from\":\"source:DocumentEncoding2:Nationality:\",\"to\":\"target:SubmissionDetails:Nationality:\",\"fromPort\":\"source:DocumentEncoding2:Nationality:\",\"toPort\":\"target:SubmissionDetails:Nationality:\"},{\"category\":\"Mapping\",\"visible\":true,\"from\":\"source:DocumentEncoding2:PlaceOfBirth:\",\"to\":\"target:SubmissionDetails:PlaceOfBirth:\",\"fromPort\":\"source:DocumentEncoding2:PlaceOfBirth:\",\"toPort\":\"target:SubmissionDetails:PlaceOfBirth:\"},{\"category\":\"Mapping\",\"visible\":true,\"from\":\"source:DocumentEncoding2:RemainderTerm:\",\"to\":\"target:SubmissionDetails:RemainderTerm:\",\"fromPort\":\"source:DocumentEncoding2:RemainderTerm:\",\"toPort\":\"target:SubmissionDetails:RemainderTerm:\"},{\"category\":\"Mapping\",\"visible\":true,\"from\":\"source:DocumentEncoding2:Sex:\",\"to\":\"target:SubmissionDetails:Sex:\",\"fromPort\":\"source:DocumentEncoding2:Sex:\",\"toPort\":\"target:SubmissionDetails:Sex:\"},{\"category\":\"Mapping\",\"visible\":true,\"from\":\"source:DocumentEncoding2:YearsSinceIssue:\",\"to\":\"target:SubmissionDetails:YearsSinceIssue:\",\"fromPort\":\"source:DocumentEncoding2:YearsSinceIssue:\",\"toPort\":\"target:SubmissionDetails:YearsSinceIssue:\"},{\"category\":\"Mapping\",\"visible\":true,\"from\":\"source:DocumentEncoding2:Surname:\",\"to\":\"target:SubmissionDetails:Surname:\",\"fromPort\":\"source:DocumentEncoding2:Surname:\",\"toPort\":\"target:SubmissionDetails:Surname:\"}],\"blockCount\":{\"variableCount\":0},\"variableMap\":{},\"xmlMappingOverride\":false}",
      "requestXmlMappingOverride" : false,
      "responseXmlMappingOverride" : false,
      "disabled" : false,
      "applyCommonMapping" : false,
      "applyRequestCommonMapping" : false,
      "applyResponseCommonMapping" : false
    } ]
  },
  "enableFrontendUrl" : false,
  "customVerb" : false
}