{
  "operationConfig" : {
    "name" : "authenticate5101",
    "type" : "MappedToBackend",
    "cachable" : false,
    "smsEnabled" : false,
    "security" : "authorized_app",
    "responseEncoding" : "UTF-8",
    "httpMethod" : "GET",
    "decodeResponseBody" : false,
    "iMapping" : "<?xml version=\"1.0\" encoding=\"UTF-8\" standalone=\"yes\"?>\n<mapper xmlns=\"http://www.kony.com/ns/mapper\">\n    <map inputpath=\"request_in\" outputpath=\"request_out\">\n        <set-param inputpath=\"authenticatorData\" outputpath=\"authenticatorData\"/>\n        <set-param inputpath=\"clientDataJSON\" outputpath=\"clientDataJSON\"/>\n        <set-param inputpath=\"csrf\" outputpath=\"csrf\"/>\n        <set-param inputpath=\"csrfx\" outputpath=\"csrfx\"/>\n        <set-param inputpath=\"id\" outputpath=\"id\"/>\n        <set-param inputpath=\"request_uri\" outputpath=\"request_uri\"/>\n        <set-param inputpath=\"signature\" outputpath=\"signature\"/>\n        <set-param inputpath=\"userHandle\" outputpath=\"userHandle\"/>\n        <set-param inputpath=\"username\" outputpath=\"username\"/>\n    </map>\n</mapper>\n",
    "oMapping" : "<?xml version=\"1.0\" encoding=\"UTF-8\" standalone=\"yes\"?>\n<mapper xmlns=\"http://www.kony.com/ns/mapper\">\n    <map inputpath=\"response_in\" outputpath=\"response_out\">\n        <map inputpath=\"\" outputpath=\"FIDOAuthentication\">\n            <set-param inputpath=\"code\" outputpath=\"code\"/>\n            <set-param inputpath=\"context\" outputpath=\"context\"/>\n        </map>\n    </map>\n</mapper>\n",
    "iVisualMappingData" : "{\"nodeDataArray\":[{\"isGroup\":true,\"key\":\"request_in\",\"text\":\"FIDOAuthentication\",\"xy\":\"167 101\"},{\"isGroup\":true,\"key\":\"request_out\",\"text\":\"FIDOOrch (1.0).authenticate\",\"xy\":\"770 100\"}],\"linkDataArray\":[{\"category\":\"Mapping\",\"from\":\"source:FIDOAuthentication:username:\",\"to\":\"target:username:\",\"fromPort\":\"source:FIDOAuthentication:username:\",\"toPort\":\"target:username:\",\"visible\":true,\"common\":true},{\"category\":\"Mapping\",\"from\":\"source:FIDOAuthentication:request_uri:\",\"to\":\"target:request_uri:\",\"fromPort\":\"source:FIDOAuthentication:request_uri:\",\"toPort\":\"target:request_uri:\",\"visible\":true,\"common\":true},{\"category\":\"Mapping\",\"visible\":true,\"from\":\"source:FIDOAuthentication:csrf:\",\"to\":\"target:csrf:\",\"fromPort\":\"source:FIDOAuthentication:csrf:\",\"toPort\":\"target:csrf:\"},{\"category\":\"Mapping\",\"visible\":true,\"from\":\"source:FIDOAuthentication:clientDataJSON:\",\"to\":\"target:clientDataJSON:\",\"fromPort\":\"source:FIDOAuthentication:clientDataJSON:\",\"toPort\":\"target:clientDataJSON:\"},{\"category\":\"Mapping\",\"visible\":true,\"from\":\"source:FIDOAuthentication:authenticatorData:\",\"to\":\"target:authenticatorData:\",\"fromPort\":\"source:FIDOAuthentication:authenticatorData:\",\"toPort\":\"target:authenticatorData:\"},{\"category\":\"Mapping\",\"visible\":true,\"from\":\"source:FIDOAuthentication:signature:\",\"to\":\"target:signature:\",\"fromPort\":\"source:FIDOAuthentication:signature:\",\"toPort\":\"target:signature:\"},{\"category\":\"Mapping\",\"visible\":true,\"from\":\"source:FIDOAuthentication:userHandle:\",\"to\":\"target:userHandle:\",\"fromPort\":\"source:FIDOAuthentication:userHandle:\",\"toPort\":\"target:userHandle:\"},{\"category\":\"Mapping\",\"visible\":true,\"from\":\"source:FIDOAuthentication:id:\",\"to\":\"target:id:\",\"fromPort\":\"source:FIDOAuthentication:id:\",\"toPort\":\"target:id:\"},{\"category\":\"Mapping\",\"visible\":true,\"from\":\"source:FIDOAuthentication:csrfx:\",\"to\":\"target:csrfx:\",\"fromPort\":\"source:FIDOAuthentication:csrfx:\",\"toPort\":\"target:csrfx:\"}],\"blockCount\":{\"variableCount\":0},\"variableMap\":{},\"xmlMappingOverride\":false}",
    "oVisualMappingData" : "{\"nodeDataArray\":[{\"isGroup\":true,\"key\":\"response_out\",\"text\":\"FIDOAuthentication\",\"xy\":\"770 100\"},{\"isGroup\":true,\"key\":\"response_in\",\"text\":\"FIDOOrch (1.0).authenticate\",\"xy\":\"150 100\"}],\"linkDataArray\":[{\"category\":\"Mapping\",\"visible\":true,\"from\":\"source:code:\",\"to\":\"target:FIDOAuthentication:code:\",\"fromPort\":\"source:code:\",\"toPort\":\"target:FIDOAuthentication:code:\"},{\"category\":\"Mapping\",\"visible\":true,\"from\":\"source:context:\",\"to\":\"target:FIDOAuthentication:context:\",\"fromPort\":\"source:context:\",\"toPort\":\"target:FIDOAuthentication:context:\"}],\"blockCount\":{\"variableCount\":0},\"variableMap\":{},\"xmlMappingOverride\":false}",
    "applyCommonMapping" : false,
    "applyRequestCommonMapping" : false,
    "applyResponseCommonMapping" : false,
    "backendMeta" : {
      "serviceName" : "FIDOOrch",
      "serviceVersion" : "1.0",
      "operationName" : "authenticate"
    },
    "relationshipHierarchyMapping" : {
      "name" : "FIDOAuthentication",
      "children" : [ ],
      "actions" : { },
      "selected" : true
    },
    "requestXmlMappingOverride" : false,
    "responseXmlMappingOverride" : false,
    "mapperData" : [ {
      "name" : "base mapper1",
      "order" : 1,
      "iMapping" : "<?xml version=\"1.0\" encoding=\"UTF-8\" standalone=\"yes\"?>\n<mapper xmlns=\"http://www.kony.com/ns/mapper\">\n    <map inputpath=\"request_in\" outputpath=\"request_out\">\n        <set-param inputpath=\"authenticatorData\" outputpath=\"authenticatorData\"/>\n        <set-param inputpath=\"clientDataJSON\" outputpath=\"clientDataJSON\"/>\n        <set-param inputpath=\"csrf\" outputpath=\"csrf\"/>\n        <set-param inputpath=\"csrfx\" outputpath=\"csrfx\"/>\n        <set-param inputpath=\"id\" outputpath=\"id\"/>\n        <set-param inputpath=\"request_uri\" outputpath=\"request_uri\"/>\n        <set-param inputpath=\"signature\" outputpath=\"signature\"/>\n        <set-param inputpath=\"userHandle\" outputpath=\"userHandle\"/>\n        <set-param inputpath=\"username\" outputpath=\"username\"/>\n    </map>\n</mapper>\n",
      "oMapping" : "<?xml version=\"1.0\" encoding=\"UTF-8\" standalone=\"yes\"?>\n<mapper xmlns=\"http://www.kony.com/ns/mapper\">\n    <map inputpath=\"response_in\" outputpath=\"response_out\">\n        <map inputpath=\"\" outputpath=\"FIDOAuthentication\">\n            <set-param inputpath=\"code\" outputpath=\"code\"/>\n            <set-param inputpath=\"context\" outputpath=\"context\"/>\n        </map>\n    </map>\n</mapper>\n",
      "iVisualMappingData" : "{\"nodeDataArray\":[{\"isGroup\":true,\"key\":\"request_in\",\"text\":\"FIDOAuthentication\",\"xy\":\"167 101\"},{\"isGroup\":true,\"key\":\"request_out\",\"text\":\"FIDOOrch (1.0).authenticate\",\"xy\":\"770 100\"}],\"linkDataArray\":[{\"category\":\"Mapping\",\"from\":\"source:FIDOAuthentication:username:\",\"to\":\"target:username:\",\"fromPort\":\"source:FIDOAuthentication:username:\",\"toPort\":\"target:username:\",\"visible\":true,\"common\":true},{\"category\":\"Mapping\",\"from\":\"source:FIDOAuthentication:request_uri:\",\"to\":\"target:request_uri:\",\"fromPort\":\"source:FIDOAuthentication:request_uri:\",\"toPort\":\"target:request_uri:\",\"visible\":true,\"common\":true},{\"category\":\"Mapping\",\"visible\":true,\"from\":\"source:FIDOAuthentication:csrf:\",\"to\":\"target:csrf:\",\"fromPort\":\"source:FIDOAuthentication:csrf:\",\"toPort\":\"target:csrf:\"},{\"category\":\"Mapping\",\"visible\":true,\"from\":\"source:FIDOAuthentication:clientDataJSON:\",\"to\":\"target:clientDataJSON:\",\"fromPort\":\"source:FIDOAuthentication:clientDataJSON:\",\"toPort\":\"target:clientDataJSON:\"},{\"category\":\"Mapping\",\"visible\":true,\"from\":\"source:FIDOAuthentication:authenticatorData:\",\"to\":\"target:authenticatorData:\",\"fromPort\":\"source:FIDOAuthentication:authenticatorData:\",\"toPort\":\"target:authenticatorData:\"},{\"category\":\"Mapping\",\"visible\":true,\"from\":\"source:FIDOAuthentication:signature:\",\"to\":\"target:signature:\",\"fromPort\":\"source:FIDOAuthentication:signature:\",\"toPort\":\"target:signature:\"},{\"category\":\"Mapping\",\"visible\":true,\"from\":\"source:FIDOAuthentication:userHandle:\",\"to\":\"target:userHandle:\",\"fromPort\":\"source:FIDOAuthentication:userHandle:\",\"toPort\":\"target:userHandle:\"},{\"category\":\"Mapping\",\"visible\":true,\"from\":\"source:FIDOAuthentication:id:\",\"to\":\"target:id:\",\"fromPort\":\"source:FIDOAuthentication:id:\",\"toPort\":\"target:id:\"},{\"category\":\"Mapping\",\"visible\":true,\"from\":\"source:FIDOAuthentication:csrfx:\",\"to\":\"target:csrfx:\",\"fromPort\":\"source:FIDOAuthentication:csrfx:\",\"toPort\":\"target:csrfx:\"}],\"blockCount\":{\"variableCount\":0},\"variableMap\":{},\"xmlMappingOverride\":false}",
      "oVisualMappingData" : "{\"nodeDataArray\":[{\"isGroup\":true,\"key\":\"response_out\",\"text\":\"FIDOAuthentication\",\"xy\":\"770 100\"},{\"isGroup\":true,\"key\":\"response_in\",\"text\":\"FIDOOrch (1.0).authenticate\",\"xy\":\"150 100\"}],\"linkDataArray\":[{\"category\":\"Mapping\",\"visible\":true,\"from\":\"source:code:\",\"to\":\"target:FIDOAuthentication:code:\",\"fromPort\":\"source:code:\",\"toPort\":\"target:FIDOAuthentication:code:\"},{\"category\":\"Mapping\",\"visible\":true,\"from\":\"source:context:\",\"to\":\"target:FIDOAuthentication:context:\",\"fromPort\":\"source:context:\",\"toPort\":\"target:FIDOAuthentication:context:\"}],\"blockCount\":{\"variableCount\":0},\"variableMap\":{},\"xmlMappingOverride\":false}",
      "requestXmlMappingOverride" : false,
      "responseXmlMappingOverride" : false,
      "disabled" : false,
      "applyCommonMapping" : false,
      "applyRequestCommonMapping" : false,
      "applyResponseCommonMapping" : false
    } ]
  },
  "enableFrontendUrl" : false,
  "customVerb" : false
}