{
  "operationConfig" : {
    "name" : "getVerifiedImages8636",
    "type" : "MappedToBackend",
    "cachable" : false,
    "smsEnabled" : false,
    "security" : "authorized_app",
    "responseEncoding" : "UTF-8",
    "httpMethod" : "GET",
    "decodeResponseBody" : false,
    "iMapping" : "<?xml version=\"1.0\" encoding=\"UTF-8\" standalone=\"yes\"?>\n<mapper xmlns=\"http://www.kony.com/ns/mapper\">\n    <map inputpath=\"request_in\" outputpath=\"request_out\">\n        <set-param inputpath=\"imageName\" outputpath=\"imageName\"/>\n        <set-param inputpath=\"transactionId\" outputpath=\"transactionId\"/>\n    </map>\n</mapper>\n",
    "oMapping" : "<?xml version=\"1.0\" encoding=\"UTF-8\" standalone=\"yes\"?>\n<mapper xmlns=\"http://www.kony.com/ns/mapper\">\n    <map inputpath=\"response_in\" outputpath=\"response_out\">\n        <map inputpath=\"DocumentImage\" outputpath=\"GetDocumentImages\">\n            <set-param inputpath=\"TransactionId\" outputpath=\"transactionId\"/>\n            <set-param inputpath=\"ImageName\" outputpath=\"imageName\"/>\n            <set-param inputpath=\"Base64Image\" outputpath=\"Base64Image\"/>\n        </map>\n    </map>\n</mapper>\n",
    "iVisualMappingData" : "{\"nodeDataArray\":[{\"isGroup\":true,\"key\":\"request_in\",\"text\":\"GetDocumentImages\",\"xy\":\"150 100\"},{\"isGroup\":true,\"key\":\"request_out\",\"text\":\"GetVerifiedImages (1.0).getVerifiedImages\",\"xy\":\"770 100\"}],\"linkDataArray\":[{\"category\":\"Mapping\",\"from\":\"source:GetDocumentImages:transactionId:\",\"to\":\"target:transactionId:\",\"fromPort\":\"source:GetDocumentImages:transactionId:\",\"toPort\":\"target:transactionId:\",\"visible\":true,\"common\":false},{\"category\":\"Mapping\",\"visible\":true,\"from\":\"source:GetDocumentImages:imageName:\",\"to\":\"target:imageName:\",\"fromPort\":\"source:GetDocumentImages:imageName:\",\"toPort\":\"target:imageName:\"}],\"blockCount\":{\"variableCount\":0},\"variableMap\":{},\"xmlMappingOverride\":false}",
    "oVisualMappingData" : "{\"nodeDataArray\":[{\"isGroup\":true,\"key\":\"response_out\",\"text\":\"GetDocumentImages\",\"xy\":\"770 100\"},{\"isGroup\":true,\"key\":\"response_in\",\"text\":\"GetVerifiedImages (1.0).getVerifiedImages\",\"xy\":\"150 100\"}],\"linkDataArray\":[{\"category\":\"Mapping\",\"visible\":true,\"from\":\"source:DocumentImage:Base64Image:\",\"to\":\"target:GetDocumentImages:Base64Image:\",\"fromPort\":\"source:DocumentImage:Base64Image:\",\"toPort\":\"target:GetDocumentImages:Base64Image:\"},{\"category\":\"Mapping\",\"visible\":true,\"from\":\"source:DocumentImage:TransactionId:\",\"to\":\"target:GetDocumentImages:transactionId:\",\"fromPort\":\"source:DocumentImage:TransactionId:\",\"toPort\":\"target:GetDocumentImages:transactionId:\"},{\"category\":\"Mapping\",\"visible\":true,\"from\":\"source:DocumentImage:ImageName:\",\"to\":\"target:GetDocumentImages:imageName:\",\"fromPort\":\"source:DocumentImage:ImageName:\",\"toPort\":\"target:GetDocumentImages:imageName:\"}],\"blockCount\":{\"variableCount\":0},\"variableMap\":{},\"xmlMappingOverride\":false}",
    "applyCommonMapping" : false,
    "applyRequestCommonMapping" : false,
    "applyResponseCommonMapping" : false,
    "backendMeta" : {
      "serviceName" : "GetVerifiedImages",
      "serviceVersion" : "1.0",
      "operationName" : "getVerifiedImages"
    },
    "relationshipHierarchyMapping" : {
      "name" : "GetDocumentImages",
      "children" : [ ],
      "actions" : { },
      "selected" : true
    },
    "requestXmlMappingOverride" : false,
    "responseXmlMappingOverride" : false,
    "mapperData" : [ {
      "name" : "base mapper1",
      "order" : 1,
      "iMapping" : "<?xml version=\"1.0\" encoding=\"UTF-8\" standalone=\"yes\"?>\n<mapper xmlns=\"http://www.kony.com/ns/mapper\">\n    <map inputpath=\"request_in\" outputpath=\"request_out\">\n        <set-param inputpath=\"imageName\" outputpath=\"imageName\"/>\n        <set-param inputpath=\"transactionId\" outputpath=\"transactionId\"/>\n    </map>\n</mapper>\n",
      "oMapping" : "<?xml version=\"1.0\" encoding=\"UTF-8\" standalone=\"yes\"?>\n<mapper xmlns=\"http://www.kony.com/ns/mapper\">\n    <map inputpath=\"response_in\" outputpath=\"response_out\">\n        <map inputpath=\"DocumentImage\" outputpath=\"GetDocumentImages\">\n            <set-param inputpath=\"TransactionId\" outputpath=\"transactionId\"/>\n            <set-param inputpath=\"ImageName\" outputpath=\"imageName\"/>\n            <set-param inputpath=\"Base64Image\" outputpath=\"Base64Image\"/>\n        </map>\n    </map>\n</mapper>\n",
      "iVisualMappingData" : "{\"nodeDataArray\":[{\"isGroup\":true,\"key\":\"request_in\",\"text\":\"GetDocumentImages\",\"xy\":\"150 100\"},{\"isGroup\":true,\"key\":\"request_out\",\"text\":\"GetVerifiedImages (1.0).getVerifiedImages\",\"xy\":\"770 100\"}],\"linkDataArray\":[{\"category\":\"Mapping\",\"from\":\"source:GetDocumentImages:transactionId:\",\"to\":\"target:transactionId:\",\"fromPort\":\"source:GetDocumentImages:transactionId:\",\"toPort\":\"target:transactionId:\",\"visible\":true,\"common\":false},{\"category\":\"Mapping\",\"visible\":true,\"from\":\"source:GetDocumentImages:imageName:\",\"to\":\"target:imageName:\",\"fromPort\":\"source:GetDocumentImages:imageName:\",\"toPort\":\"target:imageName:\"}],\"blockCount\":{\"variableCount\":0},\"variableMap\":{},\"xmlMappingOverride\":false}",
      "oVisualMappingData" : "{\"nodeDataArray\":[{\"isGroup\":true,\"key\":\"response_out\",\"text\":\"GetDocumentImages\",\"xy\":\"770 100\"},{\"isGroup\":true,\"key\":\"response_in\",\"text\":\"GetVerifiedImages (1.0).getVerifiedImages\",\"xy\":\"150 100\"}],\"linkDataArray\":[{\"category\":\"Mapping\",\"visible\":true,\"from\":\"source:DocumentImage:Base64Image:\",\"to\":\"target:GetDocumentImages:Base64Image:\",\"fromPort\":\"source:DocumentImage:Base64Image:\",\"toPort\":\"target:GetDocumentImages:Base64Image:\"},{\"category\":\"Mapping\",\"visible\":true,\"from\":\"source:DocumentImage:TransactionId:\",\"to\":\"target:GetDocumentImages:transactionId:\",\"fromPort\":\"source:DocumentImage:TransactionId:\",\"toPort\":\"target:GetDocumentImages:transactionId:\"},{\"category\":\"Mapping\",\"visible\":true,\"from\":\"source:DocumentImage:ImageName:\",\"to\":\"target:GetDocumentImages:imageName:\",\"fromPort\":\"source:DocumentImage:ImageName:\",\"toPort\":\"target:GetDocumentImages:imageName:\"}],\"blockCount\":{\"variableCount\":0},\"variableMap\":{},\"xmlMappingOverride\":false}",
      "requestXmlMappingOverride" : false,
      "responseXmlMappingOverride" : false,
      "disabled" : false,
      "applyCommonMapping" : false,
      "applyRequestCommonMapping" : false,
      "applyResponseCommonMapping" : false
    } ]
  },
  "enableFrontendUrl" : false,
  "customVerb" : false
}