{
  "operationConfig" : {
    "name" : "getHIDDeviceRegistrationStatus6207",
    "type" : "MappedToBackend",
    "cachable" : false,
    "smsEnabled" : false,
    "security" : "authorized_app",
    "responseEncoding" : "UTF-8",
    "httpMethod" : "GET",
    "decodeResponseBody" : false,
    "iMapping" : "<?xml version=\"1.0\" encoding=\"UTF-8\" standalone=\"yes\"?>\n<mapper xmlns=\"http://www.kony.com/ns/mapper\">\n    <map inputpath=\"request_in\" outputpath=\"request_out\">\n        <set-param inputpath=\"deviceId\" outputpath=\"deviceId\"/>\n    </map>\n</mapper>\n",
    "oMapping" : "<?xml version=\"1.0\" encoding=\"UTF-8\" standalone=\"yes\"?>\n<mapper xmlns=\"http://www.kony.com/ns/mapper\">\n    <map inputpath=\"response_in\" outputpath=\"response_out\">\n        <map inputpath=\"\" outputpath=\"DeviceRegistrationPolling\">\n            <set-param inputpath=\"deviceStatus\" outputpath=\"deviceStatus\"/>\n            <set-param inputpath=\"errmsg\" outputpath=\"errmsg\"/>\n        </map>\n    </map>\n</mapper>\n",
    "iVisualMappingData" : "{\"nodeDataArray\":[{\"isGroup\":true,\"key\":\"request_in\",\"text\":\"DeviceRegistrationPolling\",\"xy\":\"150 100\"},{\"isGroup\":true,\"key\":\"request_out\",\"text\":\"HIDPollConsensus (1.0).getHIDDeviceRegistrationStatus\",\"xy\":\"770 100\"}],\"linkDataArray\":[{\"category\":\"Mapping\",\"visible\":true,\"from\":\"source:DeviceRegistrationPolling:deviceId:\",\"to\":\"target:deviceId:\",\"fromPort\":\"source:DeviceRegistrationPolling:deviceId:\",\"toPort\":\"target:deviceId:\"}],\"blockCount\":{\"variableCount\":0},\"variableMap\":{},\"xmlMappingOverride\":false}",
    "oVisualMappingData" : "{\"nodeDataArray\":[{\"isGroup\":true,\"key\":\"response_out\",\"text\":\"DeviceRegistrationPolling\",\"xy\":\"770 100\"},{\"isGroup\":true,\"key\":\"response_in\",\"text\":\"HIDPollConsensus (1.0).getHIDDeviceRegistrationStatus\",\"xy\":\"213 105\"}],\"linkDataArray\":[{\"category\":\"Mapping\",\"visible\":true,\"from\":\"source:deviceStatus:\",\"to\":\"target:DeviceRegistrationPolling:deviceStatus:\",\"fromPort\":\"source:deviceStatus:\",\"toPort\":\"target:DeviceRegistrationPolling:deviceStatus:\"},{\"category\":\"Mapping\",\"visible\":true,\"from\":\"source:errmsg:\",\"to\":\"target:DeviceRegistrationPolling:errmsg:\",\"fromPort\":\"source:errmsg:\",\"toPort\":\"target:DeviceRegistrationPolling:errmsg:\"}],\"blockCount\":{\"variableCount\":0},\"variableMap\":{},\"xmlMappingOverride\":false}",
    "applyCommonMapping" : false,
    "applyRequestCommonMapping" : false,
    "applyResponseCommonMapping" : false,
    "backendMeta" : {
      "serviceName" : "HIDPollConsensus",
      "serviceVersion" : "1.0",
      "operationName" : "getHIDDeviceRegistrationStatus"
    },
    "relationshipHierarchyMapping" : {
      "children" : [ ],
      "name" : "DeviceRegistrationPolling",
      "actions" : { },
      "selected" : true
    },
    "requestXmlMappingOverride" : false,
    "responseXmlMappingOverride" : false,
    "mapperData" : [ {
      "name" : "base mapper1",
      "order" : 1,
      "iMapping" : "<?xml version=\"1.0\" encoding=\"UTF-8\" standalone=\"yes\"?>\n<mapper xmlns=\"http://www.kony.com/ns/mapper\">\n    <map inputpath=\"request_in\" outputpath=\"request_out\">\n        <set-param inputpath=\"deviceId\" outputpath=\"deviceId\"/>\n    </map>\n</mapper>\n",
      "oMapping" : "<?xml version=\"1.0\" encoding=\"UTF-8\" standalone=\"yes\"?>\n<mapper xmlns=\"http://www.kony.com/ns/mapper\">\n    <map inputpath=\"response_in\" outputpath=\"response_out\">\n        <map inputpath=\"\" outputpath=\"DeviceRegistrationPolling\">\n            <set-param inputpath=\"deviceStatus\" outputpath=\"deviceStatus\"/>\n            <set-param inputpath=\"errmsg\" outputpath=\"errmsg\"/>\n        </map>\n    </map>\n</mapper>\n",
      "iVisualMappingData" : "{\"nodeDataArray\":[{\"isGroup\":true,\"key\":\"request_in\",\"text\":\"DeviceRegistrationPolling\",\"xy\":\"150 100\"},{\"isGroup\":true,\"key\":\"request_out\",\"text\":\"HIDPollConsensus (1.0).getHIDDeviceRegistrationStatus\",\"xy\":\"770 100\"}],\"linkDataArray\":[{\"category\":\"Mapping\",\"visible\":true,\"from\":\"source:DeviceRegistrationPolling:deviceId:\",\"to\":\"target:deviceId:\",\"fromPort\":\"source:DeviceRegistrationPolling:deviceId:\",\"toPort\":\"target:deviceId:\"}],\"blockCount\":{\"variableCount\":0},\"variableMap\":{},\"xmlMappingOverride\":false}",
      "oVisualMappingData" : "{\"nodeDataArray\":[{\"isGroup\":true,\"key\":\"response_out\",\"text\":\"DeviceRegistrationPolling\",\"xy\":\"770 100\"},{\"isGroup\":true,\"key\":\"response_in\",\"text\":\"HIDPollConsensus (1.0).getHIDDeviceRegistrationStatus\",\"xy\":\"213 105\"}],\"linkDataArray\":[{\"category\":\"Mapping\",\"visible\":true,\"from\":\"source:deviceStatus:\",\"to\":\"target:DeviceRegistrationPolling:deviceStatus:\",\"fromPort\":\"source:deviceStatus:\",\"toPort\":\"target:DeviceRegistrationPolling:deviceStatus:\"},{\"category\":\"Mapping\",\"visible\":true,\"from\":\"source:errmsg:\",\"to\":\"target:DeviceRegistrationPolling:errmsg:\",\"fromPort\":\"source:errmsg:\",\"toPort\":\"target:DeviceRegistrationPolling:errmsg:\"}],\"blockCount\":{\"variableCount\":0},\"variableMap\":{},\"xmlMappingOverride\":false}",
      "requestXmlMappingOverride" : false,
      "responseXmlMappingOverride" : false,
      "disabled" : false,
      "applyCommonMapping" : false,
      "applyRequestCommonMapping" : false,
      "applyResponseCommonMapping" : false
    } ]
  },
  "enableFrontendUrl" : false,
  "customVerb" : false
}