[ {
  "name" : "residentKey",
  "sourceFieldname" : "residentKey",
  "description" : "residentKey",
  "dataType" : "string",
  "hasIndex" : false,
  "unique" : false,
  "primarykey" : false,
  "namefield" : false,
  "nullable" : true,
  "custom" : false,
  "createable" : true,
  "updateable" : true,
  "audit" : false,
  "customizable" : false,
  "fieldOrder" : 0,
  "fieldProperties" : {
    "autoGenerated" : "false"
  },
  "etag" : "82bd39cc-da0f-4bcb-91d9-7a2186ec708e",
  "isExtended" : false
}, {
  "name" : "userVerification",
  "sourceFieldname" : "userVerification",
  "description" : "userVerification",
  "dataType" : "string",
  "hasIndex" : false,
  "unique" : false,
  "primarykey" : false,
  "namefield" : false,
  "nullable" : true,
  "custom" : false,
  "createable" : true,
  "updateable" : true,
  "audit" : false,
  "customizable" : false,
  "fieldOrder" : 0,
  "fieldProperties" : {
    "autoGenerated" : "false"
  },
  "etag" : "e92ffce8-eaeb-450d-8e2f-ad757bd36361",
  "isExtended" : false
} ]