[ {
  "name" : "action_type",
  "sourceFieldname" : "action_type",
  "description" : "action_type",
  "dataType" : "string",
  "hasIndex" : false,
  "unique" : false,
  "primarykey" : false,
  "namefield" : false,
  "nullable" : true,
  "custom" : false,
  "createable" : true,
  "updateable" : true,
  "audit" : false,
  "customizable" : false,
  "fieldOrder" : 1,
  "fieldProperties" : {
    "autoGenerated" : "false"
  },
  "etag" : "9918ce11-017a-4ae1-a742-2b0d998b71a0",
  "isExtended" : false
}, {
  "name" : "app_action_id",
  "sourceFieldname" : "app_action_id",
  "description" : "app_action_id",
  "dataType" : "string",
  "hasIndex" : false,
  "unique" : true,
  "primarykey" : true,
  "namefield" : false,
  "nullable" : false,
  "custom" : false,
  "createable" : true,
  "updateable" : true,
  "audit" : false,
  "customizable" : false,
  "fieldOrder" : 3,
  "fieldProperties" : {
    "autoGenerated" : "false"
  },
  "etag" : "979713b4-09a8-40f0-b8b2-f7e0c3419291",
  "isExtended" : false
}, {
  "name" : "app_session_id",
  "sourceFieldname" : "app_session_id",
  "description" : "app_session_id",
  "dataType" : "string",
  "hasIndex" : false,
  "unique" : false,
  "primarykey" : false,
  "namefield" : false,
  "nullable" : true,
  "custom" : false,
  "createable" : true,
  "updateable" : true,
  "audit" : false,
  "customizable" : false,
  "fieldOrder" : 4,
  "fieldProperties" : {
    "autoGenerated" : "false"
  },
  "etag" : "1be5c6cd-c607-4054-94ef-c030b5f292e4",
  "isExtended" : false
}, {
  "name" : "app_user_id",
  "sourceFieldname" : "app_user_id",
  "description" : "app_user_id",
  "dataType" : "string",
  "hasIndex" : false,
  "unique" : false,
  "primarykey" : false,
  "namefield" : false,
  "nullable" : true,
  "custom" : false,
  "createable" : true,
  "updateable" : true,
  "audit" : false,
  "customizable" : false,
  "fieldOrder" : 5,
  "fieldProperties" : {
    "autoGenerated" : "false"
  },
  "etag" : "1ed5f0ac-0c02-45c2-8666-8bbe9e06f1bf",
  "isExtended" : false
}, {
  "name" : "application_id",
  "sourceFieldname" : "application_id",
  "description" : "application_id",
  "dataType" : "string",
  "hasIndex" : false,
  "unique" : false,
  "primarykey" : false,
  "namefield" : false,
  "nullable" : true,
  "custom" : false,
  "createable" : true,
  "updateable" : true,
  "audit" : false,
  "customizable" : false,
  "fieldOrder" : 2,
  "fieldProperties" : {
    "autoGenerated" : "false"
  },
  "etag" : "65280bdd-f319-4e90-b052-329105009cec",
  "isExtended" : false
}, {
  "name" : "channel_id",
  "sourceFieldname" : "channel_id",
  "description" : "channel_id",
  "dataType" : "string",
  "hasIndex" : false,
  "unique" : false,
  "primarykey" : false,
  "namefield" : false,
  "nullable" : true,
  "custom" : false,
  "createable" : true,
  "updateable" : true,
  "audit" : false,
  "customizable" : false,
  "fieldOrder" : 6,
  "fieldProperties" : {
    "autoGenerated" : "false"
  },
  "etag" : "6f242f6a-386f-42b0-9f95-da8578afc76d",
  "isExtended" : false
}, {
  "name" : "client_ip",
  "sourceFieldname" : "client_ip",
  "description" : "client_ip",
  "dataType" : "string",
  "hasIndex" : false,
  "unique" : false,
  "primarykey" : false,
  "namefield" : false,
  "nullable" : true,
  "custom" : false,
  "createable" : true,
  "updateable" : true,
  "audit" : false,
  "customizable" : false,
  "fieldOrder" : 7,
  "fieldProperties" : {
    "autoGenerated" : "false"
  },
  "etag" : "c9037931-6f01-4cd9-a4c4-25479a3d7a28",
  "isExtended" : false
}, {
  "name" : "currentThreat",
  "dataType" : "string",
  "hasIndex" : false,
  "unique" : false,
  "primarykey" : false,
  "namefield" : false,
  "nullable" : true,
  "custom" : true,
  "createable" : true,
  "updateable" : true,
  "audit" : false,
  "customizable" : false,
  "fieldLength" : 40,
  "fieldOrder" : 14,
  "fieldProperties" : {
    "autoGenerated" : "false"
  },
  "etag" : "e7c68bd2-355b-4ef2-8414-26a76d5828d3",
  "isExtended" : false
}, {
  "name" : "error_code",
  "dataType" : "string",
  "hasIndex" : false,
  "unique" : false,
  "primarykey" : false,
  "namefield" : false,
  "nullable" : true,
  "custom" : true,
  "createable" : true,
  "updateable" : true,
  "audit" : false,
  "customizable" : false,
  "fieldLength" : 40,
  "fieldOrder" : 13,
  "fieldProperties" : {
    "autoGenerated" : "false"
  },
  "etag" : "803f0022-f69c-4940-8eb0-3c23b0cbd5dc",
  "isExtended" : false
}, {
  "name" : "error_message",
  "dataType" : "string",
  "hasIndex" : false,
  "unique" : false,
  "primarykey" : false,
  "namefield" : false,
  "nullable" : true,
  "custom" : true,
  "createable" : true,
  "updateable" : true,
  "audit" : false,
  "customizable" : false,
  "fieldLength" : 40,
  "fieldOrder" : 12,
  "fieldProperties" : {
    "autoGenerated" : "false"
  },
  "etag" : "81d7e942-d38d-403f-8260-0f7d5d45313e",
  "isExtended" : false
}, {
  "name" : "platform",
  "dataType" : "string",
  "hasIndex" : false,
  "unique" : false,
  "primarykey" : false,
  "namefield" : false,
  "nullable" : true,
  "custom" : true,
  "createable" : true,
  "updateable" : true,
  "audit" : false,
  "customizable" : false,
  "fieldLength" : 40,
  "fieldOrder" : 16,
  "fieldProperties" : {
    "autoGenerated" : "false"
  },
  "etag" : "a312a08c-0a9b-4a84-97fb-d96a98ddbaf1",
  "isExtended" : false
}, {
  "name" : "risk",
  "sourceFieldname" : "risk",
  "description" : "risk",
  "dataType" : "string",
  "hasIndex" : false,
  "unique" : false,
  "primarykey" : false,
  "namefield" : false,
  "nullable" : true,
  "custom" : false,
  "createable" : true,
  "updateable" : true,
  "audit" : false,
  "customizable" : false,
  "fieldOrder" : 8,
  "fieldProperties" : {
    "autoGenerated" : "false"
  },
  "etag" : "affbffe5-2386-47e5-beda-74fe9f866a86",
  "isExtended" : false
}, {
  "name" : "tags",
  "sourceFieldname" : "tags",
  "description" : "tags",
  "dataType" : "string",
  "hasIndex" : false,
  "unique" : false,
  "primarykey" : false,
  "namefield" : false,
  "nullable" : true,
  "custom" : false,
  "createable" : true,
  "updateable" : true,
  "audit" : false,
  "customizable" : false,
  "fieldOrder" : 9,
  "fieldProperties" : {
    "autoGenerated" : "false"
  },
  "etag" : "3c57c850-5ec9-453b-995e-ae052e413d2b",
  "isExtended" : false
}, {
  "name" : "tm_action_id",
  "dataType" : "string",
  "hasIndex" : false,
  "unique" : false,
  "primarykey" : false,
  "namefield" : false,
  "nullable" : true,
  "custom" : true,
  "createable" : true,
  "updateable" : true,
  "audit" : false,
  "customizable" : false,
  "fieldLength" : 40,
  "fieldOrder" : 15,
  "fieldProperties" : {
    "autoGenerated" : "false"
  },
  "etag" : "e10231fa-bacf-43f9-bb3d-f8226910358e",
  "isExtended" : false
}, {
  "name" : "tm_device_tag",
  "sourceFieldname" : "tm_device_tag",
  "description" : "tm_device_tag",
  "dataType" : "string",
  "hasIndex" : false,
  "unique" : false,
  "primarykey" : false,
  "namefield" : false,
  "nullable" : true,
  "custom" : false,
  "createable" : true,
  "updateable" : true,
  "audit" : false,
  "customizable" : false,
  "fieldOrder" : 10,
  "fieldProperties" : {
    "autoGenerated" : "false"
  },
  "etag" : "0bb0c5ad-fc33-48f8-86fe-4308a40f7ca9",
  "isExtended" : false
}, {
  "name" : "tm_session_sid",
  "sourceFieldname" : "tm_session_sid",
  "description" : "tm_session_sid",
  "dataType" : "string",
  "hasIndex" : false,
  "unique" : false,
  "primarykey" : false,
  "namefield" : false,
  "nullable" : true,
  "custom" : false,
  "createable" : true,
  "updateable" : true,
  "audit" : false,
  "customizable" : false,
  "fieldOrder" : 11,
  "fieldProperties" : {
    "autoGenerated" : "false"
  },
  "etag" : "4d97612c-ba09-455e-ba20-6874d42f8b70",
  "isExtended" : false
} ]