{
  "operationConfig" : {
    "name" : "getDevices4298",
    "type" : "MappedToBackend",
    "cachable" : false,
    "smsEnabled" : false,
    "security" : "authorized_app",
    "responseEncoding" : "UTF-8",
    "httpMethod" : "GET",
    "decodeResponseBody" : false,
    "iMapping" : "<?xml version=\"1.0\" encoding=\"UTF-8\" standalone=\"yes\"?>\n<mapper xmlns=\"http://www.kony.com/ns/mapper\">\n    <map inputpath=\"request_in\" outputpath=\"request_out\">\n        <exec-function name=\"kony.string:concat\" output=\"$vars\" outputpath=\"result1\">\n            <set-arg name=\"input1\" input=\"externalId eq \"/>\n            <set-arg inputpath=\"username\"/>\n        </exec-function>\n        <set-param inputpath=\"$vars/result1\" outputpath=\"filter\"/>\n        <set-param inputpath=\"userId\" outputpath=\"id\"/>\n    </map>\n</mapper>\n",
    "oMapping" : "<?xml version=\"1.0\" encoding=\"UTF-8\" standalone=\"yes\"?>\n<mapper xmlns=\"http://www.kony.com/ns/mapper\">\n    <map inputpath=\"response_in\" outputpath=\"response_out\">\n        <map inputpath=\"devices\" outputpath=\"Devices\">\n            <set-param inputpath=\"deviceId\" outputpath=\"deviceId\"/>\n            <set-param inputpath=\"friendlyName\" outputpath=\"friendlyName\"/>\n            <set-param inputpath=\"type\" outputpath=\"type\"/>\n            <set-param inputpath=\"status\" outputpath=\"status\"/>\n            <set-param inputpath=\"active\" outputpath=\"active\"/>\n            <set-param inputpath=\"owner\" outputpath=\"owner\"/>\n            <set-param inputpath=\"../id\" outputpath=\"userId\"/>\n        </map>\n    </map>\n</mapper>\n",
    "iVisualMappingData" : "{\"nodeDataArray\":[{\"isGroup\":true,\"key\":\"request_in\",\"text\":\"Devices\",\"xy\":\"182 102\"},{\"isGroup\":true,\"key\":\"request_out\",\"text\":\"SearchPushDevicesOrch (1.0).getDevices\",\"xy\":\"969 107\"},{\"key\":\"block:kony.util:constant:1\",\"name\":\"kony.basic:constant\",\"text\":\"Constant\",\"category\":\"functionTemplateConstant\",\"outPortId\":\"externalId eq \",\"outPortText\":\"value\",\"loc\":\"451 134\",\"visible\":true},{\"key\":\"block:kony.string:concat:1\",\"name\":\"kony.string:stringConcatenate\",\"text\":\"String Concatenate\",\"category\":\"functionTemplateNTo1\",\"outPortId\":\"result1\",\"outPortText\":\"result\",\"valueArray\":[{\"inPortId\":\"input1\",\"inPortText\":\"value\",\"__gohashid\":4934},{\"inPortId\":\"input2\",\"inPortText\":\"value\",\"__gohashid\":5034}],\"loc\":\"610 125\",\"visible\":true}],\"linkDataArray\":[{\"category\":\"Mapping\",\"visible\":true,\"from\":\"block:kony.util:constant:1\",\"to\":\"block:kony.string:concat:1\",\"fromPort\":\"externalId eq \",\"toPort\":\"input1\"},{\"category\":\"Mapping\",\"visible\":true,\"from\":\"source:Devices:username:\",\"to\":\"block:kony.string:concat:1\",\"fromPort\":\"source:Devices:username:\",\"toPort\":\"input2\"},{\"category\":\"Mapping\",\"visible\":true,\"from\":\"block:kony.string:concat:1\",\"to\":\"target:filter:\",\"fromPort\":\"result1\",\"toPort\":\"target:filter:\"},{\"category\":\"Mapping\",\"visible\":true,\"from\":\"source:Devices:userId:\",\"to\":\"target:id:\",\"fromPort\":\"source:Devices:userId:\",\"toPort\":\"target:id:\"}],\"blockCount\":{\"variableCount\":1,\"constant\":1,\"stringConcatenate\":1},\"variableMap\":{\"result1\":true},\"xmlMappingOverride\":false}",
    "oVisualMappingData" : "{\"nodeDataArray\":[{\"isGroup\":true,\"key\":\"response_out\",\"text\":\"Devices\",\"xy\":\"770 100\"},{\"isGroup\":true,\"key\":\"response_in\",\"text\":\"SearchPushDevicesOrch (1.0).getDevices\",\"xy\":\"187 102\"}],\"linkDataArray\":[{\"category\":\"Mapping\",\"from\":\"source:devices:deviceId:\",\"to\":\"target:Devices:deviceId:\",\"fromPort\":\"source:devices:deviceId:\",\"toPort\":\"target:Devices:deviceId:\",\"visible\":true,\"common\":true},{\"category\":\"Mapping\",\"from\":\"source:devices:friendlyName:\",\"to\":\"target:Devices:friendlyName:\",\"fromPort\":\"source:devices:friendlyName:\",\"toPort\":\"target:Devices:friendlyName:\",\"visible\":true,\"common\":true},{\"category\":\"Mapping\",\"from\":\"source:devices:type:\",\"to\":\"target:Devices:type:\",\"fromPort\":\"source:devices:type:\",\"toPort\":\"target:Devices:type:\",\"visible\":true,\"common\":true},{\"category\":\"Mapping\",\"from\":\"source:devices:status:\",\"to\":\"target:Devices:status:\",\"fromPort\":\"source:devices:status:\",\"toPort\":\"target:Devices:status:\",\"visible\":true,\"common\":true},{\"category\":\"Mapping\",\"from\":\"source:devices:active:\",\"to\":\"target:Devices:active:\",\"fromPort\":\"source:devices:active:\",\"toPort\":\"target:Devices:active:\",\"visible\":true,\"common\":true},{\"category\":\"Mapping\",\"from\":\"source:devices:owner:\",\"to\":\"target:Devices:owner:\",\"fromPort\":\"source:devices:owner:\",\"toPort\":\"target:Devices:owner:\",\"visible\":true,\"common\":true},{\"category\":\"Mapping\",\"visible\":true,\"from\":\"source:id:\",\"to\":\"target:Devices:userId:\",\"fromPort\":\"source:id:\",\"toPort\":\"target:Devices:userId:\"}],\"blockCount\":{\"variableCount\":0},\"variableMap\":{},\"xmlMappingOverride\":false}",
    "applyCommonMapping" : false,
    "applyRequestCommonMapping" : false,
    "applyResponseCommonMapping" : false,
    "backendMeta" : {
      "serviceName" : "SearchPushDevicesOrch",
      "serviceVersion" : "1.0",
      "operationName" : "getDevices"
    },
    "relationshipHierarchyMapping" : {
      "children" : [ ],
      "name" : "Devices",
      "actions" : { },
      "selected" : true
    },
    "requestXmlMappingOverride" : false,
    "responseXmlMappingOverride" : false,
    "mapperData" : [ {
      "name" : "base mapper1",
      "order" : 1,
      "iMapping" : "<?xml version=\"1.0\" encoding=\"UTF-8\" standalone=\"yes\"?>\n<mapper xmlns=\"http://www.kony.com/ns/mapper\">\n    <map inputpath=\"request_in\" outputpath=\"request_out\">\n        <exec-function name=\"kony.string:concat\" output=\"$vars\" outputpath=\"result1\">\n            <set-arg name=\"input1\" input=\"externalId eq \"/>\n            <set-arg inputpath=\"username\"/>\n        </exec-function>\n        <set-param inputpath=\"$vars/result1\" outputpath=\"filter\"/>\n        <set-param inputpath=\"userId\" outputpath=\"id\"/>\n    </map>\n</mapper>\n",
      "oMapping" : "<?xml version=\"1.0\" encoding=\"UTF-8\" standalone=\"yes\"?>\n<mapper xmlns=\"http://www.kony.com/ns/mapper\">\n    <map inputpath=\"response_in\" outputpath=\"response_out\">\n        <map inputpath=\"devices\" outputpath=\"Devices\">\n            <set-param inputpath=\"deviceId\" outputpath=\"deviceId\"/>\n            <set-param inputpath=\"friendlyName\" outputpath=\"friendlyName\"/>\n            <set-param inputpath=\"type\" outputpath=\"type\"/>\n            <set-param inputpath=\"status\" outputpath=\"status\"/>\n            <set-param inputpath=\"active\" outputpath=\"active\"/>\n            <set-param inputpath=\"owner\" outputpath=\"owner\"/>\n            <set-param inputpath=\"../id\" outputpath=\"userId\"/>\n        </map>\n    </map>\n</mapper>\n",
      "iVisualMappingData" : "{\"nodeDataArray\":[{\"isGroup\":true,\"key\":\"request_in\",\"text\":\"Devices\",\"xy\":\"182 102\"},{\"isGroup\":true,\"key\":\"request_out\",\"text\":\"SearchPushDevicesOrch (1.0).getDevices\",\"xy\":\"969 107\"},{\"key\":\"block:kony.util:constant:1\",\"name\":\"kony.basic:constant\",\"text\":\"Constant\",\"category\":\"functionTemplateConstant\",\"outPortId\":\"externalId eq \",\"outPortText\":\"value\",\"loc\":\"451 134\",\"visible\":true},{\"key\":\"block:kony.string:concat:1\",\"name\":\"kony.string:stringConcatenate\",\"text\":\"String Concatenate\",\"category\":\"functionTemplateNTo1\",\"outPortId\":\"result1\",\"outPortText\":\"result\",\"valueArray\":[{\"inPortId\":\"input1\",\"inPortText\":\"value\",\"__gohashid\":4934},{\"inPortId\":\"input2\",\"inPortText\":\"value\",\"__gohashid\":5034}],\"loc\":\"610 125\",\"visible\":true}],\"linkDataArray\":[{\"category\":\"Mapping\",\"visible\":true,\"from\":\"block:kony.util:constant:1\",\"to\":\"block:kony.string:concat:1\",\"fromPort\":\"externalId eq \",\"toPort\":\"input1\"},{\"category\":\"Mapping\",\"visible\":true,\"from\":\"source:Devices:username:\",\"to\":\"block:kony.string:concat:1\",\"fromPort\":\"source:Devices:username:\",\"toPort\":\"input2\"},{\"category\":\"Mapping\",\"visible\":true,\"from\":\"block:kony.string:concat:1\",\"to\":\"target:filter:\",\"fromPort\":\"result1\",\"toPort\":\"target:filter:\"},{\"category\":\"Mapping\",\"visible\":true,\"from\":\"source:Devices:userId:\",\"to\":\"target:id:\",\"fromPort\":\"source:Devices:userId:\",\"toPort\":\"target:id:\"}],\"blockCount\":{\"variableCount\":1,\"constant\":1,\"stringConcatenate\":1},\"variableMap\":{\"result1\":true},\"xmlMappingOverride\":false}",
      "oVisualMappingData" : "{\"nodeDataArray\":[{\"isGroup\":true,\"key\":\"response_out\",\"text\":\"Devices\",\"xy\":\"770 100\"},{\"isGroup\":true,\"key\":\"response_in\",\"text\":\"SearchPushDevicesOrch (1.0).getDevices\",\"xy\":\"187 102\"}],\"linkDataArray\":[{\"category\":\"Mapping\",\"from\":\"source:devices:deviceId:\",\"to\":\"target:Devices:deviceId:\",\"fromPort\":\"source:devices:deviceId:\",\"toPort\":\"target:Devices:deviceId:\",\"visible\":true,\"common\":true},{\"category\":\"Mapping\",\"from\":\"source:devices:friendlyName:\",\"to\":\"target:Devices:friendlyName:\",\"fromPort\":\"source:devices:friendlyName:\",\"toPort\":\"target:Devices:friendlyName:\",\"visible\":true,\"common\":true},{\"category\":\"Mapping\",\"from\":\"source:devices:type:\",\"to\":\"target:Devices:type:\",\"fromPort\":\"source:devices:type:\",\"toPort\":\"target:Devices:type:\",\"visible\":true,\"common\":true},{\"category\":\"Mapping\",\"from\":\"source:devices:status:\",\"to\":\"target:Devices:status:\",\"fromPort\":\"source:devices:status:\",\"toPort\":\"target:Devices:status:\",\"visible\":true,\"common\":true},{\"category\":\"Mapping\",\"from\":\"source:devices:active:\",\"to\":\"target:Devices:active:\",\"fromPort\":\"source:devices:active:\",\"toPort\":\"target:Devices:active:\",\"visible\":true,\"common\":true},{\"category\":\"Mapping\",\"from\":\"source:devices:owner:\",\"to\":\"target:Devices:owner:\",\"fromPort\":\"source:devices:owner:\",\"toPort\":\"target:Devices:owner:\",\"visible\":true,\"common\":true},{\"category\":\"Mapping\",\"visible\":true,\"from\":\"source:id:\",\"to\":\"target:Devices:userId:\",\"fromPort\":\"source:id:\",\"toPort\":\"target:Devices:userId:\"}],\"blockCount\":{\"variableCount\":0},\"variableMap\":{},\"xmlMappingOverride\":false}",
      "requestXmlMappingOverride" : false,
      "responseXmlMappingOverride" : false,
      "disabled" : false,
      "applyCommonMapping" : false,
      "applyRequestCommonMapping" : false,
      "applyResponseCommonMapping" : false
    } ]
  }
}