{
  "operationConfig" : {
    "name" : "registerCredential8408",
    "type" : "MappedToBackend",
    "cachable" : false,
    "smsEnabled" : false,
    "security" : "authorized_app_user",
    "responseEncoding" : "UTF-8",
    "httpMethod" : "GET",
    "decodeResponseBody" : false,
    "iMapping" : "<?xml version=\"1.0\" encoding=\"UTF-8\" standalone=\"yes\"?><mapper xmlns=\"http://www.kony.com/ns/mapper\">  <map inputpath=\"request_in\" outputpath=\"request_out\">    <set-param inputpath=\"attestationObject\" outputpath=\"attestationObject\"/>    <set-param inputpath=\"clientDataJSON\" outputpath=\"clientDataJSON\"/>    <set-param inputpath=\"correlationId\" outputpath=\"correlationId\"/>    <set-param inputpath=\"csrf\" outputpath=\"csrf\"/>    <set-param inputpath=\"id\" outputpath=\"id\"/>    <set-param inputpath=\"rawId\" outputpath=\"rawId\"/>    <set-param inputpath=\"request_uri\" outputpath=\"request_uri\"/>    <set-param inputpath=\"username\" outputpath=\"username\"/>  </map></mapper>",
    "oMapping" : "<?xml version=\"1.0\" encoding=\"UTF-8\" standalone=\"yes\"?>\n<mapper xmlns=\"http://www.kony.com/ns/mapper\">\n    <map inputpath=\"response_in\" outputpath=\"response_out\">\n        <map inputpath=\"\" outputpath=\"\"/>\n    </map>\n</mapper>\n",
    "iVisualMappingData" : "{\"nodeDataArray\":[{\"isGroup\":true,\"key\":\"request_in\",\"text\":\"FIDORegistration\",\"xy\":\"150 100\"},{\"isGroup\":true,\"key\":\"request_out\",\"text\":\"FIDO (1.0).registerCredential\",\"xy\":\"770 100\"}],\"linkDataArray\":[{\"category\":\"Mapping\",\"from\":\"source:FIDORegistration:request_uri:\",\"to\":\"target:request_uri:\",\"fromPort\":\"source:FIDORegistration:request_uri:\",\"toPort\":\"target:request_uri:\",\"visible\":true,\"common\":true},{\"category\":\"Mapping\",\"from\":\"source:FIDORegistration:username:\",\"to\":\"target:username:\",\"fromPort\":\"source:FIDORegistration:username:\",\"toPort\":\"target:username:\",\"visible\":true,\"common\":true},{\"category\":\"Mapping\",\"visible\":true,\"from\":\"source:FIDORegistration:id:\",\"to\":\"target:id:\",\"fromPort\":\"source:FIDORegistration:id:\",\"toPort\":\"target:id:\"},{\"category\":\"Mapping\",\"visible\":true,\"from\":\"source:FIDORegistration:rawId:\",\"to\":\"target:rawId:\",\"fromPort\":\"source:FIDORegistration:rawId:\",\"toPort\":\"target:rawId:\"},{\"category\":\"Mapping\",\"visible\":true,\"from\":\"source:FIDORegistration:clientDataJSON:\",\"to\":\"target:clientDataJSON:\",\"fromPort\":\"source:FIDORegistration:clientDataJSON:\",\"toPort\":\"target:clientDataJSON:\"},{\"category\":\"Mapping\",\"visible\":true,\"from\":\"source:FIDORegistration:csrf:\",\"to\":\"target:csrf:\",\"fromPort\":\"source:FIDORegistration:csrf:\",\"toPort\":\"target:csrf:\"},{\"category\":\"Mapping\",\"visible\":true,\"from\":\"source:FIDORegistration:attestationObject:\",\"to\":\"target:attestationObject:\",\"fromPort\":\"source:FIDORegistration:attestationObject:\",\"toPort\":\"target:attestationObject:\"},{\"from\":\"source\",\"to\":\"source:FIDORegistration\",\"fromPort\":\"source\",\"toPort\":\"source:FIDORegistration\",\"visible\":true,\"common\":false},{\"from\":\"source:FIDORegistration\",\"to\":\"source:FIDORegistration:t_p_fields\",\"fromPort\":\"source:FIDORegistration\",\"toPort\":\"source:FIDORegistration:t_p_fields\",\"visible\":true,\"common\":false},{\"from\":\"source:FIDORegistration:t_p_fields\",\"to\":\"source:FIDORegistration:client_id:\",\"fromPort\":\"source:FIDORegistration:t_p_fields\",\"toPort\":\"source:FIDORegistration:client_id:\",\"visible\":true,\"common\":false},{\"from\":\"source:FIDORegistration:t_p_fields\",\"to\":\"source:FIDORegistration:error:\",\"fromPort\":\"source:FIDORegistration:t_p_fields\",\"toPort\":\"source:FIDORegistration:error:\",\"visible\":true,\"common\":false},{\"from\":\"source:FIDORegistration:t_p_fields\",\"to\":\"source:FIDORegistration:error_description:\",\"fromPort\":\"source:FIDORegistration:t_p_fields\",\"toPort\":\"source:FIDORegistration:error_description:\",\"visible\":true,\"common\":false},{\"from\":\"source:FIDORegistration:t_p_fields\",\"to\":\"source:FIDORegistration:expires_in:\",\"fromPort\":\"source:FIDORegistration:t_p_fields\",\"toPort\":\"source:FIDORegistration:expires_in:\",\"visible\":true,\"common\":false},{\"from\":\"source:FIDORegistration:t_p_fields\",\"to\":\"source:FIDORegistration:redirect_uri:\",\"fromPort\":\"source:FIDORegistration:t_p_fields\",\"toPort\":\"source:FIDORegistration:redirect_uri:\",\"visible\":true,\"common\":false},{\"from\":\"source:FIDORegistration:t_p_fields\",\"to\":\"source:FIDORegistration:request_uri:\",\"fromPort\":\"source:FIDORegistration:t_p_fields\",\"toPort\":\"source:FIDORegistration:request_uri:\",\"visible\":true,\"common\":false},{\"from\":\"source:FIDORegistration:t_p_fields\",\"to\":\"source:FIDORegistration:response_type:\",\"fromPort\":\"source:FIDORegistration:t_p_fields\",\"toPort\":\"source:FIDORegistration:response_type:\",\"visible\":true,\"common\":false},{\"from\":\"source:FIDORegistration:t_p_fields\",\"to\":\"source:FIDORegistration:scope:\",\"fromPort\":\"source:FIDORegistration:t_p_fields\",\"toPort\":\"source:FIDORegistration:scope:\",\"visible\":true,\"common\":false},{\"from\":\"source:FIDORegistration:t_p_fields\",\"to\":\"source:FIDORegistration:username:\",\"fromPort\":\"source:FIDORegistration:t_p_fields\",\"toPort\":\"source:FIDORegistration:username:\",\"visible\":true,\"common\":false},{\"from\":\"source:FIDORegistration:t_p_fields\",\"to\":\"source:FIDORegistration:id:\",\"fromPort\":\"source:FIDORegistration:t_p_fields\",\"toPort\":\"source:FIDORegistration:id:\",\"visible\":true,\"common\":false},{\"from\":\"source:FIDORegistration:t_p_fields\",\"to\":\"source:FIDORegistration:rawId:\",\"fromPort\":\"source:FIDORegistration:t_p_fields\",\"toPort\":\"source:FIDORegistration:rawId:\",\"visible\":true,\"common\":false},{\"from\":\"source:FIDORegistration:t_p_fields\",\"to\":\"source:FIDORegistration:clientDataJSON:\",\"fromPort\":\"source:FIDORegistration:t_p_fields\",\"toPort\":\"source:FIDORegistration:clientDataJSON:\",\"visible\":true,\"common\":false},{\"from\":\"source:FIDORegistration:t_p_fields\",\"to\":\"source:FIDORegistration:attestationObject:\",\"fromPort\":\"source:FIDORegistration:t_p_fields\",\"toPort\":\"source:FIDORegistration:attestationObject:\",\"visible\":true,\"common\":false},{\"from\":\"source:FIDORegistration:t_p_fields\",\"to\":\"source:FIDORegistration:csrf:\",\"fromPort\":\"source:FIDORegistration:t_p_fields\",\"toPort\":\"source:FIDORegistration:csrf:\",\"visible\":true,\"common\":false},{\"from\":\"source:FIDORegistration:t_p_fields\",\"to\":\"source:FIDORegistration:correlationId:\",\"fromPort\":\"source:FIDORegistration:t_p_fields\",\"toPort\":\"source:FIDORegistration:correlationId:\",\"visible\":true,\"common\":false},{\"from\":\"target\",\"to\":\"target:t_p_parameters\",\"fromPort\":\"target\",\"toPort\":\"target:t_p_parameters\",\"visible\":true,\"common\":false},{\"from\":\"target:t_p_parameters\",\"to\":\"target:attestationObject:\",\"fromPort\":\"target:t_p_parameters\",\"toPort\":\"target:attestationObject:\",\"visible\":true,\"common\":false},{\"from\":\"target:t_p_parameters\",\"to\":\"target:clientDataJSON:\",\"fromPort\":\"target:t_p_parameters\",\"toPort\":\"target:clientDataJSON:\",\"visible\":true,\"common\":false},{\"from\":\"target:t_p_parameters\",\"to\":\"target:correlationId:\",\"fromPort\":\"target:t_p_parameters\",\"toPort\":\"target:correlationId:\",\"visible\":true,\"common\":false},{\"from\":\"target:t_p_parameters\",\"to\":\"target:csrf:\",\"fromPort\":\"target:t_p_parameters\",\"toPort\":\"target:csrf:\",\"visible\":true,\"common\":false},{\"from\":\"target:t_p_parameters\",\"to\":\"target:id:\",\"fromPort\":\"target:t_p_parameters\",\"toPort\":\"target:id:\",\"visible\":true,\"common\":false},{\"from\":\"target:t_p_parameters\",\"to\":\"target:rawId:\",\"fromPort\":\"target:t_p_parameters\",\"toPort\":\"target:rawId:\",\"visible\":true,\"common\":false},{\"from\":\"target:t_p_parameters\",\"to\":\"target:request_uri:\",\"fromPort\":\"target:t_p_parameters\",\"toPort\":\"target:request_uri:\",\"visible\":true,\"common\":false},{\"from\":\"target:t_p_parameters\",\"to\":\"target:username:\",\"fromPort\":\"target:t_p_parameters\",\"toPort\":\"target:username:\",\"visible\":true,\"common\":false},{\"category\":\"Mapping\",\"visible\":true,\"from\":\"source:FIDORegistration:correlationId:\",\"to\":\"target:correlationId:\",\"fromPort\":\"source:FIDORegistration:correlationId:\",\"toPort\":\"target:correlationId:\"}],\"blockCount\":{\"variableCount\":0},\"variableMap\":{},\"xmlMappingOverride\":false}",
    "oVisualMappingData" : "{\"nodeDataArray\":[{\"isGroup\":true,\"key\":\"response_out\",\"text\":\"FIDORegistration\",\"xy\":\"770 100\"},{\"isGroup\":true,\"key\":\"response_in\",\"text\":\"FIDO (1.0).registerCredential\",\"xy\":\"150 100\"}],\"linkDataArray\":[]}",
    "applyCommonMapping" : false,
    "applyRequestCommonMapping" : false,
    "applyResponseCommonMapping" : true,
    "backendMeta" : {
      "serviceName" : "FIDO",
      "serviceVersion" : "1.0",
      "operationName" : "registerCredential"
    },
    "relationshipHierarchyMapping" : {
      "name" : "FIDORegistration",
      "children" : [ ],
      "actions" : { },
      "selected" : true
    },
    "requestXmlMappingOverride" : false,
    "responseXmlMappingOverride" : false,
    "mapperData" : [ {
      "name" : "base mapper1",
      "order" : 1,
      "iMapping" : "<?xml version=\"1.0\" encoding=\"UTF-8\" standalone=\"yes\"?><mapper xmlns=\"http://www.kony.com/ns/mapper\">  <map inputpath=\"request_in\" outputpath=\"request_out\">    <set-param inputpath=\"attestationObject\" outputpath=\"attestationObject\"/>    <set-param inputpath=\"clientDataJSON\" outputpath=\"clientDataJSON\"/>    <set-param inputpath=\"correlationId\" outputpath=\"correlationId\"/>    <set-param inputpath=\"csrf\" outputpath=\"csrf\"/>    <set-param inputpath=\"id\" outputpath=\"id\"/>    <set-param inputpath=\"rawId\" outputpath=\"rawId\"/>    <set-param inputpath=\"request_uri\" outputpath=\"request_uri\"/>    <set-param inputpath=\"username\" outputpath=\"username\"/>  </map></mapper>",
      "oMapping" : "<?xml version=\"1.0\" encoding=\"UTF-8\" standalone=\"yes\"?>\n<mapper xmlns=\"http://www.kony.com/ns/mapper\">\n    <map inputpath=\"response_in\" outputpath=\"response_out\">\n        <map inputpath=\"\" outputpath=\"\"/>\n    </map>\n</mapper>\n",
      "iVisualMappingData" : "{\"nodeDataArray\":[{\"isGroup\":true,\"key\":\"request_in\",\"text\":\"FIDORegistration\",\"xy\":\"150 100\"},{\"isGroup\":true,\"key\":\"request_out\",\"text\":\"FIDO (1.0).registerCredential\",\"xy\":\"770 100\"}],\"linkDataArray\":[{\"category\":\"Mapping\",\"from\":\"source:FIDORegistration:request_uri:\",\"to\":\"target:request_uri:\",\"fromPort\":\"source:FIDORegistration:request_uri:\",\"toPort\":\"target:request_uri:\",\"visible\":true,\"common\":true},{\"category\":\"Mapping\",\"from\":\"source:FIDORegistration:username:\",\"to\":\"target:username:\",\"fromPort\":\"source:FIDORegistration:username:\",\"toPort\":\"target:username:\",\"visible\":true,\"common\":true},{\"category\":\"Mapping\",\"visible\":true,\"from\":\"source:FIDORegistration:id:\",\"to\":\"target:id:\",\"fromPort\":\"source:FIDORegistration:id:\",\"toPort\":\"target:id:\"},{\"category\":\"Mapping\",\"visible\":true,\"from\":\"source:FIDORegistration:rawId:\",\"to\":\"target:rawId:\",\"fromPort\":\"source:FIDORegistration:rawId:\",\"toPort\":\"target:rawId:\"},{\"category\":\"Mapping\",\"visible\":true,\"from\":\"source:FIDORegistration:clientDataJSON:\",\"to\":\"target:clientDataJSON:\",\"fromPort\":\"source:FIDORegistration:clientDataJSON:\",\"toPort\":\"target:clientDataJSON:\"},{\"category\":\"Mapping\",\"visible\":true,\"from\":\"source:FIDORegistration:csrf:\",\"to\":\"target:csrf:\",\"fromPort\":\"source:FIDORegistration:csrf:\",\"toPort\":\"target:csrf:\"},{\"category\":\"Mapping\",\"visible\":true,\"from\":\"source:FIDORegistration:attestationObject:\",\"to\":\"target:attestationObject:\",\"fromPort\":\"source:FIDORegistration:attestationObject:\",\"toPort\":\"target:attestationObject:\"},{\"from\":\"source\",\"to\":\"source:FIDORegistration\",\"fromPort\":\"source\",\"toPort\":\"source:FIDORegistration\",\"visible\":true,\"common\":false},{\"from\":\"source:FIDORegistration\",\"to\":\"source:FIDORegistration:t_p_fields\",\"fromPort\":\"source:FIDORegistration\",\"toPort\":\"source:FIDORegistration:t_p_fields\",\"visible\":true,\"common\":false},{\"from\":\"source:FIDORegistration:t_p_fields\",\"to\":\"source:FIDORegistration:client_id:\",\"fromPort\":\"source:FIDORegistration:t_p_fields\",\"toPort\":\"source:FIDORegistration:client_id:\",\"visible\":true,\"common\":false},{\"from\":\"source:FIDORegistration:t_p_fields\",\"to\":\"source:FIDORegistration:error:\",\"fromPort\":\"source:FIDORegistration:t_p_fields\",\"toPort\":\"source:FIDORegistration:error:\",\"visible\":true,\"common\":false},{\"from\":\"source:FIDORegistration:t_p_fields\",\"to\":\"source:FIDORegistration:error_description:\",\"fromPort\":\"source:FIDORegistration:t_p_fields\",\"toPort\":\"source:FIDORegistration:error_description:\",\"visible\":true,\"common\":false},{\"from\":\"source:FIDORegistration:t_p_fields\",\"to\":\"source:FIDORegistration:expires_in:\",\"fromPort\":\"source:FIDORegistration:t_p_fields\",\"toPort\":\"source:FIDORegistration:expires_in:\",\"visible\":true,\"common\":false},{\"from\":\"source:FIDORegistration:t_p_fields\",\"to\":\"source:FIDORegistration:redirect_uri:\",\"fromPort\":\"source:FIDORegistration:t_p_fields\",\"toPort\":\"source:FIDORegistration:redirect_uri:\",\"visible\":true,\"common\":false},{\"from\":\"source:FIDORegistration:t_p_fields\",\"to\":\"source:FIDORegistration:request_uri:\",\"fromPort\":\"source:FIDORegistration:t_p_fields\",\"toPort\":\"source:FIDORegistration:request_uri:\",\"visible\":true,\"common\":false},{\"from\":\"source:FIDORegistration:t_p_fields\",\"to\":\"source:FIDORegistration:response_type:\",\"fromPort\":\"source:FIDORegistration:t_p_fields\",\"toPort\":\"source:FIDORegistration:response_type:\",\"visible\":true,\"common\":false},{\"from\":\"source:FIDORegistration:t_p_fields\",\"to\":\"source:FIDORegistration:scope:\",\"fromPort\":\"source:FIDORegistration:t_p_fields\",\"toPort\":\"source:FIDORegistration:scope:\",\"visible\":true,\"common\":false},{\"from\":\"source:FIDORegistration:t_p_fields\",\"to\":\"source:FIDORegistration:username:\",\"fromPort\":\"source:FIDORegistration:t_p_fields\",\"toPort\":\"source:FIDORegistration:username:\",\"visible\":true,\"common\":false},{\"from\":\"source:FIDORegistration:t_p_fields\",\"to\":\"source:FIDORegistration:id:\",\"fromPort\":\"source:FIDORegistration:t_p_fields\",\"toPort\":\"source:FIDORegistration:id:\",\"visible\":true,\"common\":false},{\"from\":\"source:FIDORegistration:t_p_fields\",\"to\":\"source:FIDORegistration:rawId:\",\"fromPort\":\"source:FIDORegistration:t_p_fields\",\"toPort\":\"source:FIDORegistration:rawId:\",\"visible\":true,\"common\":false},{\"from\":\"source:FIDORegistration:t_p_fields\",\"to\":\"source:FIDORegistration:clientDataJSON:\",\"fromPort\":\"source:FIDORegistration:t_p_fields\",\"toPort\":\"source:FIDORegistration:clientDataJSON:\",\"visible\":true,\"common\":false},{\"from\":\"source:FIDORegistration:t_p_fields\",\"to\":\"source:FIDORegistration:attestationObject:\",\"fromPort\":\"source:FIDORegistration:t_p_fields\",\"toPort\":\"source:FIDORegistration:attestationObject:\",\"visible\":true,\"common\":false},{\"from\":\"source:FIDORegistration:t_p_fields\",\"to\":\"source:FIDORegistration:csrf:\",\"fromPort\":\"source:FIDORegistration:t_p_fields\",\"toPort\":\"source:FIDORegistration:csrf:\",\"visible\":true,\"common\":false},{\"from\":\"source:FIDORegistration:t_p_fields\",\"to\":\"source:FIDORegistration:correlationId:\",\"fromPort\":\"source:FIDORegistration:t_p_fields\",\"toPort\":\"source:FIDORegistration:correlationId:\",\"visible\":true,\"common\":false},{\"from\":\"target\",\"to\":\"target:t_p_parameters\",\"fromPort\":\"target\",\"toPort\":\"target:t_p_parameters\",\"visible\":true,\"common\":false},{\"from\":\"target:t_p_parameters\",\"to\":\"target:attestationObject:\",\"fromPort\":\"target:t_p_parameters\",\"toPort\":\"target:attestationObject:\",\"visible\":true,\"common\":false},{\"from\":\"target:t_p_parameters\",\"to\":\"target:clientDataJSON:\",\"fromPort\":\"target:t_p_parameters\",\"toPort\":\"target:clientDataJSON:\",\"visible\":true,\"common\":false},{\"from\":\"target:t_p_parameters\",\"to\":\"target:correlationId:\",\"fromPort\":\"target:t_p_parameters\",\"toPort\":\"target:correlationId:\",\"visible\":true,\"common\":false},{\"from\":\"target:t_p_parameters\",\"to\":\"target:csrf:\",\"fromPort\":\"target:t_p_parameters\",\"toPort\":\"target:csrf:\",\"visible\":true,\"common\":false},{\"from\":\"target:t_p_parameters\",\"to\":\"target:id:\",\"fromPort\":\"target:t_p_parameters\",\"toPort\":\"target:id:\",\"visible\":true,\"common\":false},{\"from\":\"target:t_p_parameters\",\"to\":\"target:rawId:\",\"fromPort\":\"target:t_p_parameters\",\"toPort\":\"target:rawId:\",\"visible\":true,\"common\":false},{\"from\":\"target:t_p_parameters\",\"to\":\"target:request_uri:\",\"fromPort\":\"target:t_p_parameters\",\"toPort\":\"target:request_uri:\",\"visible\":true,\"common\":false},{\"from\":\"target:t_p_parameters\",\"to\":\"target:username:\",\"fromPort\":\"target:t_p_parameters\",\"toPort\":\"target:username:\",\"visible\":true,\"common\":false},{\"category\":\"Mapping\",\"visible\":true,\"from\":\"source:FIDORegistration:correlationId:\",\"to\":\"target:correlationId:\",\"fromPort\":\"source:FIDORegistration:correlationId:\",\"toPort\":\"target:correlationId:\"}],\"blockCount\":{\"variableCount\":0},\"variableMap\":{},\"xmlMappingOverride\":false}",
      "oVisualMappingData" : "{\"nodeDataArray\":[{\"isGroup\":true,\"key\":\"response_out\",\"text\":\"FIDORegistration\",\"xy\":\"770 100\"},{\"isGroup\":true,\"key\":\"response_in\",\"text\":\"FIDO (1.0).registerCredential\",\"xy\":\"150 100\"}],\"linkDataArray\":[]}",
      "requestXmlMappingOverride" : false,
      "responseXmlMappingOverride" : false,
      "disabled" : false,
      "applyCommonMapping" : false,
      "applyRequestCommonMapping" : false,
      "applyResponseCommonMapping" : true
    } ]
  },
  "enableFrontendUrl" : false,
  "customVerb" : false
}