{
  "operationConfig" : {
    "name" : "getServiceURLAndDomain9571",
    "type" : "MappedToBackend",
    "cachable" : false,
    "smsEnabled" : false,
    "security" : "authorized_app",
    "responseEncoding" : "UTF-8",
    "httpMethod" : "GET",
    "decodeResponseBody" : false,
    "iMapping" : "<?xml version=\"1.0\" encoding=\"UTF-8\" standalone=\"yes\"?>\n<mapper xmlns=\"http://www.kony.com/ns/mapper\">\n    <map inputpath=\"request_in\" outputpath=\"request_out\"/>\n</mapper>\n",
    "oMapping" : "<?xml version=\"1.0\" encoding=\"UTF-8\" standalone=\"yes\"?>\n<mapper xmlns=\"http://www.kony.com/ns/mapper\">\n    <map inputpath=\"response_in\" outputpath=\"response_out\">\n        <map inputpath=\"\" outputpath=\"GetHostAndTenant\">\n            <set-param inputpath=\"success\" outputpath=\"success\"/>\n            <set-param inputpath=\"host\" outputpath=\"host\"/>\n            <set-param inputpath=\"tenant\" outputpath=\"tenant\"/>\n            <set-param inputpath=\"errMsg\" outputpath=\"errorMessage\"/>\n        </map>\n    </map>\n</mapper>\n",
    "iVisualMappingData" : "{\"nodeDataArray\":[{\"isGroup\":true,\"key\":\"request_in\",\"text\":\"GetHostAndTenant\",\"xy\":\"150 100\"},{\"isGroup\":true,\"key\":\"request_out\",\"text\":\"GetHostAndTenant (1.0).getServiceURLAndDomain\",\"xy\":\"770 100\"}],\"linkDataArray\":[]}",
    "oVisualMappingData" : "{\"nodeDataArray\":[{\"isGroup\":true,\"key\":\"response_out\",\"text\":\"GetHostAndTenant\",\"xy\":\"770 100\"},{\"isGroup\":true,\"key\":\"response_in\",\"text\":\"GetHostAndTenant (1.0).getServiceURLAndDomain\",\"xy\":\"150 100\"}],\"linkDataArray\":[{\"category\":\"Mapping\",\"from\":\"source:success:\",\"to\":\"target:GetHostAndTenant:success:\",\"fromPort\":\"source:success:\",\"toPort\":\"target:GetHostAndTenant:success:\",\"visible\":true,\"common\":true},{\"category\":\"Mapping\",\"from\":\"source:host:\",\"to\":\"target:GetHostAndTenant:host:\",\"fromPort\":\"source:host:\",\"toPort\":\"target:GetHostAndTenant:host:\",\"visible\":true,\"common\":true},{\"category\":\"Mapping\",\"from\":\"source:tenant:\",\"to\":\"target:GetHostAndTenant:tenant:\",\"fromPort\":\"source:tenant:\",\"toPort\":\"target:GetHostAndTenant:tenant:\",\"visible\":true,\"common\":true},{\"category\":\"Mapping\",\"visible\":true,\"from\":\"source:errMsg:\",\"to\":\"target:GetHostAndTenant:errorMessage:\",\"fromPort\":\"source:errMsg:\",\"toPort\":\"target:GetHostAndTenant:errorMessage:\"}],\"blockCount\":{\"variableCount\":0},\"variableMap\":{},\"xmlMappingOverride\":false}",
    "applyCommonMapping" : false,
    "applyRequestCommonMapping" : true,
    "applyResponseCommonMapping" : false,
    "backendMeta" : {
      "serviceName" : "GetHostAndTenant",
      "serviceVersion" : "1.0",
      "operationName" : "getServiceURLAndDomain"
    },
    "relationshipHierarchyMapping" : {
      "name" : "GetHostAndTenant",
      "children" : [ ],
      "actions" : { },
      "selected" : true
    },
    "requestXmlMappingOverride" : false,
    "responseXmlMappingOverride" : false,
    "mapperData" : [ {
      "name" : "base mapper1",
      "order" : 1,
      "iMapping" : "<?xml version=\"1.0\" encoding=\"UTF-8\" standalone=\"yes\"?>\n<mapper xmlns=\"http://www.kony.com/ns/mapper\">\n    <map inputpath=\"request_in\" outputpath=\"request_out\"/>\n</mapper>\n",
      "oMapping" : "<?xml version=\"1.0\" encoding=\"UTF-8\" standalone=\"yes\"?>\n<mapper xmlns=\"http://www.kony.com/ns/mapper\">\n    <map inputpath=\"response_in\" outputpath=\"response_out\">\n        <map inputpath=\"\" outputpath=\"GetHostAndTenant\">\n            <set-param inputpath=\"success\" outputpath=\"success\"/>\n            <set-param inputpath=\"host\" outputpath=\"host\"/>\n            <set-param inputpath=\"tenant\" outputpath=\"tenant\"/>\n            <set-param inputpath=\"errMsg\" outputpath=\"errorMessage\"/>\n        </map>\n    </map>\n</mapper>\n",
      "iVisualMappingData" : "{\"nodeDataArray\":[{\"isGroup\":true,\"key\":\"request_in\",\"text\":\"GetHostAndTenant\",\"xy\":\"150 100\"},{\"isGroup\":true,\"key\":\"request_out\",\"text\":\"GetHostAndTenant (1.0).getServiceURLAndDomain\",\"xy\":\"770 100\"}],\"linkDataArray\":[]}",
      "oVisualMappingData" : "{\"nodeDataArray\":[{\"isGroup\":true,\"key\":\"response_out\",\"text\":\"GetHostAndTenant\",\"xy\":\"770 100\"},{\"isGroup\":true,\"key\":\"response_in\",\"text\":\"GetHostAndTenant (1.0).getServiceURLAndDomain\",\"xy\":\"150 100\"}],\"linkDataArray\":[{\"category\":\"Mapping\",\"from\":\"source:success:\",\"to\":\"target:GetHostAndTenant:success:\",\"fromPort\":\"source:success:\",\"toPort\":\"target:GetHostAndTenant:success:\",\"visible\":true,\"common\":true},{\"category\":\"Mapping\",\"from\":\"source:host:\",\"to\":\"target:GetHostAndTenant:host:\",\"fromPort\":\"source:host:\",\"toPort\":\"target:GetHostAndTenant:host:\",\"visible\":true,\"common\":true},{\"category\":\"Mapping\",\"from\":\"source:tenant:\",\"to\":\"target:GetHostAndTenant:tenant:\",\"fromPort\":\"source:tenant:\",\"toPort\":\"target:GetHostAndTenant:tenant:\",\"visible\":true,\"common\":true},{\"category\":\"Mapping\",\"visible\":true,\"from\":\"source:errMsg:\",\"to\":\"target:GetHostAndTenant:errorMessage:\",\"fromPort\":\"source:errMsg:\",\"toPort\":\"target:GetHostAndTenant:errorMessage:\"}],\"blockCount\":{\"variableCount\":0},\"variableMap\":{},\"xmlMappingOverride\":false}",
      "requestXmlMappingOverride" : false,
      "responseXmlMappingOverride" : false,
      "disabled" : false,
      "applyCommonMapping" : false,
      "applyRequestCommonMapping" : true,
      "applyResponseCommonMapping" : false
    } ]
  },
  "enableFrontendUrl" : false,
  "customVerb" : false
}