{
  "operationConfig" : {
    "name" : "getServiceURLAndDomain9571",
    "type" : "MappedToBackend",
    "cachable" : false,
    "smsEnabled" : false,
    "security" : "authorized_app",
    "responseEncoding" : "UTF-8",
    "httpMethod" : "GET",
    "decodeResponseBody" : false,
    "iMapping" : "<?xml version=\"1.0\" encoding=\"UTF-8\" standalone=\"yes\"?>\n<mapper xmlns=\"http://www.kony.com/ns/mapper\">\n    <map inputpath=\"request_in\" outputpath=\"request_out\"/>\n</mapper>\n",
    "oMapping" : "<?xml version=\"1.0\" encoding=\"UTF-8\" standalone=\"yes\"?><mapper xmlns=\"http://www.kony.com/ns/mapper\">    <map inputpath=\"response_in\" outputpath=\"response_out\">        <map inputpath=\"\" outputpath=\"GetHostAndTenant\">            <set-param inputpath=\"success\" outputpath=\"success\"/>            <set-param inputpath=\"host\" outputpath=\"host\"/>            <set-param inputpath=\"tenant\" outputpath=\"tenant\"/>            <set-param inputpath=\"errMsg\" outputpath=\"errorMessage\"/>            </map>    </map></mapper>",
    "iVisualMappingData" : "{\"nodeDataArray\":[{\"isGroup\":true,\"key\":\"request_in\",\"text\":\"GetHostAndTenant\",\"xy\":\"150 100\"},{\"isGroup\":true,\"key\":\"request_out\",\"text\":\"GetHostAndTenant (1.0).getServiceURLAndDomain\",\"xy\":\"770 100\"}],\"linkDataArray\":[]}",
    "oVisualMappingData" : "{\"nodeDataArray\":[{\"isGroup\":true,\"key\":\"response_out\",\"text\":\"GetHostAndTenant\",\"xy\":\"770 100\"},{\"isGroup\":true,\"key\":\"response_in\",\"text\":\"GetHostAndTenant (1.0).getServiceURLAndDomain\",\"xy\":\"150 100\"}],\"linkDataArray\":[{\"category\":\"Mapping\",\"from\":\"source:success:\",\"to\":\"target:GetHostAndTenant:success:\",\"fromPort\":\"source:success:\",\"toPort\":\"target:GetHostAndTenant:success:\",\"visible\":true,\"common\":true},{\"category\":\"Mapping\",\"from\":\"source:host:\",\"to\":\"target:GetHostAndTenant:host:\",\"fromPort\":\"source:host:\",\"toPort\":\"target:GetHostAndTenant:host:\",\"visible\":true,\"common\":true},{\"category\":\"Mapping\",\"from\":\"source:tenant:\",\"to\":\"target:GetHostAndTenant:tenant:\",\"fromPort\":\"source:tenant:\",\"toPort\":\"target:GetHostAndTenant:tenant:\",\"visible\":true,\"common\":true},{\"category\":\"Mapping\",\"visible\":true,\"from\":\"source:errMsg:\",\"to\":\"target:GetHostAndTenant:errorMessage:\",\"fromPort\":\"source:errMsg:\",\"toPort\":\"target:GetHostAndTenant:errorMessage:\"},{\"from\":\"target\",\"to\":\"target:GetHostAndTenant\",\"fromPort\":\"target\",\"toPort\":\"target:GetHostAndTenant\",\"visible\":true,\"common\":false},{\"from\":\"target:GetHostAndTenant\",\"to\":\"target:GetHostAndTenant:t_p_fields\",\"fromPort\":\"target:GetHostAndTenant\",\"toPort\":\"target:GetHostAndTenant:t_p_fields\",\"visible\":true,\"common\":false},{\"from\":\"target:GetHostAndTenant:t_p_fields\",\"to\":\"target:GetHostAndTenant:success:\",\"fromPort\":\"target:GetHostAndTenant:t_p_fields\",\"toPort\":\"target:GetHostAndTenant:success:\",\"visible\":true,\"common\":false},{\"from\":\"target:GetHostAndTenant:t_p_fields\",\"to\":\"target:GetHostAndTenant:host:\",\"fromPort\":\"target:GetHostAndTenant:t_p_fields\",\"toPort\":\"target:GetHostAndTenant:host:\",\"visible\":true,\"common\":false},{\"from\":\"target:GetHostAndTenant:t_p_fields\",\"to\":\"target:GetHostAndTenant:tenant:\",\"fromPort\":\"target:GetHostAndTenant:t_p_fields\",\"toPort\":\"target:GetHostAndTenant:tenant:\",\"visible\":true,\"common\":false},{\"from\":\"target:GetHostAndTenant:t_p_fields\",\"to\":\"target:GetHostAndTenant:errorMessage:\",\"fromPort\":\"target:GetHostAndTenant:t_p_fields\",\"toPort\":\"target:GetHostAndTenant:errorMessage:\",\"visible\":true,\"common\":false},{\"from\":\"source\",\"to\":\"source:t_p_parameters\",\"fromPort\":\"source\",\"toPort\":\"source:t_p_parameters\",\"visible\":true,\"common\":false},{\"from\":\"source:t_p_parameters\",\"to\":\"source:errMsg:\",\"fromPort\":\"source:t_p_parameters\",\"toPort\":\"source:errMsg:\",\"visible\":true,\"common\":false},{\"from\":\"source:t_p_parameters\",\"to\":\"source:host:\",\"fromPort\":\"source:t_p_parameters\",\"toPort\":\"source:host:\",\"visible\":true,\"common\":false},{\"from\":\"source:t_p_parameters\",\"to\":\"source:success:\",\"fromPort\":\"source:t_p_parameters\",\"toPort\":\"source:success:\",\"visible\":true,\"common\":false},{\"from\":\"source:t_p_parameters\",\"to\":\"source:tenant:\",\"fromPort\":\"source:t_p_parameters\",\"toPort\":\"source:tenant:\",\"visible\":true,\"common\":false}],\"blockCount\":{\"variableCount\":0},\"variableMap\":{},\"xmlMappingOverride\":true}",
    "applyCommonMapping" : false,
    "applyRequestCommonMapping" : true,
    "applyResponseCommonMapping" : false,
    "backendMeta" : {
      "serviceName" : "GetHostAndTenant",
      "serviceVersion" : "1.0",
      "operationName" : "getServiceURLAndDomain"
    },
    "relationshipHierarchyMapping" : {
      "name" : "GetHostAndTenant",
      "children" : [ ],
      "actions" : { },
      "selected" : true
    },
    "requestXmlMappingOverride" : false,
    "responseXmlMappingOverride" : true,
    "mapperData" : [ {
      "name" : "base mapper1",
      "order" : 1,
      "iMapping" : "<?xml version=\"1.0\" encoding=\"UTF-8\" standalone=\"yes\"?>\n<mapper xmlns=\"http://www.kony.com/ns/mapper\">\n    <map inputpath=\"request_in\" outputpath=\"request_out\"/>\n</mapper>\n",
      "oMapping" : "<?xml version=\"1.0\" encoding=\"UTF-8\" standalone=\"yes\"?><mapper xmlns=\"http://www.kony.com/ns/mapper\">    <map inputpath=\"response_in\" outputpath=\"response_out\">        <map inputpath=\"\" outputpath=\"GetHostAndTenant\">            <set-param inputpath=\"success\" outputpath=\"success\"/>            <set-param inputpath=\"host\" outputpath=\"host\"/>            <set-param inputpath=\"tenant\" outputpath=\"tenant\"/>            <set-param inputpath=\"errMsg\" outputpath=\"errorMessage\"/>            </map>    </map></mapper>",
      "iVisualMappingData" : "{\"nodeDataArray\":[{\"isGroup\":true,\"key\":\"request_in\",\"text\":\"GetHostAndTenant\",\"xy\":\"150 100\"},{\"isGroup\":true,\"key\":\"request_out\",\"text\":\"GetHostAndTenant (1.0).getServiceURLAndDomain\",\"xy\":\"770 100\"}],\"linkDataArray\":[]}",
      "oVisualMappingData" : "{\"nodeDataArray\":[{\"isGroup\":true,\"key\":\"response_out\",\"text\":\"GetHostAndTenant\",\"xy\":\"770 100\"},{\"isGroup\":true,\"key\":\"response_in\",\"text\":\"GetHostAndTenant (1.0).getServiceURLAndDomain\",\"xy\":\"150 100\"}],\"linkDataArray\":[{\"category\":\"Mapping\",\"from\":\"source:success:\",\"to\":\"target:GetHostAndTenant:success:\",\"fromPort\":\"source:success:\",\"toPort\":\"target:GetHostAndTenant:success:\",\"visible\":true,\"common\":true},{\"category\":\"Mapping\",\"from\":\"source:host:\",\"to\":\"target:GetHostAndTenant:host:\",\"fromPort\":\"source:host:\",\"toPort\":\"target:GetHostAndTenant:host:\",\"visible\":true,\"common\":true},{\"category\":\"Mapping\",\"from\":\"source:tenant:\",\"to\":\"target:GetHostAndTenant:tenant:\",\"fromPort\":\"source:tenant:\",\"toPort\":\"target:GetHostAndTenant:tenant:\",\"visible\":true,\"common\":true},{\"category\":\"Mapping\",\"visible\":true,\"from\":\"source:errMsg:\",\"to\":\"target:GetHostAndTenant:errorMessage:\",\"fromPort\":\"source:errMsg:\",\"toPort\":\"target:GetHostAndTenant:errorMessage:\"},{\"from\":\"target\",\"to\":\"target:GetHostAndTenant\",\"fromPort\":\"target\",\"toPort\":\"target:GetHostAndTenant\",\"visible\":true,\"common\":false},{\"from\":\"target:GetHostAndTenant\",\"to\":\"target:GetHostAndTenant:t_p_fields\",\"fromPort\":\"target:GetHostAndTenant\",\"toPort\":\"target:GetHostAndTenant:t_p_fields\",\"visible\":true,\"common\":false},{\"from\":\"target:GetHostAndTenant:t_p_fields\",\"to\":\"target:GetHostAndTenant:success:\",\"fromPort\":\"target:GetHostAndTenant:t_p_fields\",\"toPort\":\"target:GetHostAndTenant:success:\",\"visible\":true,\"common\":false},{\"from\":\"target:GetHostAndTenant:t_p_fields\",\"to\":\"target:GetHostAndTenant:host:\",\"fromPort\":\"target:GetHostAndTenant:t_p_fields\",\"toPort\":\"target:GetHostAndTenant:host:\",\"visible\":true,\"common\":false},{\"from\":\"target:GetHostAndTenant:t_p_fields\",\"to\":\"target:GetHostAndTenant:tenant:\",\"fromPort\":\"target:GetHostAndTenant:t_p_fields\",\"toPort\":\"target:GetHostAndTenant:tenant:\",\"visible\":true,\"common\":false},{\"from\":\"target:GetHostAndTenant:t_p_fields\",\"to\":\"target:GetHostAndTenant:errorMessage:\",\"fromPort\":\"target:GetHostAndTenant:t_p_fields\",\"toPort\":\"target:GetHostAndTenant:errorMessage:\",\"visible\":true,\"common\":false},{\"from\":\"source\",\"to\":\"source:t_p_parameters\",\"fromPort\":\"source\",\"toPort\":\"source:t_p_parameters\",\"visible\":true,\"common\":false},{\"from\":\"source:t_p_parameters\",\"to\":\"source:errMsg:\",\"fromPort\":\"source:t_p_parameters\",\"toPort\":\"source:errMsg:\",\"visible\":true,\"common\":false},{\"from\":\"source:t_p_parameters\",\"to\":\"source:host:\",\"fromPort\":\"source:t_p_parameters\",\"toPort\":\"source:host:\",\"visible\":true,\"common\":false},{\"from\":\"source:t_p_parameters\",\"to\":\"source:success:\",\"fromPort\":\"source:t_p_parameters\",\"toPort\":\"source:success:\",\"visible\":true,\"common\":false},{\"from\":\"source:t_p_parameters\",\"to\":\"source:tenant:\",\"fromPort\":\"source:t_p_parameters\",\"toPort\":\"source:tenant:\",\"visible\":true,\"common\":false}],\"blockCount\":{\"variableCount\":0},\"variableMap\":{},\"xmlMappingOverride\":true}",
      "requestXmlMappingOverride" : false,
      "responseXmlMappingOverride" : true,
      "disabled" : false,
      "applyCommonMapping" : false,
      "applyRequestCommonMapping" : true,
      "applyResponseCommonMapping" : false
    } ]
  },
  "enableFrontendUrl" : false,
  "customVerb" : false
}