<?xml version="1.0" encoding="UTF-8" standalone="yes"?>
<service serviceGroup="" cachable="false" cacheduration="" description="This method will associate device to user" endpoint="default" groupType="" id="associateHWDeviceToUser" passwordencrypted="false" security="public" type="jsonConnector" smscode="" smsenabled="false">
    <service-config>
        <config-param api-version="" appid="" name="preprocessorname" value="com.hid.common.ClientBasePreprocessor"/>
        <config-param api-version="" appid="" name="postprocessorname" value=""/>
        <config-param api-version="" appid="" name="preprocessorJS" value=""/>
        <config-param api-version="" appid="" name="postprocessorJS" value=""/>
        <config-param api-version="" appid="" name="preprocessorRules" value=""/>
        <config-param api-version="" appid="" name="postprocessorRules" value=""/>
        <config-param api-version="" appid="" name="kony_http_supported_methods" value="POST"/>
        <config-param api-version="" appid="" name="endpointUrl" value="https://__$HOST__/scim/__$TENANT__/v2/Device/$DeviceId"/>
        <config-param api-version="" appid="" name="ignorehttpproxy" value="true"/>
        <config-param api-version="" appid="" name="http.method" value="PUT"/>
        <config-param api-version="" appid="" name="dataObjectName" value=""/>
        <config-param api-version="" appid="" name="sockettimeout" value=""/>
        <config-param api-version="" appid="" name="responseEncoding" value="UTF-8"/>
        <config-param api-version="" appid="" name="isembedxmlpresent" value="false"/>
        <config-param api-version="" appid="" name="retrycount" value="0"/>
        <config-param api-version="" appid="" name="urlprovider" value="com.hid.common.ServiceUrlProvider"/>
        <config-param api-version="" appid="" name="jsonpath" value="true"/>
    </service-config>
    <service-input passthrough="false" isExtended="false">
        <header datatype="" name="" passthrough="false" isExtended="false">
            <param datatype="string" defaultvalue="" description="" encode="false" format="None" formatvalue="" name="Content-Type" order="" paramOrder="0" parentOrder="0" sms-name="" src="constant" sourcevalue="application/scim+json" srcformatvalue="" target="" targetdatatype="" testvalue="" value="" isExtended="false">
                <accessType></accessType>
            </param>
            <param datatype="string" defaultvalue="" description="" encode="false" format="None" formatvalue="" name="Accept" order="" paramOrder="0" parentOrder="0" sms-name="" src="constant" sourcevalue="application/scim+json" srcformatvalue="" target="" targetdatatype="" testvalue="" value="" isExtended="false">
                <accessType></accessType>
            </param>
            <param datatype="string" defaultvalue="" description="" encode="false" format="None" formatvalue="" name="Authorization" order="" paramOrder="0" parentOrder="0" sms-name="" src="request" sourcevalue="" srcformatvalue="" target="" targetdatatype="" testvalue="Bearer ViH8HAAAAXfTPDXQrIIEX7Jl2J83vIlinWY9cy7p" value="" isExtended="false">
                <accessType></accessType>
            </param>
        </header>
        <param datatype="string" defaultvalue="" description="" encode="true" format="None" formatvalue="" name="DeviceId" order="" paramOrder="1" parentOrder="-1" passnull="false" sms-name="" src="request" sourcevalue="" srcformatvalue="" target="request" targetdatatype="java.lang.String" testvalue="92648" value="" isExtended="false">
            <accessType></accessType>
        </param>
        <param datatype="string" defaultvalue="" description="" encode="true" format="None" formatvalue="" name="Username" order="" paramOrder="2" parentOrder="-1" passnull="false" sms-name="" src="request" sourcevalue="" srcformatvalue="" target="request" targetdatatype="java.lang.String" testvalue="flexitest" value="" isExtended="false">
            <accessType></accessType>
        </param>
        <template-param datatype="" defaultvalue="{&#10;    &quot;schemas&quot;: [&#10;        &quot;urn:hid:scim:api:idp:2.0:Device&quot;&#10;    ],&#10;    &quot;id&quot;: &quot;$DeviceId&quot;,&#10;    &quot;owner&quot;: {&#10;        &quot;display&quot;: &quot;$Username&quot;&#10;    },&#10;    &quot;status&quot;: {&#10;        &quot;status&quot;: &quot;ACTIVE&quot;,&#10;        &quot;active&quot;: true,&#10;        &quot;expiryDate&quot;: &quot;2025-11-30T11:54:31+0100&quot;,&#10;        &quot;startDate&quot;: &quot;2020-11-30T11:54:31+0100&quot;&#10;    }&#10;}" description="" encode="false" format="" formatvalue="" name="message" order="" paramOrder="0" parentOrder="0" sms-name="" src="" sourcevalue="" srcformatvalue="" target="" targetdatatype="" value="{&#10;    &quot;schemas&quot;: [&#10;        &quot;urn:hid:scim:api:idp:2.0:Device&quot;&#10;    ],&#10;    &quot;id&quot;: &quot;$DeviceId&quot;,&#10;    &quot;owner&quot;: {&#10;        &quot;display&quot;: &quot;$Username&quot;&#10;    },&#10;    &quot;status&quot;: {&#10;        &quot;status&quot;: &quot;ACTIVE&quot;,&#10;        &quot;active&quot;: true,&#10;        &quot;expiryDate&quot;: &quot;2025-11-30T11:54:31+0100&quot;,&#10;        &quot;startDate&quot;: &quot;2020-11-30T11:54:31+0100&quot;&#10;    }&#10;}" isExtended="false">
            <accessType></accessType>
        </template-param>
        <stub-param value=""/>
    </service-input>
    <service-output passthrough="false" isExtended="false">
        <param datatype="string" defaultvalue="" description="" encode="true" format="None" formatvalue="" name="HWexternalId" order="" paramOrder="1" parentOrder="0" passnull="false" sms-name="" src="$.externalId" sourcevalue="" srcformatvalue="" target="response" targetdatatype="java.lang.String" testvalue="" value="" isExtended="false">
            <accessType></accessType>
        </param>
    </service-output>
</service>
