{
  "operationConfig" : {
    "name" : "getCredentialOptions6386",
    "type" : "MappedToBackend",
    "cachable" : false,
    "smsEnabled" : false,
    "security" : "authorized_app",
    "responseEncoding" : "UTF-8",
    "httpMethod" : "GET",
    "decodeResponseBody" : false,
    "iMapping" : "<?xml version=\"1.0\" encoding=\"UTF-8\" standalone=\"yes\"?>\n<mapper xmlns=\"http://www.kony.com/ns/mapper\">\n    <map inputpath=\"request_in\" outputpath=\"request_out\">\n        <set-param inputpath=\"username\" outputpath=\"username\"/>\n    </map>\n</mapper>\n",
    "oMapping" : "<?xml version=\"1.0\" encoding=\"UTF-8\" standalone=\"yes\"?><mapper xmlns=\"http://www.kony.com/ns/mapper\">                    <map inputpath=\"response_in\" outputpath=\"response_out\">                                        <map inputpath=\"\" outputpath=\"FIDORegistration\">                                                            <set-param inputpath=\"request_uri\" outputpath=\"request_uri\"/>                  <set-param inputpath=\"server-csrf-token\" outputpath=\"server-csrf-token\"/>                  <set-param inputpath=\"error\" outputpath=\"error\"/>                                                            <set-param inputpath=\"error_description\" outputpath=\"error_description\"/>                                                            <map inputpath=\"publicKeyCredentialOptions\" outputpath=\"publicKeyCredentialOptions\">                                              <set-param inputpath=\"attestation\" outputpath=\"attestation\"/>                                                                <set-param inputpath=\"challenge\" outputpath=\"challenge\"/>                                                                <map inputpath=\"authenticatorSelection\" outputpath=\"authenticatorSelection\">                                                                                <set-param inputpath=\"userVerification\" outputpath=\"userVerification\"/>                                                                                <set-param inputpath=\"residentKey\" outputpath=\"residentKey\"/>                                                                </map>                                                              <map inputpath=\"user\" outputpath=\"user\">                                                                      <set-param inputpath=\"id\" outputpath=\"id\"/>                                                                      <set-param inputpath=\"name\" outputpath=\"name\"/>                                                                      <set-param inputpath=\"displayName\" outputpath=\"displayName\"/>                                                        </map>                                                      <map inputpath=\"rp\" outputpath=\"rp\">                                                            <set-param inputpath=\"id\" outputpath=\"id\"/>                                                            <set-param inputpath=\"name\" outputpath=\"name\"/>                                                </map>                                                <map inputpath=\"pubKeyCredParams\" outputpath=\"pubKeyCredParams\">                                                            <set-param inputpath=\"type\" outputpath=\"type\"/>                                                            <set-param inputpath=\"alg\" outputpath=\"alg\"/>                                                </map>                                    </map>                                        </map>                    </map></mapper>",
    "iVisualMappingData" : "{\"nodeDataArray\":[{\"isGroup\":true,\"key\":\"request_in\",\"text\":\"FIDORegistration\",\"xy\":\"150 100\"},{\"isGroup\":true,\"key\":\"request_out\",\"text\":\"FIDOOrch (1.0).getCredentialOptions\",\"xy\":\"770 100\"}],\"linkDataArray\":[{\"category\":\"Mapping\",\"from\":\"source:FIDORegistration:username:\",\"to\":\"target:username:\",\"fromPort\":\"source:FIDORegistration:username:\",\"toPort\":\"target:username:\",\"visible\":true,\"common\":true}],\"blockCount\":{\"variableCount\":0},\"variableMap\":{},\"xmlMappingOverride\":false}",
    "oVisualMappingData" : "{\"nodeDataArray\":[{\"isGroup\":true,\"key\":\"response_out\",\"text\":\"FIDORegistration\",\"xy\":\"770 100\"},{\"isGroup\":true,\"key\":\"response_in\",\"text\":\"FIDOOrch (1.0).getCredentialOptions\",\"xy\":\"150 100\"}],\"linkDataArray\":[{\"category\":\"Mapping\",\"from\":\"source:error:\",\"to\":\"target:FIDORegistration:error:\",\"fromPort\":\"source:error:\",\"toPort\":\"target:FIDORegistration:error:\",\"visible\":true,\"common\":true},{\"category\":\"Mapping\",\"from\":\"source:error_description:\",\"to\":\"target:FIDORegistration:error_description:\",\"fromPort\":\"source:error_description:\",\"toPort\":\"target:FIDORegistration:error_description:\",\"visible\":true,\"common\":true},{\"category\":\"Mapping\",\"from\":\"source:expires_in:\",\"to\":\"target:FIDORegistration:expires_in:\",\"fromPort\":\"source:expires_in:\",\"toPort\":\"target:FIDORegistration:expires_in:\",\"visible\":true,\"common\":true},{\"category\":\"Mapping\",\"from\":\"source:request_uri:\",\"to\":\"target:FIDORegistration:request_uri:\",\"fromPort\":\"source:request_uri:\",\"toPort\":\"target:FIDORegistration:request_uri:\",\"visible\":true,\"common\":true},{\"from\":\"target\",\"to\":\"target:FIDORegistration\",\"fromPort\":\"target\",\"toPort\":\"target:FIDORegistration\",\"visible\":true,\"common\":false},{\"from\":\"target:FIDORegistration\",\"to\":\"target:FIDORegistration:t_p_fields\",\"fromPort\":\"target:FIDORegistration\",\"toPort\":\"target:FIDORegistration:t_p_fields\",\"visible\":true,\"common\":false},{\"from\":\"target:FIDORegistration:t_p_fields\",\"to\":\"target:FIDORegistration:client_id:\",\"fromPort\":\"target:FIDORegistration:t_p_fields\",\"toPort\":\"target:FIDORegistration:client_id:\",\"visible\":true,\"common\":false},{\"from\":\"target:FIDORegistration:t_p_fields\",\"to\":\"target:FIDORegistration:error:\",\"fromPort\":\"target:FIDORegistration:t_p_fields\",\"toPort\":\"target:FIDORegistration:error:\",\"visible\":true,\"common\":false},{\"from\":\"target:FIDORegistration:t_p_fields\",\"to\":\"target:FIDORegistration:error_description:\",\"fromPort\":\"target:FIDORegistration:t_p_fields\",\"toPort\":\"target:FIDORegistration:error_description:\",\"visible\":true,\"common\":false},{\"from\":\"target:FIDORegistration:t_p_fields\",\"to\":\"target:FIDORegistration:expires_in:\",\"fromPort\":\"target:FIDORegistration:t_p_fields\",\"toPort\":\"target:FIDORegistration:expires_in:\",\"visible\":true,\"common\":false},{\"from\":\"target:FIDORegistration:t_p_fields\",\"to\":\"target:FIDORegistration:redirect_uri:\",\"fromPort\":\"target:FIDORegistration:t_p_fields\",\"toPort\":\"target:FIDORegistration:redirect_uri:\",\"visible\":true,\"common\":false},{\"from\":\"target:FIDORegistration:t_p_fields\",\"to\":\"target:FIDORegistration:request_uri:\",\"fromPort\":\"target:FIDORegistration:t_p_fields\",\"toPort\":\"target:FIDORegistration:request_uri:\",\"visible\":true,\"common\":false},{\"from\":\"target:FIDORegistration:t_p_fields\",\"to\":\"target:FIDORegistration:response_type:\",\"fromPort\":\"target:FIDORegistration:t_p_fields\",\"toPort\":\"target:FIDORegistration:response_type:\",\"visible\":true,\"common\":false},{\"from\":\"target:FIDORegistration:t_p_fields\",\"to\":\"target:FIDORegistration:scope:\",\"fromPort\":\"target:FIDORegistration:t_p_fields\",\"toPort\":\"target:FIDORegistration:scope:\",\"visible\":true,\"common\":false},{\"from\":\"target:FIDORegistration:t_p_fields\",\"to\":\"target:FIDORegistration:username:\",\"fromPort\":\"target:FIDORegistration:t_p_fields\",\"toPort\":\"target:FIDORegistration:username:\",\"visible\":true,\"common\":false},{\"from\":\"target:FIDORegistration:t_p_fields\",\"to\":\"target:FIDORegistration:id:\",\"fromPort\":\"target:FIDORegistration:t_p_fields\",\"toPort\":\"target:FIDORegistration:id:\",\"visible\":true,\"common\":false},{\"from\":\"target:FIDORegistration:t_p_fields\",\"to\":\"target:FIDORegistration:rawId:\",\"fromPort\":\"target:FIDORegistration:t_p_fields\",\"toPort\":\"target:FIDORegistration:rawId:\",\"visible\":true,\"common\":false},{\"from\":\"target:FIDORegistration:t_p_fields\",\"to\":\"target:FIDORegistration:clientDataJSON:\",\"fromPort\":\"target:FIDORegistration:t_p_fields\",\"toPort\":\"target:FIDORegistration:clientDataJSON:\",\"visible\":true,\"common\":false},{\"from\":\"target:FIDORegistration:t_p_fields\",\"to\":\"target:FIDORegistration:attestationObject:\",\"fromPort\":\"target:FIDORegistration:t_p_fields\",\"toPort\":\"target:FIDORegistration:attestationObject:\",\"visible\":true,\"common\":false},{\"from\":\"target:FIDORegistration:t_p_fields\",\"to\":\"target:FIDORegistration:csrf:\",\"fromPort\":\"target:FIDORegistration:t_p_fields\",\"toPort\":\"target:FIDORegistration:csrf:\",\"visible\":true,\"common\":false},{\"from\":\"source\",\"to\":\"source:t_p_parameters\",\"fromPort\":\"source\",\"toPort\":\"source:t_p_parameters\",\"visible\":true,\"common\":false},{\"from\":\"source:t_p_parameters\",\"to\":\"source:error:\",\"fromPort\":\"source:t_p_parameters\",\"toPort\":\"source:error:\",\"visible\":true,\"common\":false},{\"from\":\"source:t_p_parameters\",\"to\":\"source:error_description:\",\"fromPort\":\"source:t_p_parameters\",\"toPort\":\"source:error_description:\",\"visible\":true,\"common\":false},{\"from\":\"source:t_p_parameters\",\"to\":\"source:expires_in:\",\"fromPort\":\"source:t_p_parameters\",\"toPort\":\"source:expires_in:\",\"visible\":true,\"common\":false},{\"from\":\"source:t_p_parameters\",\"to\":\"source:request_uri:\",\"fromPort\":\"source:t_p_parameters\",\"toPort\":\"source:request_uri:\",\"visible\":true,\"common\":false},{\"from\":\"source\",\"to\":\"source:publicKeyCredentialOptions\",\"fromPort\":\"source\",\"toPort\":\"source:publicKeyCredentialOptions\",\"visible\":true,\"common\":false},{\"from\":\"source:publicKeyCredentialOptions\",\"to\":\"source:publicKeyCredentialOptions:t_p_parameters\",\"fromPort\":\"source:publicKeyCredentialOptions\",\"toPort\":\"source:publicKeyCredentialOptions:t_p_parameters\",\"visible\":true,\"common\":false},{\"from\":\"source:publicKeyCredentialOptions:t_p_parameters\",\"to\":\"source:publicKeyCredentialOptions:attestation:\",\"fromPort\":\"source:publicKeyCredentialOptions:t_p_parameters\",\"toPort\":\"source:publicKeyCredentialOptions:attestation:\",\"visible\":true,\"common\":false},{\"from\":\"source:publicKeyCredentialOptions:t_p_parameters\",\"to\":\"source:publicKeyCredentialOptions:challenge:\",\"fromPort\":\"source:publicKeyCredentialOptions:t_p_parameters\",\"toPort\":\"source:publicKeyCredentialOptions:challenge:\",\"visible\":true,\"common\":false},{\"from\":\"source:publicKeyCredentialOptions\",\"to\":\"source:publicKeyCredentialOptions:authenticatorSelection\",\"fromPort\":\"source:publicKeyCredentialOptions\",\"toPort\":\"source:publicKeyCredentialOptions:authenticatorSelection\",\"visible\":true,\"common\":false},{\"from\":\"source:publicKeyCredentialOptions:authenticatorSelection\",\"to\":\"source:publicKeyCredentialOptions:authenticatorSelection:t_p_parameters\",\"fromPort\":\"source:publicKeyCredentialOptions:authenticatorSelection\",\"toPort\":\"source:publicKeyCredentialOptions:authenticatorSelection:t_p_parameters\",\"visible\":true,\"common\":false},{\"from\":\"source:publicKeyCredentialOptions:authenticatorSelection:t_p_parameters\",\"to\":\"source:publicKeyCredentialOptions:authenticatorSelection:residentKey:\",\"fromPort\":\"source:publicKeyCredentialOptions:authenticatorSelection:t_p_parameters\",\"toPort\":\"source:publicKeyCredentialOptions:authenticatorSelection:residentKey:\",\"visible\":true,\"common\":false},{\"from\":\"source:publicKeyCredentialOptions:authenticatorSelection:t_p_parameters\",\"to\":\"source:publicKeyCredentialOptions:authenticatorSelection:userVerification:\",\"fromPort\":\"source:publicKeyCredentialOptions:authenticatorSelection:t_p_parameters\",\"toPort\":\"source:publicKeyCredentialOptions:authenticatorSelection:userVerification:\",\"visible\":true,\"common\":false},{\"from\":\"source:publicKeyCredentialOptions\",\"to\":\"source:publicKeyCredentialOptions:user\",\"fromPort\":\"source:publicKeyCredentialOptions\",\"toPort\":\"source:publicKeyCredentialOptions:user\",\"visible\":true,\"common\":false},{\"from\":\"source:publicKeyCredentialOptions:user\",\"to\":\"source:publicKeyCredentialOptions:user:t_p_parameters\",\"fromPort\":\"source:publicKeyCredentialOptions:user\",\"toPort\":\"source:publicKeyCredentialOptions:user:t_p_parameters\",\"visible\":true,\"common\":false},{\"from\":\"source:publicKeyCredentialOptions:user:t_p_parameters\",\"to\":\"source:publicKeyCredentialOptions:user:displayName:\",\"fromPort\":\"source:publicKeyCredentialOptions:user:t_p_parameters\",\"toPort\":\"source:publicKeyCredentialOptions:user:displayName:\",\"visible\":true,\"common\":false},{\"from\":\"source:publicKeyCredentialOptions:user:t_p_parameters\",\"to\":\"source:publicKeyCredentialOptions:user:id:\",\"fromPort\":\"source:publicKeyCredentialOptions:user:t_p_parameters\",\"toPort\":\"source:publicKeyCredentialOptions:user:id:\",\"visible\":true,\"common\":false},{\"from\":\"source:publicKeyCredentialOptions:user:t_p_parameters\",\"to\":\"source:publicKeyCredentialOptions:user:name:\",\"fromPort\":\"source:publicKeyCredentialOptions:user:t_p_parameters\",\"toPort\":\"source:publicKeyCredentialOptions:user:name:\",\"visible\":true,\"common\":false},{\"from\":\"source:publicKeyCredentialOptions\",\"to\":\"source:publicKeyCredentialOptions:rp\",\"fromPort\":\"source:publicKeyCredentialOptions\",\"toPort\":\"source:publicKeyCredentialOptions:rp\",\"visible\":true,\"common\":false},{\"from\":\"source:publicKeyCredentialOptions:rp\",\"to\":\"source:publicKeyCredentialOptions:rp:t_p_parameters\",\"fromPort\":\"source:publicKeyCredentialOptions:rp\",\"toPort\":\"source:publicKeyCredentialOptions:rp:t_p_parameters\",\"visible\":true,\"common\":false},{\"from\":\"source:publicKeyCredentialOptions:rp:t_p_parameters\",\"to\":\"source:publicKeyCredentialOptions:rp:id:\",\"fromPort\":\"source:publicKeyCredentialOptions:rp:t_p_parameters\",\"toPort\":\"source:publicKeyCredentialOptions:rp:id:\",\"visible\":true,\"common\":false},{\"from\":\"source:publicKeyCredentialOptions:rp:t_p_parameters\",\"to\":\"source:publicKeyCredentialOptions:rp:name:\",\"fromPort\":\"source:publicKeyCredentialOptions:rp:t_p_parameters\",\"toPort\":\"source:publicKeyCredentialOptions:rp:name:\",\"visible\":true,\"common\":false},{\"from\":\"source:publicKeyCredentialOptions\",\"to\":\"source:publicKeyCredentialOptions:pubKeyCredParams\",\"fromPort\":\"source:publicKeyCredentialOptions\",\"toPort\":\"source:publicKeyCredentialOptions:pubKeyCredParams\",\"visible\":true,\"common\":false},{\"from\":\"source:publicKeyCredentialOptions:pubKeyCredParams\",\"to\":\"source:publicKeyCredentialOptions:pubKeyCredParams:t_p_parameters\",\"fromPort\":\"source:publicKeyCredentialOptions:pubKeyCredParams\",\"toPort\":\"source:publicKeyCredentialOptions:pubKeyCredParams:t_p_parameters\",\"visible\":true,\"common\":false},{\"from\":\"source:publicKeyCredentialOptions:pubKeyCredParams:t_p_parameters\",\"to\":\"source:publicKeyCredentialOptions:pubKeyCredParams:alg:\",\"fromPort\":\"source:publicKeyCredentialOptions:pubKeyCredParams:t_p_parameters\",\"toPort\":\"source:publicKeyCredentialOptions:pubKeyCredParams:alg:\",\"visible\":true,\"common\":false},{\"from\":\"source:publicKeyCredentialOptions:pubKeyCredParams:t_p_parameters\",\"to\":\"source:publicKeyCredentialOptions:pubKeyCredParams:type:\",\"fromPort\":\"source:publicKeyCredentialOptions:pubKeyCredParams:t_p_parameters\",\"toPort\":\"source:publicKeyCredentialOptions:pubKeyCredParams:type:\",\"visible\":true,\"common\":false}],\"blockCount\":{\"variableCount\":0},\"variableMap\":{},\"xmlMappingOverride\":true}",
    "applyCommonMapping" : false,
    "applyRequestCommonMapping" : false,
    "applyResponseCommonMapping" : false,
    "backendMeta" : {
      "serviceName" : "FIDOOrch",
      "serviceVersion" : "1.0",
      "operationName" : "getCredentialOptions"
    },
    "relationshipHierarchyMapping" : {
      "name" : "FIDORegistration",
      "children" : [ ],
      "actions" : { },
      "selected" : true
    },
    "requestXmlMappingOverride" : false,
    "responseXmlMappingOverride" : true,
    "mapperData" : [ {
      "name" : "base mapper1",
      "order" : 1,
      "iMapping" : "<?xml version=\"1.0\" encoding=\"UTF-8\" standalone=\"yes\"?>\n<mapper xmlns=\"http://www.kony.com/ns/mapper\">\n    <map inputpath=\"request_in\" outputpath=\"request_out\">\n        <set-param inputpath=\"username\" outputpath=\"username\"/>\n    </map>\n</mapper>\n",
      "oMapping" : "<?xml version=\"1.0\" encoding=\"UTF-8\" standalone=\"yes\"?><mapper xmlns=\"http://www.kony.com/ns/mapper\">                    <map inputpath=\"response_in\" outputpath=\"response_out\">                                        <map inputpath=\"\" outputpath=\"FIDORegistration\">                                                            <set-param inputpath=\"request_uri\" outputpath=\"request_uri\"/>                  <set-param inputpath=\"server-csrf-token\" outputpath=\"server-csrf-token\"/>                  <set-param inputpath=\"error\" outputpath=\"error\"/>                                                            <set-param inputpath=\"error_description\" outputpath=\"error_description\"/>                                                            <map inputpath=\"publicKeyCredentialOptions\" outputpath=\"publicKeyCredentialOptions\">                                              <set-param inputpath=\"attestation\" outputpath=\"attestation\"/>                                                                <set-param inputpath=\"challenge\" outputpath=\"challenge\"/>                                                                <map inputpath=\"authenticatorSelection\" outputpath=\"authenticatorSelection\">                                                                                <set-param inputpath=\"userVerification\" outputpath=\"userVerification\"/>                                                                                <set-param inputpath=\"residentKey\" outputpath=\"residentKey\"/>                                                                </map>                                                              <map inputpath=\"user\" outputpath=\"user\">                                                                      <set-param inputpath=\"id\" outputpath=\"id\"/>                                                                      <set-param inputpath=\"name\" outputpath=\"name\"/>                                                                      <set-param inputpath=\"displayName\" outputpath=\"displayName\"/>                                                        </map>                                                      <map inputpath=\"rp\" outputpath=\"rp\">                                                            <set-param inputpath=\"id\" outputpath=\"id\"/>                                                            <set-param inputpath=\"name\" outputpath=\"name\"/>                                                </map>                                                <map inputpath=\"pubKeyCredParams\" outputpath=\"pubKeyCredParams\">                                                            <set-param inputpath=\"type\" outputpath=\"type\"/>                                                            <set-param inputpath=\"alg\" outputpath=\"alg\"/>                                                </map>                                    </map>                                        </map>                    </map></mapper>",
      "iVisualMappingData" : "{\"nodeDataArray\":[{\"isGroup\":true,\"key\":\"request_in\",\"text\":\"FIDORegistration\",\"xy\":\"150 100\"},{\"isGroup\":true,\"key\":\"request_out\",\"text\":\"FIDOOrch (1.0).getCredentialOptions\",\"xy\":\"770 100\"}],\"linkDataArray\":[{\"category\":\"Mapping\",\"from\":\"source:FIDORegistration:username:\",\"to\":\"target:username:\",\"fromPort\":\"source:FIDORegistration:username:\",\"toPort\":\"target:username:\",\"visible\":true,\"common\":true}],\"blockCount\":{\"variableCount\":0},\"variableMap\":{},\"xmlMappingOverride\":false}",
      "oVisualMappingData" : "{\"nodeDataArray\":[{\"isGroup\":true,\"key\":\"response_out\",\"text\":\"FIDORegistration\",\"xy\":\"770 100\"},{\"isGroup\":true,\"key\":\"response_in\",\"text\":\"FIDOOrch (1.0).getCredentialOptions\",\"xy\":\"150 100\"}],\"linkDataArray\":[{\"category\":\"Mapping\",\"from\":\"source:error:\",\"to\":\"target:FIDORegistration:error:\",\"fromPort\":\"source:error:\",\"toPort\":\"target:FIDORegistration:error:\",\"visible\":true,\"common\":true},{\"category\":\"Mapping\",\"from\":\"source:error_description:\",\"to\":\"target:FIDORegistration:error_description:\",\"fromPort\":\"source:error_description:\",\"toPort\":\"target:FIDORegistration:error_description:\",\"visible\":true,\"common\":true},{\"category\":\"Mapping\",\"from\":\"source:expires_in:\",\"to\":\"target:FIDORegistration:expires_in:\",\"fromPort\":\"source:expires_in:\",\"toPort\":\"target:FIDORegistration:expires_in:\",\"visible\":true,\"common\":true},{\"category\":\"Mapping\",\"from\":\"source:request_uri:\",\"to\":\"target:FIDORegistration:request_uri:\",\"fromPort\":\"source:request_uri:\",\"toPort\":\"target:FIDORegistration:request_uri:\",\"visible\":true,\"common\":true},{\"from\":\"target\",\"to\":\"target:FIDORegistration\",\"fromPort\":\"target\",\"toPort\":\"target:FIDORegistration\",\"visible\":true,\"common\":false},{\"from\":\"target:FIDORegistration\",\"to\":\"target:FIDORegistration:t_p_fields\",\"fromPort\":\"target:FIDORegistration\",\"toPort\":\"target:FIDORegistration:t_p_fields\",\"visible\":true,\"common\":false},{\"from\":\"target:FIDORegistration:t_p_fields\",\"to\":\"target:FIDORegistration:client_id:\",\"fromPort\":\"target:FIDORegistration:t_p_fields\",\"toPort\":\"target:FIDORegistration:client_id:\",\"visible\":true,\"common\":false},{\"from\":\"target:FIDORegistration:t_p_fields\",\"to\":\"target:FIDORegistration:error:\",\"fromPort\":\"target:FIDORegistration:t_p_fields\",\"toPort\":\"target:FIDORegistration:error:\",\"visible\":true,\"common\":false},{\"from\":\"target:FIDORegistration:t_p_fields\",\"to\":\"target:FIDORegistration:error_description:\",\"fromPort\":\"target:FIDORegistration:t_p_fields\",\"toPort\":\"target:FIDORegistration:error_description:\",\"visible\":true,\"common\":false},{\"from\":\"target:FIDORegistration:t_p_fields\",\"to\":\"target:FIDORegistration:expires_in:\",\"fromPort\":\"target:FIDORegistration:t_p_fields\",\"toPort\":\"target:FIDORegistration:expires_in:\",\"visible\":true,\"common\":false},{\"from\":\"target:FIDORegistration:t_p_fields\",\"to\":\"target:FIDORegistration:redirect_uri:\",\"fromPort\":\"target:FIDORegistration:t_p_fields\",\"toPort\":\"target:FIDORegistration:redirect_uri:\",\"visible\":true,\"common\":false},{\"from\":\"target:FIDORegistration:t_p_fields\",\"to\":\"target:FIDORegistration:request_uri:\",\"fromPort\":\"target:FIDORegistration:t_p_fields\",\"toPort\":\"target:FIDORegistration:request_uri:\",\"visible\":true,\"common\":false},{\"from\":\"target:FIDORegistration:t_p_fields\",\"to\":\"target:FIDORegistration:response_type:\",\"fromPort\":\"target:FIDORegistration:t_p_fields\",\"toPort\":\"target:FIDORegistration:response_type:\",\"visible\":true,\"common\":false},{\"from\":\"target:FIDORegistration:t_p_fields\",\"to\":\"target:FIDORegistration:scope:\",\"fromPort\":\"target:FIDORegistration:t_p_fields\",\"toPort\":\"target:FIDORegistration:scope:\",\"visible\":true,\"common\":false},{\"from\":\"target:FIDORegistration:t_p_fields\",\"to\":\"target:FIDORegistration:username:\",\"fromPort\":\"target:FIDORegistration:t_p_fields\",\"toPort\":\"target:FIDORegistration:username:\",\"visible\":true,\"common\":false},{\"from\":\"target:FIDORegistration:t_p_fields\",\"to\":\"target:FIDORegistration:id:\",\"fromPort\":\"target:FIDORegistration:t_p_fields\",\"toPort\":\"target:FIDORegistration:id:\",\"visible\":true,\"common\":false},{\"from\":\"target:FIDORegistration:t_p_fields\",\"to\":\"target:FIDORegistration:rawId:\",\"fromPort\":\"target:FIDORegistration:t_p_fields\",\"toPort\":\"target:FIDORegistration:rawId:\",\"visible\":true,\"common\":false},{\"from\":\"target:FIDORegistration:t_p_fields\",\"to\":\"target:FIDORegistration:clientDataJSON:\",\"fromPort\":\"target:FIDORegistration:t_p_fields\",\"toPort\":\"target:FIDORegistration:clientDataJSON:\",\"visible\":true,\"common\":false},{\"from\":\"target:FIDORegistration:t_p_fields\",\"to\":\"target:FIDORegistration:attestationObject:\",\"fromPort\":\"target:FIDORegistration:t_p_fields\",\"toPort\":\"target:FIDORegistration:attestationObject:\",\"visible\":true,\"common\":false},{\"from\":\"target:FIDORegistration:t_p_fields\",\"to\":\"target:FIDORegistration:csrf:\",\"fromPort\":\"target:FIDORegistration:t_p_fields\",\"toPort\":\"target:FIDORegistration:csrf:\",\"visible\":true,\"common\":false},{\"from\":\"source\",\"to\":\"source:t_p_parameters\",\"fromPort\":\"source\",\"toPort\":\"source:t_p_parameters\",\"visible\":true,\"common\":false},{\"from\":\"source:t_p_parameters\",\"to\":\"source:error:\",\"fromPort\":\"source:t_p_parameters\",\"toPort\":\"source:error:\",\"visible\":true,\"common\":false},{\"from\":\"source:t_p_parameters\",\"to\":\"source:error_description:\",\"fromPort\":\"source:t_p_parameters\",\"toPort\":\"source:error_description:\",\"visible\":true,\"common\":false},{\"from\":\"source:t_p_parameters\",\"to\":\"source:expires_in:\",\"fromPort\":\"source:t_p_parameters\",\"toPort\":\"source:expires_in:\",\"visible\":true,\"common\":false},{\"from\":\"source:t_p_parameters\",\"to\":\"source:request_uri:\",\"fromPort\":\"source:t_p_parameters\",\"toPort\":\"source:request_uri:\",\"visible\":true,\"common\":false},{\"from\":\"source\",\"to\":\"source:publicKeyCredentialOptions\",\"fromPort\":\"source\",\"toPort\":\"source:publicKeyCredentialOptions\",\"visible\":true,\"common\":false},{\"from\":\"source:publicKeyCredentialOptions\",\"to\":\"source:publicKeyCredentialOptions:t_p_parameters\",\"fromPort\":\"source:publicKeyCredentialOptions\",\"toPort\":\"source:publicKeyCredentialOptions:t_p_parameters\",\"visible\":true,\"common\":false},{\"from\":\"source:publicKeyCredentialOptions:t_p_parameters\",\"to\":\"source:publicKeyCredentialOptions:attestation:\",\"fromPort\":\"source:publicKeyCredentialOptions:t_p_parameters\",\"toPort\":\"source:publicKeyCredentialOptions:attestation:\",\"visible\":true,\"common\":false},{\"from\":\"source:publicKeyCredentialOptions:t_p_parameters\",\"to\":\"source:publicKeyCredentialOptions:challenge:\",\"fromPort\":\"source:publicKeyCredentialOptions:t_p_parameters\",\"toPort\":\"source:publicKeyCredentialOptions:challenge:\",\"visible\":true,\"common\":false},{\"from\":\"source:publicKeyCredentialOptions\",\"to\":\"source:publicKeyCredentialOptions:authenticatorSelection\",\"fromPort\":\"source:publicKeyCredentialOptions\",\"toPort\":\"source:publicKeyCredentialOptions:authenticatorSelection\",\"visible\":true,\"common\":false},{\"from\":\"source:publicKeyCredentialOptions:authenticatorSelection\",\"to\":\"source:publicKeyCredentialOptions:authenticatorSelection:t_p_parameters\",\"fromPort\":\"source:publicKeyCredentialOptions:authenticatorSelection\",\"toPort\":\"source:publicKeyCredentialOptions:authenticatorSelection:t_p_parameters\",\"visible\":true,\"common\":false},{\"from\":\"source:publicKeyCredentialOptions:authenticatorSelection:t_p_parameters\",\"to\":\"source:publicKeyCredentialOptions:authenticatorSelection:residentKey:\",\"fromPort\":\"source:publicKeyCredentialOptions:authenticatorSelection:t_p_parameters\",\"toPort\":\"source:publicKeyCredentialOptions:authenticatorSelection:residentKey:\",\"visible\":true,\"common\":false},{\"from\":\"source:publicKeyCredentialOptions:authenticatorSelection:t_p_parameters\",\"to\":\"source:publicKeyCredentialOptions:authenticatorSelection:userVerification:\",\"fromPort\":\"source:publicKeyCredentialOptions:authenticatorSelection:t_p_parameters\",\"toPort\":\"source:publicKeyCredentialOptions:authenticatorSelection:userVerification:\",\"visible\":true,\"common\":false},{\"from\":\"source:publicKeyCredentialOptions\",\"to\":\"source:publicKeyCredentialOptions:user\",\"fromPort\":\"source:publicKeyCredentialOptions\",\"toPort\":\"source:publicKeyCredentialOptions:user\",\"visible\":true,\"common\":false},{\"from\":\"source:publicKeyCredentialOptions:user\",\"to\":\"source:publicKeyCredentialOptions:user:t_p_parameters\",\"fromPort\":\"source:publicKeyCredentialOptions:user\",\"toPort\":\"source:publicKeyCredentialOptions:user:t_p_parameters\",\"visible\":true,\"common\":false},{\"from\":\"source:publicKeyCredentialOptions:user:t_p_parameters\",\"to\":\"source:publicKeyCredentialOptions:user:displayName:\",\"fromPort\":\"source:publicKeyCredentialOptions:user:t_p_parameters\",\"toPort\":\"source:publicKeyCredentialOptions:user:displayName:\",\"visible\":true,\"common\":false},{\"from\":\"source:publicKeyCredentialOptions:user:t_p_parameters\",\"to\":\"source:publicKeyCredentialOptions:user:id:\",\"fromPort\":\"source:publicKeyCredentialOptions:user:t_p_parameters\",\"toPort\":\"source:publicKeyCredentialOptions:user:id:\",\"visible\":true,\"common\":false},{\"from\":\"source:publicKeyCredentialOptions:user:t_p_parameters\",\"to\":\"source:publicKeyCredentialOptions:user:name:\",\"fromPort\":\"source:publicKeyCredentialOptions:user:t_p_parameters\",\"toPort\":\"source:publicKeyCredentialOptions:user:name:\",\"visible\":true,\"common\":false},{\"from\":\"source:publicKeyCredentialOptions\",\"to\":\"source:publicKeyCredentialOptions:rp\",\"fromPort\":\"source:publicKeyCredentialOptions\",\"toPort\":\"source:publicKeyCredentialOptions:rp\",\"visible\":true,\"common\":false},{\"from\":\"source:publicKeyCredentialOptions:rp\",\"to\":\"source:publicKeyCredentialOptions:rp:t_p_parameters\",\"fromPort\":\"source:publicKeyCredentialOptions:rp\",\"toPort\":\"source:publicKeyCredentialOptions:rp:t_p_parameters\",\"visible\":true,\"common\":false},{\"from\":\"source:publicKeyCredentialOptions:rp:t_p_parameters\",\"to\":\"source:publicKeyCredentialOptions:rp:id:\",\"fromPort\":\"source:publicKeyCredentialOptions:rp:t_p_parameters\",\"toPort\":\"source:publicKeyCredentialOptions:rp:id:\",\"visible\":true,\"common\":false},{\"from\":\"source:publicKeyCredentialOptions:rp:t_p_parameters\",\"to\":\"source:publicKeyCredentialOptions:rp:name:\",\"fromPort\":\"source:publicKeyCredentialOptions:rp:t_p_parameters\",\"toPort\":\"source:publicKeyCredentialOptions:rp:name:\",\"visible\":true,\"common\":false},{\"from\":\"source:publicKeyCredentialOptions\",\"to\":\"source:publicKeyCredentialOptions:pubKeyCredParams\",\"fromPort\":\"source:publicKeyCredentialOptions\",\"toPort\":\"source:publicKeyCredentialOptions:pubKeyCredParams\",\"visible\":true,\"common\":false},{\"from\":\"source:publicKeyCredentialOptions:pubKeyCredParams\",\"to\":\"source:publicKeyCredentialOptions:pubKeyCredParams:t_p_parameters\",\"fromPort\":\"source:publicKeyCredentialOptions:pubKeyCredParams\",\"toPort\":\"source:publicKeyCredentialOptions:pubKeyCredParams:t_p_parameters\",\"visible\":true,\"common\":false},{\"from\":\"source:publicKeyCredentialOptions:pubKeyCredParams:t_p_parameters\",\"to\":\"source:publicKeyCredentialOptions:pubKeyCredParams:alg:\",\"fromPort\":\"source:publicKeyCredentialOptions:pubKeyCredParams:t_p_parameters\",\"toPort\":\"source:publicKeyCredentialOptions:pubKeyCredParams:alg:\",\"visible\":true,\"common\":false},{\"from\":\"source:publicKeyCredentialOptions:pubKeyCredParams:t_p_parameters\",\"to\":\"source:publicKeyCredentialOptions:pubKeyCredParams:type:\",\"fromPort\":\"source:publicKeyCredentialOptions:pubKeyCredParams:t_p_parameters\",\"toPort\":\"source:publicKeyCredentialOptions:pubKeyCredParams:type:\",\"visible\":true,\"common\":false}],\"blockCount\":{\"variableCount\":0},\"variableMap\":{},\"xmlMappingOverride\":true}",
      "requestXmlMappingOverride" : false,
      "responseXmlMappingOverride" : true,
      "disabled" : false,
      "applyCommonMapping" : false,
      "applyRequestCommonMapping" : false,
      "applyResponseCommonMapping" : false
    } ]
  },
  "enableFrontendUrl" : false,
  "customVerb" : false
}