{
  "operationConfig" : {
    "name" : "getInviteCode9449",
    "type" : "MappedToBackend",
    "cachable" : false,
    "smsEnabled" : false,
    "security" : "public",
    "responseEncoding" : "UTF-8",
    "httpMethod" : "GET",
    "decodeResponseBody" : false,
    "iMapping" : "<?xml version=\"1.0\" encoding=\"UTF-8\" standalone=\"yes\"?>\n<mapper xmlns=\"http://www.kony.com/ns/mapper\">\n    <map inputpath=\"request_in\" outputpath=\"request_out\">\n        <set-param inputpath=\"UserId\" outputpath=\"UserId\"/>\n        <set-param inputpath=\"username\" outputpath=\"username\"/>\n        <set-param inputpath=\"usernameWithRandomNo\" outputpath=\"usernameWithRandomNo\"/>\n    </map>\n</mapper>\n",
    "oMapping" : "<?xml version=\"1.0\" encoding=\"UTF-8\" standalone=\"yes\"?><mapper xmlns=\"http://www.kony.com/ns/mapper\">  <map inputpath=\"response_in\" outputpath=\"response_out\">    <map inputpath=\"\" outputpath=\"ApproveDeviceRegistration\">      <set-param inputpath=\"detail_CreateDevice\" outputpath=\"detail_CreateDevice\"/>      <set-param inputpath=\"detail_updateDevice\" outputpath=\"detail_updateDevice\"/>      <set-param inputpath=\"DeviceId\" outputpath=\"DeviceId\"/>      <set-param inputpath=\"deviceIdOrch\" outputpath=\"deviceIdOrch\"/>      <set-param inputpath=\"errorCode\" outputpath=\"errorCode\"/>      <set-param inputpath=\"errorCode_updateDevice\" outputpath=\"errorCode_updateDevice\"/>      <set-param inputpath=\"provisionMsg\" outputpath=\"provisionMsg\"/>      <set-param inputpath=\"scimType\" outputpath=\"scimType\"/>    </map>  </map></mapper>",
    "iVisualMappingData" : "{\"nodeDataArray\":[{\"isGroup\":true,\"key\":\"request_in\",\"text\":\"ApproveDeviceRegistration\",\"xy\":\"150 100\"},{\"isGroup\":true,\"key\":\"request_out\",\"text\":\"PushDeviceRegistrationOrch (2.0).getInviteCode\",\"xy\":\"751 92\"}],\"linkDataArray\":[{\"category\":\"Mapping\",\"visible\":true,\"from\":\"source:ApproveDeviceRegistration:UserId:\",\"to\":\"target:UserId:\",\"fromPort\":\"source:ApproveDeviceRegistration:UserId:\",\"toPort\":\"target:UserId:\"},{\"category\":\"Mapping\",\"visible\":true,\"from\":\"source:ApproveDeviceRegistration:username:\",\"to\":\"target:username:\",\"fromPort\":\"source:ApproveDeviceRegistration:username:\",\"toPort\":\"target:username:\"},{\"category\":\"Mapping\",\"visible\":true,\"from\":\"source:ApproveDeviceRegistration:usernameWithRandomNo:\",\"to\":\"target:usernameWithRandomNo:\",\"fromPort\":\"source:ApproveDeviceRegistration:usernameWithRandomNo:\",\"toPort\":\"target:usernameWithRandomNo:\"}],\"blockCount\":{\"variableCount\":0,\"constant\":1},\"variableMap\":{},\"xmlMappingOverride\":false}",
    "oVisualMappingData" : "{\"nodeDataArray\":[{\"isGroup\":true,\"key\":\"response_out\",\"text\":\"ApproveDeviceRegistration\",\"xy\":\"787 100\"},{\"isGroup\":true,\"key\":\"response_in\",\"text\":\"PushDeviceRegistrationOrch (2.0).getInviteCode\",\"xy\":\"150 100\"}],\"linkDataArray\":[{\"from\":\"target\",\"to\":\"target:ApproveDeviceRegistration\",\"fromPort\":\"target\",\"toPort\":\"target:ApproveDeviceRegistration\",\"visible\":true,\"common\":false},{\"from\":\"target:ApproveDeviceRegistration\",\"to\":\"target:ApproveDeviceRegistration:t_p_fields\",\"fromPort\":\"target:ApproveDeviceRegistration\",\"toPort\":\"target:ApproveDeviceRegistration:t_p_fields\",\"visible\":true,\"common\":false},{\"from\":\"target:ApproveDeviceRegistration:t_p_fields\",\"to\":\"target:ApproveDeviceRegistration:Authorization:\",\"fromPort\":\"target:ApproveDeviceRegistration:t_p_fields\",\"toPort\":\"target:ApproveDeviceRegistration:Authorization:\",\"visible\":true,\"common\":false},{\"from\":\"target:ApproveDeviceRegistration:t_p_fields\",\"to\":\"target:ApproveDeviceRegistration:detail_CreateDevice:\",\"fromPort\":\"target:ApproveDeviceRegistration:t_p_fields\",\"toPort\":\"target:ApproveDeviceRegistration:detail_CreateDevice:\",\"visible\":true,\"common\":false},{\"from\":\"target:ApproveDeviceRegistration:t_p_fields\",\"to\":\"target:ApproveDeviceRegistration:detail_updateDevice:\",\"fromPort\":\"target:ApproveDeviceRegistration:t_p_fields\",\"toPort\":\"target:ApproveDeviceRegistration:detail_updateDevice:\",\"visible\":true,\"common\":false},{\"from\":\"target:ApproveDeviceRegistration:t_p_fields\",\"to\":\"target:ApproveDeviceRegistration:DeviceId:\",\"fromPort\":\"target:ApproveDeviceRegistration:t_p_fields\",\"toPort\":\"target:ApproveDeviceRegistration:DeviceId:\",\"visible\":true,\"common\":false},{\"from\":\"target:ApproveDeviceRegistration:t_p_fields\",\"to\":\"target:ApproveDeviceRegistration:deviceIdOrch:\",\"fromPort\":\"target:ApproveDeviceRegistration:t_p_fields\",\"toPort\":\"target:ApproveDeviceRegistration:deviceIdOrch:\",\"visible\":true,\"common\":false},{\"from\":\"target:ApproveDeviceRegistration:t_p_fields\",\"to\":\"target:ApproveDeviceRegistration:deviceType:\",\"fromPort\":\"target:ApproveDeviceRegistration:t_p_fields\",\"toPort\":\"target:ApproveDeviceRegistration:deviceType:\",\"visible\":true,\"common\":false},{\"from\":\"target:ApproveDeviceRegistration:t_p_fields\",\"to\":\"target:ApproveDeviceRegistration:errorCode:\",\"fromPort\":\"target:ApproveDeviceRegistration:t_p_fields\",\"toPort\":\"target:ApproveDeviceRegistration:errorCode:\",\"visible\":true,\"common\":false},{\"from\":\"target:ApproveDeviceRegistration:t_p_fields\",\"to\":\"target:ApproveDeviceRegistration:errorCode_updateDevice:\",\"fromPort\":\"target:ApproveDeviceRegistration:t_p_fields\",\"toPort\":\"target:ApproveDeviceRegistration:errorCode_updateDevice:\",\"visible\":true,\"common\":false},{\"from\":\"target:ApproveDeviceRegistration:t_p_fields\",\"to\":\"target:ApproveDeviceRegistration:expiryDate:\",\"fromPort\":\"target:ApproveDeviceRegistration:t_p_fields\",\"toPort\":\"target:ApproveDeviceRegistration:expiryDate:\",\"visible\":true,\"common\":false},{\"from\":\"target:ApproveDeviceRegistration:t_p_fields\",\"to\":\"target:ApproveDeviceRegistration:provisionMsg:\",\"fromPort\":\"target:ApproveDeviceRegistration:t_p_fields\",\"toPort\":\"target:ApproveDeviceRegistration:provisionMsg:\",\"visible\":true,\"common\":false},{\"from\":\"target:ApproveDeviceRegistration:t_p_fields\",\"to\":\"target:ApproveDeviceRegistration:scimType:\",\"fromPort\":\"target:ApproveDeviceRegistration:t_p_fields\",\"toPort\":\"target:ApproveDeviceRegistration:scimType:\",\"visible\":true,\"common\":false},{\"from\":\"target:ApproveDeviceRegistration:t_p_fields\",\"to\":\"target:ApproveDeviceRegistration:startDate:\",\"fromPort\":\"target:ApproveDeviceRegistration:t_p_fields\",\"toPort\":\"target:ApproveDeviceRegistration:startDate:\",\"visible\":true,\"common\":false},{\"from\":\"target:ApproveDeviceRegistration:t_p_fields\",\"to\":\"target:ApproveDeviceRegistration:URL:\",\"fromPort\":\"target:ApproveDeviceRegistration:t_p_fields\",\"toPort\":\"target:ApproveDeviceRegistration:URL:\",\"visible\":true,\"common\":false},{\"from\":\"target:ApproveDeviceRegistration:t_p_fields\",\"to\":\"target:ApproveDeviceRegistration:UserId:\",\"fromPort\":\"target:ApproveDeviceRegistration:t_p_fields\",\"toPort\":\"target:ApproveDeviceRegistration:UserId:\",\"visible\":true,\"common\":false},{\"from\":\"target:ApproveDeviceRegistration:t_p_fields\",\"to\":\"target:ApproveDeviceRegistration:username:\",\"fromPort\":\"target:ApproveDeviceRegistration:t_p_fields\",\"toPort\":\"target:ApproveDeviceRegistration:username:\",\"visible\":true,\"common\":false},{\"from\":\"target:ApproveDeviceRegistration:t_p_fields\",\"to\":\"target:ApproveDeviceRegistration:usernameWithRandomNo:\",\"fromPort\":\"target:ApproveDeviceRegistration:t_p_fields\",\"toPort\":\"target:ApproveDeviceRegistration:usernameWithRandomNo:\",\"visible\":true,\"common\":false},{\"from\":\"target:ApproveDeviceRegistration:t_p_fields\",\"to\":\"target:ApproveDeviceRegistration:correlationId:\",\"fromPort\":\"target:ApproveDeviceRegistration:t_p_fields\",\"toPort\":\"target:ApproveDeviceRegistration:correlationId:\",\"visible\":true,\"common\":false},{\"from\":\"source\",\"to\":\"source:t_p_parameters\",\"fromPort\":\"source\",\"toPort\":\"source:t_p_parameters\",\"visible\":true,\"common\":false},{\"from\":\"source:t_p_parameters\",\"to\":\"source:DeviceId:\",\"fromPort\":\"source:t_p_parameters\",\"toPort\":\"source:DeviceId:\",\"visible\":true,\"common\":false},{\"from\":\"source:t_p_parameters\",\"to\":\"source:detail_CreateDevice:\",\"fromPort\":\"source:t_p_parameters\",\"toPort\":\"source:detail_CreateDevice:\",\"visible\":true,\"common\":false},{\"from\":\"source:t_p_parameters\",\"to\":\"source:detail_updateDevice:\",\"fromPort\":\"source:t_p_parameters\",\"toPort\":\"source:detail_updateDevice:\",\"visible\":true,\"common\":false},{\"from\":\"source:t_p_parameters\",\"to\":\"source:deviceIdOrch:\",\"fromPort\":\"source:t_p_parameters\",\"toPort\":\"source:deviceIdOrch:\",\"visible\":true,\"common\":false},{\"from\":\"source:t_p_parameters\",\"to\":\"source:errorCode:\",\"fromPort\":\"source:t_p_parameters\",\"toPort\":\"source:errorCode:\",\"visible\":true,\"common\":false},{\"from\":\"source:t_p_parameters\",\"to\":\"source:errorCode_updateDevice:\",\"fromPort\":\"source:t_p_parameters\",\"toPort\":\"source:errorCode_updateDevice:\",\"visible\":true,\"common\":false},{\"from\":\"source:t_p_parameters\",\"to\":\"source:provisionMsg:\",\"fromPort\":\"source:t_p_parameters\",\"toPort\":\"source:provisionMsg:\",\"visible\":true,\"common\":false},{\"from\":\"source:t_p_parameters\",\"to\":\"source:scimType:\",\"fromPort\":\"source:t_p_parameters\",\"toPort\":\"source:scimType:\",\"visible\":true,\"common\":false},{\"category\":\"Mapping\",\"visible\":true,\"from\":\"source:DeviceId:\",\"to\":\"target:ApproveDeviceRegistration:DeviceId:\",\"fromPort\":\"source:DeviceId:\",\"toPort\":\"target:ApproveDeviceRegistration:DeviceId:\"},{\"category\":\"Mapping\",\"visible\":true,\"from\":\"source:detail_CreateDevice:\",\"to\":\"target:ApproveDeviceRegistration:detail_CreateDevice:\",\"fromPort\":\"source:detail_CreateDevice:\",\"toPort\":\"target:ApproveDeviceRegistration:detail_CreateDevice:\"},{\"category\":\"Mapping\",\"visible\":true,\"from\":\"source:detail_updateDevice:\",\"to\":\"target:ApproveDeviceRegistration:detail_updateDevice:\",\"fromPort\":\"source:detail_updateDevice:\",\"toPort\":\"target:ApproveDeviceRegistration:detail_updateDevice:\"},{\"category\":\"Mapping\",\"visible\":true,\"from\":\"source:deviceIdOrch:\",\"to\":\"target:ApproveDeviceRegistration:deviceIdOrch:\",\"fromPort\":\"source:deviceIdOrch:\",\"toPort\":\"target:ApproveDeviceRegistration:deviceIdOrch:\"},{\"category\":\"Mapping\",\"visible\":true,\"from\":\"source:errorCode:\",\"to\":\"target:ApproveDeviceRegistration:errorCode:\",\"fromPort\":\"source:errorCode:\",\"toPort\":\"target:ApproveDeviceRegistration:errorCode:\"},{\"category\":\"Mapping\",\"visible\":true,\"from\":\"source:errorCode_updateDevice:\",\"to\":\"target:ApproveDeviceRegistration:errorCode_updateDevice:\",\"fromPort\":\"source:errorCode_updateDevice:\",\"toPort\":\"target:ApproveDeviceRegistration:errorCode_updateDevice:\"},{\"category\":\"Mapping\",\"visible\":true,\"from\":\"source:provisionMsg:\",\"to\":\"target:ApproveDeviceRegistration:provisionMsg:\",\"fromPort\":\"source:provisionMsg:\",\"toPort\":\"target:ApproveDeviceRegistration:provisionMsg:\"},{\"category\":\"Mapping\",\"visible\":true,\"from\":\"source:scimType:\",\"to\":\"target:ApproveDeviceRegistration:scimType:\",\"fromPort\":\"source:scimType:\",\"toPort\":\"target:ApproveDeviceRegistration:scimType:\"}],\"blockCount\":{\"variableCount\":0},\"variableMap\":{},\"xmlMappingOverride\":false}",
    "applyCommonMapping" : false,
    "applyRequestCommonMapping" : false,
    "applyResponseCommonMapping" : false,
    "backendMeta" : {
      "serviceName" : "PushDeviceRegistrationOrch",
      "serviceVersion" : "2.0",
      "operationName" : "getInviteCode"
    },
    "relationshipHierarchyMapping" : {
      "children" : [ ],
      "name" : "ApproveDeviceRegistration",
      "actions" : { },
      "selected" : true
    },
    "requestXmlMappingOverride" : false,
    "responseXmlMappingOverride" : false,
    "mapperData" : [ {
      "name" : "base mapper1",
      "order" : 1,
      "iMapping" : "<?xml version=\"1.0\" encoding=\"UTF-8\" standalone=\"yes\"?><mapper xmlns=\"http://www.kony.com/ns/mapper\">  <map inputpath=\"request_in\" outputpath=\"request_out\">    <set-param inputpath=\"UserId\" outputpath=\"UserId\"/>    <set-param inputpath=\"username\" outputpath=\"username\"/>    <set-param inputpath=\"usernameWithRandomNo\" outputpath=\"usernameWithRandomNo\"/>  </map></mapper>",
      "oMapping" : "<?xml version=\"1.0\" encoding=\"UTF-8\" standalone=\"yes\"?><mapper xmlns=\"http://www.kony.com/ns/mapper\">  <map inputpath=\"response_in\" outputpath=\"response_out\">    <map inputpath=\"\" outputpath=\"ApproveDeviceRegistration\">      <set-param inputpath=\"detail_CreateDevice\" outputpath=\"detail_CreateDevice\"/>      <set-param inputpath=\"detail_updateDevice\" outputpath=\"detail_updateDevice\"/>      <set-param inputpath=\"DeviceId\" outputpath=\"DeviceId\"/>      <set-param inputpath=\"deviceIdOrch\" outputpath=\"deviceIdOrch\"/>      <set-param inputpath=\"errorCode\" outputpath=\"errorCode\"/>      <set-param inputpath=\"errorCode_updateDevice\" outputpath=\"errorCode_updateDevice\"/>      <set-param inputpath=\"provisionMsg\" outputpath=\"provisionMsg\"/>      <set-param inputpath=\"scimType\" outputpath=\"scimType\"/>    </map>  </map></mapper>",
      "iVisualMappingData" : "{\"nodeDataArray\":[{\"isGroup\":true,\"key\":\"request_in\",\"text\":\"ApproveDeviceRegistration\",\"xy\":\"150 100\"},{\"isGroup\":true,\"key\":\"request_out\",\"text\":\"PushDeviceRegistrationOrch (2.0).getInviteCode\",\"xy\":\"751 92\"}],\"linkDataArray\":[{\"category\":\"Mapping\",\"visible\":true,\"from\":\"source:ApproveDeviceRegistration:UserId:\",\"to\":\"target:UserId:\",\"fromPort\":\"source:ApproveDeviceRegistration:UserId:\",\"toPort\":\"target:UserId:\"},{\"category\":\"Mapping\",\"visible\":true,\"from\":\"source:ApproveDeviceRegistration:username:\",\"to\":\"target:username:\",\"fromPort\":\"source:ApproveDeviceRegistration:username:\",\"toPort\":\"target:username:\"},{\"category\":\"Mapping\",\"visible\":true,\"from\":\"source:ApproveDeviceRegistration:usernameWithRandomNo:\",\"to\":\"target:usernameWithRandomNo:\",\"fromPort\":\"source:ApproveDeviceRegistration:usernameWithRandomNo:\",\"toPort\":\"target:usernameWithRandomNo:\"},{\"from\":\"source\",\"to\":\"source:ApproveDeviceRegistration\",\"fromPort\":\"source\",\"toPort\":\"source:ApproveDeviceRegistration\",\"visible\":true,\"common\":false},{\"from\":\"source:ApproveDeviceRegistration\",\"to\":\"source:ApproveDeviceRegistration:t_p_fields\",\"fromPort\":\"source:ApproveDeviceRegistration\",\"toPort\":\"source:ApproveDeviceRegistration:t_p_fields\",\"visible\":true,\"common\":false},{\"from\":\"source:ApproveDeviceRegistration:t_p_fields\",\"to\":\"source:ApproveDeviceRegistration:Authorization:\",\"fromPort\":\"source:ApproveDeviceRegistration:t_p_fields\",\"toPort\":\"source:ApproveDeviceRegistration:Authorization:\",\"visible\":true,\"common\":false},{\"from\":\"source:ApproveDeviceRegistration:t_p_fields\",\"to\":\"source:ApproveDeviceRegistration:detail_CreateDevice:\",\"fromPort\":\"source:ApproveDeviceRegistration:t_p_fields\",\"toPort\":\"source:ApproveDeviceRegistration:detail_CreateDevice:\",\"visible\":true,\"common\":false},{\"from\":\"source:ApproveDeviceRegistration:t_p_fields\",\"to\":\"source:ApproveDeviceRegistration:detail_updateDevice:\",\"fromPort\":\"source:ApproveDeviceRegistration:t_p_fields\",\"toPort\":\"source:ApproveDeviceRegistration:detail_updateDevice:\",\"visible\":true,\"common\":false},{\"from\":\"source:ApproveDeviceRegistration:t_p_fields\",\"to\":\"source:ApproveDeviceRegistration:DeviceId:\",\"fromPort\":\"source:ApproveDeviceRegistration:t_p_fields\",\"toPort\":\"source:ApproveDeviceRegistration:DeviceId:\",\"visible\":true,\"common\":false},{\"from\":\"source:ApproveDeviceRegistration:t_p_fields\",\"to\":\"source:ApproveDeviceRegistration:deviceIdOrch:\",\"fromPort\":\"source:ApproveDeviceRegistration:t_p_fields\",\"toPort\":\"source:ApproveDeviceRegistration:deviceIdOrch:\",\"visible\":true,\"common\":false},{\"from\":\"source:ApproveDeviceRegistration:t_p_fields\",\"to\":\"source:ApproveDeviceRegistration:deviceType:\",\"fromPort\":\"source:ApproveDeviceRegistration:t_p_fields\",\"toPort\":\"source:ApproveDeviceRegistration:deviceType:\",\"visible\":true,\"common\":false},{\"from\":\"source:ApproveDeviceRegistration:t_p_fields\",\"to\":\"source:ApproveDeviceRegistration:errorCode:\",\"fromPort\":\"source:ApproveDeviceRegistration:t_p_fields\",\"toPort\":\"source:ApproveDeviceRegistration:errorCode:\",\"visible\":true,\"common\":false},{\"from\":\"source:ApproveDeviceRegistration:t_p_fields\",\"to\":\"source:ApproveDeviceRegistration:errorCode_updateDevice:\",\"fromPort\":\"source:ApproveDeviceRegistration:t_p_fields\",\"toPort\":\"source:ApproveDeviceRegistration:errorCode_updateDevice:\",\"visible\":true,\"common\":false},{\"from\":\"source:ApproveDeviceRegistration:t_p_fields\",\"to\":\"source:ApproveDeviceRegistration:expiryDate:\",\"fromPort\":\"source:ApproveDeviceRegistration:t_p_fields\",\"toPort\":\"source:ApproveDeviceRegistration:expiryDate:\",\"visible\":true,\"common\":false},{\"from\":\"source:ApproveDeviceRegistration:t_p_fields\",\"to\":\"source:ApproveDeviceRegistration:provisionMsg:\",\"fromPort\":\"source:ApproveDeviceRegistration:t_p_fields\",\"toPort\":\"source:ApproveDeviceRegistration:provisionMsg:\",\"visible\":true,\"common\":false},{\"from\":\"source:ApproveDeviceRegistration:t_p_fields\",\"to\":\"source:ApproveDeviceRegistration:scimType:\",\"fromPort\":\"source:ApproveDeviceRegistration:t_p_fields\",\"toPort\":\"source:ApproveDeviceRegistration:scimType:\",\"visible\":true,\"common\":false},{\"from\":\"source:ApproveDeviceRegistration:t_p_fields\",\"to\":\"source:ApproveDeviceRegistration:startDate:\",\"fromPort\":\"source:ApproveDeviceRegistration:t_p_fields\",\"toPort\":\"source:ApproveDeviceRegistration:startDate:\",\"visible\":true,\"common\":false},{\"from\":\"source:ApproveDeviceRegistration:t_p_fields\",\"to\":\"source:ApproveDeviceRegistration:URL:\",\"fromPort\":\"source:ApproveDeviceRegistration:t_p_fields\",\"toPort\":\"source:ApproveDeviceRegistration:URL:\",\"visible\":true,\"common\":false},{\"from\":\"source:ApproveDeviceRegistration:t_p_fields\",\"to\":\"source:ApproveDeviceRegistration:UserId:\",\"fromPort\":\"source:ApproveDeviceRegistration:t_p_fields\",\"toPort\":\"source:ApproveDeviceRegistration:UserId:\",\"visible\":true,\"common\":false},{\"from\":\"source:ApproveDeviceRegistration:t_p_fields\",\"to\":\"source:ApproveDeviceRegistration:username:\",\"fromPort\":\"source:ApproveDeviceRegistration:t_p_fields\",\"toPort\":\"source:ApproveDeviceRegistration:username:\",\"visible\":true,\"common\":false},{\"from\":\"source:ApproveDeviceRegistration:t_p_fields\",\"to\":\"source:ApproveDeviceRegistration:usernameWithRandomNo:\",\"fromPort\":\"source:ApproveDeviceRegistration:t_p_fields\",\"toPort\":\"source:ApproveDeviceRegistration:usernameWithRandomNo:\",\"visible\":true,\"common\":false},{\"from\":\"source:ApproveDeviceRegistration:t_p_fields\",\"to\":\"source:ApproveDeviceRegistration:correlationId:\",\"fromPort\":\"source:ApproveDeviceRegistration:t_p_fields\",\"toPort\":\"source:ApproveDeviceRegistration:correlationId:\",\"visible\":true,\"common\":false},{\"from\":\"target\",\"to\":\"target:t_p_parameters\",\"fromPort\":\"target\",\"toPort\":\"target:t_p_parameters\",\"visible\":true,\"common\":false},{\"from\":\"target:t_p_parameters\",\"to\":\"target:DeviceId:\",\"fromPort\":\"target:t_p_parameters\",\"toPort\":\"target:DeviceId:\",\"visible\":true,\"common\":false},{\"from\":\"target:t_p_parameters\",\"to\":\"target:URL:\",\"fromPort\":\"target:t_p_parameters\",\"toPort\":\"target:URL:\",\"visible\":true,\"common\":false},{\"from\":\"target:t_p_parameters\",\"to\":\"target:UserId:\",\"fromPort\":\"target:t_p_parameters\",\"toPort\":\"target:UserId:\",\"visible\":true,\"common\":false},{\"from\":\"target:t_p_parameters\",\"to\":\"target:deviceType:\",\"fromPort\":\"target:t_p_parameters\",\"toPort\":\"target:deviceType:\",\"visible\":true,\"common\":false},{\"from\":\"target:t_p_parameters\",\"to\":\"target:expiryDate:\",\"fromPort\":\"target:t_p_parameters\",\"toPort\":\"target:expiryDate:\",\"visible\":true,\"common\":false},{\"from\":\"target:t_p_parameters\",\"to\":\"target:startDate:\",\"fromPort\":\"target:t_p_parameters\",\"toPort\":\"target:startDate:\",\"visible\":true,\"common\":false},{\"from\":\"target:t_p_parameters\",\"to\":\"target:username:\",\"fromPort\":\"target:t_p_parameters\",\"toPort\":\"target:username:\",\"visible\":true,\"common\":false},{\"from\":\"target:t_p_parameters\",\"to\":\"target:usernameWithRandomNo:\",\"fromPort\":\"target:t_p_parameters\",\"toPort\":\"target:usernameWithRandomNo:\",\"visible\":true,\"common\":false}],\"blockCount\":{\"variableCount\":0,\"constant\":1},\"variableMap\":{},\"xmlMappingOverride\":false}",
      "oVisualMappingData" : "{\"nodeDataArray\":[{\"isGroup\":true,\"key\":\"response_out\",\"text\":\"ApproveDeviceRegistration\",\"xy\":\"787 100\"},{\"isGroup\":true,\"key\":\"response_in\",\"text\":\"PushDeviceRegistrationOrch (2.0).getInviteCode\",\"xy\":\"150 100\"}],\"linkDataArray\":[{\"from\":\"target\",\"to\":\"target:ApproveDeviceRegistration\",\"fromPort\":\"target\",\"toPort\":\"target:ApproveDeviceRegistration\",\"visible\":true,\"common\":false},{\"from\":\"target:ApproveDeviceRegistration\",\"to\":\"target:ApproveDeviceRegistration:t_p_fields\",\"fromPort\":\"target:ApproveDeviceRegistration\",\"toPort\":\"target:ApproveDeviceRegistration:t_p_fields\",\"visible\":true,\"common\":false},{\"from\":\"target:ApproveDeviceRegistration:t_p_fields\",\"to\":\"target:ApproveDeviceRegistration:Authorization:\",\"fromPort\":\"target:ApproveDeviceRegistration:t_p_fields\",\"toPort\":\"target:ApproveDeviceRegistration:Authorization:\",\"visible\":true,\"common\":false},{\"from\":\"target:ApproveDeviceRegistration:t_p_fields\",\"to\":\"target:ApproveDeviceRegistration:detail_CreateDevice:\",\"fromPort\":\"target:ApproveDeviceRegistration:t_p_fields\",\"toPort\":\"target:ApproveDeviceRegistration:detail_CreateDevice:\",\"visible\":true,\"common\":false},{\"from\":\"target:ApproveDeviceRegistration:t_p_fields\",\"to\":\"target:ApproveDeviceRegistration:detail_updateDevice:\",\"fromPort\":\"target:ApproveDeviceRegistration:t_p_fields\",\"toPort\":\"target:ApproveDeviceRegistration:detail_updateDevice:\",\"visible\":true,\"common\":false},{\"from\":\"target:ApproveDeviceRegistration:t_p_fields\",\"to\":\"target:ApproveDeviceRegistration:DeviceId:\",\"fromPort\":\"target:ApproveDeviceRegistration:t_p_fields\",\"toPort\":\"target:ApproveDeviceRegistration:DeviceId:\",\"visible\":true,\"common\":false},{\"from\":\"target:ApproveDeviceRegistration:t_p_fields\",\"to\":\"target:ApproveDeviceRegistration:deviceIdOrch:\",\"fromPort\":\"target:ApproveDeviceRegistration:t_p_fields\",\"toPort\":\"target:ApproveDeviceRegistration:deviceIdOrch:\",\"visible\":true,\"common\":false},{\"from\":\"target:ApproveDeviceRegistration:t_p_fields\",\"to\":\"target:ApproveDeviceRegistration:deviceType:\",\"fromPort\":\"target:ApproveDeviceRegistration:t_p_fields\",\"toPort\":\"target:ApproveDeviceRegistration:deviceType:\",\"visible\":true,\"common\":false},{\"from\":\"target:ApproveDeviceRegistration:t_p_fields\",\"to\":\"target:ApproveDeviceRegistration:errorCode:\",\"fromPort\":\"target:ApproveDeviceRegistration:t_p_fields\",\"toPort\":\"target:ApproveDeviceRegistration:errorCode:\",\"visible\":true,\"common\":false},{\"from\":\"target:ApproveDeviceRegistration:t_p_fields\",\"to\":\"target:ApproveDeviceRegistration:errorCode_updateDevice:\",\"fromPort\":\"target:ApproveDeviceRegistration:t_p_fields\",\"toPort\":\"target:ApproveDeviceRegistration:errorCode_updateDevice:\",\"visible\":true,\"common\":false},{\"from\":\"target:ApproveDeviceRegistration:t_p_fields\",\"to\":\"target:ApproveDeviceRegistration:expiryDate:\",\"fromPort\":\"target:ApproveDeviceRegistration:t_p_fields\",\"toPort\":\"target:ApproveDeviceRegistration:expiryDate:\",\"visible\":true,\"common\":false},{\"from\":\"target:ApproveDeviceRegistration:t_p_fields\",\"to\":\"target:ApproveDeviceRegistration:provisionMsg:\",\"fromPort\":\"target:ApproveDeviceRegistration:t_p_fields\",\"toPort\":\"target:ApproveDeviceRegistration:provisionMsg:\",\"visible\":true,\"common\":false},{\"from\":\"target:ApproveDeviceRegistration:t_p_fields\",\"to\":\"target:ApproveDeviceRegistration:scimType:\",\"fromPort\":\"target:ApproveDeviceRegistration:t_p_fields\",\"toPort\":\"target:ApproveDeviceRegistration:scimType:\",\"visible\":true,\"common\":false},{\"from\":\"target:ApproveDeviceRegistration:t_p_fields\",\"to\":\"target:ApproveDeviceRegistration:startDate:\",\"fromPort\":\"target:ApproveDeviceRegistration:t_p_fields\",\"toPort\":\"target:ApproveDeviceRegistration:startDate:\",\"visible\":true,\"common\":false},{\"from\":\"target:ApproveDeviceRegistration:t_p_fields\",\"to\":\"target:ApproveDeviceRegistration:URL:\",\"fromPort\":\"target:ApproveDeviceRegistration:t_p_fields\",\"toPort\":\"target:ApproveDeviceRegistration:URL:\",\"visible\":true,\"common\":false},{\"from\":\"target:ApproveDeviceRegistration:t_p_fields\",\"to\":\"target:ApproveDeviceRegistration:UserId:\",\"fromPort\":\"target:ApproveDeviceRegistration:t_p_fields\",\"toPort\":\"target:ApproveDeviceRegistration:UserId:\",\"visible\":true,\"common\":false},{\"from\":\"target:ApproveDeviceRegistration:t_p_fields\",\"to\":\"target:ApproveDeviceRegistration:username:\",\"fromPort\":\"target:ApproveDeviceRegistration:t_p_fields\",\"toPort\":\"target:ApproveDeviceRegistration:username:\",\"visible\":true,\"common\":false},{\"from\":\"target:ApproveDeviceRegistration:t_p_fields\",\"to\":\"target:ApproveDeviceRegistration:usernameWithRandomNo:\",\"fromPort\":\"target:ApproveDeviceRegistration:t_p_fields\",\"toPort\":\"target:ApproveDeviceRegistration:usernameWithRandomNo:\",\"visible\":true,\"common\":false},{\"from\":\"target:ApproveDeviceRegistration:t_p_fields\",\"to\":\"target:ApproveDeviceRegistration:correlationId:\",\"fromPort\":\"target:ApproveDeviceRegistration:t_p_fields\",\"toPort\":\"target:ApproveDeviceRegistration:correlationId:\",\"visible\":true,\"common\":false},{\"from\":\"source\",\"to\":\"source:t_p_parameters\",\"fromPort\":\"source\",\"toPort\":\"source:t_p_parameters\",\"visible\":true,\"common\":false},{\"from\":\"source:t_p_parameters\",\"to\":\"source:DeviceId:\",\"fromPort\":\"source:t_p_parameters\",\"toPort\":\"source:DeviceId:\",\"visible\":true,\"common\":false},{\"from\":\"source:t_p_parameters\",\"to\":\"source:detail_CreateDevice:\",\"fromPort\":\"source:t_p_parameters\",\"toPort\":\"source:detail_CreateDevice:\",\"visible\":true,\"common\":false},{\"from\":\"source:t_p_parameters\",\"to\":\"source:detail_updateDevice:\",\"fromPort\":\"source:t_p_parameters\",\"toPort\":\"source:detail_updateDevice:\",\"visible\":true,\"common\":false},{\"from\":\"source:t_p_parameters\",\"to\":\"source:deviceIdOrch:\",\"fromPort\":\"source:t_p_parameters\",\"toPort\":\"source:deviceIdOrch:\",\"visible\":true,\"common\":false},{\"from\":\"source:t_p_parameters\",\"to\":\"source:errorCode:\",\"fromPort\":\"source:t_p_parameters\",\"toPort\":\"source:errorCode:\",\"visible\":true,\"common\":false},{\"from\":\"source:t_p_parameters\",\"to\":\"source:errorCode_updateDevice:\",\"fromPort\":\"source:t_p_parameters\",\"toPort\":\"source:errorCode_updateDevice:\",\"visible\":true,\"common\":false},{\"from\":\"source:t_p_parameters\",\"to\":\"source:provisionMsg:\",\"fromPort\":\"source:t_p_parameters\",\"toPort\":\"source:provisionMsg:\",\"visible\":true,\"common\":false},{\"from\":\"source:t_p_parameters\",\"to\":\"source:scimType:\",\"fromPort\":\"source:t_p_parameters\",\"toPort\":\"source:scimType:\",\"visible\":true,\"common\":false},{\"category\":\"Mapping\",\"visible\":true,\"from\":\"source:DeviceId:\",\"to\":\"target:ApproveDeviceRegistration:DeviceId:\",\"fromPort\":\"source:DeviceId:\",\"toPort\":\"target:ApproveDeviceRegistration:DeviceId:\"},{\"category\":\"Mapping\",\"visible\":true,\"from\":\"source:detail_CreateDevice:\",\"to\":\"target:ApproveDeviceRegistration:detail_CreateDevice:\",\"fromPort\":\"source:detail_CreateDevice:\",\"toPort\":\"target:ApproveDeviceRegistration:detail_CreateDevice:\"},{\"category\":\"Mapping\",\"visible\":true,\"from\":\"source:detail_updateDevice:\",\"to\":\"target:ApproveDeviceRegistration:detail_updateDevice:\",\"fromPort\":\"source:detail_updateDevice:\",\"toPort\":\"target:ApproveDeviceRegistration:detail_updateDevice:\"},{\"category\":\"Mapping\",\"visible\":true,\"from\":\"source:deviceIdOrch:\",\"to\":\"target:ApproveDeviceRegistration:deviceIdOrch:\",\"fromPort\":\"source:deviceIdOrch:\",\"toPort\":\"target:ApproveDeviceRegistration:deviceIdOrch:\"},{\"category\":\"Mapping\",\"visible\":true,\"from\":\"source:errorCode:\",\"to\":\"target:ApproveDeviceRegistration:errorCode:\",\"fromPort\":\"source:errorCode:\",\"toPort\":\"target:ApproveDeviceRegistration:errorCode:\"},{\"category\":\"Mapping\",\"visible\":true,\"from\":\"source:errorCode_updateDevice:\",\"to\":\"target:ApproveDeviceRegistration:errorCode_updateDevice:\",\"fromPort\":\"source:errorCode_updateDevice:\",\"toPort\":\"target:ApproveDeviceRegistration:errorCode_updateDevice:\"},{\"category\":\"Mapping\",\"visible\":true,\"from\":\"source:provisionMsg:\",\"to\":\"target:ApproveDeviceRegistration:provisionMsg:\",\"fromPort\":\"source:provisionMsg:\",\"toPort\":\"target:ApproveDeviceRegistration:provisionMsg:\"},{\"category\":\"Mapping\",\"visible\":true,\"from\":\"source:scimType:\",\"to\":\"target:ApproveDeviceRegistration:scimType:\",\"fromPort\":\"source:scimType:\",\"toPort\":\"target:ApproveDeviceRegistration:scimType:\"}],\"blockCount\":{\"variableCount\":0},\"variableMap\":{},\"xmlMappingOverride\":false}",
      "requestXmlMappingOverride" : false,
      "responseXmlMappingOverride" : false,
      "disabled" : false,
      "applyCommonMapping" : false,
      "applyRequestCommonMapping" : false,
      "applyResponseCommonMapping" : false
    } ]
  },
  "enableFrontendUrl" : false,
  "customVerb" : false
}