{
  "operationConfig" : {
    "name" : "TXOOBAuth4246",
    "type" : "MappedToBackend",
    "cachable" : false,
    "smsEnabled" : false,
    "security" : "authorized_app",
    "responseEncoding" : "UTF-8",
    "httpMethod" : "GET",
    "decodeResponseBody" : false,
    "iMapping" : "<?xml version=\"1.0\" encoding=\"UTF-8\" standalone=\"yes\"?>\n<mapper xmlns=\"http://www.kony.com/ns/mapper\">\n    <map inputpath=\"request_in\" outputpath=\"request_out\">\n        <set-param inputpath=\"ExternalUserId\" outputpath=\"ExternalUserId\"/>\n    </map>\n</mapper>\n",
    "oMapping" : "<?xml version=\"1.0\" encoding=\"UTF-8\" standalone=\"yes\"?>\n<mapper xmlns=\"http://www.kony.com/ns/mapper\">\n    <map inputpath=\"response_in\" outputpath=\"response_out\">\n        <map inputpath=\"\" outputpath=\"AddAuthenticatorTXOOB\">\n            <set-param inputpath=\"Authid\" outputpath=\"Authid\"/>\n            <set-param inputpath=\"active_status\" outputpath=\"active_status\"/>\n            <set-param inputpath=\"scimType_TXOTP\" outputpath=\"scimType_TXOTP\"/>\n        </map>\n    </map>\n</mapper>\n",
    "iVisualMappingData" : "{\"nodeDataArray\":[{\"isGroup\":true,\"key\":\"request_in\",\"text\":\"AddAuthenticatorTXOOB\",\"xy\":\"150 100\"},{\"isGroup\":true,\"key\":\"request_out\",\"text\":\"TransactionAuthServices (1.0).TXOOBAuth\",\"xy\":\"770 100\"}],\"linkDataArray\":[{\"category\":\"Mapping\",\"visible\":true,\"from\":\"source:AddAuthenticatorTXOOB:ExternalUserId:\",\"to\":\"target:ExternalUserId:\",\"fromPort\":\"source:AddAuthenticatorTXOOB:ExternalUserId:\",\"toPort\":\"target:ExternalUserId:\"}],\"blockCount\":{\"variableCount\":0},\"variableMap\":{},\"xmlMappingOverride\":false}",
    "oVisualMappingData" : "{\"nodeDataArray\":[{\"isGroup\":true,\"key\":\"response_out\",\"text\":\"AddAuthenticatorTXOOB\",\"xy\":\"770 100\"},{\"isGroup\":true,\"key\":\"response_in\",\"text\":\"TransactionAuthServices (1.0).TXOOBAuth\",\"xy\":\"150 100\"}],\"linkDataArray\":[{\"category\":\"Mapping\",\"visible\":true,\"from\":\"source:active_status:\",\"to\":\"target:AddAuthenticatorTXOOB:active_status:\",\"fromPort\":\"source:active_status:\",\"toPort\":\"target:AddAuthenticatorTXOOB:active_status:\"},{\"category\":\"Mapping\",\"visible\":true,\"from\":\"source:Authid:\",\"to\":\"target:AddAuthenticatorTXOOB:Authid:\",\"fromPort\":\"source:Authid:\",\"toPort\":\"target:AddAuthenticatorTXOOB:Authid:\"},{\"category\":\"Mapping\",\"visible\":true,\"from\":\"source:scimType_TXOTP:\",\"to\":\"target:AddAuthenticatorTXOOB:scimType_TXOTP:\",\"fromPort\":\"source:scimType_TXOTP:\",\"toPort\":\"target:AddAuthenticatorTXOOB:scimType_TXOTP:\"}],\"blockCount\":{\"variableCount\":0},\"variableMap\":{},\"xmlMappingOverride\":false}",
    "applyCommonMapping" : false,
    "applyRequestCommonMapping" : false,
    "applyResponseCommonMapping" : false,
    "backendMeta" : {
      "serviceName" : "TransactionAuthServices",
      "serviceVersion" : "1.0",
      "operationName" : "AddTXOOBAuth"
    },
    "relationshipHierarchyMapping" : {
      "name" : "AddAuthenticatorTXOOB",
      "children" : [ ],
      "actions" : { },
      "selected" : true
    },
    "requestXmlMappingOverride" : false,
    "responseXmlMappingOverride" : false,
    "mapperData" : [ {
      "name" : "base mapper1",
      "order" : 1,
      "iMapping" : "<?xml version=\"1.0\" encoding=\"UTF-8\" standalone=\"yes\"?>\n<mapper xmlns=\"http://www.kony.com/ns/mapper\">\n    <map inputpath=\"request_in\" outputpath=\"request_out\">\n        <set-param inputpath=\"ExternalUserId\" outputpath=\"ExternalUserId\"/>\n    </map>\n</mapper>\n",
      "oMapping" : "<?xml version=\"1.0\" encoding=\"UTF-8\" standalone=\"yes\"?><mapper xmlns=\"http://www.kony.com/ns/mapper\">  <map inputpath=\"response_in\" outputpath=\"response_out\">    <map inputpath=\"\" outputpath=\"AddAuthenticatorTXOOB\">      <set-param inputpath=\"Authid\" outputpath=\"Authid\"/>      <set-param inputpath=\"active_status\" outputpath=\"active_status\"/>      <set-param inputpath=\"scimType_TXOTP\" outputpath=\"scimType_TXOTP\"/>    </map>  </map></mapper>",
      "iVisualMappingData" : "{\"nodeDataArray\":[{\"isGroup\":true,\"key\":\"request_in\",\"text\":\"AddAuthenticatorTXOOB\",\"xy\":\"150 100\"},{\"isGroup\":true,\"key\":\"request_out\",\"text\":\"TransactionAuthServices (1.0).TXOOBAuth\",\"xy\":\"770 100\"}],\"linkDataArray\":[{\"category\":\"Mapping\",\"visible\":true,\"from\":\"source:AddAuthenticatorTXOOB:ExternalUserId:\",\"to\":\"target:ExternalUserId:\",\"fromPort\":\"source:AddAuthenticatorTXOOB:ExternalUserId:\",\"toPort\":\"target:ExternalUserId:\"}],\"blockCount\":{\"variableCount\":0},\"variableMap\":{},\"xmlMappingOverride\":false}",
      "oVisualMappingData" : "{\"nodeDataArray\":[{\"isGroup\":true,\"key\":\"response_out\",\"text\":\"AddAuthenticatorTXOOB\",\"xy\":\"770 100\"},{\"isGroup\":true,\"key\":\"response_in\",\"text\":\"TransactionAuthServices (1.0).TXOOBAuth\",\"xy\":\"150 100\"}],\"linkDataArray\":[{\"from\":\"target\",\"to\":\"target:AddAuthenticatorTXOOB\",\"fromPort\":\"target\",\"toPort\":\"target:AddAuthenticatorTXOOB\",\"visible\":true,\"common\":false},{\"from\":\"target:AddAuthenticatorTXOOB\",\"to\":\"target:AddAuthenticatorTXOOB:t_p_fields\",\"fromPort\":\"target:AddAuthenticatorTXOOB\",\"toPort\":\"target:AddAuthenticatorTXOOB:t_p_fields\",\"visible\":true,\"common\":false},{\"from\":\"target:AddAuthenticatorTXOOB:t_p_fields\",\"to\":\"target:AddAuthenticatorTXOOB:ExternalUserId:\",\"fromPort\":\"target:AddAuthenticatorTXOOB:t_p_fields\",\"toPort\":\"target:AddAuthenticatorTXOOB:ExternalUserId:\",\"visible\":true,\"common\":false},{\"from\":\"target:AddAuthenticatorTXOOB:t_p_fields\",\"to\":\"target:AddAuthenticatorTXOOB:Authid:\",\"fromPort\":\"target:AddAuthenticatorTXOOB:t_p_fields\",\"toPort\":\"target:AddAuthenticatorTXOOB:Authid:\",\"visible\":true,\"common\":false},{\"from\":\"target:AddAuthenticatorTXOOB:t_p_fields\",\"to\":\"target:AddAuthenticatorTXOOB:active_status:\",\"fromPort\":\"target:AddAuthenticatorTXOOB:t_p_fields\",\"toPort\":\"target:AddAuthenticatorTXOOB:active_status:\",\"visible\":true,\"common\":false},{\"from\":\"target:AddAuthenticatorTXOOB:t_p_fields\",\"to\":\"target:AddAuthenticatorTXOOB:scimType_TXOTP:\",\"fromPort\":\"target:AddAuthenticatorTXOOB:t_p_fields\",\"toPort\":\"target:AddAuthenticatorTXOOB:scimType_TXOTP:\",\"visible\":true,\"common\":false},{\"from\":\"source\",\"to\":\"source:t_p_parameters\",\"fromPort\":\"source\",\"toPort\":\"source:t_p_parameters\",\"visible\":true,\"common\":false},{\"from\":\"source:t_p_parameters\",\"to\":\"source:active_status:\",\"fromPort\":\"source:t_p_parameters\",\"toPort\":\"source:active_status:\",\"visible\":true,\"common\":false},{\"from\":\"source:t_p_parameters\",\"to\":\"source:Authid:\",\"fromPort\":\"source:t_p_parameters\",\"toPort\":\"source:Authid:\",\"visible\":true,\"common\":false},{\"from\":\"source:t_p_parameters\",\"to\":\"source:scimType_TXOTP:\",\"fromPort\":\"source:t_p_parameters\",\"toPort\":\"source:scimType_TXOTP:\",\"visible\":true,\"common\":false},{\"category\":\"Mapping\",\"visible\":true,\"from\":\"source:active_status:\",\"to\":\"target:AddAuthenticatorTXOOB:active_status:\",\"fromPort\":\"source:active_status:\",\"toPort\":\"target:AddAuthenticatorTXOOB:active_status:\"},{\"category\":\"Mapping\",\"visible\":true,\"from\":\"source:Authid:\",\"to\":\"target:AddAuthenticatorTXOOB:Authid:\",\"fromPort\":\"source:Authid:\",\"toPort\":\"target:AddAuthenticatorTXOOB:Authid:\"},{\"category\":\"Mapping\",\"visible\":true,\"from\":\"source:scimType_TXOTP:\",\"to\":\"target:AddAuthenticatorTXOOB:scimType_TXOTP:\",\"fromPort\":\"source:scimType_TXOTP:\",\"toPort\":\"target:AddAuthenticatorTXOOB:scimType_TXOTP:\"}],\"blockCount\":{\"variableCount\":0},\"variableMap\":{},\"xmlMappingOverride\":false}",
      "requestXmlMappingOverride" : false,
      "responseXmlMappingOverride" : false,
      "disabled" : false,
      "applyCommonMapping" : false,
      "applyRequestCommonMapping" : false,
      "applyResponseCommonMapping" : false
    } ]
  },
  "enableFrontendUrl" : false,
  "customVerb" : false
}