<?xml version="1.0" encoding="UTF-8" standalone="yes"?>
<service serviceGroup="" cachable="false" cacheduration="" customOperation="false" description="" endpoint="default" groupType="" id="addPasswordAuthenticatorInt" passwordencrypted="false" security="public" type="jsonConnector" smscode="" smsenabled="false">
    <service-config>
        <config-param api-version="" appid="" name="preprocessorname" value="com.hid.onboarding.preprocessor.AddPasswordPreProcessor"/>
        <config-param api-version="" appid="" name="postprocessorname" value="com.hid.onboarding.postprocessor.AddPasswordPostProcessor"/>
        <config-param api-version="" appid="" name="preprocessorJS" value=""/>
        <config-param api-version="" appid="" name="postprocessorJS" value=""/>
        <config-param api-version="" appid="" name="preprocessorRules" value=""/>
        <config-param api-version="" appid="" name="postprocessorRules" value=""/>
        <config-param api-version="" appid="" name="kony_http_supported_methods" value="POST"/>
        <config-param api-version="" appid="" name="endpointUrl" value="https://__$HOST__/scim/__$TENANT__/v2/Authenticator"/>
        <config-param api-version="" appid="" name="ignorehttpproxy" value="true"/>
        <config-param api-version="" appid="" name="http.method" value="POST"/>
        <config-param api-version="" appid="" name="dataObjectName" value=""/>
        <config-param api-version="" appid="" name="sockettimeout" value=""/>
        <config-param api-version="" appid="" name="responseEncoding" value="UTF-8"/>
        <config-param api-version="" appid="" name="isembedxmlpresent" value="false"/>
        <config-param api-version="" appid="" name="retrycount" value="0"/>
        <config-param api-version="" appid="" name="urlprovider" value="com.hid.common.ServiceUrlProvider"/>
        <config-param api-version="" appid="" name="jsonpath" value="true"/>
    </service-config>
    <service-input passthrough="false" isExtended="false">
        <header datatype="" name="" passthrough="false" isExtended="false">
            <param datatype="string" defaultvalue="" description="" encode="false" format="None" formatvalue="" name="Content-Type" order="" paramOrder="0" parentOrder="0" sms-name="" src="constant" sourcevalue="application/scim+json" srcformatvalue="" target="" targetdatatype="" testvalue="" value="" isExtended="false">
                <accessType></accessType>
            </param>
            <param datatype="string" defaultvalue="" description="" encode="false" format="None" formatvalue="" name="Accept" order="" paramOrder="0" parentOrder="0" sms-name="" src="constant" sourcevalue="application/scim+json" srcformatvalue="" target="" targetdatatype="" testvalue="" value="" isExtended="false">
                <accessType></accessType>
            </param>
            <param datatype="string" defaultvalue="" description="" encode="false" format="None" formatvalue="" name="Authorization" order="" paramOrder="0" parentOrder="0" sms-name="" src="request" sourcevalue="" srcformatvalue="" target="" targetdatatype="" testvalue="" value="" isExtended="false">
                <accessType></accessType>
            </param>
        </header>
        <param datatype="string" defaultvalue="" description="" encode="true" format="None" formatvalue="" name="username" order="" paramOrder="1" parentOrder="-1" passnull="false" sms-name="" src="request" sourcevalue="" srcformatvalue="" target="request" targetdatatype="java.lang.String" testvalue="cron77" value="" isExtended="false">
            <accessType></accessType>
        </param>
        <param datatype="string" defaultvalue="" description="" encode="true" format="None" formatvalue="" name="password" order="" paramOrder="2" parentOrder="-1" passnull="false" sms-name="" src="request" sourcevalue="" srcformatvalue="" target="request" targetdatatype="java.lang.String" testvalue="Password01" value="" isExtended="false">
            <accessType></accessType>
        </param>
        <param datatype="string" defaultvalue="AT_EMPPWD" description="" encode="true" format="None" formatvalue="" name="authType" order="" paramOrder="3" parentOrder="-1" passnull="false" sms-name="" src="request" sourcevalue="" srcformatvalue="" target="request" targetdatatype="java.lang.String" testvalue="AT_EMPPWD" value="AT_EMPPWD" isExtended="false">
            <accessType></accessType>
        </param>
        <param datatype="string" defaultvalue="2021-03-15T18:15:21+00:00" description="" encode="true" format="None" formatvalue="" name="startDate" order="" paramOrder="4" parentOrder="-1" passnull="false" sms-name="" src="request" sourcevalue="" srcformatvalue="" target="request" targetdatatype="java.lang.String" testvalue="2021-03-15T18:15:21+00:00" value="2021-03-15T18:15:21+00:00" isExtended="false">
            <accessType></accessType>
        </param>
        <param datatype="string" defaultvalue="2025-05-15T18:15:21+00:00" description="" encode="true" format="None" formatvalue="" name="expDate" order="" paramOrder="5" parentOrder="-1" passnull="false" sms-name="" src="request" sourcevalue="" srcformatvalue="" target="request" targetdatatype="java.lang.String" testvalue="2025-05-15T18:15:21+00:00" value="2025-05-15T18:15:21+00:00" isExtended="false">
            <accessType></accessType>
        </param>
        <param datatype="string" defaultvalue="" description="" encode="true" format="None" formatvalue="" name="userId" order="" paramOrder="6" parentOrder="-1" passnull="false" sms-name="" src="request" sourcevalue="" srcformatvalue="" target="request" targetdatatype="java.lang.String" testvalue="22914" value="" isExtended="false">
            <accessType></accessType>
        </param>
        <template-param datatype="" defaultvalue="{&#10;    &quot;schemas&quot;: [&#10;        &quot;urn:hid:scim:api:idp:2.0:Authenticator&quot;&#10;    ],&#10;    &quot;policy&quot;: {&#10;        &quot;value&quot;: &quot;$authType&quot;&#10;    },&#10;    &quot;status&quot;: {&#10;        &quot;status&quot;: &quot;ENABLED&quot;,&#10;        &quot;expiryDate&quot;: &quot;$expDate&quot;,&#10;        &quot;startDate&quot;: &quot;$startDate&quot;&#10;    },&#10;    &quot;owner&quot;: {&#10;        &quot;value&quot;: &quot;$userId&quot;&#10;    },&#10;    &quot;urn:hid:scim:api:idp:2.0:Password&quot;: {&#10;        &quot;username&quot;: &quot;$username&quot;,&#10;        &quot;password&quot;: &quot;$password&quot;&#10;    }&#10;}" description="" encode="false" format="" formatvalue="" name="message" order="" paramOrder="0" parentOrder="0" sms-name="" src="" sourcevalue="" srcformatvalue="" target="" targetdatatype="" value="{&#10;    &quot;schemas&quot;: [&#10;        &quot;urn:hid:scim:api:idp:2.0:Authenticator&quot;&#10;    ],&#10;    &quot;policy&quot;: {&#10;        &quot;value&quot;: &quot;$authType&quot;&#10;    },&#10;    &quot;status&quot;: {&#10;        &quot;status&quot;: &quot;ENABLED&quot;,&#10;        &quot;expiryDate&quot;: &quot;$expDate&quot;,&#10;        &quot;startDate&quot;: &quot;$startDate&quot;&#10;    },&#10;    &quot;owner&quot;: {&#10;        &quot;value&quot;: &quot;$userId&quot;&#10;    },&#10;    &quot;urn:hid:scim:api:idp:2.0:Password&quot;: {&#10;        &quot;username&quot;: &quot;$username&quot;,&#10;        &quot;password&quot;: &quot;$password&quot;&#10;    }&#10;}" isExtended="false">
            <accessType></accessType>
        </template-param>
        <stub-param value=""/>
    </service-input>
    <service-output passthrough="false" isExtended="false">
        <param datatype="string" defaultvalue="" description="" encode="true" format="None" formatvalue="" name="active" order="" paramOrder="1" parentOrder="0" passnull="false" sms-name="" src="$.status.active" sourcevalue="" srcformatvalue="" target="response" targetdatatype="java.lang.String" testvalue="" value="" isExtended="false">
            <accessType></accessType>
        </param>
        <param datatype="string" defaultvalue="" description="" encode="true" format="None" formatvalue="" name="scimType_Pwd" order="" paramOrder="2" parentOrder="0" passnull="false" sms-name="" src="$.scimType" sourcevalue="" srcformatvalue="" target="response" targetdatatype="java.lang.String" testvalue="" value="" isExtended="false">
            <accessType></accessType>
        </param>
        <param datatype="string" defaultvalue="" description="" encode="true" format="None" formatvalue="" name="detail" order="" paramOrder="3" parentOrder="0" passnull="false" sms-name="" src="$.detail" sourcevalue="" srcformatvalue="" target="response" targetdatatype="java.lang.String" testvalue="" value="" isExtended="false">
            <accessType></accessType>
        </param>
        <param datatype="string" defaultvalue="" description="" encode="true" format="None" formatvalue="" name="errorCode" order="" paramOrder="4" parentOrder="0" passnull="false" sms-name="" src="$.errorCode" sourcevalue="" srcformatvalue="" target="response" targetdatatype="java.lang.String" testvalue="" value="" isExtended="false">
            <accessType></accessType>
        </param>
        <param datatype="string" defaultvalue="" description="" encode="true" format="None" formatvalue="" name="status" order="" paramOrder="5" parentOrder="0" passnull="false" sms-name="" src="$.status" sourcevalue="" srcformatvalue="" target="response" targetdatatype="java.lang.String" testvalue="" value="" isExtended="false">
            <accessType></accessType>
        </param>
    </service-output>
</service>
