{
  "operationConfig" : {
    "name" : "softTokenValidation3969",
    "type" : "MappedToBackend",
    "cachable" : false,
    "smsEnabled" : false,
    "security" : "public",
    "responseEncoding" : "UTF-8",
    "httpMethod" : "GET",
    "decodeResponseBody" : false,
    "iMapping" : "<?xml version=\"1.0\" encoding=\"UTF-8\" standalone=\"yes\"?>\n<mapper xmlns=\"http://www.kony.com/ns/mapper\">\n    <map inputpath=\"request_in\" outputpath=\"request_out\">\n        <set-param inputpath=\"authType\" outputpath=\"authType\"/>\n        <set-param inputpath=\"password\" outputpath=\"password\"/>\n        <set-param inputpath=\"username\" outputpath=\"username\"/>\n    </map>\n</mapper>\n",
    "oMapping" : "<?xml version=\"1.0\" encoding=\"UTF-8\" standalone=\"yes\"?>\n<mapper xmlns=\"http://www.kony.com/ns/mapper\">\n    <map inputpath=\"response_in\" outputpath=\"response_out\">\n        <map inputpath=\"\" outputpath=\"ValidateSoftToken\">\n            <set-param inputpath=\"success\" outputpath=\"success\"/>\n            <set-param inputpath=\"errorMsg\" outputpath=\"errMsg\"/>\n        </map>\n    </map>\n</mapper>\n",
    "iVisualMappingData" : "{\"nodeDataArray\":[{\"isGroup\":true,\"key\":\"request_in\",\"text\":\"ValidateSoftToken\",\"xy\":\"150 100\"},{\"isGroup\":true,\"key\":\"request_out\",\"text\":\"SoftTokenValidation (1.0).softTokenValidation\",\"xy\":\"770 100\"}],\"linkDataArray\":[{\"category\":\"Mapping\",\"from\":\"source:ValidateSoftToken:username:\",\"to\":\"target:username:\",\"fromPort\":\"source:ValidateSoftToken:username:\",\"toPort\":\"target:username:\",\"visible\":true,\"common\":true},{\"category\":\"Mapping\",\"from\":\"source:ValidateSoftToken:password:\",\"to\":\"target:password:\",\"fromPort\":\"source:ValidateSoftToken:password:\",\"toPort\":\"target:password:\",\"visible\":true,\"common\":true},{\"category\":\"Mapping\",\"from\":\"source:ValidateSoftToken:authType:\",\"to\":\"target:authType:\",\"fromPort\":\"source:ValidateSoftToken:authType:\",\"toPort\":\"target:authType:\",\"visible\":true,\"common\":true}]}",
    "oVisualMappingData" : "{\"nodeDataArray\":[{\"isGroup\":true,\"key\":\"response_out\",\"text\":\"ValidateSoftToken\",\"xy\":\"770 100\"},{\"isGroup\":true,\"key\":\"response_in\",\"text\":\"SoftTokenValidation (1.0).softTokenValidation\",\"xy\":\"150 100\"}],\"linkDataArray\":[{\"category\":\"Mapping\",\"from\":\"source:success:\",\"to\":\"target:ValidateSoftToken:success:\",\"fromPort\":\"source:success:\",\"toPort\":\"target:ValidateSoftToken:success:\",\"visible\":true,\"common\":true},{\"category\":\"Mapping\",\"visible\":true,\"from\":\"source:errorMsg:\",\"to\":\"target:ValidateSoftToken:errMsg:\",\"fromPort\":\"source:errorMsg:\",\"toPort\":\"target:ValidateSoftToken:errMsg:\"}],\"blockCount\":{\"variableCount\":0},\"variableMap\":{},\"xmlMappingOverride\":false}",
    "applyCommonMapping" : false,
    "applyRequestCommonMapping" : false,
    "applyResponseCommonMapping" : false,
    "backendMeta" : {
      "serviceName" : "SoftTokenValidation",
      "serviceVersion" : "1.0",
      "operationName" : "softTokenValidation"
    },
    "relationshipHierarchyMapping" : {
      "name" : "ValidateSoftToken",
      "children" : [ ],
      "actions" : { },
      "selected" : true
    },
    "requestXmlMappingOverride" : false,
    "responseXmlMappingOverride" : false,
    "mapperData" : [ {
      "name" : "base mapper1",
      "order" : 1,
      "iMapping" : "<?xml version=\"1.0\" encoding=\"UTF-8\" standalone=\"yes\"?>\n<mapper xmlns=\"http://www.kony.com/ns/mapper\">\n    <map inputpath=\"request_in\" outputpath=\"request_out\">\n        <set-param inputpath=\"authType\" outputpath=\"authType\"/>\n        <set-param inputpath=\"password\" outputpath=\"password\"/>\n        <set-param inputpath=\"username\" outputpath=\"username\"/>\n    </map>\n</mapper>\n",
      "oMapping" : "<?xml version=\"1.0\" encoding=\"UTF-8\" standalone=\"yes\"?>\n<mapper xmlns=\"http://www.kony.com/ns/mapper\">\n    <map inputpath=\"response_in\" outputpath=\"response_out\">\n        <map inputpath=\"\" outputpath=\"ValidateSoftToken\">\n            <set-param inputpath=\"success\" outputpath=\"success\"/>\n            <set-param inputpath=\"errorMsg\" outputpath=\"errMsg\"/>\n        </map>\n    </map>\n</mapper>\n",
      "iVisualMappingData" : "{\"nodeDataArray\":[{\"isGroup\":true,\"key\":\"request_in\",\"text\":\"ValidateSoftToken\",\"xy\":\"150 100\"},{\"isGroup\":true,\"key\":\"request_out\",\"text\":\"SoftTokenValidation (1.0).softTokenValidation\",\"xy\":\"770 100\"}],\"linkDataArray\":[{\"category\":\"Mapping\",\"from\":\"source:ValidateSoftToken:username:\",\"to\":\"target:username:\",\"fromPort\":\"source:ValidateSoftToken:username:\",\"toPort\":\"target:username:\",\"visible\":true,\"common\":true},{\"category\":\"Mapping\",\"from\":\"source:ValidateSoftToken:password:\",\"to\":\"target:password:\",\"fromPort\":\"source:ValidateSoftToken:password:\",\"toPort\":\"target:password:\",\"visible\":true,\"common\":true},{\"category\":\"Mapping\",\"from\":\"source:ValidateSoftToken:authType:\",\"to\":\"target:authType:\",\"fromPort\":\"source:ValidateSoftToken:authType:\",\"toPort\":\"target:authType:\",\"visible\":true,\"common\":true}]}",
      "oVisualMappingData" : "{\"nodeDataArray\":[{\"isGroup\":true,\"key\":\"response_out\",\"text\":\"ValidateSoftToken\",\"xy\":\"770 100\"},{\"isGroup\":true,\"key\":\"response_in\",\"text\":\"SoftTokenValidation (1.0).softTokenValidation\",\"xy\":\"150 100\"}],\"linkDataArray\":[{\"category\":\"Mapping\",\"from\":\"source:success:\",\"to\":\"target:ValidateSoftToken:success:\",\"fromPort\":\"source:success:\",\"toPort\":\"target:ValidateSoftToken:success:\",\"visible\":true,\"common\":true},{\"category\":\"Mapping\",\"visible\":true,\"from\":\"source:errorMsg:\",\"to\":\"target:ValidateSoftToken:errMsg:\",\"fromPort\":\"source:errorMsg:\",\"toPort\":\"target:ValidateSoftToken:errMsg:\"}],\"blockCount\":{\"variableCount\":0},\"variableMap\":{},\"xmlMappingOverride\":false}",
      "requestXmlMappingOverride" : false,
      "responseXmlMappingOverride" : false,
      "disabled" : false,
      "applyCommonMapping" : false,
      "applyRequestCommonMapping" : false,
      "applyResponseCommonMapping" : false
    } ]
  },
  "enableFrontendUrl" : false,
  "customVerb" : false
}