{
  "operationConfig" : {
    "name" : "getClientIp2649",
    "type" : "MappedToBackend",
    "cachable" : false,
    "smsEnabled" : false,
    "security" : "authorized_app",
    "responseEncoding" : "UTF-8",
    "httpMethod" : "GET",
    "decodeResponseBody" : false,
    "iMapping" : "<?xml version=\"1.0\" encoding=\"UTF-8\" standalone=\"yes\"?>\n<mapper xmlns=\"http://www.kony.com/ns/mapper\">\n    <map inputpath=\"request_in\" outputpath=\"request_out\"/>\n</mapper>\n",
    "oMapping" : "<?xml version=\"1.0\" encoding=\"UTF-8\" standalone=\"yes\"?>\n<mapper xmlns=\"http://www.kony.com/ns/mapper\">\n    <map inputpath=\"response_in\" outputpath=\"response_out\">\n        <map inputpath=\"\" outputpath=\"GetClientIp\">\n            <set-param inputpath=\"clientIp\" outputpath=\"clientIp\"/>\n            <set-param inputpath=\"errMsg\" outputpath=\"errMsg\"/>\n            <set-param inputpath=\"success\" outputpath=\"success\"/>\n        </map>\n    </map>\n</mapper>\n",
    "iVisualMappingData" : "{\"nodeDataArray\":[{\"isGroup\":true,\"key\":\"request_in\",\"text\":\"GetClientIp\",\"xy\":\"150 100\"},{\"isGroup\":true,\"key\":\"request_out\",\"text\":\"GetClientIp (1.0).getClientIp\",\"xy\":\"770 100\"}],\"linkDataArray\":[]}",
    "oVisualMappingData" : "{\"nodeDataArray\":[{\"isGroup\":true,\"key\":\"response_out\",\"text\":\"GetClientIp\",\"xy\":\"770 100\"},{\"isGroup\":true,\"key\":\"response_in\",\"text\":\"GetClientIp (1.0).getClientIp\",\"xy\":\"150 100\"}],\"linkDataArray\":[{\"category\":\"Mapping\",\"from\":\"source:clientIp:\",\"to\":\"target:GetClientIp:clientIp:\",\"fromPort\":\"source:clientIp:\",\"toPort\":\"target:GetClientIp:clientIp:\",\"visible\":true,\"common\":true},{\"category\":\"Mapping\",\"from\":\"source:errMsg:\",\"to\":\"target:GetClientIp:errMsg:\",\"fromPort\":\"source:errMsg:\",\"toPort\":\"target:GetClientIp:errMsg:\",\"visible\":true,\"common\":true},{\"category\":\"Mapping\",\"from\":\"source:success:\",\"to\":\"target:GetClientIp:success:\",\"fromPort\":\"source:success:\",\"toPort\":\"target:GetClientIp:success:\",\"visible\":true,\"common\":true}],\"blockCount\":{\"variableCount\":0},\"variableMap\":{},\"xmlMappingOverride\":false}",
    "applyCommonMapping" : false,
    "applyRequestCommonMapping" : true,
    "applyResponseCommonMapping" : false,
    "backendMeta" : {
      "serviceName" : "GetClientIp",
      "serviceVersion" : "1.0",
      "operationName" : "getClientIp"
    },
    "relationshipHierarchyMapping" : {
      "name" : "GetClientIp",
      "children" : [ ],
      "actions" : { },
      "selected" : true
    },
    "requestXmlMappingOverride" : false,
    "responseXmlMappingOverride" : false,
    "mapperData" : [ {
      "name" : "base mapper1",
      "order" : 1,
      "iMapping" : "<?xml version=\"1.0\" encoding=\"UTF-8\" standalone=\"yes\"?>\n<mapper xmlns=\"http://www.kony.com/ns/mapper\">\n    <map inputpath=\"request_in\" outputpath=\"request_out\"/>\n</mapper>\n",
      "oMapping" : "<?xml version=\"1.0\" encoding=\"UTF-8\" standalone=\"yes\"?><mapper xmlns=\"http://www.kony.com/ns/mapper\">  <map inputpath=\"response_in\" outputpath=\"response_out\">    <map inputpath=\"\" outputpath=\"GetClientIp\">      <set-param inputpath=\"clientIp\" outputpath=\"clientIp\"/>      <set-param inputpath=\"errMsg\" outputpath=\"errMsg\"/>      <set-param inputpath=\"success\" outputpath=\"success\"/>    </map>  </map></mapper>",
      "iVisualMappingData" : "{\"nodeDataArray\":[{\"isGroup\":true,\"key\":\"request_in\",\"text\":\"GetClientIp\",\"xy\":\"150 100\"},{\"isGroup\":true,\"key\":\"request_out\",\"text\":\"GetClientIp (1.0).getClientIp\",\"xy\":\"770 100\"}],\"linkDataArray\":[]}",
      "oVisualMappingData" : "{\"nodeDataArray\":[{\"isGroup\":true,\"key\":\"response_out\",\"text\":\"GetClientIp\",\"xy\":\"770 100\"},{\"isGroup\":true,\"key\":\"response_in\",\"text\":\"GetClientIp (1.0).getClientIp\",\"xy\":\"150 100\"}],\"linkDataArray\":[{\"category\":\"Mapping\",\"from\":\"source:clientIp:\",\"to\":\"target:GetClientIp:clientIp:\",\"fromPort\":\"source:clientIp:\",\"toPort\":\"target:GetClientIp:clientIp:\",\"visible\":true,\"common\":true},{\"category\":\"Mapping\",\"from\":\"source:errMsg:\",\"to\":\"target:GetClientIp:errMsg:\",\"fromPort\":\"source:errMsg:\",\"toPort\":\"target:GetClientIp:errMsg:\",\"visible\":true,\"common\":true},{\"category\":\"Mapping\",\"from\":\"source:success:\",\"to\":\"target:GetClientIp:success:\",\"fromPort\":\"source:success:\",\"toPort\":\"target:GetClientIp:success:\",\"visible\":true,\"common\":true},{\"from\":\"target\",\"to\":\"target:GetClientIp\",\"fromPort\":\"target\",\"toPort\":\"target:GetClientIp\",\"visible\":true,\"common\":false},{\"from\":\"target:GetClientIp\",\"to\":\"target:GetClientIp:t_p_fields\",\"fromPort\":\"target:GetClientIp\",\"toPort\":\"target:GetClientIp:t_p_fields\",\"visible\":true,\"common\":false},{\"from\":\"target:GetClientIp:t_p_fields\",\"to\":\"target:GetClientIp:clientIp:\",\"fromPort\":\"target:GetClientIp:t_p_fields\",\"toPort\":\"target:GetClientIp:clientIp:\",\"visible\":true,\"common\":false},{\"from\":\"target:GetClientIp:t_p_fields\",\"to\":\"target:GetClientIp:errMsg:\",\"fromPort\":\"target:GetClientIp:t_p_fields\",\"toPort\":\"target:GetClientIp:errMsg:\",\"visible\":true,\"common\":false},{\"from\":\"target:GetClientIp:t_p_fields\",\"to\":\"target:GetClientIp:success:\",\"fromPort\":\"target:GetClientIp:t_p_fields\",\"toPort\":\"target:GetClientIp:success:\",\"visible\":true,\"common\":false},{\"from\":\"source\",\"to\":\"source:t_p_parameters\",\"fromPort\":\"source\",\"toPort\":\"source:t_p_parameters\",\"visible\":true,\"common\":false},{\"from\":\"source:t_p_parameters\",\"to\":\"source:clientIp:\",\"fromPort\":\"source:t_p_parameters\",\"toPort\":\"source:clientIp:\",\"visible\":true,\"common\":false},{\"from\":\"source:t_p_parameters\",\"to\":\"source:errMsg:\",\"fromPort\":\"source:t_p_parameters\",\"toPort\":\"source:errMsg:\",\"visible\":true,\"common\":false},{\"from\":\"source:t_p_parameters\",\"to\":\"source:success:\",\"fromPort\":\"source:t_p_parameters\",\"toPort\":\"source:success:\",\"visible\":true,\"common\":false}],\"blockCount\":{\"variableCount\":0},\"variableMap\":{},\"xmlMappingOverride\":false}",
      "requestXmlMappingOverride" : false,
      "responseXmlMappingOverride" : false,
      "disabled" : false,
      "applyCommonMapping" : false,
      "applyRequestCommonMapping" : true,
      "applyResponseCommonMapping" : false
    } ]
  },
  "enableFrontendUrl" : false,
  "customVerb" : false
}