<?xml version="1.0" encoding="UTF-8" standalone="yes"?>
<service serviceGroup="" cachable="false" cacheduration="" customOperation="false" description="" endpoint="default" groupType="" id="getTokenUsingAuthorizationCode" passwordencrypted="false" security="private" type="jsonConnector" smscode="" smsenabled="false">
    <service-config>
        <config-param api-version="" appid="" name="preprocessorname" value="com.hid.onboarding.preprocessor.PARPreProcessor"/>
        <config-param api-version="" appid="" name="postprocessorname" value=""/>
        <config-param api-version="" appid="" name="preprocessorJS" value=""/>
        <config-param api-version="" appid="" name="postprocessorJS" value=""/>
        <config-param api-version="" appid="" name="preprocessorRules" value=""/>
        <config-param api-version="" appid="" name="postprocessorRules" value=""/>
        <config-param api-version="" appid="" name="kony_http_supported_methods" value="POST"/>
        <config-param api-version="" appid="" name="endpointUrl" value="https://__$HOST__/idp/__$TENANT__/authn/token?grant_type=$grant_type&amp;code=$code&amp;client_id=$client_id&amp;scope=$scope&amp;redirect_uri=$redirect_uri"/>
        <config-param api-version="" appid="" name="ignorehttpproxy" value="true"/>
        <config-param api-version="" appid="" name="http.method" value="POST"/>
        <config-param api-version="" appid="" name="dataObjectName" value=""/>
        <config-param api-version="" appid="" name="sockettimeout" value=""/>
        <config-param api-version="" appid="" name="responseEncoding" value="UTF-8"/>
        <config-param api-version="" appid="" name="isembedxmlpresent" value="false"/>
        <config-param api-version="" appid="" name="retrycount" value="0"/>
        <config-param api-version="" appid="" name="urlprovider" value="com.hid.common.ServiceUrlProvider"/>
        <config-param api-version="" appid="" name="jsonpath" value="true"/>
    </service-config>
    <service-input passthrough="false" isExtended="false">
        <header datatype="" name="" passthrough="false" isExtended="false">
            <param datatype="string" defaultvalue="" description="" encode="false" format="None" formatvalue="" name="Authorization" order="" paramOrder="0" parentOrder="0" sms-name="" src="request" sourcevalue="" srcformatvalue="" target="" targetdatatype="" testvalue="Bearer sCueTwAAAZBJi9CTRBvD9YUTUoMFPXn/oDV+PT4B" value="" isExtended="false">
                <accessType></accessType>
            </param>
            <param datatype="string" defaultvalue="" description="" encode="false" format="None" formatvalue="" name="Content-Type" order="" paramOrder="0" parentOrder="0" sms-name="" src="constant" sourcevalue="application/x-www-form-urlencoded" srcformatvalue="" target="" targetdatatype="" testvalue="" value="" isExtended="false">
                <accessType></accessType>
            </param>
            <param datatype="string" defaultvalue="" description="" encode="false" format="None" formatvalue="" name="X-Correlation-ID" order="" paramOrder="0" parentOrder="0" sms-name="" src="request" sourcevalue="" srcformatvalue="" target="" targetdatatype="" testvalue="" value="" isExtended="false">
                <accessType></accessType>
            </param>
        </header>
        <param datatype="string" defaultvalue="" description="" encode="true" format="None" formatvalue="" name="code" order="" paramOrder="1" parentOrder="-1" passnull="false" sms-name="" src="request" sourcevalue="" srcformatvalue="" target="request" targetdatatype="java.lang.String" testvalue="80327456" value="" isExtended="false">
            <accessType></accessType>
        </param>
        <param datatype="string" defaultvalue="" description="" encode="true" format="None" formatvalue="" name="client_id" order="" paramOrder="2" parentOrder="-1" passnull="false" sms-name="" src="request" sourcevalue="" srcformatvalue="" target="request" targetdatatype="java.lang.String" testvalue="" value="" isExtended="false">
            <accessType></accessType>
        </param>
        <param datatype="string" defaultvalue="openid" description="" encode="true" format="None" formatvalue="" name="scope" order="" paramOrder="3" parentOrder="-1" passnull="false" sms-name="" src="request" sourcevalue="" srcformatvalue="" target="request" targetdatatype="java.lang.String" testvalue="" value="openid" isExtended="false">
            <accessType></accessType>
        </param>
        <param datatype="string" defaultvalue="authorization_code" description="" encode="true" format="None" formatvalue="" name="grant_type" order="" paramOrder="4" parentOrder="-1" passnull="false" sms-name="" src="request" sourcevalue="" srcformatvalue="" target="request" targetdatatype="java.lang.String" testvalue="" value="authorization_code" isExtended="false">
            <accessType></accessType>
        </param>
        <param datatype="string" defaultvalue="" description="" encode="true" format="None" formatvalue="" name="redirect_uri" order="" paramOrder="5" parentOrder="-1" passnull="false" sms-name="" src="request" sourcevalue="" srcformatvalue="" target="request" targetdatatype="java.lang.String" testvalue="" value="" isExtended="false">
            <accessType></accessType>
        </param>
        <stub-param value=""/>
    </service-input>
    <service-output passthrough="false" isExtended="false">
        <param datatype="string" defaultvalue="" description="" encode="true" format="None" formatvalue="" name="id_token" order="" paramOrder="1" parentOrder="0" passnull="false" sms-name="" src="$.id_token" sourcevalue="" srcformatvalue="" target="response" targetdatatype="java.lang.String" testvalue="" value="" isExtended="false">
            <accessType></accessType>
        </param>
        <param datatype="string" defaultvalue="" description="" encode="true" format="None" formatvalue="" name="access_token" order="" paramOrder="2" parentOrder="0" passnull="false" sms-name="" src="$.access_token" sourcevalue="" srcformatvalue="" target="response" targetdatatype="java.lang.String" testvalue="" value="" isExtended="false">
            <accessType></accessType>
        </param>
        <param datatype="string" defaultvalue="" description="" encode="true" format="None" formatvalue="" name="token_type" order="" paramOrder="4" parentOrder="0" passnull="false" sms-name="" src="$.token_type" sourcevalue="" srcformatvalue="" target="response" targetdatatype="java.lang.String" testvalue="" value="" isExtended="false">
            <accessType></accessType>
        </param>
        <param datatype="number" defaultvalue="" description="" encode="true" format="None" formatvalue="" name="expires_in" order="" paramOrder="5" parentOrder="0" passnull="false" sms-name="" src="$.expires_in" sourcevalue="" srcformatvalue="" target="response" targetdatatype="java.lang.String" testvalue="" value="" isExtended="false">
            <accessType></accessType>
        </param>
        <record id="context" order="" paramOrder="3" parentOrder="0" src="$.context" isExtended="false"/>
    </service-output>
</service>
