[ {
  "name" : "correlationId",
  "sourceFieldname" : "correlationId",
  "description" : "correlationId",
  "dataType" : "string",
  "hasIndex" : false,
  "unique" : false,
  "primarykey" : false,
  "namefield" : false,
  "nullable" : true,
  "custom" : false,
  "createable" : true,
  "updateable" : true,
  "audit" : false,
  "customizable" : false,
  "fieldOrder" : 0,
  "fieldProperties" : {
    "autoGenerated" : "false"
  },
  "etag" : "13f3f9b1-ec9b-441e-a12e-1a4b5196e864",
  "isExtended" : false
}, {
  "name" : "password",
  "sourceFieldname" : "password",
  "description" : "password",
  "dataType" : "string",
  "hasIndex" : false,
  "unique" : false,
  "primarykey" : false,
  "namefield" : false,
  "nullable" : true,
  "custom" : false,
  "createable" : true,
  "updateable" : true,
  "audit" : false,
  "customizable" : false,
  "fieldOrder" : 0,
  "fieldProperties" : {
    "autoGenerated" : "false"
  },
  "etag" : "1a06a813-4fc0-4347-b44c-0deebf328f14",
  "isExtended" : false
}, {
  "name" : "txId",
  "sourceFieldname" : "txId",
  "description" : "txId",
  "dataType" : "string",
  "hasIndex" : false,
  "unique" : false,
  "primarykey" : false,
  "namefield" : false,
  "nullable" : true,
  "custom" : false,
  "createable" : true,
  "updateable" : true,
  "audit" : false,
  "customizable" : false,
  "fieldOrder" : 0,
  "fieldProperties" : {
    "autoGenerated" : "false"
  },
  "etag" : "7a08530f-2fb7-4a4a-b41b-393bca1dbc27",
  "isExtended" : false
}, {
  "name" : "username",
  "sourceFieldname" : "username",
  "description" : "username",
  "dataType" : "string",
  "hasIndex" : false,
  "unique" : false,
  "primarykey" : false,
  "namefield" : false,
  "nullable" : true,
  "custom" : false,
  "createable" : true,
  "updateable" : true,
  "audit" : false,
  "customizable" : false,
  "fieldOrder" : 0,
  "fieldProperties" : {
    "autoGenerated" : "false"
  },
  "etag" : "bf82b4b9-8a3c-472e-8bef-a5ecdcccb308",
  "isExtended" : false
} ]