{
  "operationConfig" : {
    "name" : "getInviteCode9449",
    "type" : "MappedToBackend",
    "cachable" : false,
    "smsEnabled" : false,
    "security" : "public",
    "responseEncoding" : "UTF-8",
    "httpMethod" : "GET",
    "decodeResponseBody" : false,
    "iMapping" : "<?xml version=\"1.0\" encoding=\"UTF-8\" standalone=\"yes\"?><mapper xmlns=\"http://www.kony.com/ns/mapper\">  <map inputpath=\"request_in\" outputpath=\"request_out\">    <set-param inputpath=\"UserId\" outputpath=\"UserId\"/>    <set-param input=\"DT_TDSV4B\" outputpath=\"deviceType\"/>    <set-param inputpath=\"username\" outputpath=\"username\"/>    <set-param inputpath=\"usernameWithRandomNo\" outputpath=\"usernameWithRandomNo\"/>  </map></mapper>",
    "oMapping" : "<?xml version=\"1.0\" encoding=\"UTF-8\" standalone=\"yes\"?><mapper xmlns=\"http://www.kony.com/ns/mapper\"><map inputpath=\"response_in\" outputpath=\"response_out\"><set-param inputpath=\"detail_CreateDevice\" outputpath=\"detail_CreateDevice\"/><set-param inputpath=\"deviceIdOrch\" outputpath=\"deviceIdOrch\"/><set-param inputpath=\"errorCode_updateDevice\" outputpath=\"errorCode_updateDevice\"/><set-param inputpath=\"DeviceId\" outputpath=\"DeviceId\"/><set-param inputpath=\"errorCode\" outputpath=\"errorCode\"/><set-param inputpath=\"scimType\" outputpath=\"scimType\"/><set-param inputpath=\"provisionMsg\" outputpath=\"provisionMsg\"/><set-param inputpath=\"detail_updateDevice\" outputpath=\"detail_updateDevice\"/></map></mapper>",
    "iVisualMappingData" : "{\"nodeDataArray\":[{\"isGroup\":true,\"key\":\"request_in\",\"text\":\"ApproveDeviceRegistration\",\"xy\":\"150 100\"},{\"isGroup\":true,\"key\":\"request_out\",\"text\":\"PushDeviceRegistrationOrch (2.0).getInviteCode\",\"xy\":\"751 92\"},{\"key\":\"block:kony.util:constant:1\",\"name\":\"kony.basic:constant\",\"text\":\"Constant\",\"category\":\"functionTemplateConstant\",\"outPortId\":\"DT_TDSV4B\",\"outPortText\":\"value\",\"loc\":\"517 122\",\"visible\":true}],\"linkDataArray\":[{\"from\":\"source\",\"to\":\"source:ApproveDeviceRegistration\",\"fromPort\":\"source\",\"toPort\":\"source:ApproveDeviceRegistration\",\"visible\":true,\"common\":false},{\"from\":\"source:ApproveDeviceRegistration\",\"to\":\"source:ApproveDeviceRegistration:t_p_fields\",\"fromPort\":\"source:ApproveDeviceRegistration\",\"toPort\":\"source:ApproveDeviceRegistration:t_p_fields\",\"visible\":true,\"common\":false},{\"from\":\"source:ApproveDeviceRegistration:t_p_fields\",\"to\":\"source:ApproveDeviceRegistration:Authorization:\",\"fromPort\":\"source:ApproveDeviceRegistration:t_p_fields\",\"toPort\":\"source:ApproveDeviceRegistration:Authorization:\",\"visible\":true,\"common\":false},{\"from\":\"source:ApproveDeviceRegistration:t_p_fields\",\"to\":\"source:ApproveDeviceRegistration:detail_CreateDevice:\",\"fromPort\":\"source:ApproveDeviceRegistration:t_p_fields\",\"toPort\":\"source:ApproveDeviceRegistration:detail_CreateDevice:\",\"visible\":true,\"common\":false},{\"from\":\"source:ApproveDeviceRegistration:t_p_fields\",\"to\":\"source:ApproveDeviceRegistration:detail_updateDevice:\",\"fromPort\":\"source:ApproveDeviceRegistration:t_p_fields\",\"toPort\":\"source:ApproveDeviceRegistration:detail_updateDevice:\",\"visible\":true,\"common\":false},{\"from\":\"source:ApproveDeviceRegistration:t_p_fields\",\"to\":\"source:ApproveDeviceRegistration:DeviceId:\",\"fromPort\":\"source:ApproveDeviceRegistration:t_p_fields\",\"toPort\":\"source:ApproveDeviceRegistration:DeviceId:\",\"visible\":true,\"common\":false},{\"from\":\"source:ApproveDeviceRegistration:t_p_fields\",\"to\":\"source:ApproveDeviceRegistration:deviceIdOrch:\",\"fromPort\":\"source:ApproveDeviceRegistration:t_p_fields\",\"toPort\":\"source:ApproveDeviceRegistration:deviceIdOrch:\",\"visible\":true,\"common\":false},{\"from\":\"source:ApproveDeviceRegistration:t_p_fields\",\"to\":\"source:ApproveDeviceRegistration:deviceType:\",\"fromPort\":\"source:ApproveDeviceRegistration:t_p_fields\",\"toPort\":\"source:ApproveDeviceRegistration:deviceType:\",\"visible\":true,\"common\":false},{\"from\":\"source:ApproveDeviceRegistration:t_p_fields\",\"to\":\"source:ApproveDeviceRegistration:errorCode:\",\"fromPort\":\"source:ApproveDeviceRegistration:t_p_fields\",\"toPort\":\"source:ApproveDeviceRegistration:errorCode:\",\"visible\":true,\"common\":false},{\"from\":\"source:ApproveDeviceRegistration:t_p_fields\",\"to\":\"source:ApproveDeviceRegistration:errorCode_updateDevice:\",\"fromPort\":\"source:ApproveDeviceRegistration:t_p_fields\",\"toPort\":\"source:ApproveDeviceRegistration:errorCode_updateDevice:\",\"visible\":true,\"common\":false},{\"from\":\"source:ApproveDeviceRegistration:t_p_fields\",\"to\":\"source:ApproveDeviceRegistration:expiryDate:\",\"fromPort\":\"source:ApproveDeviceRegistration:t_p_fields\",\"toPort\":\"source:ApproveDeviceRegistration:expiryDate:\",\"visible\":true,\"common\":false},{\"from\":\"source:ApproveDeviceRegistration:t_p_fields\",\"to\":\"source:ApproveDeviceRegistration:provisionMsg:\",\"fromPort\":\"source:ApproveDeviceRegistration:t_p_fields\",\"toPort\":\"source:ApproveDeviceRegistration:provisionMsg:\",\"visible\":true,\"common\":false},{\"from\":\"source:ApproveDeviceRegistration:t_p_fields\",\"to\":\"source:ApproveDeviceRegistration:scimType:\",\"fromPort\":\"source:ApproveDeviceRegistration:t_p_fields\",\"toPort\":\"source:ApproveDeviceRegistration:scimType:\",\"visible\":true,\"common\":false},{\"from\":\"source:ApproveDeviceRegistration:t_p_fields\",\"to\":\"source:ApproveDeviceRegistration:startDate:\",\"fromPort\":\"source:ApproveDeviceRegistration:t_p_fields\",\"toPort\":\"source:ApproveDeviceRegistration:startDate:\",\"visible\":true,\"common\":false},{\"from\":\"source:ApproveDeviceRegistration:t_p_fields\",\"to\":\"source:ApproveDeviceRegistration:URL:\",\"fromPort\":\"source:ApproveDeviceRegistration:t_p_fields\",\"toPort\":\"source:ApproveDeviceRegistration:URL:\",\"visible\":true,\"common\":false},{\"from\":\"source:ApproveDeviceRegistration:t_p_fields\",\"to\":\"source:ApproveDeviceRegistration:UserId:\",\"fromPort\":\"source:ApproveDeviceRegistration:t_p_fields\",\"toPort\":\"source:ApproveDeviceRegistration:UserId:\",\"visible\":true,\"common\":false},{\"from\":\"source:ApproveDeviceRegistration:t_p_fields\",\"to\":\"source:ApproveDeviceRegistration:username:\",\"fromPort\":\"source:ApproveDeviceRegistration:t_p_fields\",\"toPort\":\"source:ApproveDeviceRegistration:username:\",\"visible\":true,\"common\":false},{\"from\":\"source:ApproveDeviceRegistration:t_p_fields\",\"to\":\"source:ApproveDeviceRegistration:usernameWithRandomNo:\",\"fromPort\":\"source:ApproveDeviceRegistration:t_p_fields\",\"toPort\":\"source:ApproveDeviceRegistration:usernameWithRandomNo:\",\"visible\":true,\"common\":false},{\"from\":\"target\",\"to\":\"target:t_p_parameters\",\"fromPort\":\"target\",\"toPort\":\"target:t_p_parameters\",\"visible\":true,\"common\":false},{\"from\":\"target:t_p_parameters\",\"to\":\"target:DeviceId:\",\"fromPort\":\"target:t_p_parameters\",\"toPort\":\"target:DeviceId:\",\"visible\":true,\"common\":false},{\"from\":\"target:t_p_parameters\",\"to\":\"target:URL:\",\"fromPort\":\"target:t_p_parameters\",\"toPort\":\"target:URL:\",\"visible\":true,\"common\":false},{\"from\":\"target:t_p_parameters\",\"to\":\"target:UserId:\",\"fromPort\":\"target:t_p_parameters\",\"toPort\":\"target:UserId:\",\"visible\":true,\"common\":false},{\"from\":\"target:t_p_parameters\",\"to\":\"target:deviceType:\",\"fromPort\":\"target:t_p_parameters\",\"toPort\":\"target:deviceType:\",\"visible\":true,\"common\":false},{\"from\":\"target:t_p_parameters\",\"to\":\"target:expiryDate:\",\"fromPort\":\"target:t_p_parameters\",\"toPort\":\"target:expiryDate:\",\"visible\":true,\"common\":false},{\"from\":\"target:t_p_parameters\",\"to\":\"target:startDate:\",\"fromPort\":\"target:t_p_parameters\",\"toPort\":\"target:startDate:\",\"visible\":true,\"common\":false},{\"from\":\"target:t_p_parameters\",\"to\":\"target:username:\",\"fromPort\":\"target:t_p_parameters\",\"toPort\":\"target:username:\",\"visible\":true,\"common\":false},{\"from\":\"target:t_p_parameters\",\"to\":\"target:usernameWithRandomNo:\",\"fromPort\":\"target:t_p_parameters\",\"toPort\":\"target:usernameWithRandomNo:\",\"visible\":true,\"common\":false},{\"category\":\"Mapping\",\"visible\":true,\"from\":\"source:ApproveDeviceRegistration:UserId:\",\"to\":\"target:UserId:\",\"fromPort\":\"source:ApproveDeviceRegistration:UserId:\",\"toPort\":\"target:UserId:\"},{\"category\":\"Mapping\",\"visible\":true,\"from\":\"source:ApproveDeviceRegistration:username:\",\"to\":\"target:username:\",\"fromPort\":\"source:ApproveDeviceRegistration:username:\",\"toPort\":\"target:username:\"},{\"category\":\"Mapping\",\"visible\":true,\"from\":\"source:ApproveDeviceRegistration:usernameWithRandomNo:\",\"to\":\"target:usernameWithRandomNo:\",\"fromPort\":\"source:ApproveDeviceRegistration:usernameWithRandomNo:\",\"toPort\":\"target:usernameWithRandomNo:\"},{\"category\":\"Mapping\",\"visible\":true,\"from\":\"block:kony.util:constant:1\",\"to\":\"target:deviceType:\",\"fromPort\":\"DT_TDSV4B\",\"toPort\":\"target:deviceType:\"}],\"blockCount\":{\"variableCount\":0,\"constant\":1},\"variableMap\":{},\"xmlMappingOverride\":false}",
    "applyCommonMapping" : false,
    "applyRequestCommonMapping" : false,
    "applyResponseCommonMapping" : true,
    "backendMeta" : {
      "serviceName" : "PushDeviceRegistrationOrch",
      "serviceVersion" : "2.0",
      "operationName" : "getInviteCode"
    },
    "relationshipHierarchyMapping" : {
      "children" : [ ],
      "name" : "ApproveDeviceRegistration",
      "actions" : { },
      "selected" : true
    },
    "requestXmlMappingOverride" : false,
    "responseXmlMappingOverride" : false,
    "mapperData" : [ {
      "name" : "base mapper1",
      "order" : 1,
      "iMapping" : "<?xml version=\"1.0\" encoding=\"UTF-8\" standalone=\"yes\"?><mapper xmlns=\"http://www.kony.com/ns/mapper\">  <map inputpath=\"request_in\" outputpath=\"request_out\">    <set-param inputpath=\"UserId\" outputpath=\"UserId\"/>    <set-param input=\"DT_TDSV4B\" outputpath=\"deviceType\"/>    <set-param inputpath=\"username\" outputpath=\"username\"/>    <set-param inputpath=\"usernameWithRandomNo\" outputpath=\"usernameWithRandomNo\"/>  </map></mapper>",
      "oMapping" : "<?xml version=\"1.0\" encoding=\"UTF-8\" standalone=\"yes\"?><mapper xmlns=\"http://www.kony.com/ns/mapper\"><map inputpath=\"response_in\" outputpath=\"response_out\"><set-param inputpath=\"detail_CreateDevice\" outputpath=\"detail_CreateDevice\"/><set-param inputpath=\"deviceIdOrch\" outputpath=\"deviceIdOrch\"/><set-param inputpath=\"errorCode_updateDevice\" outputpath=\"errorCode_updateDevice\"/><set-param inputpath=\"DeviceId\" outputpath=\"DeviceId\"/><set-param inputpath=\"errorCode\" outputpath=\"errorCode\"/><set-param inputpath=\"scimType\" outputpath=\"scimType\"/><set-param inputpath=\"provisionMsg\" outputpath=\"provisionMsg\"/><set-param inputpath=\"detail_updateDevice\" outputpath=\"detail_updateDevice\"/></map></mapper>",
      "iVisualMappingData" : "{\"nodeDataArray\":[{\"isGroup\":true,\"key\":\"request_in\",\"text\":\"ApproveDeviceRegistration\",\"xy\":\"150 100\"},{\"isGroup\":true,\"key\":\"request_out\",\"text\":\"PushDeviceRegistrationOrch (2.0).getInviteCode\",\"xy\":\"751 92\"},{\"key\":\"block:kony.util:constant:1\",\"name\":\"kony.basic:constant\",\"text\":\"Constant\",\"category\":\"functionTemplateConstant\",\"outPortId\":\"DT_TDSV4B\",\"outPortText\":\"value\",\"loc\":\"517 122\",\"visible\":true}],\"linkDataArray\":[{\"from\":\"source\",\"to\":\"source:ApproveDeviceRegistration\",\"fromPort\":\"source\",\"toPort\":\"source:ApproveDeviceRegistration\",\"visible\":true,\"common\":false},{\"from\":\"source:ApproveDeviceRegistration\",\"to\":\"source:ApproveDeviceRegistration:t_p_fields\",\"fromPort\":\"source:ApproveDeviceRegistration\",\"toPort\":\"source:ApproveDeviceRegistration:t_p_fields\",\"visible\":true,\"common\":false},{\"from\":\"source:ApproveDeviceRegistration:t_p_fields\",\"to\":\"source:ApproveDeviceRegistration:Authorization:\",\"fromPort\":\"source:ApproveDeviceRegistration:t_p_fields\",\"toPort\":\"source:ApproveDeviceRegistration:Authorization:\",\"visible\":true,\"common\":false},{\"from\":\"source:ApproveDeviceRegistration:t_p_fields\",\"to\":\"source:ApproveDeviceRegistration:detail_CreateDevice:\",\"fromPort\":\"source:ApproveDeviceRegistration:t_p_fields\",\"toPort\":\"source:ApproveDeviceRegistration:detail_CreateDevice:\",\"visible\":true,\"common\":false},{\"from\":\"source:ApproveDeviceRegistration:t_p_fields\",\"to\":\"source:ApproveDeviceRegistration:detail_updateDevice:\",\"fromPort\":\"source:ApproveDeviceRegistration:t_p_fields\",\"toPort\":\"source:ApproveDeviceRegistration:detail_updateDevice:\",\"visible\":true,\"common\":false},{\"from\":\"source:ApproveDeviceRegistration:t_p_fields\",\"to\":\"source:ApproveDeviceRegistration:DeviceId:\",\"fromPort\":\"source:ApproveDeviceRegistration:t_p_fields\",\"toPort\":\"source:ApproveDeviceRegistration:DeviceId:\",\"visible\":true,\"common\":false},{\"from\":\"source:ApproveDeviceRegistration:t_p_fields\",\"to\":\"source:ApproveDeviceRegistration:deviceIdOrch:\",\"fromPort\":\"source:ApproveDeviceRegistration:t_p_fields\",\"toPort\":\"source:ApproveDeviceRegistration:deviceIdOrch:\",\"visible\":true,\"common\":false},{\"from\":\"source:ApproveDeviceRegistration:t_p_fields\",\"to\":\"source:ApproveDeviceRegistration:deviceType:\",\"fromPort\":\"source:ApproveDeviceRegistration:t_p_fields\",\"toPort\":\"source:ApproveDeviceRegistration:deviceType:\",\"visible\":true,\"common\":false},{\"from\":\"source:ApproveDeviceRegistration:t_p_fields\",\"to\":\"source:ApproveDeviceRegistration:errorCode:\",\"fromPort\":\"source:ApproveDeviceRegistration:t_p_fields\",\"toPort\":\"source:ApproveDeviceRegistration:errorCode:\",\"visible\":true,\"common\":false},{\"from\":\"source:ApproveDeviceRegistration:t_p_fields\",\"to\":\"source:ApproveDeviceRegistration:errorCode_updateDevice:\",\"fromPort\":\"source:ApproveDeviceRegistration:t_p_fields\",\"toPort\":\"source:ApproveDeviceRegistration:errorCode_updateDevice:\",\"visible\":true,\"common\":false},{\"from\":\"source:ApproveDeviceRegistration:t_p_fields\",\"to\":\"source:ApproveDeviceRegistration:expiryDate:\",\"fromPort\":\"source:ApproveDeviceRegistration:t_p_fields\",\"toPort\":\"source:ApproveDeviceRegistration:expiryDate:\",\"visible\":true,\"common\":false},{\"from\":\"source:ApproveDeviceRegistration:t_p_fields\",\"to\":\"source:ApproveDeviceRegistration:provisionMsg:\",\"fromPort\":\"source:ApproveDeviceRegistration:t_p_fields\",\"toPort\":\"source:ApproveDeviceRegistration:provisionMsg:\",\"visible\":true,\"common\":false},{\"from\":\"source:ApproveDeviceRegistration:t_p_fields\",\"to\":\"source:ApproveDeviceRegistration:scimType:\",\"fromPort\":\"source:ApproveDeviceRegistration:t_p_fields\",\"toPort\":\"source:ApproveDeviceRegistration:scimType:\",\"visible\":true,\"common\":false},{\"from\":\"source:ApproveDeviceRegistration:t_p_fields\",\"to\":\"source:ApproveDeviceRegistration:startDate:\",\"fromPort\":\"source:ApproveDeviceRegistration:t_p_fields\",\"toPort\":\"source:ApproveDeviceRegistration:startDate:\",\"visible\":true,\"common\":false},{\"from\":\"source:ApproveDeviceRegistration:t_p_fields\",\"to\":\"source:ApproveDeviceRegistration:URL:\",\"fromPort\":\"source:ApproveDeviceRegistration:t_p_fields\",\"toPort\":\"source:ApproveDeviceRegistration:URL:\",\"visible\":true,\"common\":false},{\"from\":\"source:ApproveDeviceRegistration:t_p_fields\",\"to\":\"source:ApproveDeviceRegistration:UserId:\",\"fromPort\":\"source:ApproveDeviceRegistration:t_p_fields\",\"toPort\":\"source:ApproveDeviceRegistration:UserId:\",\"visible\":true,\"common\":false},{\"from\":\"source:ApproveDeviceRegistration:t_p_fields\",\"to\":\"source:ApproveDeviceRegistration:username:\",\"fromPort\":\"source:ApproveDeviceRegistration:t_p_fields\",\"toPort\":\"source:ApproveDeviceRegistration:username:\",\"visible\":true,\"common\":false},{\"from\":\"source:ApproveDeviceRegistration:t_p_fields\",\"to\":\"source:ApproveDeviceRegistration:usernameWithRandomNo:\",\"fromPort\":\"source:ApproveDeviceRegistration:t_p_fields\",\"toPort\":\"source:ApproveDeviceRegistration:usernameWithRandomNo:\",\"visible\":true,\"common\":false},{\"from\":\"target\",\"to\":\"target:t_p_parameters\",\"fromPort\":\"target\",\"toPort\":\"target:t_p_parameters\",\"visible\":true,\"common\":false},{\"from\":\"target:t_p_parameters\",\"to\":\"target:DeviceId:\",\"fromPort\":\"target:t_p_parameters\",\"toPort\":\"target:DeviceId:\",\"visible\":true,\"common\":false},{\"from\":\"target:t_p_parameters\",\"to\":\"target:URL:\",\"fromPort\":\"target:t_p_parameters\",\"toPort\":\"target:URL:\",\"visible\":true,\"common\":false},{\"from\":\"target:t_p_parameters\",\"to\":\"target:UserId:\",\"fromPort\":\"target:t_p_parameters\",\"toPort\":\"target:UserId:\",\"visible\":true,\"common\":false},{\"from\":\"target:t_p_parameters\",\"to\":\"target:deviceType:\",\"fromPort\":\"target:t_p_parameters\",\"toPort\":\"target:deviceType:\",\"visible\":true,\"common\":false},{\"from\":\"target:t_p_parameters\",\"to\":\"target:expiryDate:\",\"fromPort\":\"target:t_p_parameters\",\"toPort\":\"target:expiryDate:\",\"visible\":true,\"common\":false},{\"from\":\"target:t_p_parameters\",\"to\":\"target:startDate:\",\"fromPort\":\"target:t_p_parameters\",\"toPort\":\"target:startDate:\",\"visible\":true,\"common\":false},{\"from\":\"target:t_p_parameters\",\"to\":\"target:username:\",\"fromPort\":\"target:t_p_parameters\",\"toPort\":\"target:username:\",\"visible\":true,\"common\":false},{\"from\":\"target:t_p_parameters\",\"to\":\"target:usernameWithRandomNo:\",\"fromPort\":\"target:t_p_parameters\",\"toPort\":\"target:usernameWithRandomNo:\",\"visible\":true,\"common\":false},{\"category\":\"Mapping\",\"visible\":true,\"from\":\"source:ApproveDeviceRegistration:UserId:\",\"to\":\"target:UserId:\",\"fromPort\":\"source:ApproveDeviceRegistration:UserId:\",\"toPort\":\"target:UserId:\"},{\"category\":\"Mapping\",\"visible\":true,\"from\":\"source:ApproveDeviceRegistration:username:\",\"to\":\"target:username:\",\"fromPort\":\"source:ApproveDeviceRegistration:username:\",\"toPort\":\"target:username:\"},{\"category\":\"Mapping\",\"visible\":true,\"from\":\"source:ApproveDeviceRegistration:usernameWithRandomNo:\",\"to\":\"target:usernameWithRandomNo:\",\"fromPort\":\"source:ApproveDeviceRegistration:usernameWithRandomNo:\",\"toPort\":\"target:usernameWithRandomNo:\"},{\"category\":\"Mapping\",\"visible\":true,\"from\":\"block:kony.util:constant:1\",\"to\":\"target:deviceType:\",\"fromPort\":\"DT_TDSV4B\",\"toPort\":\"target:deviceType:\"}],\"blockCount\":{\"variableCount\":0,\"constant\":1},\"variableMap\":{},\"xmlMappingOverride\":false}",
      "requestXmlMappingOverride" : false,
      "responseXmlMappingOverride" : false,
      "disabled" : false,
      "applyCommonMapping" : false,
      "applyRequestCommonMapping" : false,
      "applyResponseCommonMapping" : true
    } ]
  },
  "enableFrontendUrl" : false,
  "customVerb" : false
}