{
  "operationConfig" : {
    "name" : "getInviteCode5496",
    "type" : "MappedToBackend",
    "cachable" : false,
    "smsEnabled" : false,
    "security" : "authorized_app",
    "responseEncoding" : "UTF-8",
    "httpMethod" : "GET",
    "decodeResponseBody" : false,
    "iMapping" : "<?xml version=\"1.0\" encoding=\"UTF-8\" standalone=\"yes\"?>\n<mapper xmlns=\"http://www.kony.com/ns/mapper\">\n    <map inputpath=\"request_in\" outputpath=\"request_out\">\n        <set-param inputpath=\"DeviceId\" outputpath=\"DeviceId\"/>\n        <set-param inputpath=\"UserId\" outputpath=\"UserId\"/>\n        <set-param inputpath=\"username\" outputpath=\"username\"/>\n        <set-param inputpath=\"usernameWithRandomNo\" outputpath=\"usernameWithRandomNo\"/>\n    </map>\n</mapper>\n",
    "oMapping" : "<?xml version=\"1.0\" encoding=\"UTF-8\" standalone=\"yes\"?>\n<mapper xmlns=\"http://www.kony.com/ns/mapper\">\n    <map inputpath=\"response_in\" outputpath=\"response_out\">\n        <map inputpath=\"\" outputpath=\"ApproveDeviceRegistration\">\n            <set-param inputpath=\"detail_CreateDevice\" outputpath=\"detail_CreateDevice\"/>\n            <set-param inputpath=\"detail_updateDevice\" outputpath=\"detail_updateDevice\"/>\n            <set-param inputpath=\"DeviceId\" outputpath=\"DeviceId\"/>\n            <set-param inputpath=\"errorCode\" outputpath=\"errorCode\"/>\n            <set-param inputpath=\"errorCode_updateDevice\" outputpath=\"errorCode_updateDevice\"/>\n            <set-param inputpath=\"provisionMsg\" outputpath=\"provisionMsg\"/>\n            <set-param inputpath=\"scimType\" outputpath=\"scimType\"/>\n        </map>\n    </map>\n</mapper>\n",
    "iVisualMappingData" : "{\"nodeDataArray\":[{\"isGroup\":true,\"key\":\"request_in\",\"text\":\"ApproveDeviceRegistration\",\"xy\":\"476 79\"},{\"isGroup\":true,\"key\":\"request_out\",\"text\":\"PushDeviceRegistrationOrch (2.0).getInviteCode\",\"xy\":\"1029 144\"}],\"linkDataArray\":[{\"category\":\"Mapping\",\"visible\":true,\"from\":\"source:ApproveDeviceRegistration:UserId:\",\"to\":\"target:UserId:\",\"fromPort\":\"source:ApproveDeviceRegistration:UserId:\",\"toPort\":\"target:UserId:\"},{\"category\":\"Mapping\",\"visible\":true,\"from\":\"source:ApproveDeviceRegistration:usernameWithRandomNo:\",\"to\":\"target:usernameWithRandomNo:\",\"fromPort\":\"source:ApproveDeviceRegistration:usernameWithRandomNo:\",\"toPort\":\"target:usernameWithRandomNo:\"},{\"category\":\"Mapping\",\"visible\":true,\"from\":\"source:ApproveDeviceRegistration:DeviceId:\",\"to\":\"target:DeviceId:\",\"fromPort\":\"source:ApproveDeviceRegistration:DeviceId:\",\"toPort\":\"target:DeviceId:\"},{\"category\":\"Mapping\",\"visible\":true,\"from\":\"source:ApproveDeviceRegistration:username:\",\"to\":\"target:username:\",\"fromPort\":\"source:ApproveDeviceRegistration:username:\",\"toPort\":\"target:username:\"}],\"blockCount\":{\"variableCount\":4,\"random\":2,\"stringConcatenate\":1,\"constant\":1,\"addition\":1},\"variableMap\":{\"4\":true,\"result1\":false,\"result2\":true,\"result3\":true,\"result4\":false},\"xmlMappingOverride\":false}",
    "oVisualMappingData" : "{\"nodeDataArray\":[{\"isGroup\":true,\"key\":\"response_out\",\"text\":\"ApproveDeviceRegistration\",\"xy\":\"828 146\"},{\"isGroup\":true,\"key\":\"response_in\",\"text\":\"PushDeviceRegistrationOrch (2.0).getInviteCode\",\"xy\":\"253 210\"}],\"linkDataArray\":[{\"category\":\"Mapping\",\"visible\":true,\"from\":\"source:DeviceId:\",\"to\":\"target:ApproveDeviceRegistration:DeviceId:\",\"fromPort\":\"source:DeviceId:\",\"toPort\":\"target:ApproveDeviceRegistration:DeviceId:\"},{\"category\":\"Mapping\",\"visible\":true,\"from\":\"source:detail_CreateDevice:\",\"to\":\"target:ApproveDeviceRegistration:detail_CreateDevice:\",\"fromPort\":\"source:detail_CreateDevice:\",\"toPort\":\"target:ApproveDeviceRegistration:detail_CreateDevice:\"},{\"category\":\"Mapping\",\"visible\":true,\"from\":\"source:detail_updateDevice:\",\"to\":\"target:ApproveDeviceRegistration:detail_updateDevice:\",\"fromPort\":\"source:detail_updateDevice:\",\"toPort\":\"target:ApproveDeviceRegistration:detail_updateDevice:\"},{\"category\":\"Mapping\",\"visible\":true,\"from\":\"source:errorCode:\",\"to\":\"target:ApproveDeviceRegistration:errorCode:\",\"fromPort\":\"source:errorCode:\",\"toPort\":\"target:ApproveDeviceRegistration:errorCode:\"},{\"category\":\"Mapping\",\"visible\":true,\"from\":\"source:errorCode_updateDevice:\",\"to\":\"target:ApproveDeviceRegistration:errorCode_updateDevice:\",\"fromPort\":\"source:errorCode_updateDevice:\",\"toPort\":\"target:ApproveDeviceRegistration:errorCode_updateDevice:\"},{\"category\":\"Mapping\",\"visible\":true,\"from\":\"source:provisionMsg:\",\"to\":\"target:ApproveDeviceRegistration:provisionMsg:\",\"fromPort\":\"source:provisionMsg:\",\"toPort\":\"target:ApproveDeviceRegistration:provisionMsg:\"},{\"category\":\"Mapping\",\"visible\":true,\"from\":\"source:scimType:\",\"to\":\"target:ApproveDeviceRegistration:scimType:\",\"fromPort\":\"source:scimType:\",\"toPort\":\"target:ApproveDeviceRegistration:scimType:\"}],\"blockCount\":{\"variableCount\":0},\"variableMap\":{},\"xmlMappingOverride\":false}",
    "applyCommonMapping" : false,
    "applyRequestCommonMapping" : false,
    "applyResponseCommonMapping" : false,
    "backendMeta" : {
      "serviceName" : "PushDeviceRegistrationOrch",
      "serviceVersion" : "2.0",
      "operationName" : "getInviteCode"
    },
    "relationshipHierarchyMapping" : {
      "children" : [ ],
      "name" : "ApproveDeviceRegistration",
      "actions" : { },
      "selected" : true
    },
    "requestXmlMappingOverride" : false,
    "responseXmlMappingOverride" : false,
    "mapperData" : [ {
      "name" : "base mapper1",
      "order" : 1,
      "iMapping" : "<?xml version=\"1.0\" encoding=\"UTF-8\" standalone=\"yes\"?>\n<mapper xmlns=\"http://www.kony.com/ns/mapper\">\n    <map inputpath=\"request_in\" outputpath=\"request_out\">\n        <set-param inputpath=\"DeviceId\" outputpath=\"DeviceId\"/>\n        <set-param inputpath=\"UserId\" outputpath=\"UserId\"/>\n        <set-param inputpath=\"username\" outputpath=\"username\"/>\n        <set-param inputpath=\"usernameWithRandomNo\" outputpath=\"usernameWithRandomNo\"/>\n    </map>\n</mapper>\n",
      "oMapping" : "<?xml version=\"1.0\" encoding=\"UTF-8\" standalone=\"yes\"?>\n<mapper xmlns=\"http://www.kony.com/ns/mapper\">\n    <map inputpath=\"response_in\" outputpath=\"response_out\">\n        <map inputpath=\"\" outputpath=\"ApproveDeviceRegistration\">\n            <set-param inputpath=\"detail_CreateDevice\" outputpath=\"detail_CreateDevice\"/>\n            <set-param inputpath=\"detail_updateDevice\" outputpath=\"detail_updateDevice\"/>\n            <set-param inputpath=\"DeviceId\" outputpath=\"DeviceId\"/>\n            <set-param inputpath=\"errorCode\" outputpath=\"errorCode\"/>\n            <set-param inputpath=\"errorCode_updateDevice\" outputpath=\"errorCode_updateDevice\"/>\n            <set-param inputpath=\"provisionMsg\" outputpath=\"provisionMsg\"/>\n            <set-param inputpath=\"scimType\" outputpath=\"scimType\"/>\n        </map>\n    </map>\n</mapper>\n",
      "iVisualMappingData" : "{\"nodeDataArray\":[{\"isGroup\":true,\"key\":\"request_in\",\"text\":\"ApproveDeviceRegistration\",\"xy\":\"476 79\"},{\"isGroup\":true,\"key\":\"request_out\",\"text\":\"PushDeviceRegistrationOrch (2.0).getInviteCode\",\"xy\":\"1029 144\"}],\"linkDataArray\":[{\"category\":\"Mapping\",\"visible\":true,\"from\":\"source:ApproveDeviceRegistration:UserId:\",\"to\":\"target:UserId:\",\"fromPort\":\"source:ApproveDeviceRegistration:UserId:\",\"toPort\":\"target:UserId:\"},{\"category\":\"Mapping\",\"visible\":true,\"from\":\"source:ApproveDeviceRegistration:usernameWithRandomNo:\",\"to\":\"target:usernameWithRandomNo:\",\"fromPort\":\"source:ApproveDeviceRegistration:usernameWithRandomNo:\",\"toPort\":\"target:usernameWithRandomNo:\"},{\"category\":\"Mapping\",\"visible\":true,\"from\":\"source:ApproveDeviceRegistration:DeviceId:\",\"to\":\"target:DeviceId:\",\"fromPort\":\"source:ApproveDeviceRegistration:DeviceId:\",\"toPort\":\"target:DeviceId:\"},{\"category\":\"Mapping\",\"visible\":true,\"from\":\"source:ApproveDeviceRegistration:username:\",\"to\":\"target:username:\",\"fromPort\":\"source:ApproveDeviceRegistration:username:\",\"toPort\":\"target:username:\"}],\"blockCount\":{\"variableCount\":4,\"random\":2,\"stringConcatenate\":1,\"constant\":1,\"addition\":1},\"variableMap\":{\"4\":true,\"result1\":false,\"result2\":true,\"result3\":true,\"result4\":false},\"xmlMappingOverride\":false}",
      "oVisualMappingData" : "{\"nodeDataArray\":[{\"isGroup\":true,\"key\":\"response_out\",\"text\":\"ApproveDeviceRegistration\",\"xy\":\"828 146\"},{\"isGroup\":true,\"key\":\"response_in\",\"text\":\"PushDeviceRegistrationOrch (2.0).getInviteCode\",\"xy\":\"253 210\"}],\"linkDataArray\":[{\"category\":\"Mapping\",\"visible\":true,\"from\":\"source:DeviceId:\",\"to\":\"target:ApproveDeviceRegistration:DeviceId:\",\"fromPort\":\"source:DeviceId:\",\"toPort\":\"target:ApproveDeviceRegistration:DeviceId:\"},{\"category\":\"Mapping\",\"visible\":true,\"from\":\"source:detail_CreateDevice:\",\"to\":\"target:ApproveDeviceRegistration:detail_CreateDevice:\",\"fromPort\":\"source:detail_CreateDevice:\",\"toPort\":\"target:ApproveDeviceRegistration:detail_CreateDevice:\"},{\"category\":\"Mapping\",\"visible\":true,\"from\":\"source:detail_updateDevice:\",\"to\":\"target:ApproveDeviceRegistration:detail_updateDevice:\",\"fromPort\":\"source:detail_updateDevice:\",\"toPort\":\"target:ApproveDeviceRegistration:detail_updateDevice:\"},{\"category\":\"Mapping\",\"visible\":true,\"from\":\"source:errorCode:\",\"to\":\"target:ApproveDeviceRegistration:errorCode:\",\"fromPort\":\"source:errorCode:\",\"toPort\":\"target:ApproveDeviceRegistration:errorCode:\"},{\"category\":\"Mapping\",\"visible\":true,\"from\":\"source:errorCode_updateDevice:\",\"to\":\"target:ApproveDeviceRegistration:errorCode_updateDevice:\",\"fromPort\":\"source:errorCode_updateDevice:\",\"toPort\":\"target:ApproveDeviceRegistration:errorCode_updateDevice:\"},{\"category\":\"Mapping\",\"visible\":true,\"from\":\"source:provisionMsg:\",\"to\":\"target:ApproveDeviceRegistration:provisionMsg:\",\"fromPort\":\"source:provisionMsg:\",\"toPort\":\"target:ApproveDeviceRegistration:provisionMsg:\"},{\"category\":\"Mapping\",\"visible\":true,\"from\":\"source:scimType:\",\"to\":\"target:ApproveDeviceRegistration:scimType:\",\"fromPort\":\"source:scimType:\",\"toPort\":\"target:ApproveDeviceRegistration:scimType:\"}],\"blockCount\":{\"variableCount\":0},\"variableMap\":{},\"xmlMappingOverride\":false}",
      "requestXmlMappingOverride" : false,
      "responseXmlMappingOverride" : false,
      "disabled" : false,
      "applyCommonMapping" : false,
      "applyRequestCommonMapping" : false,
      "applyResponseCommonMapping" : false
    } ]
  },
  "enableFrontendUrl" : false
}