{
  "version" : "1.0",
  "intSvcs" : [ {
    "name" : "ActivationCodeService",
    "version" : "1.0",
    "etag" : "305231d3-eb3e-43de-8de4-4f16df28e148"
  }, {
    "name" : "ActivationCodeService",
    "version" : "2.0",
    "etag" : "6d954dd2-e996-4bce-9103-f9100e2c65f4"
  }, {
    "name" : "Authenticator",
    "version" : "1.0",
    "etag" : "2bc6ef39-8679-42bd-abc6-98b3f2bf896f"
  }, {
    "name" : "ClientAuthIdentityWrapper",
    "version" : "1.0",
    "etag" : "08820ef0-6a8b-498e-a7a2-b3a4c90bdf45"
  }, {
    "name" : "ClientIdentityWrapperInternal",
    "version" : "1.0",
    "etag" : "81954033-53b4-4edf-b0aa-92fe2b4af576"
  }, {
    "name" : "CustomFactorValidation",
    "version" : "1.0",
    "etag" : "71b6c881-f6f7-4541-8863-1c815110b365"
  }, {
    "name" : "CustomMFASelector",
    "version" : "1.0",
    "etag" : "3f6117c2-c963-43b6-8bd5-78c42af0f701"
  }, {
    "name" : "DependencyManager",
    "version" : "1.0",
    "etag" : "95a4bed2-4030-41cb-9fbb-ef72d5127581"
  }, {
    "name" : "DeviceProvisionJava",
    "version" : "1.0",
    "etag" : "c9d6c162-69c3-4f12-84e9-881bc4b6e31d"
  }, {
    "name" : "HIDApproveInitiation",
    "version" : "1.0",
    "etag" : "3f5737de-3f7e-4acf-ac8f-f85e4f47a9a3"
  }, {
    "name" : "HIDPollConsensus",
    "version" : "1.0",
    "etag" : "14c31e5b-7e06-4dff-a373-1c8efd7e3575"
  }, {
    "name" : "HIDPollConsensusWrapper",
    "version" : "1.0",
    "etag" : "3c789de5-483f-41d0-8bac-a38a68efdfb8"
  }, {
    "name" : "OTPAuthServices",
    "version" : "1.0",
    "etag" : "4a1eb2e6-05af-4a2f-8c46-5d73d3774544"
  }, {
    "name" : "OTPServices",
    "version" : "1.0",
    "etag" : "589f4bc3-5c30-4ac3-a1eb-c80d9a78a267"
  }, {
    "name" : "PasswordAuthServices",
    "version" : "1.0",
    "etag" : "deaa64c0-bf16-4a0a-b039-566264a5b901"
  }, {
    "name" : "RMSThreatMarkAPI",
    "version" : "1.0",
    "etag" : "aadf2e9f-93aa-4eb1-a0f2-305657d70fc4"
  }, {
    "name" : "ScimAPIs",
    "version" : "1.0",
    "etag" : "ced1dd2b-7933-4810-bc8c-110aa0d84d13"
  }, {
    "name" : "ScimAPIsOrg",
    "version" : "1.0",
    "etag" : "babf5747-4e67-4052-b01e-c6f9f7b22b69"
  }, {
    "name" : "SearchServices",
    "version" : "1.0",
    "etag" : "63b20783-accb-4584-9f51-a000b6b2cfed"
  }, {
    "name" : "SendOTPService",
    "version" : "1.0",
    "etag" : "a87b1bb8-53a5-4202-863a-9fdb99515b76"
  }, {
    "name" : "SMSAuthService",
    "version" : "1.0",
    "etag" : "4cc656be-b800-4d3b-be60-c7c3b2615b34"
  }, {
    "name" : "TransactionAuthServices",
    "version" : "1.0",
    "etag" : "4a41ee4a-9f11-4ee4-98c2-1477f624b20d"
  }, {
    "name" : "UserIdentityAttributes",
    "version" : "1.0",
    "etag" : "230e3768-1c63-4ae8-8021-5645937c74d8"
  }, {
    "name" : "UserScimAPIs",
    "version" : "1.0",
    "etag" : "03e6647c-5cca-4526-b1df-b9b4d4040919"
  } ],
  "orchSvcs" : [ {
    "name" : "ScimApisOrch",
    "version" : "1.0",
    "etag" : "30775233-8cf5-4e7e-a697-ccb2643e4078"
  }, {
    "name" : "OnbaordingValidation",
    "version" : "1.0",
    "etag" : "69e1eadb-999d-4921-95ac-65e9fac4791b"
  }, {
    "name" : "SendOOBSms",
    "version" : "1.0",
    "etag" : "b05a6075-60a9-4e9d-941c-934c24885f4c"
  }, {
    "name" : "SearchPushDevicesOrch",
    "version" : "1.0",
    "etag" : "2bf28251-ac0f-46a5-b7d7-e9cf10082119"
  }, {
    "name" : "SearchHardwareDevice",
    "version" : "1.0",
    "etag" : "8a4450ad-f927-42d2-b254-564da3fd3220"
  }, {
    "name" : "PushDeviceRegistrationOrch",
    "version" : "2.0",
    "etag" : "454bc05e-269b-4414-afb9-247bb72c46db"
  }, {
    "name" : "SearchDevices",
    "version" : "1.0",
    "etag" : "c7c23be1-31fe-428c-ad68-4a7df5404676"
  }, {
    "name" : "LoginValidation",
    "version" : "1.0",
    "etag" : "285f3002-6198-420a-bd01-22e12292fd3e"
  }, {
    "name" : "SearchAndAddHWDevice",
    "version" : "1.0",
    "etag" : "da2460de-7e19-49f1-8f35-f38d72d0d17f"
  }, {
    "name" : "PushDeviceRegistrationOrch",
    "version" : "1.0",
    "etag" : "707977ff-8279-42a6-9afa-bf60df1c5504"
  }, {
    "name" : "AssignDevice",
    "version" : "1.0",
    "etag" : "8aa36d54-391c-4e76-802b-3c5b62689796"
  }, {
    "name" : "OnbaordingValidation",
    "version" : "2.0",
    "etag" : "8b5ca7a9-973e-4e89-92e6-6085664e2ff0"
  } ],
  "objectSvcs" : [ {
    "name" : "HIDAuthService",
    "version" : "1.0",
    "etag" : "35c3caf9-970b-44b7-8ec3-5b7c1eba9e77"
  }, {
    "name" : "HIDObjects",
    "version" : "1.0",
    "etag" : "c3b0d973-4f84-4d3f-ac54-b5d62455ff77"
  } ],
  "identity" : [ "ClientIdentity", "customHIDLogin", "customHIDLoginWithoutMFA", "CustomOrgIdentity", "OrgAdminScim" ]
}