{
  "version" : "1.0",
  "intSvcs" : [ {
    "name" : "ActivationCodeService",
    "version" : "2.0",
    "etag" : "8baf2050-4e87-433e-8c3f-caf845f7c4b9"
  }, {
    "name" : "ClientAuthIdentityWrapper",
    "version" : "1.0",
    "etag" : "e00d8ab9-a3da-48d3-a8e1-0733a08dece0"
  }, {
    "name" : "ClientIdentityWrapperInternal",
    "version" : "1.0",
    "etag" : "49f7bf21-3a77-4887-a0ca-1d6f525e2cab"
  }, {
    "name" : "DependencyManager",
    "version" : "1.0",
    "etag" : "95a4bed2-4030-41cb-9fbb-ef72d5127581"
  }, {
    "name" : "DeviceProvisionJava",
    "version" : "1.0",
    "etag" : "c7ceb714-c467-48ed-ad53-f32bd6ff9054"
  }, {
    "name" : "FIDO",
    "version" : "1.0",
    "etag" : "b7ad35e2-ebcb-4204-a030-4f18bfa4c805"
  }, {
    "name" : "GetClientIp",
    "version" : "1.0",
    "etag" : "863a6efd-cd1d-4ac3-b8c3-848c156fc6af"
  }, {
    "name" : "GetScanToApproveQrData",
    "version" : "1.0",
    "etag" : "951ed04f-89a4-42e8-aca1-d5e16f34df9d"
  }, {
    "name" : "HIDApproveInitiation",
    "version" : "1.0",
    "etag" : "c6b0d8e0-c4d4-4cca-8b4c-ee487ec4beca"
  }, {
    "name" : "HIDIdentityService",
    "version" : "1.0",
    "etag" : "9a5e2fc9-1731-498f-937d-72ce6a960cc4"
  }, {
    "name" : "HIDPollConsensus",
    "version" : "1.0",
    "etag" : "dca76ca1-1142-40f1-ac93-ca346c06aa3d"
  }, {
    "name" : "HIDRMS",
    "version" : "1.0",
    "etag" : "77f4b32d-3ee8-4d98-8136-12f7b26e8bae"
  }, {
    "name" : "HIDRMSAndroid",
    "version" : "1.0",
    "etag" : "cb5f7ca8-c6fa-42fe-a96d-e989d7f7fe7e"
  }, {
    "name" : "HIDRMSIOS",
    "version" : "1.0",
    "etag" : "df2b009e-5df7-44b1-b7b2-b364a1bd6920"
  }, {
    "name" : "OTPAuthServices",
    "version" : "1.0",
    "etag" : "1ff43d00-2171-4b22-939f-e8061a1d3dac"
  }, {
    "name" : "OTPServices",
    "version" : "1.0",
    "etag" : "13362964-4151-4a6b-9ea6-c3f18b9f01ac"
  }, {
    "name" : "PasswordAuthServices",
    "version" : "1.0",
    "etag" : "f35965d4-b7d3-42cb-a47d-38f1382f7f22"
  }, {
    "name" : "PushedAuthorizationRequest",
    "version" : "1.0",
    "etag" : "52063083-b38e-4d09-adfc-cefa55d2187f"
  }, {
    "name" : "RMSThreatMarkAPI",
    "version" : "1.0",
    "etag" : "15975e04-2b47-4966-aab0-b9c048909307"
  }, {
    "name" : "ScimAPIs",
    "version" : "1.0",
    "etag" : "b9aafa19-bd69-45db-9497-f239471f786d"
  }, {
    "name" : "ScimAPIsOrg",
    "version" : "1.0",
    "etag" : "e82d0a05-3987-4da9-948f-5ac01311662d"
  }, {
    "name" : "SearchServices",
    "version" : "1.0",
    "etag" : "f0b04fad-78af-489d-ae4c-e118277a980a"
  }, {
    "name" : "SoftTokenValidation",
    "version" : "1.0",
    "etag" : "68c53e3d-e10a-403f-a0e3-5e95993b56aa"
  }, {
    "name" : "TransactionAuthServices",
    "version" : "1.0",
    "etag" : "73b323ce-4ec2-4880-8c46-e3b03e4792e5"
  } ],
  "orchSvcs" : [ {
    "name" : "ScimApisOrch",
    "version" : "1.0",
    "etag" : "5d538a2a-6e44-41cc-9284-de249ef38134"
  }, {
    "name" : "SearchPushDevicesOrch",
    "version" : "1.0",
    "etag" : "8932e9e3-21ce-4c53-96a6-044e095f4c1c"
  }, {
    "name" : "SearchHardwareDevice",
    "version" : "1.0",
    "etag" : "8a4450ad-f927-42d2-b254-564da3fd3220"
  }, {
    "name" : "PushDeviceRegistrationOrch",
    "version" : "2.0",
    "etag" : "ac71247e-e1b5-4766-bed8-12e462312d34"
  }, {
    "name" : "SearchDevices",
    "version" : "1.0",
    "etag" : "90c1b587-7980-45e9-8c8a-13bb6805d814"
  }, {
    "name" : "SearchAndAddHWDevice",
    "version" : "1.0",
    "etag" : "da2460de-7e19-49f1-8f35-f38d72d0d17f"
  }, {
    "name" : "FIDOOrch",
    "version" : "1.0",
    "etag" : "97320eb2-c5e6-4458-afe5-cd1464644d86"
  }, {
    "name" : "AssignDevice",
    "version" : "1.0",
    "etag" : "8aa36d54-391c-4e76-802b-3c5b62689796"
  }, {
    "name" : "OnbaordingValidation",
    "version" : "2.0",
    "etag" : "d21964c7-03e2-4c8c-bada-83bd64338015"
  } ],
  "objectSvcs" : [ {
    "name" : "HIDAuthService",
    "version" : "1.0",
    "etag" : "e95b0816-e4f7-43a3-8bb1-3f217a4baa62"
  }, {
    "name" : "HIDObjects",
    "version" : "1.0",
    "etag" : "19695ef7-f35f-4865-9088-73a09b99fda4"
  }, {
    "name" : "HIDRMSService",
    "version" : "1.0",
    "etag" : "46e8029b-3ef3-40c3-b0bd-c0d733d773ca"
  } ],
  "identity" : [ "ClientIdentity", "customHIDLogin", "customHIDLoginWithoutMFA", "OrgAdminScim" ]
}