[ {
  "name" : "amount",
  "sourceFieldname" : "amount",
  "description" : "amount",
  "dataType" : "string",
  "hasIndex" : false,
  "unique" : false,
  "primarykey" : false,
  "namefield" : false,
  "nullable" : true,
  "custom" : false,
  "createable" : true,
  "updateable" : true,
  "audit" : false,
  "customizable" : false,
  "fieldOrder" : 1,
  "fieldProperties" : {
    "autoGenerated" : "false"
  },
  "etag" : "903bb87c-904f-4997-bab4-99cfe614c822",
  "isExtended" : false
}, {
  "name" : "app_action_id",
  "sourceFieldname" : "app_action_id",
  "description" : "app_action_id",
  "dataType" : "string",
  "hasIndex" : false,
  "unique" : true,
  "primarykey" : true,
  "namefield" : false,
  "nullable" : false,
  "custom" : false,
  "createable" : true,
  "updateable" : true,
  "audit" : false,
  "customizable" : false,
  "fieldOrder" : 3,
  "fieldProperties" : {
    "autoGenerated" : "false"
  },
  "etag" : "bc391e8f-26a3-4571-a68f-df331acacf11",
  "isExtended" : false
}, {
  "name" : "app_action_id_resp",
  "dataType" : "string",
  "hasIndex" : false,
  "unique" : false,
  "primarykey" : false,
  "namefield" : false,
  "nullable" : true,
  "custom" : true,
  "createable" : true,
  "updateable" : true,
  "audit" : false,
  "customizable" : false,
  "fieldLength" : 40,
  "fieldOrder" : 35,
  "fieldProperties" : {
    "autoGenerated" : "false"
  },
  "etag" : "78407538-6f8d-4d53-9f18-c6c7c056894c",
  "isExtended" : false
}, {
  "name" : "app_payment_id",
  "sourceFieldname" : "app_payment_id",
  "description" : "app_payment_id",
  "dataType" : "string",
  "hasIndex" : false,
  "unique" : false,
  "primarykey" : false,
  "namefield" : false,
  "nullable" : true,
  "custom" : false,
  "createable" : true,
  "updateable" : true,
  "audit" : false,
  "customizable" : false,
  "fieldOrder" : 4,
  "fieldProperties" : {
    "autoGenerated" : "false"
  },
  "etag" : "86dda2ce-ef57-4d28-bcb3-4fa7fd0ec48f",
  "isExtended" : false
}, {
  "name" : "app_session_id",
  "sourceFieldname" : "app_session_id",
  "description" : "app_session_id",
  "dataType" : "string",
  "hasIndex" : false,
  "unique" : false,
  "primarykey" : false,
  "namefield" : false,
  "nullable" : true,
  "custom" : false,
  "createable" : true,
  "updateable" : true,
  "audit" : false,
  "customizable" : false,
  "fieldOrder" : 5,
  "fieldProperties" : {
    "autoGenerated" : "false"
  },
  "etag" : "41ec49d0-29fc-4d8c-9217-ee7a3b9eea7e",
  "isExtended" : false
}, {
  "name" : "app_user_id",
  "sourceFieldname" : "app_user_id",
  "description" : "app_user_id",
  "dataType" : "string",
  "hasIndex" : false,
  "unique" : false,
  "primarykey" : false,
  "namefield" : false,
  "nullable" : true,
  "custom" : false,
  "createable" : true,
  "updateable" : true,
  "audit" : false,
  "customizable" : false,
  "fieldOrder" : 6,
  "fieldProperties" : {
    "autoGenerated" : "false"
  },
  "etag" : "326e06f4-d023-4b47-ab44-805780b6bc55",
  "isExtended" : false
}, {
  "name" : "application_id",
  "sourceFieldname" : "application_id",
  "description" : "application_id",
  "dataType" : "string",
  "hasIndex" : false,
  "unique" : false,
  "primarykey" : false,
  "namefield" : false,
  "nullable" : true,
  "custom" : false,
  "createable" : true,
  "updateable" : true,
  "audit" : false,
  "customizable" : false,
  "fieldOrder" : 2,
  "fieldProperties" : {
    "autoGenerated" : "false"
  },
  "etag" : "17d73db3-66ca-417d-9509-b91b3d0a5da6",
  "isExtended" : false
}, {
  "name" : "channel_id",
  "sourceFieldname" : "channel_id",
  "description" : "channel_id",
  "dataType" : "string",
  "hasIndex" : false,
  "unique" : false,
  "primarykey" : false,
  "namefield" : false,
  "nullable" : true,
  "custom" : false,
  "createable" : true,
  "updateable" : true,
  "audit" : false,
  "customizable" : false,
  "fieldOrder" : 7,
  "fieldProperties" : {
    "autoGenerated" : "false"
  },
  "etag" : "0beedf64-9f7f-42b5-9ed2-97f430042252",
  "isExtended" : false
}, {
  "name" : "client_ip",
  "sourceFieldname" : "client_ip",
  "description" : "client_ip",
  "dataType" : "string",
  "hasIndex" : false,
  "unique" : false,
  "primarykey" : false,
  "namefield" : false,
  "nullable" : true,
  "custom" : false,
  "createable" : true,
  "updateable" : true,
  "audit" : false,
  "customizable" : false,
  "fieldOrder" : 8,
  "fieldProperties" : {
    "autoGenerated" : "false"
  },
  "etag" : "f8ba761a-8080-4227-a302-776b4500afe8",
  "isExtended" : false
}, {
  "name" : "currency",
  "sourceFieldname" : "currency",
  "description" : "currency",
  "dataType" : "string",
  "hasIndex" : false,
  "unique" : false,
  "primarykey" : false,
  "namefield" : false,
  "nullable" : true,
  "custom" : false,
  "createable" : true,
  "updateable" : true,
  "audit" : false,
  "customizable" : false,
  "fieldOrder" : 9,
  "fieldProperties" : {
    "autoGenerated" : "false"
  },
  "etag" : "e3713a7d-8824-4454-9f8d-62276a111031",
  "isExtended" : false
}, {
  "name" : "error_code",
  "sourceFieldname" : "error_code",
  "description" : "error_code",
  "dataType" : "number",
  "hasIndex" : false,
  "unique" : false,
  "primarykey" : false,
  "namefield" : false,
  "nullable" : true,
  "custom" : false,
  "createable" : true,
  "updateable" : true,
  "audit" : false,
  "customizable" : false,
  "fieldOrder" : 10,
  "fieldProperties" : {
    "autoGenerated" : "false"
  },
  "etag" : "b3611998-f877-4930-acaa-03c23045feb5",
  "isExtended" : false
}, {
  "name" : "message",
  "sourceFieldname" : "message",
  "description" : "message",
  "dataType" : "string",
  "hasIndex" : false,
  "unique" : false,
  "primarykey" : false,
  "namefield" : false,
  "nullable" : true,
  "custom" : false,
  "createable" : true,
  "updateable" : true,
  "audit" : false,
  "customizable" : false,
  "fieldOrder" : 11,
  "fieldProperties" : {
    "autoGenerated" : "false"
  },
  "etag" : "073cb9ab-9f46-4f66-8bd5-4f81a31a74e1",
  "isExtended" : false
}, {
  "name" : "partner_account_id",
  "sourceFieldname" : "partner_account_id",
  "description" : "partner_account_id",
  "dataType" : "string",
  "hasIndex" : false,
  "unique" : false,
  "primarykey" : false,
  "namefield" : false,
  "nullable" : true,
  "custom" : false,
  "createable" : true,
  "updateable" : true,
  "audit" : false,
  "customizable" : false,
  "fieldOrder" : 12,
  "fieldProperties" : {
    "autoGenerated" : "false"
  },
  "etag" : "68242a0b-4af1-44e3-85a3-b8651dbdc897",
  "isExtended" : false
}, {
  "name" : "partner_account_number",
  "sourceFieldname" : "partner_account_number",
  "description" : "partner_account_number",
  "dataType" : "string",
  "hasIndex" : false,
  "unique" : false,
  "primarykey" : false,
  "namefield" : false,
  "nullable" : true,
  "custom" : false,
  "createable" : true,
  "updateable" : true,
  "audit" : false,
  "customizable" : false,
  "fieldOrder" : 13,
  "fieldProperties" : {
    "autoGenerated" : "false"
  },
  "etag" : "1be90f2c-d3d5-4ab6-aa2d-ac73ff007dbf",
  "isExtended" : false
}, {
  "name" : "patner_account_mode",
  "sourceFieldname" : "patner_account_mode",
  "description" : "patner_account_mode",
  "dataType" : "string",
  "hasIndex" : false,
  "unique" : false,
  "primarykey" : false,
  "namefield" : false,
  "nullable" : true,
  "custom" : false,
  "createable" : true,
  "updateable" : true,
  "audit" : false,
  "customizable" : false,
  "fieldOrder" : 14,
  "fieldProperties" : {
    "autoGenerated" : "false"
  },
  "etag" : "b5a4e7d5-4ccc-4d80-a863-1db57ea400f0",
  "isExtended" : false
}, {
  "name" : "patner_bank_code",
  "sourceFieldname" : "patner_bank_code",
  "description" : "patner_bank_code",
  "dataType" : "string",
  "hasIndex" : false,
  "unique" : false,
  "primarykey" : false,
  "namefield" : false,
  "nullable" : true,
  "custom" : false,
  "createable" : true,
  "updateable" : true,
  "audit" : false,
  "customizable" : false,
  "fieldOrder" : 15,
  "fieldProperties" : {
    "autoGenerated" : "false"
  },
  "etag" : "a9b39f9c-fc1a-4856-b42d-0a46cc20d7dc",
  "isExtended" : false
}, {
  "name" : "patner_country",
  "sourceFieldname" : "patner_country",
  "description" : "patner_country",
  "dataType" : "string",
  "hasIndex" : false,
  "unique" : false,
  "primarykey" : false,
  "namefield" : false,
  "nullable" : true,
  "custom" : false,
  "createable" : true,
  "updateable" : true,
  "audit" : false,
  "customizable" : false,
  "fieldOrder" : 16,
  "fieldProperties" : {
    "autoGenerated" : "false"
  },
  "etag" : "e0c64d02-d4ae-45c8-a307-b367dc564701",
  "isExtended" : false
}, {
  "name" : "patner_iban",
  "sourceFieldname" : "patner_iban",
  "description" : "patner_iban",
  "dataType" : "string",
  "hasIndex" : false,
  "unique" : false,
  "primarykey" : false,
  "namefield" : false,
  "nullable" : true,
  "custom" : false,
  "createable" : true,
  "updateable" : true,
  "audit" : false,
  "customizable" : false,
  "fieldOrder" : 17,
  "fieldProperties" : {
    "autoGenerated" : "false"
  },
  "etag" : "a6abb706-348b-423a-b08e-56fc4357a791",
  "isExtended" : false
}, {
  "name" : "patner_swift",
  "sourceFieldname" : "patner_swift",
  "description" : "patner_swift",
  "dataType" : "string",
  "hasIndex" : false,
  "unique" : false,
  "primarykey" : false,
  "namefield" : false,
  "nullable" : true,
  "custom" : false,
  "createable" : true,
  "updateable" : true,
  "audit" : false,
  "customizable" : false,
  "fieldOrder" : 18,
  "fieldProperties" : {
    "autoGenerated" : "false"
  },
  "etag" : "ef318bce-2ecf-445c-b3c1-065daace314e",
  "isExtended" : false
}, {
  "name" : "patner_swift_account_number",
  "sourceFieldname" : "patner_swift_account_number",
  "description" : "patner_swift_account_number",
  "dataType" : "string",
  "hasIndex" : false,
  "unique" : false,
  "primarykey" : false,
  "namefield" : false,
  "nullable" : true,
  "custom" : false,
  "createable" : true,
  "updateable" : true,
  "audit" : false,
  "customizable" : false,
  "fieldOrder" : 19,
  "fieldProperties" : {
    "autoGenerated" : "false"
  },
  "etag" : "9d16205c-63b2-45ee-8ad7-ba3097a00674",
  "isExtended" : false
}, {
  "name" : "payment_state",
  "sourceFieldname" : "payment_state",
  "description" : "payment_state",
  "dataType" : "string",
  "hasIndex" : false,
  "unique" : false,
  "primarykey" : false,
  "namefield" : false,
  "nullable" : true,
  "custom" : false,
  "createable" : true,
  "updateable" : true,
  "audit" : false,
  "customizable" : false,
  "fieldOrder" : 20,
  "fieldProperties" : {
    "autoGenerated" : "false"
  },
  "etag" : "2a61ed2d-b1d6-4efd-9b5c-a6deaf78062a",
  "isExtended" : false
}, {
  "name" : "payment_type",
  "sourceFieldname" : "payment_type",
  "description" : "payment_type",
  "dataType" : "string",
  "hasIndex" : false,
  "unique" : false,
  "primarykey" : false,
  "namefield" : false,
  "nullable" : true,
  "custom" : false,
  "createable" : true,
  "updateable" : true,
  "audit" : false,
  "customizable" : false,
  "fieldOrder" : 21,
  "fieldProperties" : {
    "autoGenerated" : "false"
  },
  "etag" : "9b8ae05f-4bdd-4fa4-bf40-ff32017721d3",
  "isExtended" : false
}, {
  "name" : "platform",
  "dataType" : "string",
  "hasIndex" : false,
  "unique" : false,
  "primarykey" : false,
  "namefield" : false,
  "nullable" : true,
  "custom" : true,
  "createable" : true,
  "updateable" : true,
  "audit" : false,
  "customizable" : false,
  "fieldLength" : 40,
  "fieldOrder" : 36,
  "fieldProperties" : {
    "autoGenerated" : "false"
  },
  "etag" : "2d09335a-18bc-4d54-b5f3-adf2845f5da9",
  "isExtended" : false
}, {
  "name" : "request_id",
  "sourceFieldname" : "request_id",
  "description" : "request_id",
  "dataType" : "string",
  "hasIndex" : false,
  "unique" : false,
  "primarykey" : false,
  "namefield" : false,
  "nullable" : true,
  "custom" : false,
  "createable" : true,
  "updateable" : true,
  "audit" : false,
  "customizable" : false,
  "fieldOrder" : 22,
  "fieldProperties" : {
    "autoGenerated" : "false"
  },
  "etag" : "ede5f5e7-a92c-469b-997f-ca1fae42d82f",
  "isExtended" : false
}, {
  "name" : "risk",
  "sourceFieldname" : "risk",
  "description" : "risk",
  "dataType" : "string",
  "hasIndex" : false,
  "unique" : false,
  "primarykey" : false,
  "namefield" : false,
  "nullable" : true,
  "custom" : false,
  "createable" : true,
  "updateable" : true,
  "audit" : false,
  "customizable" : false,
  "fieldOrder" : 23,
  "fieldProperties" : {
    "autoGenerated" : "false"
  },
  "etag" : "394fbcf5-c3f1-4527-8fef-448f532ea9fb",
  "isExtended" : false
}, {
  "name" : "source_account_id",
  "sourceFieldname" : "source_account_id",
  "description" : "source_account_id",
  "dataType" : "string",
  "hasIndex" : false,
  "unique" : false,
  "primarykey" : false,
  "namefield" : false,
  "nullable" : true,
  "custom" : false,
  "createable" : true,
  "updateable" : true,
  "audit" : false,
  "customizable" : false,
  "fieldOrder" : 24,
  "fieldProperties" : {
    "autoGenerated" : "false"
  },
  "etag" : "54d78cae-c844-4382-8fd4-ff47f9f90375",
  "isExtended" : false
}, {
  "name" : "source_account_mode",
  "sourceFieldname" : "source_account_mode",
  "description" : "source_account_mode",
  "dataType" : "string",
  "hasIndex" : false,
  "unique" : false,
  "primarykey" : false,
  "namefield" : false,
  "nullable" : true,
  "custom" : false,
  "createable" : true,
  "updateable" : true,
  "audit" : false,
  "customizable" : false,
  "fieldOrder" : 25,
  "fieldProperties" : {
    "autoGenerated" : "false"
  },
  "etag" : "4870b77b-14af-450e-a51b-437301668ef9",
  "isExtended" : false
}, {
  "name" : "source_account_number",
  "sourceFieldname" : "source_account_number",
  "description" : "source_account_number",
  "dataType" : "string",
  "hasIndex" : false,
  "unique" : false,
  "primarykey" : false,
  "namefield" : false,
  "nullable" : true,
  "custom" : false,
  "createable" : true,
  "updateable" : true,
  "audit" : false,
  "customizable" : false,
  "fieldOrder" : 26,
  "fieldProperties" : {
    "autoGenerated" : "false"
  },
  "etag" : "761c51cc-90ab-4946-8bf7-97bb2ef33fa3",
  "isExtended" : false
}, {
  "name" : "source_bank_code",
  "sourceFieldname" : "source_bank_code",
  "description" : "source_bank_code",
  "dataType" : "string",
  "hasIndex" : false,
  "unique" : false,
  "primarykey" : false,
  "namefield" : false,
  "nullable" : true,
  "custom" : false,
  "createable" : true,
  "updateable" : true,
  "audit" : false,
  "customizable" : false,
  "fieldOrder" : 27,
  "fieldProperties" : {
    "autoGenerated" : "false"
  },
  "etag" : "f02980b9-55b4-4baa-b811-a635f431365a",
  "isExtended" : false
}, {
  "name" : "source_country",
  "sourceFieldname" : "source_country",
  "description" : "source_country",
  "dataType" : "string",
  "hasIndex" : false,
  "unique" : false,
  "primarykey" : false,
  "namefield" : false,
  "nullable" : true,
  "custom" : false,
  "createable" : true,
  "updateable" : true,
  "audit" : false,
  "customizable" : false,
  "fieldOrder" : 28,
  "fieldProperties" : {
    "autoGenerated" : "false"
  },
  "etag" : "37221097-c23c-4c17-8a40-06d667402f75",
  "isExtended" : false
}, {
  "name" : "source_iban",
  "sourceFieldname" : "source_iban",
  "description" : "source_iban",
  "dataType" : "string",
  "hasIndex" : false,
  "unique" : false,
  "primarykey" : false,
  "namefield" : false,
  "nullable" : true,
  "custom" : false,
  "createable" : true,
  "updateable" : true,
  "audit" : false,
  "customizable" : false,
  "fieldOrder" : 29,
  "fieldProperties" : {
    "autoGenerated" : "false"
  },
  "etag" : "cc7398df-1253-48f5-a133-379e4e8abca7",
  "isExtended" : false
}, {
  "name" : "source_swift",
  "sourceFieldname" : "source_swift",
  "description" : "source_swift",
  "dataType" : "string",
  "hasIndex" : false,
  "unique" : false,
  "primarykey" : false,
  "namefield" : false,
  "nullable" : true,
  "custom" : false,
  "createable" : true,
  "updateable" : true,
  "audit" : false,
  "customizable" : false,
  "fieldOrder" : 30,
  "fieldProperties" : {
    "autoGenerated" : "false"
  },
  "etag" : "debea574-afe1-4a64-922e-6c82e787dd77",
  "isExtended" : false
}, {
  "name" : "source_swift_account_number",
  "sourceFieldname" : "source_swift_account_number",
  "description" : "source_swift_account_number",
  "dataType" : "string",
  "hasIndex" : false,
  "unique" : false,
  "primarykey" : false,
  "namefield" : false,
  "nullable" : true,
  "custom" : false,
  "createable" : true,
  "updateable" : true,
  "audit" : false,
  "customizable" : false,
  "fieldOrder" : 31,
  "fieldProperties" : {
    "autoGenerated" : "false"
  },
  "etag" : "98a51b19-6241-4178-b8e9-1d0157293e67",
  "isExtended" : false
}, {
  "name" : "tags",
  "sourceFieldname" : "tags",
  "description" : "tags",
  "dataType" : "string",
  "hasIndex" : false,
  "unique" : false,
  "primarykey" : false,
  "namefield" : false,
  "nullable" : true,
  "custom" : false,
  "createable" : true,
  "updateable" : true,
  "audit" : false,
  "customizable" : false,
  "fieldOrder" : 32,
  "fieldProperties" : {
    "autoGenerated" : "false"
  },
  "etag" : "44b00869-ea13-40a8-9ab6-fb4efcbc66ca",
  "isExtended" : false
}, {
  "name" : "tm_device_tag",
  "sourceFieldname" : "tm_device_tag",
  "description" : "tm_device_tag",
  "dataType" : "string",
  "hasIndex" : false,
  "unique" : false,
  "primarykey" : false,
  "namefield" : false,
  "nullable" : true,
  "custom" : false,
  "createable" : true,
  "updateable" : true,
  "audit" : false,
  "customizable" : false,
  "fieldOrder" : 33,
  "fieldProperties" : {
    "autoGenerated" : "false"
  },
  "etag" : "bfd142a0-adeb-4ac9-b575-5521495f7f59",
  "isExtended" : false
}, {
  "name" : "tm_session_sid",
  "sourceFieldname" : "tm_session_sid",
  "description" : "tm_session_sid",
  "dataType" : "string",
  "hasIndex" : false,
  "unique" : false,
  "primarykey" : false,
  "namefield" : false,
  "nullable" : true,
  "custom" : false,
  "createable" : true,
  "updateable" : true,
  "audit" : false,
  "customizable" : false,
  "fieldOrder" : 34,
  "fieldProperties" : {
    "autoGenerated" : "false"
  },
  "etag" : "7c2c15c7-1ec9-4b36-a71a-3175b7ceca07",
  "isExtended" : false
} ]