[ {
  "name" : "amount",
  "sourceFieldname" : "amount",
  "description" : "amount",
  "dataType" : "string",
  "hasIndex" : false,
  "unique" : false,
  "primarykey" : false,
  "namefield" : false,
  "nullable" : true,
  "custom" : false,
  "createable" : true,
  "updateable" : true,
  "audit" : false,
  "customizable" : false,
  "fieldOrder" : 1,
  "fieldProperties" : {
    "autoGenerated" : "false"
  },
  "etag" : "c87fd7f1-fb84-4dc4-a041-3ae79a3b54a5",
  "isExtended" : false
}, {
  "name" : "app_action_id",
  "sourceFieldname" : "app_action_id",
  "description" : "app_action_id",
  "dataType" : "string",
  "hasIndex" : false,
  "unique" : true,
  "primarykey" : true,
  "namefield" : false,
  "nullable" : false,
  "custom" : false,
  "createable" : true,
  "updateable" : true,
  "audit" : false,
  "customizable" : false,
  "fieldOrder" : 3,
  "fieldProperties" : {
    "autoGenerated" : "false"
  },
  "etag" : "9fe7c61c-aee7-4ba8-a0f9-fa6e46ad82b3",
  "isExtended" : false
}, {
  "name" : "app_action_id_resp",
  "dataType" : "string",
  "hasIndex" : false,
  "unique" : false,
  "primarykey" : false,
  "namefield" : false,
  "nullable" : true,
  "custom" : true,
  "createable" : true,
  "updateable" : true,
  "audit" : false,
  "customizable" : false,
  "fieldLength" : 40,
  "fieldOrder" : 35,
  "fieldProperties" : {
    "autoGenerated" : "false"
  },
  "etag" : "bb367e3a-c9cb-477c-a03d-0b78a3e9a4a2",
  "isExtended" : false
}, {
  "name" : "app_payment_id",
  "sourceFieldname" : "app_payment_id",
  "description" : "app_payment_id",
  "dataType" : "string",
  "hasIndex" : false,
  "unique" : false,
  "primarykey" : false,
  "namefield" : false,
  "nullable" : true,
  "custom" : false,
  "createable" : true,
  "updateable" : true,
  "audit" : false,
  "customizable" : false,
  "fieldOrder" : 4,
  "fieldProperties" : {
    "autoGenerated" : "false"
  },
  "etag" : "6481e0b9-f3d5-4346-b586-9bfe2a8628ca",
  "isExtended" : false
}, {
  "name" : "app_session_id",
  "sourceFieldname" : "app_session_id",
  "description" : "app_session_id",
  "dataType" : "string",
  "hasIndex" : false,
  "unique" : false,
  "primarykey" : false,
  "namefield" : false,
  "nullable" : true,
  "custom" : false,
  "createable" : true,
  "updateable" : true,
  "audit" : false,
  "customizable" : false,
  "fieldOrder" : 5,
  "fieldProperties" : {
    "autoGenerated" : "false"
  },
  "etag" : "7cf55d2d-80ca-4c71-9661-e0adacf90869",
  "isExtended" : false
}, {
  "name" : "app_user_id",
  "sourceFieldname" : "app_user_id",
  "description" : "app_user_id",
  "dataType" : "string",
  "hasIndex" : false,
  "unique" : false,
  "primarykey" : false,
  "namefield" : false,
  "nullable" : true,
  "custom" : false,
  "createable" : true,
  "updateable" : true,
  "audit" : false,
  "customizable" : false,
  "fieldOrder" : 6,
  "fieldProperties" : {
    "autoGenerated" : "false"
  },
  "etag" : "1fa67c22-8f03-439b-a9e4-7ae9065e6797",
  "isExtended" : false
}, {
  "name" : "application_id",
  "sourceFieldname" : "application_id",
  "description" : "application_id",
  "dataType" : "string",
  "hasIndex" : false,
  "unique" : false,
  "primarykey" : false,
  "namefield" : false,
  "nullable" : true,
  "custom" : false,
  "createable" : true,
  "updateable" : true,
  "audit" : false,
  "customizable" : false,
  "fieldOrder" : 2,
  "fieldProperties" : {
    "autoGenerated" : "false"
  },
  "etag" : "a382d762-56d6-4e31-9ac8-0c3cb17721c0",
  "isExtended" : false
}, {
  "name" : "channel_id",
  "sourceFieldname" : "channel_id",
  "description" : "channel_id",
  "dataType" : "string",
  "hasIndex" : false,
  "unique" : false,
  "primarykey" : false,
  "namefield" : false,
  "nullable" : true,
  "custom" : false,
  "createable" : true,
  "updateable" : true,
  "audit" : false,
  "customizable" : false,
  "fieldOrder" : 7,
  "fieldProperties" : {
    "autoGenerated" : "false"
  },
  "etag" : "eabaac34-86f6-45aa-91b2-262ec93dd26c",
  "isExtended" : false
}, {
  "name" : "client_ip",
  "sourceFieldname" : "client_ip",
  "description" : "client_ip",
  "dataType" : "string",
  "hasIndex" : false,
  "unique" : false,
  "primarykey" : false,
  "namefield" : false,
  "nullable" : true,
  "custom" : false,
  "createable" : true,
  "updateable" : true,
  "audit" : false,
  "customizable" : false,
  "fieldOrder" : 8,
  "fieldProperties" : {
    "autoGenerated" : "false"
  },
  "etag" : "719d0269-e341-40dd-9d9d-3e1de619de61",
  "isExtended" : false
}, {
  "name" : "currency",
  "sourceFieldname" : "currency",
  "description" : "currency",
  "dataType" : "string",
  "hasIndex" : false,
  "unique" : false,
  "primarykey" : false,
  "namefield" : false,
  "nullable" : true,
  "custom" : false,
  "createable" : true,
  "updateable" : true,
  "audit" : false,
  "customizable" : false,
  "fieldOrder" : 9,
  "fieldProperties" : {
    "autoGenerated" : "false"
  },
  "etag" : "587fd3a7-0c8d-40b2-a60f-73d7f70c4000",
  "isExtended" : false
}, {
  "name" : "error_code",
  "sourceFieldname" : "error_code",
  "description" : "error_code",
  "dataType" : "number",
  "hasIndex" : false,
  "unique" : false,
  "primarykey" : false,
  "namefield" : false,
  "nullable" : true,
  "custom" : false,
  "createable" : true,
  "updateable" : true,
  "audit" : false,
  "customizable" : false,
  "fieldOrder" : 10,
  "fieldProperties" : {
    "autoGenerated" : "false"
  },
  "etag" : "69844b14-6a2a-4278-ac81-c69a83a980d9",
  "isExtended" : false
}, {
  "name" : "message",
  "sourceFieldname" : "message",
  "description" : "message",
  "dataType" : "string",
  "hasIndex" : false,
  "unique" : false,
  "primarykey" : false,
  "namefield" : false,
  "nullable" : true,
  "custom" : false,
  "createable" : true,
  "updateable" : true,
  "audit" : false,
  "customizable" : false,
  "fieldOrder" : 11,
  "fieldProperties" : {
    "autoGenerated" : "false"
  },
  "etag" : "14f5459b-1ec1-46f9-9a3c-44da3077b787",
  "isExtended" : false
}, {
  "name" : "partner_account_id",
  "sourceFieldname" : "partner_account_id",
  "description" : "partner_account_id",
  "dataType" : "string",
  "hasIndex" : false,
  "unique" : false,
  "primarykey" : false,
  "namefield" : false,
  "nullable" : true,
  "custom" : false,
  "createable" : true,
  "updateable" : true,
  "audit" : false,
  "customizable" : false,
  "fieldOrder" : 12,
  "fieldProperties" : {
    "autoGenerated" : "false"
  },
  "etag" : "4656dfae-2587-4881-8f68-db52dedb6231",
  "isExtended" : false
}, {
  "name" : "partner_account_number",
  "sourceFieldname" : "partner_account_number",
  "description" : "partner_account_number",
  "dataType" : "string",
  "hasIndex" : false,
  "unique" : false,
  "primarykey" : false,
  "namefield" : false,
  "nullable" : true,
  "custom" : false,
  "createable" : true,
  "updateable" : true,
  "audit" : false,
  "customizable" : false,
  "fieldOrder" : 13,
  "fieldProperties" : {
    "autoGenerated" : "false"
  },
  "etag" : "e1a78343-17cd-4421-b8a1-71d06076d06f",
  "isExtended" : false
}, {
  "name" : "patner_account_mode",
  "sourceFieldname" : "patner_account_mode",
  "description" : "patner_account_mode",
  "dataType" : "string",
  "hasIndex" : false,
  "unique" : false,
  "primarykey" : false,
  "namefield" : false,
  "nullable" : true,
  "custom" : false,
  "createable" : true,
  "updateable" : true,
  "audit" : false,
  "customizable" : false,
  "fieldOrder" : 14,
  "fieldProperties" : {
    "autoGenerated" : "false"
  },
  "etag" : "15bc7265-5b97-42f9-9fec-ee9d3d716b71",
  "isExtended" : false
}, {
  "name" : "patner_bank_code",
  "sourceFieldname" : "patner_bank_code",
  "description" : "patner_bank_code",
  "dataType" : "string",
  "hasIndex" : false,
  "unique" : false,
  "primarykey" : false,
  "namefield" : false,
  "nullable" : true,
  "custom" : false,
  "createable" : true,
  "updateable" : true,
  "audit" : false,
  "customizable" : false,
  "fieldOrder" : 15,
  "fieldProperties" : {
    "autoGenerated" : "false"
  },
  "etag" : "cfc3cb03-7e41-48ff-b509-12729463fa14",
  "isExtended" : false
}, {
  "name" : "patner_country",
  "sourceFieldname" : "patner_country",
  "description" : "patner_country",
  "dataType" : "string",
  "hasIndex" : false,
  "unique" : false,
  "primarykey" : false,
  "namefield" : false,
  "nullable" : true,
  "custom" : false,
  "createable" : true,
  "updateable" : true,
  "audit" : false,
  "customizable" : false,
  "fieldOrder" : 16,
  "fieldProperties" : {
    "autoGenerated" : "false"
  },
  "etag" : "5d1bb51f-cb42-457f-b9b8-54311931351e",
  "isExtended" : false
}, {
  "name" : "patner_iban",
  "sourceFieldname" : "patner_iban",
  "description" : "patner_iban",
  "dataType" : "string",
  "hasIndex" : false,
  "unique" : false,
  "primarykey" : false,
  "namefield" : false,
  "nullable" : true,
  "custom" : false,
  "createable" : true,
  "updateable" : true,
  "audit" : false,
  "customizable" : false,
  "fieldOrder" : 17,
  "fieldProperties" : {
    "autoGenerated" : "false"
  },
  "etag" : "aeb688b3-dfc0-4bbb-9dd1-7df12b67d64e",
  "isExtended" : false
}, {
  "name" : "patner_swift",
  "sourceFieldname" : "patner_swift",
  "description" : "patner_swift",
  "dataType" : "string",
  "hasIndex" : false,
  "unique" : false,
  "primarykey" : false,
  "namefield" : false,
  "nullable" : true,
  "custom" : false,
  "createable" : true,
  "updateable" : true,
  "audit" : false,
  "customizable" : false,
  "fieldOrder" : 18,
  "fieldProperties" : {
    "autoGenerated" : "false"
  },
  "etag" : "d31a65aa-672a-488a-99b2-1935467f534e",
  "isExtended" : false
}, {
  "name" : "patner_swift_account_number",
  "sourceFieldname" : "patner_swift_account_number",
  "description" : "patner_swift_account_number",
  "dataType" : "string",
  "hasIndex" : false,
  "unique" : false,
  "primarykey" : false,
  "namefield" : false,
  "nullable" : true,
  "custom" : false,
  "createable" : true,
  "updateable" : true,
  "audit" : false,
  "customizable" : false,
  "fieldOrder" : 19,
  "fieldProperties" : {
    "autoGenerated" : "false"
  },
  "etag" : "c879e7e4-7eb9-4d96-953e-1f1f4b469d2a",
  "isExtended" : false
}, {
  "name" : "payment_state",
  "sourceFieldname" : "payment_state",
  "description" : "payment_state",
  "dataType" : "string",
  "hasIndex" : false,
  "unique" : false,
  "primarykey" : false,
  "namefield" : false,
  "nullable" : true,
  "custom" : false,
  "createable" : true,
  "updateable" : true,
  "audit" : false,
  "customizable" : false,
  "fieldOrder" : 20,
  "fieldProperties" : {
    "autoGenerated" : "false"
  },
  "etag" : "7034cc34-5952-46fc-8682-2c025628a8e2",
  "isExtended" : false
}, {
  "name" : "payment_type",
  "sourceFieldname" : "payment_type",
  "description" : "payment_type",
  "dataType" : "string",
  "hasIndex" : false,
  "unique" : false,
  "primarykey" : false,
  "namefield" : false,
  "nullable" : true,
  "custom" : false,
  "createable" : true,
  "updateable" : true,
  "audit" : false,
  "customizable" : false,
  "fieldOrder" : 21,
  "fieldProperties" : {
    "autoGenerated" : "false"
  },
  "etag" : "4fa24db3-c717-453f-8024-826f8ff6b3f1",
  "isExtended" : false
}, {
  "name" : "platform",
  "dataType" : "string",
  "hasIndex" : false,
  "unique" : false,
  "primarykey" : false,
  "namefield" : false,
  "nullable" : true,
  "custom" : true,
  "createable" : true,
  "updateable" : true,
  "audit" : false,
  "customizable" : false,
  "fieldLength" : 40,
  "fieldOrder" : 36,
  "fieldProperties" : {
    "autoGenerated" : "false"
  },
  "etag" : "8862d170-5fef-4fd6-90b5-96e9d3c5b941",
  "isExtended" : false
}, {
  "name" : "request_id",
  "sourceFieldname" : "request_id",
  "description" : "request_id",
  "dataType" : "string",
  "hasIndex" : false,
  "unique" : false,
  "primarykey" : false,
  "namefield" : false,
  "nullable" : true,
  "custom" : false,
  "createable" : true,
  "updateable" : true,
  "audit" : false,
  "customizable" : false,
  "fieldOrder" : 22,
  "fieldProperties" : {
    "autoGenerated" : "false"
  },
  "etag" : "a2885c5d-9cc0-4c38-ae6d-7a83c43d2be0",
  "isExtended" : false
}, {
  "name" : "risk",
  "sourceFieldname" : "risk",
  "description" : "risk",
  "dataType" : "string",
  "hasIndex" : false,
  "unique" : false,
  "primarykey" : false,
  "namefield" : false,
  "nullable" : true,
  "custom" : false,
  "createable" : true,
  "updateable" : true,
  "audit" : false,
  "customizable" : false,
  "fieldOrder" : 23,
  "fieldProperties" : {
    "autoGenerated" : "false"
  },
  "etag" : "fbce1695-6e73-41b3-81c6-c3bea70efcb6",
  "isExtended" : false
}, {
  "name" : "source_account_id",
  "sourceFieldname" : "source_account_id",
  "description" : "source_account_id",
  "dataType" : "string",
  "hasIndex" : false,
  "unique" : false,
  "primarykey" : false,
  "namefield" : false,
  "nullable" : true,
  "custom" : false,
  "createable" : true,
  "updateable" : true,
  "audit" : false,
  "customizable" : false,
  "fieldOrder" : 24,
  "fieldProperties" : {
    "autoGenerated" : "false"
  },
  "etag" : "7937bf48-b596-4a29-93c6-fbbeadf3b4b2",
  "isExtended" : false
}, {
  "name" : "source_account_mode",
  "sourceFieldname" : "source_account_mode",
  "description" : "source_account_mode",
  "dataType" : "string",
  "hasIndex" : false,
  "unique" : false,
  "primarykey" : false,
  "namefield" : false,
  "nullable" : true,
  "custom" : false,
  "createable" : true,
  "updateable" : true,
  "audit" : false,
  "customizable" : false,
  "fieldOrder" : 25,
  "fieldProperties" : {
    "autoGenerated" : "false"
  },
  "etag" : "66507a27-b8e9-4857-b815-abeea726c838",
  "isExtended" : false
}, {
  "name" : "source_account_number",
  "sourceFieldname" : "source_account_number",
  "description" : "source_account_number",
  "dataType" : "string",
  "hasIndex" : false,
  "unique" : false,
  "primarykey" : false,
  "namefield" : false,
  "nullable" : true,
  "custom" : false,
  "createable" : true,
  "updateable" : true,
  "audit" : false,
  "customizable" : false,
  "fieldOrder" : 26,
  "fieldProperties" : {
    "autoGenerated" : "false"
  },
  "etag" : "1978a1c7-a163-4f0e-816b-fa5fd7c6ebc2",
  "isExtended" : false
}, {
  "name" : "source_bank_code",
  "sourceFieldname" : "source_bank_code",
  "description" : "source_bank_code",
  "dataType" : "string",
  "hasIndex" : false,
  "unique" : false,
  "primarykey" : false,
  "namefield" : false,
  "nullable" : true,
  "custom" : false,
  "createable" : true,
  "updateable" : true,
  "audit" : false,
  "customizable" : false,
  "fieldOrder" : 27,
  "fieldProperties" : {
    "autoGenerated" : "false"
  },
  "etag" : "7b0be37b-0ec9-46ed-8dac-7d9c6912d5ef",
  "isExtended" : false
}, {
  "name" : "source_country",
  "sourceFieldname" : "source_country",
  "description" : "source_country",
  "dataType" : "string",
  "hasIndex" : false,
  "unique" : false,
  "primarykey" : false,
  "namefield" : false,
  "nullable" : true,
  "custom" : false,
  "createable" : true,
  "updateable" : true,
  "audit" : false,
  "customizable" : false,
  "fieldOrder" : 28,
  "fieldProperties" : {
    "autoGenerated" : "false"
  },
  "etag" : "03480844-6780-4596-8145-6ad17468ddf2",
  "isExtended" : false
}, {
  "name" : "source_iban",
  "sourceFieldname" : "source_iban",
  "description" : "source_iban",
  "dataType" : "string",
  "hasIndex" : false,
  "unique" : false,
  "primarykey" : false,
  "namefield" : false,
  "nullable" : true,
  "custom" : false,
  "createable" : true,
  "updateable" : true,
  "audit" : false,
  "customizable" : false,
  "fieldOrder" : 29,
  "fieldProperties" : {
    "autoGenerated" : "false"
  },
  "etag" : "35c617da-ecd8-45be-b739-f1c15d730153",
  "isExtended" : false
}, {
  "name" : "source_swift",
  "sourceFieldname" : "source_swift",
  "description" : "source_swift",
  "dataType" : "string",
  "hasIndex" : false,
  "unique" : false,
  "primarykey" : false,
  "namefield" : false,
  "nullable" : true,
  "custom" : false,
  "createable" : true,
  "updateable" : true,
  "audit" : false,
  "customizable" : false,
  "fieldOrder" : 30,
  "fieldProperties" : {
    "autoGenerated" : "false"
  },
  "etag" : "392d4b43-6ac8-43c5-911f-6817d58b42fd",
  "isExtended" : false
}, {
  "name" : "source_swift_account_number",
  "sourceFieldname" : "source_swift_account_number",
  "description" : "source_swift_account_number",
  "dataType" : "string",
  "hasIndex" : false,
  "unique" : false,
  "primarykey" : false,
  "namefield" : false,
  "nullable" : true,
  "custom" : false,
  "createable" : true,
  "updateable" : true,
  "audit" : false,
  "customizable" : false,
  "fieldOrder" : 31,
  "fieldProperties" : {
    "autoGenerated" : "false"
  },
  "etag" : "66c79e40-0666-4729-8da7-44de8b62201f",
  "isExtended" : false
}, {
  "name" : "tags",
  "sourceFieldname" : "tags",
  "description" : "tags",
  "dataType" : "string",
  "hasIndex" : false,
  "unique" : false,
  "primarykey" : false,
  "namefield" : false,
  "nullable" : true,
  "custom" : false,
  "createable" : true,
  "updateable" : true,
  "audit" : false,
  "customizable" : false,
  "fieldOrder" : 32,
  "fieldProperties" : {
    "autoGenerated" : "false"
  },
  "etag" : "549861ec-7102-472c-96d0-20b4b338377e",
  "isExtended" : false
}, {
  "name" : "tm_device_tag",
  "sourceFieldname" : "tm_device_tag",
  "description" : "tm_device_tag",
  "dataType" : "string",
  "hasIndex" : false,
  "unique" : false,
  "primarykey" : false,
  "namefield" : false,
  "nullable" : true,
  "custom" : false,
  "createable" : true,
  "updateable" : true,
  "audit" : false,
  "customizable" : false,
  "fieldOrder" : 33,
  "fieldProperties" : {
    "autoGenerated" : "false"
  },
  "etag" : "51a78f0a-564b-443c-97aa-6a2a1ed3e84b",
  "isExtended" : false
}, {
  "name" : "tm_session_sid",
  "sourceFieldname" : "tm_session_sid",
  "description" : "tm_session_sid",
  "dataType" : "string",
  "hasIndex" : false,
  "unique" : false,
  "primarykey" : false,
  "namefield" : false,
  "nullable" : true,
  "custom" : false,
  "createable" : true,
  "updateable" : true,
  "audit" : false,
  "customizable" : false,
  "fieldOrder" : 34,
  "fieldProperties" : {
    "autoGenerated" : "false"
  },
  "etag" : "7f7f2e59-b701-4dc8-a393-95d476046019",
  "isExtended" : false
} ]