[ {
  "name" : "amount",
  "sourceFieldname" : "amount",
  "description" : "amount",
  "dataType" : "string",
  "hasIndex" : false,
  "unique" : false,
  "primarykey" : false,
  "namefield" : false,
  "nullable" : true,
  "custom" : false,
  "createable" : true,
  "updateable" : true,
  "audit" : false,
  "customizable" : false,
  "fieldOrder" : 1,
  "fieldProperties" : {
    "autoGenerated" : "false"
  },
  "etag" : "596f3f67-eb3e-484d-818d-e175bd39f4ff",
  "isExtended" : false
}, {
  "name" : "app_action_id",
  "sourceFieldname" : "app_action_id",
  "description" : "app_action_id",
  "dataType" : "string",
  "hasIndex" : false,
  "unique" : true,
  "primarykey" : true,
  "namefield" : false,
  "nullable" : false,
  "custom" : false,
  "createable" : true,
  "updateable" : true,
  "audit" : false,
  "customizable" : false,
  "fieldOrder" : 3,
  "fieldProperties" : {
    "autoGenerated" : "false"
  },
  "etag" : "dd9db8e5-9636-47b3-b33c-8aa74a3c7a93",
  "isExtended" : false
}, {
  "name" : "app_action_id_resp",
  "dataType" : "string",
  "hasIndex" : false,
  "unique" : false,
  "primarykey" : false,
  "namefield" : false,
  "nullable" : true,
  "custom" : true,
  "createable" : true,
  "updateable" : true,
  "audit" : false,
  "customizable" : false,
  "fieldLength" : 40,
  "fieldOrder" : 35,
  "fieldProperties" : {
    "autoGenerated" : "false"
  },
  "etag" : "5c5b62df-30e0-4a08-a527-fb810dcbdd27",
  "isExtended" : false
}, {
  "name" : "app_payment_id",
  "sourceFieldname" : "app_payment_id",
  "description" : "app_payment_id",
  "dataType" : "string",
  "hasIndex" : false,
  "unique" : false,
  "primarykey" : false,
  "namefield" : false,
  "nullable" : true,
  "custom" : false,
  "createable" : true,
  "updateable" : true,
  "audit" : false,
  "customizable" : false,
  "fieldOrder" : 4,
  "fieldProperties" : {
    "autoGenerated" : "false"
  },
  "etag" : "6ee18469-5bf6-4180-8c65-16427fda29a5",
  "isExtended" : false
}, {
  "name" : "app_session_id",
  "sourceFieldname" : "app_session_id",
  "description" : "app_session_id",
  "dataType" : "string",
  "hasIndex" : false,
  "unique" : false,
  "primarykey" : false,
  "namefield" : false,
  "nullable" : true,
  "custom" : false,
  "createable" : true,
  "updateable" : true,
  "audit" : false,
  "customizable" : false,
  "fieldOrder" : 5,
  "fieldProperties" : {
    "autoGenerated" : "false"
  },
  "etag" : "f72b0524-9d77-470f-98af-0576d979f10e",
  "isExtended" : false
}, {
  "name" : "app_user_id",
  "sourceFieldname" : "app_user_id",
  "description" : "app_user_id",
  "dataType" : "string",
  "hasIndex" : false,
  "unique" : false,
  "primarykey" : false,
  "namefield" : false,
  "nullable" : true,
  "custom" : false,
  "createable" : true,
  "updateable" : true,
  "audit" : false,
  "customizable" : false,
  "fieldOrder" : 6,
  "fieldProperties" : {
    "autoGenerated" : "false"
  },
  "etag" : "0456abdb-c674-43ff-a3d9-1e238873fca3",
  "isExtended" : false
}, {
  "name" : "application_id",
  "sourceFieldname" : "application_id",
  "description" : "application_id",
  "dataType" : "string",
  "hasIndex" : false,
  "unique" : false,
  "primarykey" : false,
  "namefield" : false,
  "nullable" : true,
  "custom" : false,
  "createable" : true,
  "updateable" : true,
  "audit" : false,
  "customizable" : false,
  "fieldOrder" : 2,
  "fieldProperties" : {
    "autoGenerated" : "false"
  },
  "etag" : "262139bc-173a-4dec-b195-4e266ccba481",
  "isExtended" : false
}, {
  "name" : "channel_id",
  "sourceFieldname" : "channel_id",
  "description" : "channel_id",
  "dataType" : "string",
  "hasIndex" : false,
  "unique" : false,
  "primarykey" : false,
  "namefield" : false,
  "nullable" : true,
  "custom" : false,
  "createable" : true,
  "updateable" : true,
  "audit" : false,
  "customizable" : false,
  "fieldOrder" : 7,
  "fieldProperties" : {
    "autoGenerated" : "false"
  },
  "etag" : "565ce3d7-6d2d-4b60-879c-8c20f286a36d",
  "isExtended" : false
}, {
  "name" : "client_ip",
  "sourceFieldname" : "client_ip",
  "description" : "client_ip",
  "dataType" : "string",
  "hasIndex" : false,
  "unique" : false,
  "primarykey" : false,
  "namefield" : false,
  "nullable" : true,
  "custom" : false,
  "createable" : true,
  "updateable" : true,
  "audit" : false,
  "customizable" : false,
  "fieldOrder" : 8,
  "fieldProperties" : {
    "autoGenerated" : "false"
  },
  "etag" : "6ddc807d-edf1-47dd-a397-442bb8eb3d64",
  "isExtended" : false
}, {
  "name" : "currency",
  "sourceFieldname" : "currency",
  "description" : "currency",
  "dataType" : "string",
  "hasIndex" : false,
  "unique" : false,
  "primarykey" : false,
  "namefield" : false,
  "nullable" : true,
  "custom" : false,
  "createable" : true,
  "updateable" : true,
  "audit" : false,
  "customizable" : false,
  "fieldOrder" : 9,
  "fieldProperties" : {
    "autoGenerated" : "false"
  },
  "etag" : "c21ebca1-e199-4aa1-bf6f-f79c6a50c71a",
  "isExtended" : false
}, {
  "name" : "error_code",
  "sourceFieldname" : "error_code",
  "description" : "error_code",
  "dataType" : "number",
  "hasIndex" : false,
  "unique" : false,
  "primarykey" : false,
  "namefield" : false,
  "nullable" : true,
  "custom" : false,
  "createable" : true,
  "updateable" : true,
  "audit" : false,
  "customizable" : false,
  "fieldOrder" : 10,
  "fieldProperties" : {
    "autoGenerated" : "false"
  },
  "etag" : "aa82fc99-b005-4ab0-8bc0-bb7ceb8bb90a",
  "isExtended" : false
}, {
  "name" : "message",
  "sourceFieldname" : "message",
  "description" : "message",
  "dataType" : "string",
  "hasIndex" : false,
  "unique" : false,
  "primarykey" : false,
  "namefield" : false,
  "nullable" : true,
  "custom" : false,
  "createable" : true,
  "updateable" : true,
  "audit" : false,
  "customizable" : false,
  "fieldOrder" : 11,
  "fieldProperties" : {
    "autoGenerated" : "false"
  },
  "etag" : "2d5c48a2-104d-4b08-a730-bad916367e36",
  "isExtended" : false
}, {
  "name" : "partner_account_id",
  "sourceFieldname" : "partner_account_id",
  "description" : "partner_account_id",
  "dataType" : "string",
  "hasIndex" : false,
  "unique" : false,
  "primarykey" : false,
  "namefield" : false,
  "nullable" : true,
  "custom" : false,
  "createable" : true,
  "updateable" : true,
  "audit" : false,
  "customizable" : false,
  "fieldOrder" : 12,
  "fieldProperties" : {
    "autoGenerated" : "false"
  },
  "etag" : "3c97bff3-787c-44ab-ad44-a6de03cb7c11",
  "isExtended" : false
}, {
  "name" : "partner_account_number",
  "sourceFieldname" : "partner_account_number",
  "description" : "partner_account_number",
  "dataType" : "string",
  "hasIndex" : false,
  "unique" : false,
  "primarykey" : false,
  "namefield" : false,
  "nullable" : true,
  "custom" : false,
  "createable" : true,
  "updateable" : true,
  "audit" : false,
  "customizable" : false,
  "fieldOrder" : 13,
  "fieldProperties" : {
    "autoGenerated" : "false"
  },
  "etag" : "c8f2d7cb-f0ad-44d6-8613-c1037c60f1ee",
  "isExtended" : false
}, {
  "name" : "patner_account_mode",
  "sourceFieldname" : "patner_account_mode",
  "description" : "patner_account_mode",
  "dataType" : "string",
  "hasIndex" : false,
  "unique" : false,
  "primarykey" : false,
  "namefield" : false,
  "nullable" : true,
  "custom" : false,
  "createable" : true,
  "updateable" : true,
  "audit" : false,
  "customizable" : false,
  "fieldOrder" : 14,
  "fieldProperties" : {
    "autoGenerated" : "false"
  },
  "etag" : "682ba9d7-6531-4fe4-8c24-91268594cbab",
  "isExtended" : false
}, {
  "name" : "patner_bank_code",
  "sourceFieldname" : "patner_bank_code",
  "description" : "patner_bank_code",
  "dataType" : "string",
  "hasIndex" : false,
  "unique" : false,
  "primarykey" : false,
  "namefield" : false,
  "nullable" : true,
  "custom" : false,
  "createable" : true,
  "updateable" : true,
  "audit" : false,
  "customizable" : false,
  "fieldOrder" : 15,
  "fieldProperties" : {
    "autoGenerated" : "false"
  },
  "etag" : "d30d775e-a34d-4fbd-9641-4cdabe651c03",
  "isExtended" : false
}, {
  "name" : "patner_country",
  "sourceFieldname" : "patner_country",
  "description" : "patner_country",
  "dataType" : "string",
  "hasIndex" : false,
  "unique" : false,
  "primarykey" : false,
  "namefield" : false,
  "nullable" : true,
  "custom" : false,
  "createable" : true,
  "updateable" : true,
  "audit" : false,
  "customizable" : false,
  "fieldOrder" : 16,
  "fieldProperties" : {
    "autoGenerated" : "false"
  },
  "etag" : "b6120f58-bcf9-4306-8203-572dc578098e",
  "isExtended" : false
}, {
  "name" : "patner_iban",
  "sourceFieldname" : "patner_iban",
  "description" : "patner_iban",
  "dataType" : "string",
  "hasIndex" : false,
  "unique" : false,
  "primarykey" : false,
  "namefield" : false,
  "nullable" : true,
  "custom" : false,
  "createable" : true,
  "updateable" : true,
  "audit" : false,
  "customizable" : false,
  "fieldOrder" : 17,
  "fieldProperties" : {
    "autoGenerated" : "false"
  },
  "etag" : "015076f7-b603-4358-9643-d1ce95823d7a",
  "isExtended" : false
}, {
  "name" : "patner_swift",
  "sourceFieldname" : "patner_swift",
  "description" : "patner_swift",
  "dataType" : "string",
  "hasIndex" : false,
  "unique" : false,
  "primarykey" : false,
  "namefield" : false,
  "nullable" : true,
  "custom" : false,
  "createable" : true,
  "updateable" : true,
  "audit" : false,
  "customizable" : false,
  "fieldOrder" : 18,
  "fieldProperties" : {
    "autoGenerated" : "false"
  },
  "etag" : "41e91099-7a28-4cd1-ab6e-9098b12dc744",
  "isExtended" : false
}, {
  "name" : "patner_swift_account_number",
  "sourceFieldname" : "patner_swift_account_number",
  "description" : "patner_swift_account_number",
  "dataType" : "string",
  "hasIndex" : false,
  "unique" : false,
  "primarykey" : false,
  "namefield" : false,
  "nullable" : true,
  "custom" : false,
  "createable" : true,
  "updateable" : true,
  "audit" : false,
  "customizable" : false,
  "fieldOrder" : 19,
  "fieldProperties" : {
    "autoGenerated" : "false"
  },
  "etag" : "ef95fa9a-de3b-4a8b-8b28-6560fe8a59cf",
  "isExtended" : false
}, {
  "name" : "payment_state",
  "sourceFieldname" : "payment_state",
  "description" : "payment_state",
  "dataType" : "string",
  "hasIndex" : false,
  "unique" : false,
  "primarykey" : false,
  "namefield" : false,
  "nullable" : true,
  "custom" : false,
  "createable" : true,
  "updateable" : true,
  "audit" : false,
  "customizable" : false,
  "fieldOrder" : 20,
  "fieldProperties" : {
    "autoGenerated" : "false"
  },
  "etag" : "938863fb-a483-4d47-bb4f-db8b89562e78",
  "isExtended" : false
}, {
  "name" : "payment_type",
  "sourceFieldname" : "payment_type",
  "description" : "payment_type",
  "dataType" : "string",
  "hasIndex" : false,
  "unique" : false,
  "primarykey" : false,
  "namefield" : false,
  "nullable" : true,
  "custom" : false,
  "createable" : true,
  "updateable" : true,
  "audit" : false,
  "customizable" : false,
  "fieldOrder" : 21,
  "fieldProperties" : {
    "autoGenerated" : "false"
  },
  "etag" : "f29232a1-0942-4882-8b37-9e0d065fe280",
  "isExtended" : false
}, {
  "name" : "platform",
  "dataType" : "string",
  "hasIndex" : false,
  "unique" : false,
  "primarykey" : false,
  "namefield" : false,
  "nullable" : true,
  "custom" : true,
  "createable" : true,
  "updateable" : true,
  "audit" : false,
  "customizable" : false,
  "fieldLength" : 40,
  "fieldOrder" : 36,
  "fieldProperties" : {
    "autoGenerated" : "false"
  },
  "etag" : "29ff0b04-5013-43cc-b6c7-38aab35f6e04",
  "isExtended" : false
}, {
  "name" : "request_id",
  "sourceFieldname" : "request_id",
  "description" : "request_id",
  "dataType" : "string",
  "hasIndex" : false,
  "unique" : false,
  "primarykey" : false,
  "namefield" : false,
  "nullable" : true,
  "custom" : false,
  "createable" : true,
  "updateable" : true,
  "audit" : false,
  "customizable" : false,
  "fieldOrder" : 22,
  "fieldProperties" : {
    "autoGenerated" : "false"
  },
  "etag" : "8a023550-9f30-43c9-9707-7b35195d49f0",
  "isExtended" : false
}, {
  "name" : "risk",
  "sourceFieldname" : "risk",
  "description" : "risk",
  "dataType" : "string",
  "hasIndex" : false,
  "unique" : false,
  "primarykey" : false,
  "namefield" : false,
  "nullable" : true,
  "custom" : false,
  "createable" : true,
  "updateable" : true,
  "audit" : false,
  "customizable" : false,
  "fieldOrder" : 23,
  "fieldProperties" : {
    "autoGenerated" : "false"
  },
  "etag" : "06e44abe-70b0-48b5-af15-1f1af2069381",
  "isExtended" : false
}, {
  "name" : "source_account_id",
  "sourceFieldname" : "source_account_id",
  "description" : "source_account_id",
  "dataType" : "string",
  "hasIndex" : false,
  "unique" : false,
  "primarykey" : false,
  "namefield" : false,
  "nullable" : true,
  "custom" : false,
  "createable" : true,
  "updateable" : true,
  "audit" : false,
  "customizable" : false,
  "fieldOrder" : 24,
  "fieldProperties" : {
    "autoGenerated" : "false"
  },
  "etag" : "719b714d-033e-4341-b84f-a130a4268578",
  "isExtended" : false
}, {
  "name" : "source_account_mode",
  "sourceFieldname" : "source_account_mode",
  "description" : "source_account_mode",
  "dataType" : "string",
  "hasIndex" : false,
  "unique" : false,
  "primarykey" : false,
  "namefield" : false,
  "nullable" : true,
  "custom" : false,
  "createable" : true,
  "updateable" : true,
  "audit" : false,
  "customizable" : false,
  "fieldOrder" : 25,
  "fieldProperties" : {
    "autoGenerated" : "false"
  },
  "etag" : "b81bf5a1-94b3-4d68-b499-e51f45fbb69f",
  "isExtended" : false
}, {
  "name" : "source_account_number",
  "sourceFieldname" : "source_account_number",
  "description" : "source_account_number",
  "dataType" : "string",
  "hasIndex" : false,
  "unique" : false,
  "primarykey" : false,
  "namefield" : false,
  "nullable" : true,
  "custom" : false,
  "createable" : true,
  "updateable" : true,
  "audit" : false,
  "customizable" : false,
  "fieldOrder" : 26,
  "fieldProperties" : {
    "autoGenerated" : "false"
  },
  "etag" : "f89b0b49-29a1-4525-9c00-08f8f26e33be",
  "isExtended" : false
}, {
  "name" : "source_bank_code",
  "sourceFieldname" : "source_bank_code",
  "description" : "source_bank_code",
  "dataType" : "string",
  "hasIndex" : false,
  "unique" : false,
  "primarykey" : false,
  "namefield" : false,
  "nullable" : true,
  "custom" : false,
  "createable" : true,
  "updateable" : true,
  "audit" : false,
  "customizable" : false,
  "fieldOrder" : 27,
  "fieldProperties" : {
    "autoGenerated" : "false"
  },
  "etag" : "87565144-da03-43d6-99f2-3594d942a4ff",
  "isExtended" : false
}, {
  "name" : "source_country",
  "sourceFieldname" : "source_country",
  "description" : "source_country",
  "dataType" : "string",
  "hasIndex" : false,
  "unique" : false,
  "primarykey" : false,
  "namefield" : false,
  "nullable" : true,
  "custom" : false,
  "createable" : true,
  "updateable" : true,
  "audit" : false,
  "customizable" : false,
  "fieldOrder" : 28,
  "fieldProperties" : {
    "autoGenerated" : "false"
  },
  "etag" : "e129861c-a8d6-4e06-a50d-d9b6e6c4dfd7",
  "isExtended" : false
}, {
  "name" : "source_iban",
  "sourceFieldname" : "source_iban",
  "description" : "source_iban",
  "dataType" : "string",
  "hasIndex" : false,
  "unique" : false,
  "primarykey" : false,
  "namefield" : false,
  "nullable" : true,
  "custom" : false,
  "createable" : true,
  "updateable" : true,
  "audit" : false,
  "customizable" : false,
  "fieldOrder" : 29,
  "fieldProperties" : {
    "autoGenerated" : "false"
  },
  "etag" : "4bac9e64-ddf2-4bc7-9b86-5c8264cb46e2",
  "isExtended" : false
}, {
  "name" : "source_swift",
  "sourceFieldname" : "source_swift",
  "description" : "source_swift",
  "dataType" : "string",
  "hasIndex" : false,
  "unique" : false,
  "primarykey" : false,
  "namefield" : false,
  "nullable" : true,
  "custom" : false,
  "createable" : true,
  "updateable" : true,
  "audit" : false,
  "customizable" : false,
  "fieldOrder" : 30,
  "fieldProperties" : {
    "autoGenerated" : "false"
  },
  "etag" : "a4a06346-1f01-4487-b95d-27496a3eed1a",
  "isExtended" : false
}, {
  "name" : "source_swift_account_number",
  "sourceFieldname" : "source_swift_account_number",
  "description" : "source_swift_account_number",
  "dataType" : "string",
  "hasIndex" : false,
  "unique" : false,
  "primarykey" : false,
  "namefield" : false,
  "nullable" : true,
  "custom" : false,
  "createable" : true,
  "updateable" : true,
  "audit" : false,
  "customizable" : false,
  "fieldOrder" : 31,
  "fieldProperties" : {
    "autoGenerated" : "false"
  },
  "etag" : "e1b25036-cd3f-4523-95bf-103775fcf8d5",
  "isExtended" : false
}, {
  "name" : "tags",
  "sourceFieldname" : "tags",
  "description" : "tags",
  "dataType" : "string",
  "hasIndex" : false,
  "unique" : false,
  "primarykey" : false,
  "namefield" : false,
  "nullable" : true,
  "custom" : false,
  "createable" : true,
  "updateable" : true,
  "audit" : false,
  "customizable" : false,
  "fieldOrder" : 32,
  "fieldProperties" : {
    "autoGenerated" : "false"
  },
  "etag" : "516139a5-601a-466b-8e82-02d65a099c76",
  "isExtended" : false
}, {
  "name" : "tm_device_tag",
  "sourceFieldname" : "tm_device_tag",
  "description" : "tm_device_tag",
  "dataType" : "string",
  "hasIndex" : false,
  "unique" : false,
  "primarykey" : false,
  "namefield" : false,
  "nullable" : true,
  "custom" : false,
  "createable" : true,
  "updateable" : true,
  "audit" : false,
  "customizable" : false,
  "fieldOrder" : 33,
  "fieldProperties" : {
    "autoGenerated" : "false"
  },
  "etag" : "129c3b31-fcd5-4384-a6ad-7e374fbc2c2a",
  "isExtended" : false
}, {
  "name" : "tm_session_sid",
  "sourceFieldname" : "tm_session_sid",
  "description" : "tm_session_sid",
  "dataType" : "string",
  "hasIndex" : false,
  "unique" : false,
  "primarykey" : false,
  "namefield" : false,
  "nullable" : true,
  "custom" : false,
  "createable" : true,
  "updateable" : true,
  "audit" : false,
  "customizable" : false,
  "fieldOrder" : 34,
  "fieldProperties" : {
    "autoGenerated" : "false"
  },
  "etag" : "a0a9975c-a752-4988-9598-eef4286f26b4",
  "isExtended" : false
} ]