[ {
  "name" : "correlationId",
  "dataType" : "string",
  "hasIndex" : false,
  "unique" : false,
  "primarykey" : false,
  "namefield" : false,
  "nullable" : true,
  "custom" : true,
  "createable" : true,
  "updateable" : true,
  "audit" : false,
  "customizable" : false,
  "fieldLength" : 40,
  "fieldOrder" : 10,
  "fieldProperties" : {
    "autoGenerated" : "false"
  },
  "etag" : "f16ce67c-02c4-4103-99d6-f1ad6abfaf07",
  "isExtended" : false
}, {
  "name" : "detail_CreateDevice",
  "sourceFieldname" : "detail_CreateDevice",
  "description" : "detail_CreateDevice",
  "dataType" : "string",
  "hasIndex" : false,
  "unique" : false,
  "primarykey" : false,
  "namefield" : false,
  "nullable" : true,
  "custom" : false,
  "createable" : true,
  "updateable" : true,
  "audit" : false,
  "customizable" : false,
  "fieldOrder" : 1,
  "fieldProperties" : {
    "autoGenerated" : "false"
  },
  "etag" : "555ab214-cbed-4871-ac36-9cd9918f83bd",
  "isExtended" : false
}, {
  "name" : "detail_updateDevice",
  "sourceFieldname" : "detail_updateDevice",
  "description" : "detail_updateDevice",
  "dataType" : "string",
  "hasIndex" : false,
  "unique" : false,
  "primarykey" : false,
  "namefield" : false,
  "nullable" : true,
  "custom" : false,
  "createable" : true,
  "updateable" : true,
  "audit" : false,
  "customizable" : false,
  "fieldOrder" : 2,
  "fieldProperties" : {
    "autoGenerated" : "false"
  },
  "etag" : "41058efe-61c4-4343-a979-a1a49257eb4d",
  "isExtended" : false
}, {
  "name" : "DeviceId",
  "sourceFieldname" : "DeviceId",
  "description" : "DeviceId",
  "dataType" : "string",
  "hasIndex" : false,
  "unique" : true,
  "primarykey" : true,
  "namefield" : false,
  "nullable" : false,
  "custom" : false,
  "createable" : true,
  "updateable" : true,
  "audit" : false,
  "customizable" : false,
  "fieldOrder" : 3,
  "fieldProperties" : {
    "autoGenerated" : "false"
  },
  "etag" : "bfb5ce8e-2aeb-48a8-9bac-3200e3d08ec9",
  "isExtended" : false
}, {
  "name" : "errorCode",
  "sourceFieldname" : "errorCode",
  "description" : "errorCode",
  "dataType" : "string",
  "hasIndex" : false,
  "unique" : false,
  "primarykey" : false,
  "namefield" : false,
  "nullable" : true,
  "custom" : false,
  "createable" : true,
  "updateable" : true,
  "audit" : false,
  "customizable" : false,
  "fieldOrder" : 4,
  "fieldProperties" : {
    "autoGenerated" : "false"
  },
  "etag" : "60526595-5455-4237-97ef-df7b7917ab86",
  "isExtended" : false
}, {
  "name" : "errorCode_updateDevice",
  "sourceFieldname" : "errorCode_updateDevice",
  "description" : "errorCode_updateDevice",
  "dataType" : "string",
  "hasIndex" : false,
  "unique" : false,
  "primarykey" : false,
  "namefield" : false,
  "nullable" : true,
  "custom" : false,
  "createable" : true,
  "updateable" : true,
  "audit" : false,
  "customizable" : false,
  "fieldOrder" : 5,
  "fieldProperties" : {
    "autoGenerated" : "false"
  },
  "etag" : "c666321a-fe14-445c-9400-f33033717389",
  "isExtended" : false
}, {
  "name" : "provisionMsg",
  "sourceFieldname" : "provisionMsg",
  "description" : "provisionMsg",
  "dataType" : "string",
  "hasIndex" : false,
  "unique" : false,
  "primarykey" : false,
  "namefield" : false,
  "nullable" : true,
  "custom" : false,
  "createable" : true,
  "updateable" : true,
  "audit" : false,
  "customizable" : false,
  "fieldOrder" : 6,
  "fieldProperties" : {
    "autoGenerated" : "false"
  },
  "etag" : "4c4a280b-b7cf-4a1e-9d1a-878f8cfb039f",
  "isExtended" : false
}, {
  "name" : "UserId",
  "sourceFieldname" : "UserId",
  "description" : "UserId",
  "dataType" : "string",
  "hasIndex" : false,
  "unique" : false,
  "primarykey" : false,
  "namefield" : false,
  "nullable" : true,
  "custom" : false,
  "createable" : true,
  "updateable" : true,
  "audit" : false,
  "customizable" : false,
  "fieldOrder" : 7,
  "fieldProperties" : {
    "autoGenerated" : "false"
  },
  "etag" : "69e897c2-78d0-48d8-8c14-3e34f6abe8f8",
  "isExtended" : false
}, {
  "name" : "username",
  "sourceFieldname" : "username",
  "description" : "username",
  "dataType" : "string",
  "hasIndex" : false,
  "unique" : false,
  "primarykey" : false,
  "namefield" : false,
  "nullable" : true,
  "custom" : false,
  "createable" : true,
  "updateable" : true,
  "audit" : false,
  "customizable" : false,
  "fieldOrder" : 8,
  "fieldProperties" : {
    "autoGenerated" : "false"
  },
  "etag" : "a4a9381e-6e16-4b9e-95cc-b67f5649547a",
  "isExtended" : false
}, {
  "name" : "usernameWithRandomNo",
  "sourceFieldname" : "usernameWithRandomNo",
  "description" : "usernameWithRandomNo",
  "dataType" : "string",
  "hasIndex" : false,
  "unique" : false,
  "primarykey" : false,
  "namefield" : false,
  "nullable" : true,
  "custom" : false,
  "createable" : true,
  "updateable" : true,
  "audit" : false,
  "customizable" : false,
  "fieldOrder" : 9,
  "fieldProperties" : {
    "autoGenerated" : "false"
  },
  "etag" : "923547cb-72b6-41ae-8ce9-2f62db3ccb0d",
  "isExtended" : false
} ]