{
  "operationConfig" : {
    "name" : "SearchUserAuth2828",
    "type" : "MappedToBackend",
    "cachable" : false,
    "smsEnabled" : false,
    "security" : "authorized_app",
    "responseEncoding" : "UTF-8",
    "httpMethod" : "GET",
    "decodeResponseBody" : false,
    "iMapping" : "<?xml version=\"1.0\" encoding=\"UTF-8\" standalone=\"yes\"?>\n<mapper xmlns=\"http://www.kony.com/ns/mapper\">\n    <map inputpath=\"request_in\" outputpath=\"request_out\">\n        <exec-function name=\"kony.string:concat\" output=\"$vars\" outputpath=\"result1\">\n            <set-arg name=\"input1\" input=\"externalId eq \"/>\n            <set-arg inputpath=\"username\"/>\n        </exec-function>\n        <set-param inputpath=\"$vars/result1\" outputpath=\"filter\"/>\n    </map>\n</mapper>\n",
    "oMapping" : "<?xml version=\"1.0\" encoding=\"UTF-8\" standalone=\"yes\"?>\n<mapper xmlns=\"http://www.kony.com/ns/mapper\">\n    <map inputpath=\"response_in\" outputpath=\"response_out\">\n        <map inputpath=\"\" outputpath=\"User\">\n            <set-param inputpath=\"id\" outputpath=\"id\"/>\n        </map>\n    </map>\n</mapper>\n",
    "iVisualMappingData" : "{\"nodeDataArray\":[{\"isGroup\":true,\"key\":\"request_in\",\"text\":\"User\",\"xy\":\"150 100\"},{\"isGroup\":true,\"key\":\"request_out\",\"text\":\"SearchServices (1.0).SearchUserAuth\",\"xy\":\"770 100\"},{\"key\":\"block:kony.util:constant:1\",\"name\":\"kony.basic:constant\",\"text\":\"Constant\",\"category\":\"functionTemplateConstant\",\"outPortId\":\"externalId eq \",\"outPortText\":\"value\",\"loc\":\"399 124\",\"visible\":true},{\"key\":\"block:kony.string:concat:1\",\"name\":\"kony.string:stringConcatenate\",\"text\":\"String Concatenate\",\"category\":\"functionTemplateNTo1\",\"outPortId\":\"result1\",\"outPortText\":\"result\",\"valueArray\":[{\"inPortId\":\"input1\",\"inPortText\":\"value\",\"__gohashid\":61810},{\"inPortId\":\"input2\",\"inPortText\":\"value\",\"__gohashid\":62091}],\"loc\":\"525 128\",\"visible\":true}],\"linkDataArray\":[{\"category\":\"Mapping\",\"visible\":true,\"from\":\"block:kony.util:constant:1\",\"to\":\"block:kony.string:concat:1\",\"fromPort\":\"externalId eq \",\"toPort\":\"input1\"},{\"category\":\"Mapping\",\"visible\":true,\"from\":\"source:User:username:\",\"to\":\"block:kony.string:concat:1\",\"fromPort\":\"source:User:username:\",\"toPort\":\"input2\"},{\"category\":\"Mapping\",\"visible\":true,\"from\":\"block:kony.string:concat:1\",\"to\":\"target:filter:\",\"fromPort\":\"result1\",\"toPort\":\"target:filter:\"}],\"blockCount\":{\"variableCount\":1,\"constant\":1,\"stringConcatenate\":1},\"variableMap\":{\"result1\":true},\"xmlMappingOverride\":false}",
    "oVisualMappingData" : "{\"nodeDataArray\":[{\"isGroup\":true,\"key\":\"response_out\",\"text\":\"User\",\"xy\":\"770 100\"},{\"isGroup\":true,\"key\":\"response_in\",\"text\":\"SearchServices (1.0).SearchUserAuth\",\"xy\":\"150 100\"}],\"linkDataArray\":[{\"category\":\"Mapping\",\"visible\":true,\"from\":\"source:id:\",\"to\":\"target:User:id:\",\"fromPort\":\"source:id:\",\"toPort\":\"target:User:id:\"}],\"blockCount\":{\"variableCount\":0},\"variableMap\":{},\"xmlMappingOverride\":false}",
    "applyCommonMapping" : false,
    "applyRequestCommonMapping" : false,
    "applyResponseCommonMapping" : false,
    "backendMeta" : {
      "serviceName" : "SearchServices",
      "serviceVersion" : "1.0",
      "operationName" : "SearchUserAuth"
    },
    "relationshipHierarchyMapping" : {
      "children" : [ ],
      "name" : "User",
      "actions" : { },
      "selected" : true
    },
    "requestXmlMappingOverride" : false,
    "responseXmlMappingOverride" : false,
    "mapperData" : [ {
      "name" : "base mapper1",
      "order" : 1,
      "iMapping" : "<?xml version=\"1.0\" encoding=\"UTF-8\" standalone=\"yes\"?>\n<mapper xmlns=\"http://www.kony.com/ns/mapper\">\n    <map inputpath=\"request_in\" outputpath=\"request_out\">\n        <exec-function name=\"kony.string:concat\" output=\"$vars\" outputpath=\"result1\">\n            <set-arg name=\"input1\" input=\"externalId eq \"/>\n            <set-arg inputpath=\"username\"/>\n        </exec-function>\n        <set-param inputpath=\"$vars/result1\" outputpath=\"filter\"/>\n    </map>\n</mapper>\n",
      "oMapping" : "<?xml version=\"1.0\" encoding=\"UTF-8\" standalone=\"yes\"?>\n<mapper xmlns=\"http://www.kony.com/ns/mapper\">\n    <map inputpath=\"response_in\" outputpath=\"response_out\">\n        <map inputpath=\"\" outputpath=\"User\">\n            <set-param inputpath=\"id\" outputpath=\"id\"/>\n        </map>\n    </map>\n</mapper>\n",
      "iVisualMappingData" : "{\"nodeDataArray\":[{\"isGroup\":true,\"key\":\"request_in\",\"text\":\"User\",\"xy\":\"150 100\"},{\"isGroup\":true,\"key\":\"request_out\",\"text\":\"SearchServices (1.0).SearchUserAuth\",\"xy\":\"770 100\"},{\"key\":\"block:kony.util:constant:1\",\"name\":\"kony.basic:constant\",\"text\":\"Constant\",\"category\":\"functionTemplateConstant\",\"outPortId\":\"externalId eq \",\"outPortText\":\"value\",\"loc\":\"399 124\",\"visible\":true},{\"key\":\"block:kony.string:concat:1\",\"name\":\"kony.string:stringConcatenate\",\"text\":\"String Concatenate\",\"category\":\"functionTemplateNTo1\",\"outPortId\":\"result1\",\"outPortText\":\"result\",\"valueArray\":[{\"inPortId\":\"input1\",\"inPortText\":\"value\",\"__gohashid\":61810},{\"inPortId\":\"input2\",\"inPortText\":\"value\",\"__gohashid\":62091}],\"loc\":\"525 128\",\"visible\":true}],\"linkDataArray\":[{\"category\":\"Mapping\",\"visible\":true,\"from\":\"block:kony.util:constant:1\",\"to\":\"block:kony.string:concat:1\",\"fromPort\":\"externalId eq \",\"toPort\":\"input1\"},{\"category\":\"Mapping\",\"visible\":true,\"from\":\"source:User:username:\",\"to\":\"block:kony.string:concat:1\",\"fromPort\":\"source:User:username:\",\"toPort\":\"input2\"},{\"category\":\"Mapping\",\"visible\":true,\"from\":\"block:kony.string:concat:1\",\"to\":\"target:filter:\",\"fromPort\":\"result1\",\"toPort\":\"target:filter:\"}],\"blockCount\":{\"variableCount\":1,\"constant\":1,\"stringConcatenate\":1},\"variableMap\":{\"result1\":true},\"xmlMappingOverride\":false}",
      "oVisualMappingData" : "{\"nodeDataArray\":[{\"isGroup\":true,\"key\":\"response_out\",\"text\":\"User\",\"xy\":\"770 100\"},{\"isGroup\":true,\"key\":\"response_in\",\"text\":\"SearchServices (1.0).SearchUserAuth\",\"xy\":\"150 100\"}],\"linkDataArray\":[{\"category\":\"Mapping\",\"visible\":true,\"from\":\"source:id:\",\"to\":\"target:User:id:\",\"fromPort\":\"source:id:\",\"toPort\":\"target:User:id:\"}],\"blockCount\":{\"variableCount\":0},\"variableMap\":{},\"xmlMappingOverride\":false}",
      "requestXmlMappingOverride" : false,
      "responseXmlMappingOverride" : false,
      "disabled" : false,
      "applyCommonMapping" : false,
      "applyRequestCommonMapping" : false,
      "applyResponseCommonMapping" : false
    } ]
  },
  "enableFrontendUrl" : false,
  "customVerb" : false
}