[ {
  "name" : "deviceId",
  "sourceFieldname" : "deviceId",
  "description" : "deviceId",
  "dataType" : "string",
  "hasIndex" : false,
  "unique" : true,
  "primarykey" : true,
  "namefield" : false,
  "nullable" : false,
  "custom" : false,
  "createable" : true,
  "updateable" : true,
  "audit" : false,
  "customizable" : false,
  "fieldOrder" : 1,
  "fieldProperties" : {
    "autoGenerated" : "false"
  },
  "etag" : "3ac446cf-df0b-483f-abcc-ef38e6dc787b",
  "isExtended" : false
}, {
  "name" : "deviceStatus",
  "sourceFieldname" : "deviceStatus",
  "description" : "deviceStatus",
  "dataType" : "string",
  "hasIndex" : false,
  "unique" : false,
  "primarykey" : false,
  "namefield" : false,
  "nullable" : true,
  "custom" : false,
  "createable" : true,
  "updateable" : true,
  "audit" : false,
  "customizable" : false,
  "fieldOrder" : 2,
  "fieldProperties" : {
    "autoGenerated" : "false"
  },
  "etag" : "6e739af7-2e08-45a3-b634-66e99af62833",
  "isExtended" : false
}, {
  "name" : "errmsg",
  "sourceFieldname" : "errmsg",
  "description" : "errmsg",
  "dataType" : "string",
  "hasIndex" : false,
  "unique" : false,
  "primarykey" : false,
  "namefield" : false,
  "nullable" : true,
  "custom" : false,
  "createable" : true,
  "updateable" : true,
  "audit" : false,
  "customizable" : false,
  "fieldOrder" : 3,
  "fieldProperties" : {
    "autoGenerated" : "false"
  },
  "etag" : "6fede34e-6b1a-410b-ab96-826555e918f7",
  "isExtended" : false
} ]