{
  "operationConfig" : {
    "name" : "generateChallenge2229",
    "type" : "MappedToBackend",
    "cachable" : false,
    "smsEnabled" : false,
    "security" : "authorized_app",
    "responseEncoding" : "UTF-8",
    "httpMethod" : "GET",
    "decodeResponseBody" : false,
    "iMapping" : "<?xml version=\"1.0\" encoding=\"UTF-8\" standalone=\"yes\"?><mapper xmlns=\"http://www.kony.com/ns/mapper\">  <map inputpath=\"request_in\" outputpath=\"request_out\">    <set-param inputpath=\"authType\" outputpath=\"authType\"/>    <set-param inputpath=\"correlationId\" outputpath=\"correlationId\"/>    <set-param inputpath=\"deviceId\" outputpath=\"deviceId\"/>    <set-param inputpath=\"username\" outputpath=\"username\"/>  </map></mapper>",
    "oMapping" : "<?xml version=\"1.0\" encoding=\"UTF-8\" standalone=\"yes\"?>\n<mapper xmlns=\"http://www.kony.com/ns/mapper\">\n    <map inputpath=\"response_in\" outputpath=\"response_out\">\n        <map inputpath=\"\" outputpath=\"GenerateChallenge\">\n            <set-param inputpath=\"challenge\" outputpath=\"challenge\"/>\n            <set-param inputpath=\"detail\" outputpath=\"detail\"/>\n            <set-param inputpath=\"errorCode\" outputpath=\"errorCode\"/>\n        </map>\n    </map>\n</mapper>\n",
    "iVisualMappingData" : "{\"nodeDataArray\":[{\"isGroup\":true,\"key\":\"request_in\",\"text\":\"GenerateChallenge\",\"xy\":\"161 102\"},{\"isGroup\":true,\"key\":\"request_out\",\"text\":\"HIDChalllengeService (1.0).generateChallenge\",\"xy\":\"770 100\"}],\"linkDataArray\":[{\"category\":\"Mapping\",\"visible\":true,\"from\":\"source:GenerateChallenge:authType:\",\"to\":\"target:authType:\",\"fromPort\":\"source:GenerateChallenge:authType:\",\"toPort\":\"target:authType:\"},{\"category\":\"Mapping\",\"visible\":true,\"from\":\"source:GenerateChallenge:deviceId:\",\"to\":\"target:deviceId:\",\"fromPort\":\"source:GenerateChallenge:deviceId:\",\"toPort\":\"target:deviceId:\"},{\"category\":\"Mapping\",\"visible\":true,\"from\":\"source:GenerateChallenge:username:\",\"to\":\"target:username:\",\"fromPort\":\"source:GenerateChallenge:username:\",\"toPort\":\"target:username:\"},{\"from\":\"source\",\"to\":\"source:GenerateChallenge\",\"fromPort\":\"source\",\"toPort\":\"source:GenerateChallenge\",\"visible\":true,\"common\":false},{\"from\":\"source:GenerateChallenge\",\"to\":\"source:GenerateChallenge:t_p_fields\",\"fromPort\":\"source:GenerateChallenge\",\"toPort\":\"source:GenerateChallenge:t_p_fields\",\"visible\":true,\"common\":false},{\"from\":\"source:GenerateChallenge:t_p_fields\",\"to\":\"source:GenerateChallenge:authType:\",\"fromPort\":\"source:GenerateChallenge:t_p_fields\",\"toPort\":\"source:GenerateChallenge:authType:\",\"visible\":true,\"common\":false},{\"from\":\"source:GenerateChallenge:t_p_fields\",\"to\":\"source:GenerateChallenge:challenge:\",\"fromPort\":\"source:GenerateChallenge:t_p_fields\",\"toPort\":\"source:GenerateChallenge:challenge:\",\"visible\":true,\"common\":false},{\"from\":\"source:GenerateChallenge:t_p_fields\",\"to\":\"source:GenerateChallenge:detail:\",\"fromPort\":\"source:GenerateChallenge:t_p_fields\",\"toPort\":\"source:GenerateChallenge:detail:\",\"visible\":true,\"common\":false},{\"from\":\"source:GenerateChallenge:t_p_fields\",\"to\":\"source:GenerateChallenge:deviceId:\",\"fromPort\":\"source:GenerateChallenge:t_p_fields\",\"toPort\":\"source:GenerateChallenge:deviceId:\",\"visible\":true,\"common\":false},{\"from\":\"source:GenerateChallenge:t_p_fields\",\"to\":\"source:GenerateChallenge:errorCode:\",\"fromPort\":\"source:GenerateChallenge:t_p_fields\",\"toPort\":\"source:GenerateChallenge:errorCode:\",\"visible\":true,\"common\":false},{\"from\":\"source:GenerateChallenge:t_p_fields\",\"to\":\"source:GenerateChallenge:username:\",\"fromPort\":\"source:GenerateChallenge:t_p_fields\",\"toPort\":\"source:GenerateChallenge:username:\",\"visible\":true,\"common\":false},{\"from\":\"source:GenerateChallenge:t_p_fields\",\"to\":\"source:GenerateChallenge:correlationId:\",\"fromPort\":\"source:GenerateChallenge:t_p_fields\",\"toPort\":\"source:GenerateChallenge:correlationId:\",\"visible\":true,\"common\":false},{\"from\":\"target\",\"to\":\"target:t_p_parameters\",\"fromPort\":\"target\",\"toPort\":\"target:t_p_parameters\",\"visible\":true,\"common\":false},{\"from\":\"target:t_p_parameters\",\"to\":\"target:authType:\",\"fromPort\":\"target:t_p_parameters\",\"toPort\":\"target:authType:\",\"visible\":true,\"common\":false},{\"from\":\"target:t_p_parameters\",\"to\":\"target:correlationId:\",\"fromPort\":\"target:t_p_parameters\",\"toPort\":\"target:correlationId:\",\"visible\":true,\"common\":false},{\"from\":\"target:t_p_parameters\",\"to\":\"target:deviceId:\",\"fromPort\":\"target:t_p_parameters\",\"toPort\":\"target:deviceId:\",\"visible\":true,\"common\":false},{\"from\":\"target:t_p_parameters\",\"to\":\"target:username:\",\"fromPort\":\"target:t_p_parameters\",\"toPort\":\"target:username:\",\"visible\":true,\"common\":false},{\"category\":\"Mapping\",\"visible\":true,\"from\":\"source:GenerateChallenge:correlationId:\",\"to\":\"target:correlationId:\",\"fromPort\":\"source:GenerateChallenge:correlationId:\",\"toPort\":\"target:correlationId:\"}],\"blockCount\":{\"variableCount\":0},\"variableMap\":{},\"xmlMappingOverride\":false}",
    "oVisualMappingData" : "{\"nodeDataArray\":[{\"isGroup\":true,\"key\":\"response_out\",\"text\":\"GenerateChallenge\",\"xy\":\"756 133\"},{\"isGroup\":true,\"key\":\"response_in\",\"text\":\"HIDChalllengeService (1.0).generateChallenge\",\"xy\":\"150 100\"}],\"linkDataArray\":[{\"category\":\"Mapping\",\"visible\":true,\"from\":\"source:challenge:\",\"to\":\"target:GenerateChallenge:challenge:\",\"fromPort\":\"source:challenge:\",\"toPort\":\"target:GenerateChallenge:challenge:\"},{\"category\":\"Mapping\",\"visible\":true,\"from\":\"source:detail:\",\"to\":\"target:GenerateChallenge:detail:\",\"fromPort\":\"source:detail:\",\"toPort\":\"target:GenerateChallenge:detail:\"},{\"category\":\"Mapping\",\"visible\":true,\"from\":\"source:errorCode:\",\"to\":\"target:GenerateChallenge:errorCode:\",\"fromPort\":\"source:errorCode:\",\"toPort\":\"target:GenerateChallenge:errorCode:\"}],\"blockCount\":{\"variableCount\":0},\"variableMap\":{},\"xmlMappingOverride\":false}",
    "applyCommonMapping" : false,
    "applyRequestCommonMapping" : false,
    "applyResponseCommonMapping" : false,
    "backendMeta" : {
      "serviceName" : "HIDChalllengeService",
      "serviceVersion" : "1.0",
      "operationName" : "generateChallenge"
    },
    "relationshipHierarchyMapping" : {
      "children" : [ ],
      "name" : "GenerateChallenge",
      "actions" : { },
      "selected" : true
    },
    "requestXmlMappingOverride" : false,
    "responseXmlMappingOverride" : false,
    "mapperData" : [ {
      "name" : "base mapper1",
      "order" : 1,
      "iMapping" : "<?xml version=\"1.0\" encoding=\"UTF-8\" standalone=\"yes\"?><mapper xmlns=\"http://www.kony.com/ns/mapper\">  <map inputpath=\"request_in\" outputpath=\"request_out\">    <set-param inputpath=\"authType\" outputpath=\"authType\"/>    <set-param inputpath=\"correlationId\" outputpath=\"correlationId\"/>    <set-param inputpath=\"deviceId\" outputpath=\"deviceId\"/>    <set-param inputpath=\"username\" outputpath=\"username\"/>  </map></mapper>",
      "oMapping" : "<?xml version=\"1.0\" encoding=\"UTF-8\" standalone=\"yes\"?>\n<mapper xmlns=\"http://www.kony.com/ns/mapper\">\n    <map inputpath=\"response_in\" outputpath=\"response_out\">\n        <map inputpath=\"\" outputpath=\"GenerateChallenge\">\n            <set-param inputpath=\"challenge\" outputpath=\"challenge\"/>\n            <set-param inputpath=\"detail\" outputpath=\"detail\"/>\n            <set-param inputpath=\"errorCode\" outputpath=\"errorCode\"/>\n        </map>\n    </map>\n</mapper>\n",
      "iVisualMappingData" : "{\"nodeDataArray\":[{\"isGroup\":true,\"key\":\"request_in\",\"text\":\"GenerateChallenge\",\"xy\":\"161 102\"},{\"isGroup\":true,\"key\":\"request_out\",\"text\":\"HIDChalllengeService (1.0).generateChallenge\",\"xy\":\"770 100\"}],\"linkDataArray\":[{\"category\":\"Mapping\",\"visible\":true,\"from\":\"source:GenerateChallenge:authType:\",\"to\":\"target:authType:\",\"fromPort\":\"source:GenerateChallenge:authType:\",\"toPort\":\"target:authType:\"},{\"category\":\"Mapping\",\"visible\":true,\"from\":\"source:GenerateChallenge:deviceId:\",\"to\":\"target:deviceId:\",\"fromPort\":\"source:GenerateChallenge:deviceId:\",\"toPort\":\"target:deviceId:\"},{\"category\":\"Mapping\",\"visible\":true,\"from\":\"source:GenerateChallenge:username:\",\"to\":\"target:username:\",\"fromPort\":\"source:GenerateChallenge:username:\",\"toPort\":\"target:username:\"},{\"from\":\"source\",\"to\":\"source:GenerateChallenge\",\"fromPort\":\"source\",\"toPort\":\"source:GenerateChallenge\",\"visible\":true,\"common\":false},{\"from\":\"source:GenerateChallenge\",\"to\":\"source:GenerateChallenge:t_p_fields\",\"fromPort\":\"source:GenerateChallenge\",\"toPort\":\"source:GenerateChallenge:t_p_fields\",\"visible\":true,\"common\":false},{\"from\":\"source:GenerateChallenge:t_p_fields\",\"to\":\"source:GenerateChallenge:authType:\",\"fromPort\":\"source:GenerateChallenge:t_p_fields\",\"toPort\":\"source:GenerateChallenge:authType:\",\"visible\":true,\"common\":false},{\"from\":\"source:GenerateChallenge:t_p_fields\",\"to\":\"source:GenerateChallenge:challenge:\",\"fromPort\":\"source:GenerateChallenge:t_p_fields\",\"toPort\":\"source:GenerateChallenge:challenge:\",\"visible\":true,\"common\":false},{\"from\":\"source:GenerateChallenge:t_p_fields\",\"to\":\"source:GenerateChallenge:detail:\",\"fromPort\":\"source:GenerateChallenge:t_p_fields\",\"toPort\":\"source:GenerateChallenge:detail:\",\"visible\":true,\"common\":false},{\"from\":\"source:GenerateChallenge:t_p_fields\",\"to\":\"source:GenerateChallenge:deviceId:\",\"fromPort\":\"source:GenerateChallenge:t_p_fields\",\"toPort\":\"source:GenerateChallenge:deviceId:\",\"visible\":true,\"common\":false},{\"from\":\"source:GenerateChallenge:t_p_fields\",\"to\":\"source:GenerateChallenge:errorCode:\",\"fromPort\":\"source:GenerateChallenge:t_p_fields\",\"toPort\":\"source:GenerateChallenge:errorCode:\",\"visible\":true,\"common\":false},{\"from\":\"source:GenerateChallenge:t_p_fields\",\"to\":\"source:GenerateChallenge:username:\",\"fromPort\":\"source:GenerateChallenge:t_p_fields\",\"toPort\":\"source:GenerateChallenge:username:\",\"visible\":true,\"common\":false},{\"from\":\"source:GenerateChallenge:t_p_fields\",\"to\":\"source:GenerateChallenge:correlationId:\",\"fromPort\":\"source:GenerateChallenge:t_p_fields\",\"toPort\":\"source:GenerateChallenge:correlationId:\",\"visible\":true,\"common\":false},{\"from\":\"target\",\"to\":\"target:t_p_parameters\",\"fromPort\":\"target\",\"toPort\":\"target:t_p_parameters\",\"visible\":true,\"common\":false},{\"from\":\"target:t_p_parameters\",\"to\":\"target:authType:\",\"fromPort\":\"target:t_p_parameters\",\"toPort\":\"target:authType:\",\"visible\":true,\"common\":false},{\"from\":\"target:t_p_parameters\",\"to\":\"target:correlationId:\",\"fromPort\":\"target:t_p_parameters\",\"toPort\":\"target:correlationId:\",\"visible\":true,\"common\":false},{\"from\":\"target:t_p_parameters\",\"to\":\"target:deviceId:\",\"fromPort\":\"target:t_p_parameters\",\"toPort\":\"target:deviceId:\",\"visible\":true,\"common\":false},{\"from\":\"target:t_p_parameters\",\"to\":\"target:username:\",\"fromPort\":\"target:t_p_parameters\",\"toPort\":\"target:username:\",\"visible\":true,\"common\":false},{\"category\":\"Mapping\",\"visible\":true,\"from\":\"source:GenerateChallenge:correlationId:\",\"to\":\"target:correlationId:\",\"fromPort\":\"source:GenerateChallenge:correlationId:\",\"toPort\":\"target:correlationId:\"}],\"blockCount\":{\"variableCount\":0},\"variableMap\":{},\"xmlMappingOverride\":false}",
      "oVisualMappingData" : "{\"nodeDataArray\":[{\"isGroup\":true,\"key\":\"response_out\",\"text\":\"GenerateChallenge\",\"xy\":\"756 133\"},{\"isGroup\":true,\"key\":\"response_in\",\"text\":\"HIDChalllengeService (1.0).generateChallenge\",\"xy\":\"150 100\"}],\"linkDataArray\":[{\"category\":\"Mapping\",\"visible\":true,\"from\":\"source:challenge:\",\"to\":\"target:GenerateChallenge:challenge:\",\"fromPort\":\"source:challenge:\",\"toPort\":\"target:GenerateChallenge:challenge:\"},{\"category\":\"Mapping\",\"visible\":true,\"from\":\"source:detail:\",\"to\":\"target:GenerateChallenge:detail:\",\"fromPort\":\"source:detail:\",\"toPort\":\"target:GenerateChallenge:detail:\"},{\"category\":\"Mapping\",\"visible\":true,\"from\":\"source:errorCode:\",\"to\":\"target:GenerateChallenge:errorCode:\",\"fromPort\":\"source:errorCode:\",\"toPort\":\"target:GenerateChallenge:errorCode:\"}],\"blockCount\":{\"variableCount\":0},\"variableMap\":{},\"xmlMappingOverride\":false}",
      "requestXmlMappingOverride" : false,
      "responseXmlMappingOverride" : false,
      "disabled" : false,
      "applyCommonMapping" : false,
      "applyRequestCommonMapping" : false,
      "applyResponseCommonMapping" : false
    } ]
  },
  "enableFrontendUrl" : false,
  "customVerb" : false
}