<?xml version="1.0" encoding="UTF-8" standalone="yes"?>
<service serviceGroup="" cachable="false" cacheduration="" description="" endpoint="default" groupType="" id="SendTXOOBSMS" passwordencrypted="false" security="public" type="jsonConnector" smscode="" smsenabled="false">
    <service-config>
        <config-param api-version="" appid="" name="preprocessorname" value="com.hid.common.ClientBasePreprocessor"/>
        <config-param api-version="" appid="" name="postprocessorname" value=""/>
        <config-param api-version="" appid="" name="preprocessorJS" value=""/>
        <config-param api-version="" appid="" name="postprocessorJS" value=""/>
        <config-param api-version="" appid="" name="preprocessorRules" value=""/>
        <config-param api-version="" appid="" name="postprocessorRules" value=""/>
        <config-param api-version="" appid="" name="kony_http_supported_methods" value="POST"/>
        <config-param api-version="" appid="" name="endpointUrl" value="https://__$HOST__/scim/__$TENANT__/v2/Authenticator/.AT_TXOOB"/>
        <config-param api-version="" appid="" name="ignorehttpproxy" value="true"/>
        <config-param api-version="" appid="" name="http.method" value="POST"/>
        <config-param api-version="" appid="" name="dataObjectName" value=""/>
        <config-param api-version="" appid="" name="sockettimeout" value=""/>
        <config-param api-version="" appid="" name="responseEncoding" value="UTF-8"/>
        <config-param api-version="" appid="" name="isembedxmlpresent" value="false"/>
        <config-param api-version="" appid="" name="retrycount" value="0"/>
        <config-param api-version="" appid="" name="urlprovider" value="com.hid.common.ServiceUrlProvider"/>
        <config-param api-version="" appid="" name="jsonpath" value="true"/>
    </service-config>
    <service-input passthrough="false" isExtended="false">
        <header datatype="" name="" passthrough="false" isExtended="false">
            <param datatype="string" defaultvalue="" description="" encode="false" format="None" formatvalue="" name="Content-Type" order="" paramOrder="0" parentOrder="0" sms-name="" src="constant" sourcevalue="application/scim+json" srcformatvalue="" target="" targetdatatype="" testvalue="" value="" isExtended="false">
                <accessType></accessType>
            </param>
            <param datatype="string" defaultvalue="" description="" encode="false" format="None" formatvalue="" name="Accept" order="" paramOrder="0" parentOrder="0" sms-name="" src="constant" sourcevalue="application/scim+json" srcformatvalue="" target="" targetdatatype="" testvalue="" value="" isExtended="false">
                <accessType></accessType>
            </param>
            <param datatype="string" defaultvalue="" description="" encode="false" format="None" formatvalue="" name="Authorization" order="" paramOrder="0" parentOrder="0" sms-name="" src="request" sourcevalue="" srcformatvalue="" target="" targetdatatype="" testvalue="Bearer VZ3bRAAAAXfUWtLCnH0pIgK6/+yn18wdatupI2CY" value="" isExtended="false">
                <accessType></accessType>
            </param>
        </header>
        <param datatype="string" defaultvalue="" description="" encode="true" format="None" formatvalue="" name="ExternalUserId" order="" paramOrder="1" parentOrder="-1" passnull="false" sms-name="" src="request" sourcevalue="" srcformatvalue="" target="request" targetdatatype="java.lang.String" testvalue="testuser25" value="" isExtended="false">
            <accessType></accessType>
        </param>
        <param datatype="string" defaultvalue="" description="" encode="true" format="None" formatvalue="" name="correlationid" order="" paramOrder="2" parentOrder="-1" passnull="false" sms-name="" src="request" sourcevalue="" srcformatvalue="" target="request" targetdatatype="java.lang.String" testvalue="1123" value="" isExtended="false">
            <accessType></accessType>
        </param>
        <param datatype="string" defaultvalue="DT_TXOOB" description="" encode="true" format="None" formatvalue="" name="DEVICETYPE" order="" paramOrder="3" parentOrder="-1" passnull="false" sms-name="" src="request" sourcevalue="" srcformatvalue="" target="request" targetdatatype="java.lang.String" testvalue="DT_TXOOB" value="DT_TXOOB" isExtended="false">
            <accessType></accessType>
        </param>
        <param datatype="string" defaultvalue="" description="" encode="true" format="None" formatvalue="" name="Message" order="" paramOrder="4" parentOrder="-1" passnull="false" sms-name="" src="request" sourcevalue="" srcformatvalue="" target="request" targetdatatype="java.lang.String" testvalue="test" value="" isExtended="false">
            <accessType></accessType>
        </param>
        <template-param datatype="" defaultvalue="{&#10;    &quot;schemas&quot;: [&#10;        &quot;urn:hid:scim:api:idp:2.0:Action&quot;&#10;    ],&#10;    &quot;urn:hid:scim:api:idp:2.0:Action&quot;: {&#10;        &quot;action&quot;: &quot;DELIVER-CHALLENGE&quot;,&#10;        &quot;attributes&quot;: [&#10;            {&#10;                &quot;name&quot;: &quot;tds&quot;,&#10;                &quot;value&quot;: &quot;$Message : {$secret}&quot;&#10;            },&#10;            {&#10;                &quot;name&quot;: &quot;correlationid&quot;,&#10;                &quot;value&quot;: &quot;$correlationid&quot;&#10;            },&#10;            {&#10;                &quot;name&quot;: &quot;DEVICETYPE&quot;,&#10;                &quot;value&quot;: &quot;DT_TXOOB&quot;&#10;            },&#10;            {&#10;                &quot;name&quot;: &quot;USER.EXTERNALID&quot;,&#10;                &quot;value&quot;: &quot;$ExternalUserId&quot;&#10;            }&#10;        ]&#10;    }&#10;}" description="" encode="false" format="" formatvalue="" name="message" order="" paramOrder="0" parentOrder="0" sms-name="" src="" sourcevalue="" srcformatvalue="" target="" targetdatatype="" value="{&#10;    &quot;schemas&quot;: [&#10;        &quot;urn:hid:scim:api:idp:2.0:Action&quot;&#10;    ],&#10;    &quot;urn:hid:scim:api:idp:2.0:Action&quot;: {&#10;        &quot;action&quot;: &quot;DELIVER-CHALLENGE&quot;,&#10;        &quot;attributes&quot;: [&#10;            {&#10;                &quot;name&quot;: &quot;tds&quot;,&#10;                &quot;value&quot;: &quot;$Message : {$secret}&quot;&#10;            },&#10;            {&#10;                &quot;name&quot;: &quot;correlationid&quot;,&#10;                &quot;value&quot;: &quot;$correlationid&quot;&#10;            },&#10;            {&#10;                &quot;name&quot;: &quot;DEVICETYPE&quot;,&#10;                &quot;value&quot;: &quot;DT_TXOOB&quot;&#10;            },&#10;            {&#10;                &quot;name&quot;: &quot;USER.EXTERNALID&quot;,&#10;                &quot;value&quot;: &quot;$ExternalUserId&quot;&#10;            }&#10;        ]&#10;    }&#10;}" isExtended="false">
            <accessType></accessType>
        </template-param>
        <stub-param value=""/>
    </service-input>
    <service-output passthrough="false" isExtended="false">
        <dataset defaultvalue="" id="attributes" order="" paramOrder="1" parentOrder="0" src="$.attributes[*]" testvalue="" isExtended="false">
            <param datatype="string" defaultvalue="" description="" encode="true" format="None" formatvalue="" name="name" order="" paramOrder="2" parentOrder="1" passnull="false" sms-name="" src="name" sourcevalue="" srcformatvalue="" target="response" targetdatatype="java.lang.String" testvalue="" value="" isExtended="false">
                <accessType></accessType>
            </param>
            <param datatype="string" defaultvalue="" description="" encode="true" format="None" formatvalue="" name="value" order="" paramOrder="3" parentOrder="1" passnull="false" sms-name="" src="value" sourcevalue="" srcformatvalue="" target="response" targetdatatype="java.lang.String" testvalue="" value="" isExtended="false">
                <accessType></accessType>
            </param>
        </dataset>
    </service-output>
</service>
