[ {
  "name" : "correlationId",
  "sourceFieldname" : "correlationid",
  "description" : "correlationid",
  "dataType" : "string",
  "hasIndex" : false,
  "unique" : false,
  "primarykey" : false,
  "namefield" : false,
  "nullable" : true,
  "custom" : false,
  "createable" : true,
  "updateable" : true,
  "audit" : false,
  "customizable" : false,
  "fieldOrder" : 1,
  "fieldProperties" : {
    "autoGenerated" : "false"
  },
  "etag" : "f4826f74-507e-455e-ba12-92055dc48c7c",
  "isExtended" : false
}, {
  "name" : "DEVICETYPE",
  "sourceFieldname" : "DEVICETYPE",
  "description" : "DEVICETYPE",
  "dataType" : "string",
  "hasIndex" : false,
  "unique" : false,
  "primarykey" : false,
  "namefield" : false,
  "nullable" : true,
  "custom" : false,
  "createable" : true,
  "updateable" : true,
  "audit" : false,
  "customizable" : false,
  "fieldOrder" : 2,
  "fieldProperties" : {
    "autoGenerated" : "false"
  },
  "etag" : "ee99df6e-1792-49e5-afe0-d032fd801e4f",
  "isExtended" : false
}, {
  "name" : "ExternalUserId",
  "sourceFieldname" : "ExternalUserId",
  "description" : "ExternalUserId",
  "dataType" : "string",
  "hasIndex" : false,
  "unique" : true,
  "primarykey" : true,
  "namefield" : false,
  "nullable" : false,
  "custom" : false,
  "createable" : true,
  "updateable" : true,
  "audit" : false,
  "customizable" : false,
  "fieldOrder" : 3,
  "fieldProperties" : {
    "autoGenerated" : "false"
  },
  "etag" : "8b16ce29-a040-42d9-9586-ef97188abaa9",
  "isExtended" : false
}, {
  "name" : "Message",
  "sourceFieldname" : "Message",
  "description" : "Message",
  "dataType" : "string",
  "hasIndex" : false,
  "unique" : false,
  "primarykey" : false,
  "namefield" : false,
  "nullable" : true,
  "custom" : false,
  "createable" : true,
  "updateable" : true,
  "audit" : false,
  "customizable" : false,
  "fieldOrder" : 4,
  "fieldProperties" : {
    "autoGenerated" : "false"
  },
  "etag" : "3abfd5a9-22c0-4682-9146-efdd68bbcca6",
  "isExtended" : false
} ]