<?xml version="1.0" encoding="UTF-8" standalone="yes"?>
<service serviceGroup="" cachable="false" cacheduration="" customOperation="false" description="" endpoint="" groupType="" id="AddAllOOBAuthenticators" passwordencrypted="" security="authorized_app" type="CompositeConnector" smscode="" smsenabled="false">
    <service-config>
        <config-param api-version="" appid="" name="preprocessorname" value="com.hid.onboarding.preprocessor.AddAllOOBAuthenticatorsPrePreprocessor"/>
        <config-param api-version="" appid="" name="postprocessorJS" value=""/>
        <config-param api-version="" appid="" name="preprocessorJS" value=""/>
        <config-param api-version="" appid="" name="postprocessorname" value="com.hid.onboarding.postprocessor.AddAllOOBAuthenticatorsPostProcessor"/>
        <config-param api-version="" appid="" name="exec_type" value="Sequential"/>
        <config-param api-version="" appid="" name="kony_http_supported_methods" value="POST"/>
        <config-param api-version="1.0" appid="ScimAPIsOrg" name="service" value="addOOBAuthenticatorForOrch"/>
        <config-param api-version="1.0" appid="TransactionAuthServices" name="service" value="AddTXOOBAuthForOrch"/>
        <config-param api-version="1.0" appid="OTPServices" name="service" value="sendOOB"/>
    </service-config>
    <service-input passthrough="false" isExtended="false"/>
    <service-output passthrough="false" isExtended="false"/>
</service>
