{
  "operationConfig" : {
    "name" : "ValidateUser9755",
    "type" : "MappedToBackend",
    "cachable" : false,
    "smsEnabled" : false,
    "security" : "authorized_app",
    "responseEncoding" : "UTF-8",
    "httpMethod" : "GET",
    "decodeResponseBody" : false,
    "iMapping" : "<?xml version=\"1.0\" encoding=\"UTF-8\" standalone=\"yes\"?>\n<mapper xmlns=\"http://www.kony.com/ns/mapper\">\n    <map inputpath=\"request_in\" outputpath=\"request_out\">\n        <set-param inputpath=\"activationCode\" outputpath=\"activationCode\"/>\n        <set-param inputpath=\"authType\" outputpath=\"authType\"/>\n        <exec-function name=\"kony.string:concat\" output=\"$vars\" outputpath=\"result1\">\n            <set-arg name=\"input1\" input=\"externalId eq \"/>\n            <set-arg inputpath=\"filter\"/>\n        </exec-function>\n        <set-param inputpath=\"$vars/result1\" outputpath=\"filter\"/>\n        <set-param inputpath=\"userid\" outputpath=\"userid\"/>\n        <set-param inputpath=\"username\" outputpath=\"username\"/>\n    </map>\n</mapper>\n",
    "oMapping" : "<?xml version=\"1.0\" encoding=\"UTF-8\" standalone=\"yes\"?><mapper xmlns=\"http://www.kony.com/ns/mapper\">  <map inputpath=\"response_in\" outputpath=\"response_out\">    <map inputpath=\"\" outputpath=\"ActivationCodeValidation\">      <set-param inputpath=\"activationAuthStatus\" outputpath=\"activationAuthStatus\"/>      <set-param inputpath=\"ActivationCodeError\" outputpath=\"ActivationCodeError\"/>      <set-param inputpath=\"ServErrCode\" outputpath=\"ServErrCode\"/>      <set-param inputpath=\"ServErrMsg\" outputpath=\"ServErrMsg\"/>      <set-param inputpath=\"totalResults\" outputpath=\"totalResults\"/>      <set-param inputpath=\"userId\" outputpath=\"userid\"/>    </map>  </map></mapper>",
    "iVisualMappingData" : "{\"nodeDataArray\":[{\"isGroup\":true,\"key\":\"request_in\",\"text\":\"ActivationCodeValidation\",\"xy\":\"152 292\"},{\"isGroup\":true,\"key\":\"request_out\",\"text\":\"OnbaordingValidation (2.0).ValidateUser\",\"xy\":\"843 350\"},{\"key\":\"block:kony.util:constant:1\",\"name\":\"kony.basic:constant\",\"text\":\"Constant\",\"category\":\"functionTemplateConstant\",\"outPortId\":\"externalId eq \",\"outPortText\":\"value\",\"loc\":\"411 284\",\"visible\":true},{\"key\":\"block:kony.string:concat:1\",\"name\":\"kony.string:stringConcatenate\",\"text\":\"String Concatenate\",\"category\":\"functionTemplateNTo1\",\"outPortId\":\"result1\",\"outPortText\":\"result\",\"valueArray\":[{\"inPortId\":\"input1\",\"inPortText\":\"value\",\"__gohashid\":87986},{\"inPortId\":\"input2\",\"inPortText\":\"value\",\"__gohashid\":88049}],\"loc\":\"542 267\",\"visible\":true}],\"linkDataArray\":[{\"category\":\"Mapping\",\"visible\":true,\"from\":\"block:kony.util:constant:1\",\"to\":\"block:kony.string:concat:1\",\"fromPort\":\"externalId eq \",\"toPort\":\"input1\"},{\"category\":\"Mapping\",\"visible\":true,\"from\":\"source:ActivationCodeValidation:filter:\",\"to\":\"block:kony.string:concat:1\",\"fromPort\":\"source:ActivationCodeValidation:filter:\",\"toPort\":\"input2\"},{\"category\":\"Mapping\",\"visible\":true,\"from\":\"block:kony.string:concat:1\",\"to\":\"target:parameters:filter:\",\"fromPort\":\"result1\",\"toPort\":\"target:parameters:filter:\"},{\"category\":\"Mapping\",\"visible\":true,\"from\":\"source:ActivationCodeValidation:activationCode:\",\"to\":\"target:parameters:activationCode:\",\"fromPort\":\"source:ActivationCodeValidation:activationCode:\",\"toPort\":\"target:parameters:activationCode:\"},{\"category\":\"Mapping\",\"visible\":true,\"from\":\"source:ActivationCodeValidation:authType:\",\"to\":\"target:parameters:authType:\",\"fromPort\":\"source:ActivationCodeValidation:authType:\",\"toPort\":\"target:parameters:authType:\"},{\"category\":\"Mapping\",\"visible\":true,\"from\":\"source:ActivationCodeValidation:userid:\",\"to\":\"target:parameters:userid:\",\"fromPort\":\"source:ActivationCodeValidation:userid:\",\"toPort\":\"target:parameters:userid:\"},{\"category\":\"Mapping\",\"visible\":true,\"from\":\"source:ActivationCodeValidation:username:\",\"to\":\"target:parameters:username:\",\"fromPort\":\"source:ActivationCodeValidation:username:\",\"toPort\":\"target:parameters:username:\"}],\"blockCount\":{\"variableCount\":1,\"constant\":1,\"stringConcatenate\":1},\"variableMap\":{\"result1\":true},\"xmlMappingOverride\":false}",
    "oVisualMappingData" : "{\"nodeDataArray\":[{\"isGroup\":true,\"key\":\"response_out\",\"text\":\"ActivationCodeValidation\",\"xy\":\"770 100\"},{\"isGroup\":true,\"key\":\"response_in\",\"text\":\"OnbaordingValidation (2.0).ValidateUser\",\"xy\":\"288 82\"}],\"linkDataArray\":[{\"category\":\"Mapping\",\"visible\":true,\"from\":\"source:parameters:ActivationCodeError:\",\"to\":\"target:ActivationCodeValidation:ActivationCodeError:\",\"fromPort\":\"source:parameters:ActivationCodeError:\",\"toPort\":\"target:ActivationCodeValidation:ActivationCodeError:\"},{\"category\":\"Mapping\",\"visible\":true,\"from\":\"source:parameters:ServErrCode:\",\"to\":\"target:ActivationCodeValidation:ServErrCode:\",\"fromPort\":\"source:parameters:ServErrCode:\",\"toPort\":\"target:ActivationCodeValidation:ServErrCode:\"},{\"category\":\"Mapping\",\"visible\":true,\"from\":\"source:parameters:ServErrMsg:\",\"to\":\"target:ActivationCodeValidation:ServErrMsg:\",\"fromPort\":\"source:parameters:ServErrMsg:\",\"toPort\":\"target:ActivationCodeValidation:ServErrMsg:\"},{\"category\":\"Mapping\",\"visible\":true,\"from\":\"source:parameters:activationAuthStatus:\",\"to\":\"target:ActivationCodeValidation:activationAuthStatus:\",\"fromPort\":\"source:parameters:activationAuthStatus:\",\"toPort\":\"target:ActivationCodeValidation:activationAuthStatus:\"},{\"category\":\"Mapping\",\"visible\":true,\"from\":\"source:parameters:totalResults:\",\"to\":\"target:ActivationCodeValidation:totalResults:\",\"fromPort\":\"source:parameters:totalResults:\",\"toPort\":\"target:ActivationCodeValidation:totalResults:\"},{\"category\":\"Mapping\",\"visible\":true,\"from\":\"source:parameters:userId:\",\"to\":\"target:ActivationCodeValidation:userid:\",\"fromPort\":\"source:parameters:userId:\",\"toPort\":\"target:ActivationCodeValidation:userid:\"},{\"from\":\"target\",\"to\":\"target:ActivationCodeValidation\",\"fromPort\":\"target\",\"toPort\":\"target:ActivationCodeValidation\",\"visible\":true,\"common\":false},{\"from\":\"target:ActivationCodeValidation\",\"to\":\"target:ActivationCodeValidation:t_p_fields\",\"fromPort\":\"target:ActivationCodeValidation\",\"toPort\":\"target:ActivationCodeValidation:t_p_fields\",\"visible\":true,\"common\":false},{\"from\":\"target:ActivationCodeValidation:t_p_fields\",\"to\":\"target:ActivationCodeValidation:activationAuthStatus:\",\"fromPort\":\"target:ActivationCodeValidation:t_p_fields\",\"toPort\":\"target:ActivationCodeValidation:activationAuthStatus:\",\"visible\":true,\"common\":false},{\"from\":\"target:ActivationCodeValidation:t_p_fields\",\"to\":\"target:ActivationCodeValidation:activationCode:\",\"fromPort\":\"target:ActivationCodeValidation:t_p_fields\",\"toPort\":\"target:ActivationCodeValidation:activationCode:\",\"visible\":true,\"common\":false},{\"from\":\"target:ActivationCodeValidation:t_p_fields\",\"to\":\"target:ActivationCodeValidation:ActivationCodeError:\",\"fromPort\":\"target:ActivationCodeValidation:t_p_fields\",\"toPort\":\"target:ActivationCodeValidation:ActivationCodeError:\",\"visible\":true,\"common\":false},{\"from\":\"target:ActivationCodeValidation:t_p_fields\",\"to\":\"target:ActivationCodeValidation:active:\",\"fromPort\":\"target:ActivationCodeValidation:t_p_fields\",\"toPort\":\"target:ActivationCodeValidation:active:\",\"visible\":true,\"common\":false},{\"from\":\"target:ActivationCodeValidation:t_p_fields\",\"to\":\"target:ActivationCodeValidation:authType:\",\"fromPort\":\"target:ActivationCodeValidation:t_p_fields\",\"toPort\":\"target:ActivationCodeValidation:authType:\",\"visible\":true,\"common\":false},{\"from\":\"target:ActivationCodeValidation:t_p_fields\",\"to\":\"target:ActivationCodeValidation:consecutiveFailed:\",\"fromPort\":\"target:ActivationCodeValidation:t_p_fields\",\"toPort\":\"target:ActivationCodeValidation:consecutiveFailed:\",\"visible\":true,\"common\":false},{\"from\":\"target:ActivationCodeValidation:t_p_fields\",\"to\":\"target:ActivationCodeValidation:consecutiveSuccess:\",\"fromPort\":\"target:ActivationCodeValidation:t_p_fields\",\"toPort\":\"target:ActivationCodeValidation:consecutiveSuccess:\",\"visible\":true,\"common\":false},{\"from\":\"target:ActivationCodeValidation:t_p_fields\",\"to\":\"target:ActivationCodeValidation:expiryDate:\",\"fromPort\":\"target:ActivationCodeValidation:t_p_fields\",\"toPort\":\"target:ActivationCodeValidation:expiryDate:\",\"visible\":true,\"common\":false},{\"from\":\"target:ActivationCodeValidation:t_p_fields\",\"to\":\"target:ActivationCodeValidation:filter:\",\"fromPort\":\"target:ActivationCodeValidation:t_p_fields\",\"toPort\":\"target:ActivationCodeValidation:filter:\",\"visible\":true,\"common\":false},{\"from\":\"target:ActivationCodeValidation:t_p_fields\",\"to\":\"target:ActivationCodeValidation:ServErrCode:\",\"fromPort\":\"target:ActivationCodeValidation:t_p_fields\",\"toPort\":\"target:ActivationCodeValidation:ServErrCode:\",\"visible\":true,\"common\":false},{\"from\":\"target:ActivationCodeValidation:t_p_fields\",\"to\":\"target:ActivationCodeValidation:ServErrMsg:\",\"fromPort\":\"target:ActivationCodeValidation:t_p_fields\",\"toPort\":\"target:ActivationCodeValidation:ServErrMsg:\",\"visible\":true,\"common\":false},{\"from\":\"target:ActivationCodeValidation:t_p_fields\",\"to\":\"target:ActivationCodeValidation:totalResults:\",\"fromPort\":\"target:ActivationCodeValidation:t_p_fields\",\"toPort\":\"target:ActivationCodeValidation:totalResults:\",\"visible\":true,\"common\":false},{\"from\":\"target:ActivationCodeValidation:t_p_fields\",\"to\":\"target:ActivationCodeValidation:userid:\",\"fromPort\":\"target:ActivationCodeValidation:t_p_fields\",\"toPort\":\"target:ActivationCodeValidation:userid:\",\"visible\":true,\"common\":false},{\"from\":\"target:ActivationCodeValidation:t_p_fields\",\"to\":\"target:ActivationCodeValidation:username:\",\"fromPort\":\"target:ActivationCodeValidation:t_p_fields\",\"toPort\":\"target:ActivationCodeValidation:username:\",\"visible\":true,\"common\":false},{\"from\":\"target:ActivationCodeValidation:t_p_fields\",\"to\":\"target:ActivationCodeValidation:validationStatus:\",\"fromPort\":\"target:ActivationCodeValidation:t_p_fields\",\"toPort\":\"target:ActivationCodeValidation:validationStatus:\",\"visible\":true,\"common\":false},{\"from\":\"source\",\"to\":\"source:parameters\",\"fromPort\":\"source\",\"toPort\":\"source:parameters\",\"visible\":true,\"common\":false},{\"from\":\"source:parameters\",\"to\":\"source:parameters:ActivationCodeError:\",\"fromPort\":\"source:parameters\",\"toPort\":\"source:parameters:ActivationCodeError:\",\"visible\":true,\"common\":false},{\"from\":\"source:parameters\",\"to\":\"source:parameters:ServErrCode:\",\"fromPort\":\"source:parameters\",\"toPort\":\"source:parameters:ServErrCode:\",\"visible\":true,\"common\":false},{\"from\":\"source:parameters\",\"to\":\"source:parameters:ServErrMsg:\",\"fromPort\":\"source:parameters\",\"toPort\":\"source:parameters:ServErrMsg:\",\"visible\":true,\"common\":false},{\"from\":\"source:parameters\",\"to\":\"source:parameters:activationAuthStatus:\",\"fromPort\":\"source:parameters\",\"toPort\":\"source:parameters:activationAuthStatus:\",\"visible\":true,\"common\":false},{\"from\":\"source:parameters\",\"to\":\"source:parameters:active:\",\"fromPort\":\"source:parameters\",\"toPort\":\"source:parameters:active:\",\"visible\":true,\"common\":false},{\"from\":\"source:parameters\",\"to\":\"source:parameters:consecutiveFailed:\",\"fromPort\":\"source:parameters\",\"toPort\":\"source:parameters:consecutiveFailed:\",\"visible\":true,\"common\":false},{\"from\":\"source:parameters\",\"to\":\"source:parameters:consecutiveSuccess:\",\"fromPort\":\"source:parameters\",\"toPort\":\"source:parameters:consecutiveSuccess:\",\"visible\":true,\"common\":false},{\"from\":\"source:parameters\",\"to\":\"source:parameters:expiryDate:\",\"fromPort\":\"source:parameters\",\"toPort\":\"source:parameters:expiryDate:\",\"visible\":true,\"common\":false},{\"from\":\"source:parameters\",\"to\":\"source:parameters:id_token:\",\"fromPort\":\"source:parameters\",\"toPort\":\"source:parameters:id_token:\",\"visible\":true,\"common\":false},{\"from\":\"source:parameters\",\"to\":\"source:parameters:totalResults:\",\"fromPort\":\"source:parameters\",\"toPort\":\"source:parameters:totalResults:\",\"visible\":true,\"common\":false},{\"from\":\"source:parameters\",\"to\":\"source:parameters:userId:\",\"fromPort\":\"source:parameters\",\"toPort\":\"source:parameters:userId:\",\"visible\":true,\"common\":false},{\"from\":\"source:parameters\",\"to\":\"source:parameters:validationStatus:\",\"fromPort\":\"source:parameters\",\"toPort\":\"source:parameters:validationStatus:\",\"visible\":true,\"common\":false},{\"from\":\"source\",\"to\":\"source:authenticators\",\"fromPort\":\"source\",\"toPort\":\"source:authenticators\",\"visible\":true,\"common\":false},{\"from\":\"source:authenticators\",\"to\":\"source:authenticators:parameters\",\"fromPort\":\"source:authenticators\",\"toPort\":\"source:authenticators:parameters\",\"visible\":true,\"common\":false},{\"from\":\"source:authenticators:parameters\",\"to\":\"source:authenticators:parameters:display:\",\"fromPort\":\"source:authenticators:parameters\",\"toPort\":\"source:authenticators:parameters:display:\",\"visible\":true,\"common\":false}],\"blockCount\":{\"variableCount\":0},\"variableMap\":{},\"xmlMappingOverride\":true}",
    "applyCommonMapping" : false,
    "applyRequestCommonMapping" : false,
    "applyResponseCommonMapping" : false,
    "backendMeta" : {
      "serviceName" : "OnbaordingValidation",
      "serviceVersion" : "2.0",
      "operationName" : "ValidateUser"
    },
    "relationshipHierarchyMapping" : {
      "children" : [ ],
      "name" : "ActivationCodeValidation",
      "actions" : { },
      "selected" : true
    },
    "requestXmlMappingOverride" : false,
    "responseXmlMappingOverride" : true,
    "mapperData" : [ {
      "name" : "base mapper1",
      "order" : 1,
      "iMapping" : "<?xml version=\"1.0\" encoding=\"UTF-8\" standalone=\"yes\"?>\n<mapper xmlns=\"http://www.kony.com/ns/mapper\">\n    <map inputpath=\"request_in\" outputpath=\"request_out\">\n        <set-param inputpath=\"activationCode\" outputpath=\"activationCode\"/>\n        <set-param inputpath=\"authType\" outputpath=\"authType\"/>\n        <exec-function name=\"kony.string:concat\" output=\"$vars\" outputpath=\"result1\">\n            <set-arg name=\"input1\" input=\"externalId eq \"/>\n            <set-arg inputpath=\"filter\"/>\n        </exec-function>\n        <set-param inputpath=\"$vars/result1\" outputpath=\"filter\"/>\n        <set-param inputpath=\"userid\" outputpath=\"userid\"/>\n        <set-param inputpath=\"username\" outputpath=\"username\"/>\n    </map>\n</mapper>\n",
      "oMapping" : "<?xml version=\"1.0\" encoding=\"UTF-8\" standalone=\"yes\"?><mapper xmlns=\"http://www.kony.com/ns/mapper\">  <map inputpath=\"response_in\" outputpath=\"response_out\">    <map inputpath=\"\" outputpath=\"ActivationCodeValidation\">      <set-param inputpath=\"activationAuthStatus\" outputpath=\"activationAuthStatus\"/>      <set-param inputpath=\"ActivationCodeError\" outputpath=\"ActivationCodeError\"/>      <set-param inputpath=\"ServErrCode\" outputpath=\"ServErrCode\"/>      <set-param inputpath=\"ServErrMsg\" outputpath=\"ServErrMsg\"/>      <set-param inputpath=\"totalResults\" outputpath=\"totalResults\"/>      <set-param inputpath=\"userId\" outputpath=\"userid\"/>    </map>  </map></mapper>",
      "iVisualMappingData" : "{\"nodeDataArray\":[{\"isGroup\":true,\"key\":\"request_in\",\"text\":\"ActivationCodeValidation\",\"xy\":\"152 292\"},{\"isGroup\":true,\"key\":\"request_out\",\"text\":\"OnbaordingValidation (2.0).ValidateUser\",\"xy\":\"843 350\"},{\"key\":\"block:kony.util:constant:1\",\"name\":\"kony.basic:constant\",\"text\":\"Constant\",\"category\":\"functionTemplateConstant\",\"outPortId\":\"externalId eq \",\"outPortText\":\"value\",\"loc\":\"411 284\",\"visible\":true},{\"key\":\"block:kony.string:concat:1\",\"name\":\"kony.string:stringConcatenate\",\"text\":\"String Concatenate\",\"category\":\"functionTemplateNTo1\",\"outPortId\":\"result1\",\"outPortText\":\"result\",\"valueArray\":[{\"inPortId\":\"input1\",\"inPortText\":\"value\",\"__gohashid\":87986},{\"inPortId\":\"input2\",\"inPortText\":\"value\",\"__gohashid\":88049}],\"loc\":\"542 267\",\"visible\":true}],\"linkDataArray\":[{\"category\":\"Mapping\",\"visible\":true,\"from\":\"block:kony.util:constant:1\",\"to\":\"block:kony.string:concat:1\",\"fromPort\":\"externalId eq \",\"toPort\":\"input1\"},{\"category\":\"Mapping\",\"visible\":true,\"from\":\"source:ActivationCodeValidation:filter:\",\"to\":\"block:kony.string:concat:1\",\"fromPort\":\"source:ActivationCodeValidation:filter:\",\"toPort\":\"input2\"},{\"category\":\"Mapping\",\"visible\":true,\"from\":\"block:kony.string:concat:1\",\"to\":\"target:parameters:filter:\",\"fromPort\":\"result1\",\"toPort\":\"target:parameters:filter:\"},{\"category\":\"Mapping\",\"visible\":true,\"from\":\"source:ActivationCodeValidation:activationCode:\",\"to\":\"target:parameters:activationCode:\",\"fromPort\":\"source:ActivationCodeValidation:activationCode:\",\"toPort\":\"target:parameters:activationCode:\"},{\"category\":\"Mapping\",\"visible\":true,\"from\":\"source:ActivationCodeValidation:authType:\",\"to\":\"target:parameters:authType:\",\"fromPort\":\"source:ActivationCodeValidation:authType:\",\"toPort\":\"target:parameters:authType:\"},{\"category\":\"Mapping\",\"visible\":true,\"from\":\"source:ActivationCodeValidation:userid:\",\"to\":\"target:parameters:userid:\",\"fromPort\":\"source:ActivationCodeValidation:userid:\",\"toPort\":\"target:parameters:userid:\"},{\"category\":\"Mapping\",\"visible\":true,\"from\":\"source:ActivationCodeValidation:username:\",\"to\":\"target:parameters:username:\",\"fromPort\":\"source:ActivationCodeValidation:username:\",\"toPort\":\"target:parameters:username:\"}],\"blockCount\":{\"variableCount\":1,\"constant\":1,\"stringConcatenate\":1},\"variableMap\":{\"result1\":true},\"xmlMappingOverride\":false}",
      "oVisualMappingData" : "{\"nodeDataArray\":[{\"isGroup\":true,\"key\":\"response_out\",\"text\":\"ActivationCodeValidation\",\"xy\":\"770 100\"},{\"isGroup\":true,\"key\":\"response_in\",\"text\":\"OnbaordingValidation (2.0).ValidateUser\",\"xy\":\"288 82\"}],\"linkDataArray\":[{\"category\":\"Mapping\",\"visible\":true,\"from\":\"source:parameters:ActivationCodeError:\",\"to\":\"target:ActivationCodeValidation:ActivationCodeError:\",\"fromPort\":\"source:parameters:ActivationCodeError:\",\"toPort\":\"target:ActivationCodeValidation:ActivationCodeError:\"},{\"category\":\"Mapping\",\"visible\":true,\"from\":\"source:parameters:ServErrCode:\",\"to\":\"target:ActivationCodeValidation:ServErrCode:\",\"fromPort\":\"source:parameters:ServErrCode:\",\"toPort\":\"target:ActivationCodeValidation:ServErrCode:\"},{\"category\":\"Mapping\",\"visible\":true,\"from\":\"source:parameters:ServErrMsg:\",\"to\":\"target:ActivationCodeValidation:ServErrMsg:\",\"fromPort\":\"source:parameters:ServErrMsg:\",\"toPort\":\"target:ActivationCodeValidation:ServErrMsg:\"},{\"category\":\"Mapping\",\"visible\":true,\"from\":\"source:parameters:activationAuthStatus:\",\"to\":\"target:ActivationCodeValidation:activationAuthStatus:\",\"fromPort\":\"source:parameters:activationAuthStatus:\",\"toPort\":\"target:ActivationCodeValidation:activationAuthStatus:\"},{\"category\":\"Mapping\",\"visible\":true,\"from\":\"source:parameters:totalResults:\",\"to\":\"target:ActivationCodeValidation:totalResults:\",\"fromPort\":\"source:parameters:totalResults:\",\"toPort\":\"target:ActivationCodeValidation:totalResults:\"},{\"category\":\"Mapping\",\"visible\":true,\"from\":\"source:parameters:userId:\",\"to\":\"target:ActivationCodeValidation:userid:\",\"fromPort\":\"source:parameters:userId:\",\"toPort\":\"target:ActivationCodeValidation:userid:\"},{\"from\":\"target\",\"to\":\"target:ActivationCodeValidation\",\"fromPort\":\"target\",\"toPort\":\"target:ActivationCodeValidation\",\"visible\":true,\"common\":false},{\"from\":\"target:ActivationCodeValidation\",\"to\":\"target:ActivationCodeValidation:t_p_fields\",\"fromPort\":\"target:ActivationCodeValidation\",\"toPort\":\"target:ActivationCodeValidation:t_p_fields\",\"visible\":true,\"common\":false},{\"from\":\"target:ActivationCodeValidation:t_p_fields\",\"to\":\"target:ActivationCodeValidation:activationAuthStatus:\",\"fromPort\":\"target:ActivationCodeValidation:t_p_fields\",\"toPort\":\"target:ActivationCodeValidation:activationAuthStatus:\",\"visible\":true,\"common\":false},{\"from\":\"target:ActivationCodeValidation:t_p_fields\",\"to\":\"target:ActivationCodeValidation:activationCode:\",\"fromPort\":\"target:ActivationCodeValidation:t_p_fields\",\"toPort\":\"target:ActivationCodeValidation:activationCode:\",\"visible\":true,\"common\":false},{\"from\":\"target:ActivationCodeValidation:t_p_fields\",\"to\":\"target:ActivationCodeValidation:ActivationCodeError:\",\"fromPort\":\"target:ActivationCodeValidation:t_p_fields\",\"toPort\":\"target:ActivationCodeValidation:ActivationCodeError:\",\"visible\":true,\"common\":false},{\"from\":\"target:ActivationCodeValidation:t_p_fields\",\"to\":\"target:ActivationCodeValidation:active:\",\"fromPort\":\"target:ActivationCodeValidation:t_p_fields\",\"toPort\":\"target:ActivationCodeValidation:active:\",\"visible\":true,\"common\":false},{\"from\":\"target:ActivationCodeValidation:t_p_fields\",\"to\":\"target:ActivationCodeValidation:authType:\",\"fromPort\":\"target:ActivationCodeValidation:t_p_fields\",\"toPort\":\"target:ActivationCodeValidation:authType:\",\"visible\":true,\"common\":false},{\"from\":\"target:ActivationCodeValidation:t_p_fields\",\"to\":\"target:ActivationCodeValidation:consecutiveFailed:\",\"fromPort\":\"target:ActivationCodeValidation:t_p_fields\",\"toPort\":\"target:ActivationCodeValidation:consecutiveFailed:\",\"visible\":true,\"common\":false},{\"from\":\"target:ActivationCodeValidation:t_p_fields\",\"to\":\"target:ActivationCodeValidation:consecutiveSuccess:\",\"fromPort\":\"target:ActivationCodeValidation:t_p_fields\",\"toPort\":\"target:ActivationCodeValidation:consecutiveSuccess:\",\"visible\":true,\"common\":false},{\"from\":\"target:ActivationCodeValidation:t_p_fields\",\"to\":\"target:ActivationCodeValidation:expiryDate:\",\"fromPort\":\"target:ActivationCodeValidation:t_p_fields\",\"toPort\":\"target:ActivationCodeValidation:expiryDate:\",\"visible\":true,\"common\":false},{\"from\":\"target:ActivationCodeValidation:t_p_fields\",\"to\":\"target:ActivationCodeValidation:filter:\",\"fromPort\":\"target:ActivationCodeValidation:t_p_fields\",\"toPort\":\"target:ActivationCodeValidation:filter:\",\"visible\":true,\"common\":false},{\"from\":\"target:ActivationCodeValidation:t_p_fields\",\"to\":\"target:ActivationCodeValidation:ServErrCode:\",\"fromPort\":\"target:ActivationCodeValidation:t_p_fields\",\"toPort\":\"target:ActivationCodeValidation:ServErrCode:\",\"visible\":true,\"common\":false},{\"from\":\"target:ActivationCodeValidation:t_p_fields\",\"to\":\"target:ActivationCodeValidation:ServErrMsg:\",\"fromPort\":\"target:ActivationCodeValidation:t_p_fields\",\"toPort\":\"target:ActivationCodeValidation:ServErrMsg:\",\"visible\":true,\"common\":false},{\"from\":\"target:ActivationCodeValidation:t_p_fields\",\"to\":\"target:ActivationCodeValidation:totalResults:\",\"fromPort\":\"target:ActivationCodeValidation:t_p_fields\",\"toPort\":\"target:ActivationCodeValidation:totalResults:\",\"visible\":true,\"common\":false},{\"from\":\"target:ActivationCodeValidation:t_p_fields\",\"to\":\"target:ActivationCodeValidation:userid:\",\"fromPort\":\"target:ActivationCodeValidation:t_p_fields\",\"toPort\":\"target:ActivationCodeValidation:userid:\",\"visible\":true,\"common\":false},{\"from\":\"target:ActivationCodeValidation:t_p_fields\",\"to\":\"target:ActivationCodeValidation:username:\",\"fromPort\":\"target:ActivationCodeValidation:t_p_fields\",\"toPort\":\"target:ActivationCodeValidation:username:\",\"visible\":true,\"common\":false},{\"from\":\"target:ActivationCodeValidation:t_p_fields\",\"to\":\"target:ActivationCodeValidation:validationStatus:\",\"fromPort\":\"target:ActivationCodeValidation:t_p_fields\",\"toPort\":\"target:ActivationCodeValidation:validationStatus:\",\"visible\":true,\"common\":false},{\"from\":\"source\",\"to\":\"source:parameters\",\"fromPort\":\"source\",\"toPort\":\"source:parameters\",\"visible\":true,\"common\":false},{\"from\":\"source:parameters\",\"to\":\"source:parameters:ActivationCodeError:\",\"fromPort\":\"source:parameters\",\"toPort\":\"source:parameters:ActivationCodeError:\",\"visible\":true,\"common\":false},{\"from\":\"source:parameters\",\"to\":\"source:parameters:ServErrCode:\",\"fromPort\":\"source:parameters\",\"toPort\":\"source:parameters:ServErrCode:\",\"visible\":true,\"common\":false},{\"from\":\"source:parameters\",\"to\":\"source:parameters:ServErrMsg:\",\"fromPort\":\"source:parameters\",\"toPort\":\"source:parameters:ServErrMsg:\",\"visible\":true,\"common\":false},{\"from\":\"source:parameters\",\"to\":\"source:parameters:activationAuthStatus:\",\"fromPort\":\"source:parameters\",\"toPort\":\"source:parameters:activationAuthStatus:\",\"visible\":true,\"common\":false},{\"from\":\"source:parameters\",\"to\":\"source:parameters:active:\",\"fromPort\":\"source:parameters\",\"toPort\":\"source:parameters:active:\",\"visible\":true,\"common\":false},{\"from\":\"source:parameters\",\"to\":\"source:parameters:consecutiveFailed:\",\"fromPort\":\"source:parameters\",\"toPort\":\"source:parameters:consecutiveFailed:\",\"visible\":true,\"common\":false},{\"from\":\"source:parameters\",\"to\":\"source:parameters:consecutiveSuccess:\",\"fromPort\":\"source:parameters\",\"toPort\":\"source:parameters:consecutiveSuccess:\",\"visible\":true,\"common\":false},{\"from\":\"source:parameters\",\"to\":\"source:parameters:expiryDate:\",\"fromPort\":\"source:parameters\",\"toPort\":\"source:parameters:expiryDate:\",\"visible\":true,\"common\":false},{\"from\":\"source:parameters\",\"to\":\"source:parameters:id_token:\",\"fromPort\":\"source:parameters\",\"toPort\":\"source:parameters:id_token:\",\"visible\":true,\"common\":false},{\"from\":\"source:parameters\",\"to\":\"source:parameters:totalResults:\",\"fromPort\":\"source:parameters\",\"toPort\":\"source:parameters:totalResults:\",\"visible\":true,\"common\":false},{\"from\":\"source:parameters\",\"to\":\"source:parameters:userId:\",\"fromPort\":\"source:parameters\",\"toPort\":\"source:parameters:userId:\",\"visible\":true,\"common\":false},{\"from\":\"source:parameters\",\"to\":\"source:parameters:validationStatus:\",\"fromPort\":\"source:parameters\",\"toPort\":\"source:parameters:validationStatus:\",\"visible\":true,\"common\":false},{\"from\":\"source\",\"to\":\"source:authenticators\",\"fromPort\":\"source\",\"toPort\":\"source:authenticators\",\"visible\":true,\"common\":false},{\"from\":\"source:authenticators\",\"to\":\"source:authenticators:parameters\",\"fromPort\":\"source:authenticators\",\"toPort\":\"source:authenticators:parameters\",\"visible\":true,\"common\":false},{\"from\":\"source:authenticators:parameters\",\"to\":\"source:authenticators:parameters:display:\",\"fromPort\":\"source:authenticators:parameters\",\"toPort\":\"source:authenticators:parameters:display:\",\"visible\":true,\"common\":false}],\"blockCount\":{\"variableCount\":0},\"variableMap\":{},\"xmlMappingOverride\":true}",
      "requestXmlMappingOverride" : false,
      "responseXmlMappingOverride" : true,
      "disabled" : false,
      "applyCommonMapping" : false,
      "applyRequestCommonMapping" : false,
      "applyResponseCommonMapping" : false
    } ]
  },
  "enableFrontendUrl" : false
}