{
  "operationConfig" : {
    "name" : "updateDeviceStatus3078",
    "type" : "MappedToBackend",
    "cachable" : false,
    "smsEnabled" : false,
    "security" : "authorized_app",
    "responseEncoding" : "UTF-8",
    "httpMethod" : "GET",
    "decodeResponseBody" : false,
    "iMapping" : "<?xml version=\"1.0\" encoding=\"UTF-8\" standalone=\"yes\"?>\n<mapper xmlns=\"http://www.kony.com/ns/mapper\">\n    <map inputpath=\"request_in\" outputpath=\"request_out\">\n        <set-param inputpath=\"DeviceId\" outputpath=\"DeviceId\"/>\n        <set-param inputpath=\"status\" outputpath=\"status\"/>\n    </map>\n</mapper>\n",
    "oMapping" : "<?xml version=\"1.0\" encoding=\"UTF-8\" standalone=\"yes\"?>\n<mapper xmlns=\"http://www.kony.com/ns/mapper\">\n    <map inputpath=\"response_in\" outputpath=\"response_out\">\n        <map inputpath=\"\" outputpath=\"UpdateDeviceStatus\">\n            <set-param inputpath=\"detail_updateDevice\" outputpath=\"detail_updateDevice\"/>\n            <set-param inputpath=\"errorCode_updateDevice\" outputpath=\"errorCode_updateDevice\"/>\n            <set-param inputpath=\"active\" outputpath=\"active\"/>\n            <set-param inputpath=\"type\" outputpath=\"type\"/>\n        </map>\n    </map>\n</mapper>\n",
    "iVisualMappingData" : "{\"nodeDataArray\":[{\"isGroup\":true,\"key\":\"request_in\",\"text\":\"UpdateDeviceStatus\",\"xy\":\"258 171.39999389648438\"},{\"isGroup\":true,\"key\":\"request_out\",\"text\":\"ScimAPIs (1.0).updateDeviceStatus\",\"xy\":\"812 221\"}],\"linkDataArray\":[{\"category\":\"Mapping\",\"visible\":true,\"from\":\"source:UpdateDeviceStatus:DeviceId:\",\"to\":\"target:DeviceId:\",\"fromPort\":\"source:UpdateDeviceStatus:DeviceId:\",\"toPort\":\"target:DeviceId:\"},{\"category\":\"Mapping\",\"visible\":true,\"from\":\"source:UpdateDeviceStatus:status:\",\"to\":\"target:status:\",\"fromPort\":\"source:UpdateDeviceStatus:status:\",\"toPort\":\"target:status:\"}],\"blockCount\":{\"variableCount\":0},\"variableMap\":{},\"xmlMappingOverride\":false}",
    "oVisualMappingData" : "{\"nodeDataArray\":[{\"isGroup\":true,\"key\":\"response_out\",\"text\":\"UpdateDeviceStatus\",\"xy\":\"770 100\"},{\"isGroup\":true,\"key\":\"response_in\",\"text\":\"ScimAPIs (1.0).updateDeviceStatus\",\"xy\":\"150 100\"}],\"linkDataArray\":[{\"category\":\"Mapping\",\"visible\":true,\"from\":\"source:detail_updateDevice:\",\"to\":\"target:UpdateDeviceStatus:detail_updateDevice:\",\"fromPort\":\"source:detail_updateDevice:\",\"toPort\":\"target:UpdateDeviceStatus:detail_updateDevice:\"},{\"category\":\"Mapping\",\"visible\":true,\"from\":\"source:errorCode_updateDevice:\",\"to\":\"target:UpdateDeviceStatus:errorCode_updateDevice:\",\"fromPort\":\"source:errorCode_updateDevice:\",\"toPort\":\"target:UpdateDeviceStatus:errorCode_updateDevice:\"},{\"category\":\"Mapping\",\"visible\":true,\"from\":\"source:active:\",\"to\":\"target:UpdateDeviceStatus:active:\",\"fromPort\":\"source:active:\",\"toPort\":\"target:UpdateDeviceStatus:active:\"},{\"category\":\"Mapping\",\"visible\":true,\"from\":\"source:type:\",\"to\":\"target:UpdateDeviceStatus:type:\",\"fromPort\":\"source:type:\",\"toPort\":\"target:UpdateDeviceStatus:type:\"}],\"blockCount\":{\"variableCount\":0},\"variableMap\":{},\"xmlMappingOverride\":false}",
    "applyCommonMapping" : false,
    "applyRequestCommonMapping" : false,
    "applyResponseCommonMapping" : false,
    "backendMeta" : {
      "serviceName" : "ScimAPIs",
      "serviceVersion" : "1.0",
      "operationName" : "updateDeviceStatus"
    },
    "relationshipHierarchyMapping" : {
      "children" : [ ],
      "name" : "UpdateDeviceStatus",
      "actions" : { },
      "selected" : true
    },
    "requestXmlMappingOverride" : false,
    "responseXmlMappingOverride" : false,
    "mapperData" : [ {
      "name" : "base mapper1",
      "order" : 1,
      "iMapping" : "<?xml version=\"1.0\" encoding=\"UTF-8\" standalone=\"yes\"?>\n<mapper xmlns=\"http://www.kony.com/ns/mapper\">\n    <map inputpath=\"request_in\" outputpath=\"request_out\">\n        <set-param inputpath=\"DeviceId\" outputpath=\"DeviceId\"/>\n        <set-param inputpath=\"status\" outputpath=\"status\"/>\n    </map>\n</mapper>\n",
      "oMapping" : "<?xml version=\"1.0\" encoding=\"UTF-8\" standalone=\"yes\"?>\n<mapper xmlns=\"http://www.kony.com/ns/mapper\">\n    <map inputpath=\"response_in\" outputpath=\"response_out\">\n        <map inputpath=\"\" outputpath=\"UpdateDeviceStatus\">\n            <set-param inputpath=\"detail_updateDevice\" outputpath=\"detail_updateDevice\"/>\n            <set-param inputpath=\"errorCode_updateDevice\" outputpath=\"errorCode_updateDevice\"/>\n            <set-param inputpath=\"active\" outputpath=\"active\"/>\n            <set-param inputpath=\"type\" outputpath=\"type\"/>\n        </map>\n    </map>\n</mapper>\n",
      "iVisualMappingData" : "{\"nodeDataArray\":[{\"isGroup\":true,\"key\":\"request_in\",\"text\":\"UpdateDeviceStatus\",\"xy\":\"258 171.39999389648438\"},{\"isGroup\":true,\"key\":\"request_out\",\"text\":\"ScimAPIs (1.0).updateDeviceStatus\",\"xy\":\"812 221\"}],\"linkDataArray\":[{\"category\":\"Mapping\",\"visible\":true,\"from\":\"source:UpdateDeviceStatus:DeviceId:\",\"to\":\"target:DeviceId:\",\"fromPort\":\"source:UpdateDeviceStatus:DeviceId:\",\"toPort\":\"target:DeviceId:\"},{\"category\":\"Mapping\",\"visible\":true,\"from\":\"source:UpdateDeviceStatus:status:\",\"to\":\"target:status:\",\"fromPort\":\"source:UpdateDeviceStatus:status:\",\"toPort\":\"target:status:\"}],\"blockCount\":{\"variableCount\":0},\"variableMap\":{},\"xmlMappingOverride\":false}",
      "oVisualMappingData" : "{\"nodeDataArray\":[{\"isGroup\":true,\"key\":\"response_out\",\"text\":\"UpdateDeviceStatus\",\"xy\":\"770 100\"},{\"isGroup\":true,\"key\":\"response_in\",\"text\":\"ScimAPIs (1.0).updateDeviceStatus\",\"xy\":\"150 100\"}],\"linkDataArray\":[{\"category\":\"Mapping\",\"visible\":true,\"from\":\"source:detail_updateDevice:\",\"to\":\"target:UpdateDeviceStatus:detail_updateDevice:\",\"fromPort\":\"source:detail_updateDevice:\",\"toPort\":\"target:UpdateDeviceStatus:detail_updateDevice:\"},{\"category\":\"Mapping\",\"visible\":true,\"from\":\"source:errorCode_updateDevice:\",\"to\":\"target:UpdateDeviceStatus:errorCode_updateDevice:\",\"fromPort\":\"source:errorCode_updateDevice:\",\"toPort\":\"target:UpdateDeviceStatus:errorCode_updateDevice:\"},{\"category\":\"Mapping\",\"visible\":true,\"from\":\"source:active:\",\"to\":\"target:UpdateDeviceStatus:active:\",\"fromPort\":\"source:active:\",\"toPort\":\"target:UpdateDeviceStatus:active:\"},{\"category\":\"Mapping\",\"visible\":true,\"from\":\"source:type:\",\"to\":\"target:UpdateDeviceStatus:type:\",\"fromPort\":\"source:type:\",\"toPort\":\"target:UpdateDeviceStatus:type:\"}],\"blockCount\":{\"variableCount\":0},\"variableMap\":{},\"xmlMappingOverride\":false}",
      "requestXmlMappingOverride" : false,
      "responseXmlMappingOverride" : false,
      "disabled" : false,
      "applyCommonMapping" : false,
      "applyRequestCommonMapping" : false,
      "applyResponseCommonMapping" : false
    } ]
  },
  "enableFrontendUrl" : false,
  "customVerb" : false
}