{
  "operationConfig" : {
    "name" : "validateSMSOTP1865",
    "type" : "MappedToBackend",
    "cachable" : false,
    "smsEnabled" : false,
    "security" : "public",
    "responseEncoding" : "UTF-8",
    "httpMethod" : "GET",
    "decodeResponseBody" : false,
    "iMapping" : "<?xml version=\"1.0\" encoding=\"UTF-8\" standalone=\"yes\"?>\n<mapper xmlns=\"http://www.kony.com/ns/mapper\">\n    <map inputpath=\"request_in\" outputpath=\"request_out\">\n        <set-param inputpath=\"correlationId\" outputpath=\"correlationId\"/>\n        <set-param inputpath=\"password\" outputpath=\"password\"/>\n        <set-param inputpath=\"txId\" outputpath=\"txId\"/>\n        <set-param inputpath=\"username\" outputpath=\"username\"/>\n    </map>\n</mapper>\n",
    "iVisualMappingData" : "{\"nodeDataArray\":[{\"isGroup\":true,\"key\":\"request_in\",\"text\":\"ValidateSMSOTP\",\"xy\":\"150 100\"},{\"isGroup\":true,\"key\":\"request_out\",\"text\":\"ValidateSMSTransaction (1.0).validateSMSOTP\",\"xy\":\"770 100\"}],\"linkDataArray\":[{\"category\":\"Mapping\",\"visible\":true,\"from\":\"source:ValidateSMSOTP:correlationId:\",\"to\":\"target:correlationId:\",\"fromPort\":\"source:ValidateSMSOTP:correlationId:\",\"toPort\":\"target:correlationId:\"},{\"category\":\"Mapping\",\"visible\":true,\"from\":\"source:ValidateSMSOTP:password:\",\"to\":\"target:password:\",\"fromPort\":\"source:ValidateSMSOTP:password:\",\"toPort\":\"target:password:\"},{\"category\":\"Mapping\",\"visible\":true,\"from\":\"source:ValidateSMSOTP:txId:\",\"to\":\"target:txId:\",\"fromPort\":\"source:ValidateSMSOTP:txId:\",\"toPort\":\"target:txId:\"},{\"category\":\"Mapping\",\"visible\":true,\"from\":\"source:ValidateSMSOTP:username:\",\"to\":\"target:username:\",\"fromPort\":\"source:ValidateSMSOTP:username:\",\"toPort\":\"target:username:\"}],\"blockCount\":{\"variableCount\":0},\"variableMap\":{},\"xmlMappingOverride\":false}",
    "applyCommonMapping" : false,
    "applyRequestCommonMapping" : false,
    "applyResponseCommonMapping" : true,
    "backendMeta" : {
      "serviceName" : "ValidateSMSTransaction",
      "serviceVersion" : "1.0",
      "operationName" : "validateSMSOTP"
    },
    "relationshipHierarchyMapping" : {
      "children" : [ ],
      "name" : "ValidateSMSOTP",
      "actions" : { },
      "selected" : true
    },
    "requestXmlMappingOverride" : false,
    "responseXmlMappingOverride" : false,
    "mapperData" : [ {
      "name" : "base mapper1",
      "order" : 1,
      "iMapping" : "<?xml version=\"1.0\" encoding=\"UTF-8\" standalone=\"yes\"?>\n<mapper xmlns=\"http://www.kony.com/ns/mapper\">\n    <map inputpath=\"request_in\" outputpath=\"request_out\">\n        <set-param inputpath=\"correlationId\" outputpath=\"correlationId\"/>\n        <set-param inputpath=\"password\" outputpath=\"password\"/>\n        <set-param inputpath=\"txId\" outputpath=\"txId\"/>\n        <set-param inputpath=\"username\" outputpath=\"username\"/>\n    </map>\n</mapper>\n",
      "iVisualMappingData" : "{\"nodeDataArray\":[{\"isGroup\":true,\"key\":\"request_in\",\"text\":\"ValidateSMSOTP\",\"xy\":\"150 100\"},{\"isGroup\":true,\"key\":\"request_out\",\"text\":\"ValidateSMSTransaction (1.0).validateSMSOTP\",\"xy\":\"770 100\"}],\"linkDataArray\":[{\"category\":\"Mapping\",\"visible\":true,\"from\":\"source:ValidateSMSOTP:correlationId:\",\"to\":\"target:correlationId:\",\"fromPort\":\"source:ValidateSMSOTP:correlationId:\",\"toPort\":\"target:correlationId:\"},{\"category\":\"Mapping\",\"visible\":true,\"from\":\"source:ValidateSMSOTP:password:\",\"to\":\"target:password:\",\"fromPort\":\"source:ValidateSMSOTP:password:\",\"toPort\":\"target:password:\"},{\"category\":\"Mapping\",\"visible\":true,\"from\":\"source:ValidateSMSOTP:txId:\",\"to\":\"target:txId:\",\"fromPort\":\"source:ValidateSMSOTP:txId:\",\"toPort\":\"target:txId:\"},{\"category\":\"Mapping\",\"visible\":true,\"from\":\"source:ValidateSMSOTP:username:\",\"to\":\"target:username:\",\"fromPort\":\"source:ValidateSMSOTP:username:\",\"toPort\":\"target:username:\"}],\"blockCount\":{\"variableCount\":0},\"variableMap\":{},\"xmlMappingOverride\":false}",
      "requestXmlMappingOverride" : false,
      "responseXmlMappingOverride" : false,
      "disabled" : false,
      "applyCommonMapping" : false,
      "applyRequestCommonMapping" : false,
      "applyResponseCommonMapping" : true
    } ]
  },
  "enableFrontendUrl" : false
}