{
  "version" : "1.0",
  "intSvcs" : [ {
    "name" : "ClientAuthIdentityWrapper",
    "version" : "1.0",
    "etag" : "928b5cb7-a00e-49de-84d2-234021c0dcb0"
  }, {
    "name" : "ClientIdentityWrapperInternal",
    "version" : "1.0",
    "etag" : "81954033-53b4-4edf-b0aa-92fe2b4af576"
  }, {
    "name" : "CustomFactorValidation",
    "version" : "1.0",
    "etag" : "73788331-8b65-485a-97dd-78b49ffd3286"
  }, {
    "name" : "DependencyManager",
    "version" : "1.0",
    "etag" : "95a4bed2-4030-41cb-9fbb-ef72d5127581"
  }, {
    "name" : "DeviceProvisionJava",
    "version" : "1.0",
    "etag" : "c9d6c162-69c3-4f12-84e9-881bc4b6e31d"
  }, {
    "name" : "HIDPollConsensus",
    "version" : "1.0",
    "etag" : "14c31e5b-7e06-4dff-a373-1c8efd7e3575"
  }, {
    "name" : "HIDPollConsensusWrapper",
    "version" : "1.0",
    "etag" : "3c789de5-483f-41d0-8bac-a38a68efdfb8"
  }, {
    "name" : "PasswordAuthServices",
    "version" : "1.0",
    "etag" : "deaa64c0-bf16-4a0a-b039-566264a5b901"
  }, {
    "name" : "ScimAPIs",
    "version" : "1.0",
    "etag" : "efd3c40f-1ae0-42fe-8875-6917119e1e98"
  }, {
    "name" : "ScimAPIsOrg",
    "version" : "1.0",
    "etag" : "babf5747-4e67-4052-b01e-c6f9f7b22b69"
  }, {
    "name" : "SearchServices",
    "version" : "1.0",
    "etag" : "974b3708-2f3b-4d47-8345-825735e64fbd"
  }, {
    "name" : "UpdateUserMobileNumber",
    "version" : "1.0",
    "etag" : "79e33d5c-d7c2-4ab2-ae3d-6eab727ff762"
  }, {
    "name" : "UserManagementService",
    "version" : "1.0",
    "etag" : "feb40cec-5183-4a07-bd11-cf00c376d2c2"
  } ],
  "orchSvcs" : [ {
    "name" : "ApproveDeviceRegistrationOrch",
    "version" : "1.0",
    "etag" : "c218f0de-2beb-423e-b51c-4b731b50405f"
  }, {
    "name" : "ChangePassword",
    "version" : "1.0",
    "etag" : "adc07d27-3e6f-4d53-a3c0-e0ea681b52f6"
  }, {
    "name" : "SearchDevices",
    "version" : "1.0",
    "etag" : "c7c23be1-31fe-428c-ad68-4a7df5404676"
  }, {
    "name" : "UpdateUserMobileNo",
    "version" : "1.0",
    "etag" : "7841208c-384e-493a-bc5d-390b1f6adcfa"
  } ],
  "objectSvcs" : [ {
    "name" : "HIDUserManagement",
    "version" : "1.0",
    "etag" : "87e9f3cd-4eb8-498a-87d6-4d68f2c18942"
  } ],
  "identity" : [ "ClientIdentity", "customHIDLogin", "customHIDLoginWithoutMFA", "CustomOrgIdentity", "OrgAdminScim" ]
}