{
  "version" : "1.0",
  "intSvcs" : [ {
    "name" : "AssignUnassignDevice",
    "version" : "1.0",
    "etag" : "65e9c418-ce35-4bab-a0ee-d1b2845b0786"
  }, {
    "name" : "ClientAuthIdentityWrapper",
    "version" : "1.0",
    "etag" : "4024f1d0-9db0-4d40-81f3-5177755d3142"
  }, {
    "name" : "ClientIdentityWrapperInternal",
    "version" : "1.0",
    "etag" : "9cfabb88-dd66-4efa-9804-834600a42f77"
  }, {
    "name" : "CustomFactorValidation",
    "version" : "1.0",
    "etag" : "a4f9258e-3e13-4dd2-8aa2-1b95df3eb5c1"
  }, {
    "name" : "DeleteDevice",
    "version" : "1.0",
    "etag" : "df52acfb-9d06-44df-8e40-5b2be430943a"
  }, {
    "name" : "DependencyManager",
    "version" : "1.0",
    "etag" : "95a4bed2-4030-41cb-9fbb-ef72d5127581"
  }, {
    "name" : "DeviceProvisionJava",
    "version" : "1.0",
    "etag" : "5973dc01-2629-46c4-92e3-b18de37c5bc1"
  }, {
    "name" : "HIDPollConsensus",
    "version" : "1.0",
    "etag" : "6a133e21-7cd6-4e79-a6cc-63accc2a31d4"
  }, {
    "name" : "HIDPollConsensusWrapper",
    "version" : "1.0",
    "etag" : "3c789de5-483f-41d0-8bac-a38a68efdfb8"
  }, {
    "name" : "PasswordAuthServices",
    "version" : "1.0",
    "etag" : "deaa64c0-bf16-4a0a-b039-566264a5b901"
  }, {
    "name" : "ScimAPIs",
    "version" : "1.0",
    "etag" : "d52ab803-e1d2-41f5-8f89-8182cd7bfc8c"
  }, {
    "name" : "ScimAPIsOrg",
    "version" : "1.0",
    "etag" : "0ef3ee7b-15a4-403c-81c4-7fed0d00ced3"
  }, {
    "name" : "SearchServices",
    "version" : "1.0",
    "etag" : "1cd313c6-1bbc-43c2-aaf5-f00c5fd92389"
  }, {
    "name" : "UpdateUserMobileNumber",
    "version" : "1.0",
    "etag" : "35d6341c-71ff-44ac-82c5-a9e4eac58688"
  }, {
    "name" : "UserManagementService",
    "version" : "1.0",
    "etag" : "6e8ae80b-daa6-4201-a0c4-b0a94564f05c"
  } ],
  "orchSvcs" : [ {
    "name" : "ApproveDeviceRegistrationOrch",
    "version" : "1.0",
    "etag" : "651d4b32-30e0-4f8d-8128-f0f5436e1456"
  }, {
    "name" : "ChangePassword",
    "version" : "1.0",
    "etag" : "adc07d27-3e6f-4d53-a3c0-e0ea681b52f6"
  }, {
    "name" : "SearchDevices",
    "version" : "1.0",
    "etag" : "c7c23be1-31fe-428c-ad68-4a7df5404676"
  }, {
    "name" : "UpdateUserMobileNo",
    "version" : "1.0",
    "etag" : "7841208c-384e-493a-bc5d-390b1f6adcfa"
  } ],
  "objectSvcs" : [ {
    "name" : "HIDUserManagement",
    "version" : "1.0",
    "etag" : "f0808bdf-f66c-421a-aad3-a2b602fb8568"
  } ],
  "identity" : [ "ClientIdentity", "customHIDLogin", "customHIDLoginWithoutMFA", "CustomOrgIdentity", "OrgAdminScim" ]
}