{
  "version" : "1.0",
  "intSvcs" : [ {
    "name" : "ClientAuthIdentityWrapper",
    "version" : "1.0",
    "etag" : "08820ef0-6a8b-498e-a7a2-b3a4c90bdf45"
  }, {
    "name" : "ClientIdentityWrapperInternal",
    "version" : "1.0",
    "etag" : "81954033-53b4-4edf-b0aa-92fe2b4af576"
  }, {
    "name" : "CustomFactorValidation",
    "version" : "1.0",
    "etag" : "992d5f95-6951-41b1-a973-b2100c7872b4"
  }, {
    "name" : "DependencyManager",
    "version" : "1.0",
    "etag" : "95a4bed2-4030-41cb-9fbb-ef72d5127581"
  }, {
    "name" : "DeviceProvisionJava",
    "version" : "1.0",
    "etag" : "c9d6c162-69c3-4f12-84e9-881bc4b6e31d"
  }, {
    "name" : "HIDPollConsensus",
    "version" : "1.0",
    "etag" : "14c31e5b-7e06-4dff-a373-1c8efd7e3575"
  }, {
    "name" : "HIDPollConsensusWrapper",
    "version" : "1.0",
    "etag" : "3c789de5-483f-41d0-8bac-a38a68efdfb8"
  }, {
    "name" : "PasswordAuthServices",
    "version" : "1.0",
    "etag" : "deaa64c0-bf16-4a0a-b039-566264a5b901"
  }, {
    "name" : "ScimAPIs",
    "version" : "1.0",
    "etag" : "ced1dd2b-7933-4810-bc8c-110aa0d84d13"
  }, {
    "name" : "ScimAPIsOrg",
    "version" : "1.0",
    "etag" : "babf5747-4e67-4052-b01e-c6f9f7b22b69"
  }, {
    "name" : "SearchServices",
    "version" : "1.0",
    "etag" : "63b20783-accb-4584-9f51-a000b6b2cfed"
  }, {
    "name" : "UserManagementService",
    "version" : "1.0",
    "etag" : "7d39645a-d107-47da-b690-28d00a40efe5"
  } ],
  "orchSvcs" : [ {
    "name" : "ApproveDeviceRegistrationOrch",
    "version" : "1.0",
    "etag" : "c218f0de-2beb-423e-b51c-4b731b50405f"
  }, {
    "name" : "ChangePassword",
    "version" : "1.0",
    "etag" : "adc07d27-3e6f-4d53-a3c0-e0ea681b52f6"
  }, {
    "name" : "SearchDevices",
    "version" : "1.0",
    "etag" : "c7c23be1-31fe-428c-ad68-4a7df5404676"
  } ],
  "objectSvcs" : [ {
    "name" : "HIDUserManagement",
    "version" : "1.0",
    "etag" : "8e481115-e23f-4b35-8a5b-9dff2df5524c"
  } ],
  "identity" : [ "ClientIdentity", "customHIDLogin", "customHIDLoginWithoutMFA", "CustomOrgIdentity", "OrgAdminScim" ]
}