{
  "operationConfig" : {
    "name" : "assignUnassignDevice3818",
    "type" : "MappedToBackend",
    "cachable" : false,
    "smsEnabled" : false,
    "security" : "authorized_app_user",
    "responseEncoding" : "UTF-8",
    "httpMethod" : "GET",
    "decodeResponseBody" : false,
    "iMapping" : "<?xml version=\"1.0\" encoding=\"UTF-8\" standalone=\"yes\"?>\n<mapper xmlns=\"http://www.kony.com/ns/mapper\">\n    <map inputpath=\"request_in\" outputpath=\"request_out\">\n        <set-param inputpath=\"deviceId\" outputpath=\"deviceId\"/>\n        <set-param inputpath=\"owner\" outputpath=\"owner\"/>\n        <set-param inputpath=\"status\" outputpath=\"status\"/>\n    </map>\n</mapper>\n",
    "oMapping" : "<?xml version=\"1.0\" encoding=\"UTF-8\" standalone=\"yes\"?>\n<mapper xmlns=\"http://www.kony.com/ns/mapper\">\n    <map inputpath=\"response_in\" outputpath=\"response_out\">\n        <map inputpath=\"\" outputpath=\"AssignUnassignDevice\">\n            <set-param inputpath=\"errorMsg\" outputpath=\"errorMsg\"/>\n            <set-param inputpath=\"errorCode\" outputpath=\"errorCode\"/>\n            <set-param inputpath=\"active\" outputpath=\"active\"/>\n        </map>\n    </map>\n</mapper>\n",
    "iVisualMappingData" : "{\"nodeDataArray\":[{\"isGroup\":true,\"key\":\"request_in\",\"text\":\"AssignUnassignDevice\",\"xy\":\"150 100\"},{\"isGroup\":true,\"key\":\"request_out\",\"text\":\"AssignUnassignDevice (1.0).assignUnassignDevice\",\"xy\":\"770 100\"}],\"linkDataArray\":[{\"category\":\"Mapping\",\"from\":\"source:AssignUnassignDevice:deviceId:\",\"to\":\"target:deviceId:\",\"fromPort\":\"source:AssignUnassignDevice:deviceId:\",\"toPort\":\"target:deviceId:\",\"visible\":true,\"common\":true},{\"category\":\"Mapping\",\"from\":\"source:AssignUnassignDevice:status:\",\"to\":\"target:status:\",\"fromPort\":\"source:AssignUnassignDevice:status:\",\"toPort\":\"target:status:\",\"visible\":true,\"common\":true},{\"category\":\"Mapping\",\"from\":\"source:AssignUnassignDevice:owner:\",\"to\":\"target:owner:\",\"fromPort\":\"source:AssignUnassignDevice:owner:\",\"toPort\":\"target:owner:\",\"visible\":true,\"common\":true}]}",
    "oVisualMappingData" : "{\"nodeDataArray\":[{\"isGroup\":true,\"key\":\"response_out\",\"text\":\"AssignUnassignDevice\",\"xy\":\"770 100\"},{\"isGroup\":true,\"key\":\"response_in\",\"text\":\"AssignUnassignDevice (1.0).assignUnassignDevice\",\"xy\":\"150 100\"}],\"linkDataArray\":[{\"category\":\"Mapping\",\"from\":\"source:errorMsg:\",\"to\":\"target:AssignUnassignDevice:errorMsg:\",\"fromPort\":\"source:errorMsg:\",\"toPort\":\"target:AssignUnassignDevice:errorMsg:\",\"visible\":true,\"common\":true},{\"category\":\"Mapping\",\"from\":\"source:errorCode:\",\"to\":\"target:AssignUnassignDevice:errorCode:\",\"fromPort\":\"source:errorCode:\",\"toPort\":\"target:AssignUnassignDevice:errorCode:\",\"visible\":true,\"common\":true},{\"category\":\"Mapping\",\"from\":\"source:active:\",\"to\":\"target:AssignUnassignDevice:active:\",\"fromPort\":\"source:active:\",\"toPort\":\"target:AssignUnassignDevice:active:\",\"visible\":true,\"common\":true}]}",
    "applyCommonMapping" : false,
    "applyRequestCommonMapping" : false,
    "applyResponseCommonMapping" : false,
    "backendMeta" : {
      "serviceName" : "AssignUnassignDevice",
      "serviceVersion" : "1.0",
      "operationName" : "assignUnassignDevice"
    },
    "relationshipHierarchyMapping" : {
      "name" : "AssignUnassignDevice",
      "children" : [ ],
      "actions" : { },
      "selected" : true
    },
    "requestXmlMappingOverride" : false,
    "responseXmlMappingOverride" : false,
    "mapperData" : [ {
      "name" : "base mapper1",
      "order" : 1,
      "iMapping" : "<?xml version=\"1.0\" encoding=\"UTF-8\" standalone=\"yes\"?>\n<mapper xmlns=\"http://www.kony.com/ns/mapper\">\n    <map inputpath=\"request_in\" outputpath=\"request_out\">\n        <set-param inputpath=\"deviceId\" outputpath=\"deviceId\"/>\n        <set-param inputpath=\"owner\" outputpath=\"owner\"/>\n        <set-param inputpath=\"status\" outputpath=\"status\"/>\n    </map>\n</mapper>\n",
      "oMapping" : "<?xml version=\"1.0\" encoding=\"UTF-8\" standalone=\"yes\"?>\n<mapper xmlns=\"http://www.kony.com/ns/mapper\">\n    <map inputpath=\"response_in\" outputpath=\"response_out\">\n        <map inputpath=\"\" outputpath=\"AssignUnassignDevice\">\n            <set-param inputpath=\"errorMsg\" outputpath=\"errorMsg\"/>\n            <set-param inputpath=\"errorCode\" outputpath=\"errorCode\"/>\n            <set-param inputpath=\"active\" outputpath=\"active\"/>\n        </map>\n    </map>\n</mapper>\n",
      "iVisualMappingData" : "{\"nodeDataArray\":[{\"isGroup\":true,\"key\":\"request_in\",\"text\":\"AssignUnassignDevice\",\"xy\":\"150 100\"},{\"isGroup\":true,\"key\":\"request_out\",\"text\":\"AssignUnassignDevice (1.0).assignUnassignDevice\",\"xy\":\"770 100\"}],\"linkDataArray\":[{\"category\":\"Mapping\",\"from\":\"source:AssignUnassignDevice:deviceId:\",\"to\":\"target:deviceId:\",\"fromPort\":\"source:AssignUnassignDevice:deviceId:\",\"toPort\":\"target:deviceId:\",\"visible\":true,\"common\":true},{\"category\":\"Mapping\",\"from\":\"source:AssignUnassignDevice:status:\",\"to\":\"target:status:\",\"fromPort\":\"source:AssignUnassignDevice:status:\",\"toPort\":\"target:status:\",\"visible\":true,\"common\":true},{\"category\":\"Mapping\",\"from\":\"source:AssignUnassignDevice:owner:\",\"to\":\"target:owner:\",\"fromPort\":\"source:AssignUnassignDevice:owner:\",\"toPort\":\"target:owner:\",\"visible\":true,\"common\":true}]}",
      "oVisualMappingData" : "{\"nodeDataArray\":[{\"isGroup\":true,\"key\":\"response_out\",\"text\":\"AssignUnassignDevice\",\"xy\":\"770 100\"},{\"isGroup\":true,\"key\":\"response_in\",\"text\":\"AssignUnassignDevice (1.0).assignUnassignDevice\",\"xy\":\"150 100\"}],\"linkDataArray\":[{\"category\":\"Mapping\",\"from\":\"source:errorMsg:\",\"to\":\"target:AssignUnassignDevice:errorMsg:\",\"fromPort\":\"source:errorMsg:\",\"toPort\":\"target:AssignUnassignDevice:errorMsg:\",\"visible\":true,\"common\":true},{\"category\":\"Mapping\",\"from\":\"source:errorCode:\",\"to\":\"target:AssignUnassignDevice:errorCode:\",\"fromPort\":\"source:errorCode:\",\"toPort\":\"target:AssignUnassignDevice:errorCode:\",\"visible\":true,\"common\":true},{\"category\":\"Mapping\",\"from\":\"source:active:\",\"to\":\"target:AssignUnassignDevice:active:\",\"fromPort\":\"source:active:\",\"toPort\":\"target:AssignUnassignDevice:active:\",\"visible\":true,\"common\":true}]}",
      "requestXmlMappingOverride" : false,
      "responseXmlMappingOverride" : false,
      "disabled" : false,
      "applyCommonMapping" : false,
      "applyRequestCommonMapping" : false,
      "applyResponseCommonMapping" : false
    } ]
  },
  "enableFrontendUrl" : false,
  "customVerb" : false
}