<?xml version="1.0" encoding="UTF-8" standalone="yes"?>
<service serviceGroup="" cachable="false" cacheduration="" customOperation="false" description="" endpoint="default" groupType="" id="login" passwordencrypted="false" security="public" type="javaConnector" smscode="" smsenabled="false">
    <service-config>
        <config-param api-version="" appid="" name="preprocessorname" value="com.hid.common.ClientBasePreprocessor"/>
        <config-param api-version="" appid="" name="postprocessorname" value=""/>
        <config-param api-version="" appid="" name="preprocessorJS" value=""/>
        <config-param api-version="" appid="" name="postprocessorJS" value=""/>
        <config-param api-version="" appid="" name="preprocessorRules" value=""/>
        <config-param api-version="" appid="" name="postprocessorRules" value=""/>
        <config-param api-version="" appid="" name="kony_http_supported_methods" value="POST"/>
        <config-param api-version="" appid="" name="className" value="com.hid.identity.endpoints.FirstFactorEndPoint"/>
        <config-param api-version="" appid="" name="methodName" value="login"/>
        <config-param api-version="" appid="" name="sockettimeout" value=""/>
    </service-config>
    <service-input passthrough="false" isExtended="false">
        <param datatype="string" defaultvalue="" description="" encode="true" format="None" formatvalue="" name="payload" order="" paramOrder="1" parentOrder="-1" passnull="false" sms-name="" src="request" sourcevalue="" srcformatvalue="" target="request" targetdatatype="java.lang.String" testvalue="{     &quot;Meta&quot;: {         &quot;EventType&quot;: &quot;urn:com:temenos:security:event:login:v1&quot;,           &quot;RiskScore&quot;: {             &quot;Required&quot;: &quot;0&quot;,             &quot;Current&quot;: &quot;0&quot;         },         &quot;TransactionId&quot;: &quot;1234&quot;     },   &quot;urn:com:temenos:security:event:login:v1&quot;: {    &quot;Scope&quot;: &quot;LOGIN&quot; ,    &quot;Name&quot;: &quot;Temenos Internet Banking&quot;,    &quot;userid&quot;: &quot;identitytester1&quot;,    &quot;password&quot;: &quot;262865&quot;   } }" value="" isExtended="false">
            <accessType></accessType>
        </param>
        <param datatype="string" defaultvalue="" description="" encode="true" format="None" formatvalue="" name="isMfa" order="" paramOrder="2" parentOrder="-1" passnull="false" sms-name="" src="request" sourcevalue="" srcformatvalue="" target="request" targetdatatype="java.lang.String" testvalue="false" value="" isExtended="false">
            <accessType></accessType>
        </param>
        <param datatype="string" defaultvalue="" description="" encode="true" format="None" formatvalue="" name="authType" order="" paramOrder="3" parentOrder="-1" passnull="false" sms-name="" src="request" sourcevalue="" srcformatvalue="" target="request" targetdatatype="java.lang.String" testvalue="SECURE_CODE" value="" isExtended="false">
            <accessType></accessType>
        </param>
    </service-input>
    <service-output passthrough="false" isExtended="false"/>
</service>
