[ {
  "name" : "active",
  "sourceFieldname" : "count",
  "description" : "count",
  "dataType" : "boolean",
  "hasIndex" : false,
  "unique" : false,
  "primarykey" : false,
  "namefield" : false,
  "nullable" : true,
  "custom" : false,
  "createable" : true,
  "updateable" : true,
  "audit" : false,
  "customizable" : false,
  "fieldOrder" : 1,
  "fieldProperties" : {
    "autoGenerated" : "false"
  },
  "etag" : "d6096af1-8d49-4ddb-b517-4031935c4077",
  "isExtended" : false
}, {
  "name" : "deviceId",
  "sourceFieldname" : "externalId",
  "description" : "externalId",
  "dataType" : "string",
  "hasIndex" : false,
  "unique" : true,
  "primarykey" : true,
  "namefield" : false,
  "nullable" : false,
  "custom" : false,
  "createable" : true,
  "updateable" : true,
  "audit" : false,
  "customizable" : false,
  "fieldOrder" : 2,
  "fieldProperties" : {
    "autoGenerated" : "false"
  },
  "etag" : "8ca1a3b8-2c8d-4097-97d3-c5474448b9f7",
  "isExtended" : false
}, {
  "name" : "expiryDate",
  "dataType" : "string",
  "hasIndex" : false,
  "unique" : false,
  "primarykey" : false,
  "namefield" : false,
  "nullable" : true,
  "custom" : true,
  "createable" : true,
  "updateable" : true,
  "audit" : false,
  "customizable" : false,
  "fieldLength" : 40,
  "fieldOrder" : 10,
  "fieldProperties" : {
    "autoGenerated" : "false"
  },
  "etag" : "60ba8003-385d-4e4e-abef-308485f965b2",
  "isExtended" : false
}, {
  "name" : "friendlyName",
  "sourceFieldname" : "filter",
  "description" : "filter",
  "dataType" : "string",
  "hasIndex" : false,
  "unique" : false,
  "primarykey" : false,
  "namefield" : false,
  "nullable" : true,
  "custom" : false,
  "createable" : true,
  "updateable" : true,
  "audit" : false,
  "customizable" : false,
  "fieldOrder" : 3,
  "fieldProperties" : {
    "autoGenerated" : "false"
  },
  "etag" : "99fad053-a3d9-4423-85a4-62cc4d350af5",
  "isExtended" : false
}, {
  "name" : "owner",
  "sourceFieldname" : "sortBy",
  "description" : "sortBy",
  "dataType" : "string",
  "hasIndex" : false,
  "unique" : false,
  "primarykey" : false,
  "namefield" : false,
  "nullable" : true,
  "custom" : false,
  "createable" : true,
  "updateable" : true,
  "audit" : false,
  "customizable" : false,
  "fieldOrder" : 6,
  "fieldProperties" : {
    "autoGenerated" : "false"
  },
  "etag" : "43db2b95-dc0f-43cb-97e0-caafeb736f45",
  "isExtended" : false
}, {
  "name" : "startDate",
  "dataType" : "string",
  "hasIndex" : false,
  "unique" : false,
  "primarykey" : false,
  "namefield" : false,
  "nullable" : true,
  "custom" : true,
  "createable" : true,
  "updateable" : true,
  "audit" : false,
  "customizable" : false,
  "fieldLength" : 40,
  "fieldOrder" : 9,
  "fieldProperties" : {
    "autoGenerated" : "false"
  },
  "etag" : "80948f66-a1fd-4a6d-83d1-f1c738ce5b68",
  "isExtended" : false
}, {
  "name" : "status",
  "sourceFieldname" : "schemaString",
  "description" : "schemaString",
  "dataType" : "string",
  "hasIndex" : false,
  "unique" : false,
  "primarykey" : false,
  "namefield" : false,
  "nullable" : true,
  "custom" : false,
  "createable" : true,
  "updateable" : true,
  "audit" : false,
  "customizable" : false,
  "fieldOrder" : 5,
  "fieldProperties" : {
    "autoGenerated" : "false"
  },
  "etag" : "47a3251d-ac0f-4b54-80b5-f7654b1088aa",
  "isExtended" : false
}, {
  "name" : "type",
  "sourceFieldname" : "id",
  "description" : "id",
  "dataType" : "string",
  "hasIndex" : false,
  "unique" : false,
  "primarykey" : false,
  "namefield" : false,
  "nullable" : true,
  "custom" : false,
  "createable" : true,
  "updateable" : true,
  "audit" : false,
  "customizable" : false,
  "fieldOrder" : 4,
  "fieldProperties" : {
    "autoGenerated" : "false"
  },
  "etag" : "14bd8b8a-43f8-4277-a564-3dfbe7784469",
  "isExtended" : false
}, {
  "name" : "userId",
  "sourceFieldname" : "startIndex",
  "description" : "startIndex",
  "dataType" : "string",
  "hasIndex" : false,
  "unique" : false,
  "primarykey" : false,
  "namefield" : false,
  "nullable" : true,
  "custom" : false,
  "createable" : true,
  "updateable" : true,
  "audit" : false,
  "customizable" : false,
  "fieldOrder" : 8,
  "fieldProperties" : {
    "autoGenerated" : "false"
  },
  "etag" : "fdee9995-17f1-4fa1-a617-25525e74abad",
  "isExtended" : false
}, {
  "name" : "username",
  "sourceFieldname" : "sortOrder",
  "description" : "sortOrder",
  "dataType" : "string",
  "hasIndex" : false,
  "unique" : false,
  "primarykey" : false,
  "namefield" : false,
  "nullable" : true,
  "custom" : false,
  "createable" : true,
  "updateable" : true,
  "audit" : false,
  "customizable" : false,
  "fieldOrder" : 7,
  "fieldProperties" : {
    "autoGenerated" : "false"
  },
  "etag" : "30901e68-2ff3-4e23-a4e7-a7b2ba53e512",
  "isExtended" : false
} ]