{
  "operationConfig" : {
    "name" : "SendTXOOBSMS1311",
    "type" : "MappedToBackend",
    "cachable" : false,
    "smsEnabled" : false,
    "security" : "public",
    "responseEncoding" : "UTF-8",
    "httpMethod" : "GET",
    "decodeResponseBody" : false,
    "iMapping" : "<?xml version=\"1.0\" encoding=\"UTF-8\" standalone=\"yes\"?>\n<mapper xmlns=\"http://www.kony.com/ns/mapper\">\n    <map inputpath=\"request_in\" outputpath=\"request_out\">\n        <set-param inputpath=\"correlationid\" outputpath=\"correlationid\"/>\n        <set-param inputpath=\"DEVICETYPE\" outputpath=\"DEVICETYPE\"/>\n        <set-param inputpath=\"ExternalUserId\" outputpath=\"ExternalUserId\"/>\n        <set-param inputpath=\"Message\" outputpath=\"Message\"/>\n    </map>\n</mapper>\n",
    "oMapping" : "<?xml version=\"1.0\" encoding=\"UTF-8\" standalone=\"yes\"?><mapper xmlns=\"http://www.kony.com/ns/mapper\">      <map inputpath=\"response_in\" outputpath=\"response_out\">            <map inputpath=\"attributes\" outputpath=\"attributes\">                  <set-param inputpath=\"name\" outputpath=\"name\"/>                  <set-param inputpath=\"value\" outputpath=\"value\"/>            </map>      </map></mapper>",
    "iVisualMappingData" : "{\"nodeDataArray\":[{\"isGroup\":true,\"key\":\"request_in\",\"text\":\"SendTXOOBSMS\",\"xy\":\"150 100\"},{\"isGroup\":true,\"key\":\"request_out\",\"text\":\"TransactionAuthServices (1.0).SendTXOOBSMS\",\"xy\":\"770 100\"}],\"linkDataArray\":[{\"category\":\"Mapping\",\"visible\":true,\"from\":\"source:SendTXOOBSMS:correlationid:\",\"to\":\"target:correlationid:\",\"fromPort\":\"source:SendTXOOBSMS:correlationid:\",\"toPort\":\"target:correlationid:\"},{\"category\":\"Mapping\",\"visible\":true,\"from\":\"source:SendTXOOBSMS:DEVICETYPE:\",\"to\":\"target:DEVICETYPE:\",\"fromPort\":\"source:SendTXOOBSMS:DEVICETYPE:\",\"toPort\":\"target:DEVICETYPE:\"},{\"category\":\"Mapping\",\"visible\":true,\"from\":\"source:SendTXOOBSMS:ExternalUserId:\",\"to\":\"target:ExternalUserId:\",\"fromPort\":\"source:SendTXOOBSMS:ExternalUserId:\",\"toPort\":\"target:ExternalUserId:\"},{\"category\":\"Mapping\",\"visible\":true,\"from\":\"source:SendTXOOBSMS:Message:\",\"to\":\"target:Message:\",\"fromPort\":\"source:SendTXOOBSMS:Message:\",\"toPort\":\"target:Message:\"}],\"blockCount\":{\"variableCount\":0},\"variableMap\":{},\"xmlMappingOverride\":false}",
    "oVisualMappingData" : "{\"nodeDataArray\":[{\"isGroup\":true,\"key\":\"response_out\",\"text\":\"SendTXOOBSMS\",\"xy\":\"770 100\"},{\"isGroup\":true,\"key\":\"response_in\",\"text\":\"TransactionAuthServices (1.0).SendTXOOBSMS\",\"xy\":\"150 100\"}],\"linkDataArray\":[{\"from\":\"target\",\"to\":\"target:SendTXOOBSMS\",\"fromPort\":\"target\",\"toPort\":\"target:SendTXOOBSMS\",\"visible\":true,\"common\":false},{\"from\":\"target:SendTXOOBSMS\",\"to\":\"target:SendTXOOBSMS:t_p_fields\",\"fromPort\":\"target:SendTXOOBSMS\",\"toPort\":\"target:SendTXOOBSMS:t_p_fields\",\"visible\":true,\"common\":false},{\"from\":\"target:SendTXOOBSMS:t_p_fields\",\"to\":\"target:SendTXOOBSMS:correlationid:\",\"fromPort\":\"target:SendTXOOBSMS:t_p_fields\",\"toPort\":\"target:SendTXOOBSMS:correlationid:\",\"visible\":true,\"common\":false},{\"from\":\"target:SendTXOOBSMS:t_p_fields\",\"to\":\"target:SendTXOOBSMS:DEVICETYPE:\",\"fromPort\":\"target:SendTXOOBSMS:t_p_fields\",\"toPort\":\"target:SendTXOOBSMS:DEVICETYPE:\",\"visible\":true,\"common\":false},{\"from\":\"target:SendTXOOBSMS:t_p_fields\",\"to\":\"target:SendTXOOBSMS:ExternalUserId:\",\"fromPort\":\"target:SendTXOOBSMS:t_p_fields\",\"toPort\":\"target:SendTXOOBSMS:ExternalUserId:\",\"visible\":true,\"common\":false},{\"from\":\"target:SendTXOOBSMS:t_p_fields\",\"to\":\"target:SendTXOOBSMS:Message:\",\"fromPort\":\"target:SendTXOOBSMS:t_p_fields\",\"toPort\":\"target:SendTXOOBSMS:Message:\",\"visible\":true,\"common\":false},{\"from\":\"source\",\"to\":\"source:attributes\",\"fromPort\":\"source\",\"toPort\":\"source:attributes\",\"visible\":true,\"common\":false},{\"from\":\"source:attributes\",\"to\":\"source:attributes:t_p_parameters\",\"fromPort\":\"source:attributes\",\"toPort\":\"source:attributes:t_p_parameters\",\"visible\":true,\"common\":false},{\"from\":\"source:attributes:t_p_parameters\",\"to\":\"source:attributes:name:\",\"fromPort\":\"source:attributes:t_p_parameters\",\"toPort\":\"source:attributes:name:\",\"visible\":true,\"common\":false},{\"from\":\"source:attributes:t_p_parameters\",\"to\":\"source:attributes:value:\",\"fromPort\":\"source:attributes:t_p_parameters\",\"toPort\":\"source:attributes:value:\",\"visible\":true,\"common\":false}],\"blockCount\":{\"variableCount\":0},\"variableMap\":{},\"xmlMappingOverride\":true}",
    "applyCommonMapping" : false,
    "applyRequestCommonMapping" : false,
    "applyResponseCommonMapping" : false,
    "backendMeta" : {
      "serviceName" : "TransactionAuthServices",
      "serviceVersion" : "1.0",
      "operationName" : "SendTXOOBSMS"
    },
    "relationshipHierarchyMapping" : {
      "children" : [ ],
      "name" : "SendTXOOBSMS",
      "actions" : { },
      "selected" : true
    },
    "requestXmlMappingOverride" : false,
    "responseXmlMappingOverride" : true,
    "mapperData" : [ {
      "name" : "base mapper1",
      "order" : 1,
      "iMapping" : "<?xml version=\"1.0\" encoding=\"UTF-8\" standalone=\"yes\"?>\n<mapper xmlns=\"http://www.kony.com/ns/mapper\">\n    <map inputpath=\"request_in\" outputpath=\"request_out\">\n        <set-param inputpath=\"correlationid\" outputpath=\"correlationid\"/>\n        <set-param inputpath=\"DEVICETYPE\" outputpath=\"DEVICETYPE\"/>\n        <set-param inputpath=\"ExternalUserId\" outputpath=\"ExternalUserId\"/>\n        <set-param inputpath=\"Message\" outputpath=\"Message\"/>\n    </map>\n</mapper>\n",
      "oMapping" : "<?xml version=\"1.0\" encoding=\"UTF-8\" standalone=\"yes\"?><mapper xmlns=\"http://www.kony.com/ns/mapper\">      <map inputpath=\"response_in\" outputpath=\"response_out\">            <map inputpath=\"attributes\" outputpath=\"attributes\">                  <set-param inputpath=\"name\" outputpath=\"name\"/>                  <set-param inputpath=\"value\" outputpath=\"value\"/>            </map>      </map></mapper>",
      "iVisualMappingData" : "{\"nodeDataArray\":[{\"isGroup\":true,\"key\":\"request_in\",\"text\":\"SendTXOOBSMS\",\"xy\":\"150 100\"},{\"isGroup\":true,\"key\":\"request_out\",\"text\":\"TransactionAuthServices (1.0).SendTXOOBSMS\",\"xy\":\"770 100\"}],\"linkDataArray\":[{\"category\":\"Mapping\",\"visible\":true,\"from\":\"source:SendTXOOBSMS:correlationid:\",\"to\":\"target:correlationid:\",\"fromPort\":\"source:SendTXOOBSMS:correlationid:\",\"toPort\":\"target:correlationid:\"},{\"category\":\"Mapping\",\"visible\":true,\"from\":\"source:SendTXOOBSMS:DEVICETYPE:\",\"to\":\"target:DEVICETYPE:\",\"fromPort\":\"source:SendTXOOBSMS:DEVICETYPE:\",\"toPort\":\"target:DEVICETYPE:\"},{\"category\":\"Mapping\",\"visible\":true,\"from\":\"source:SendTXOOBSMS:ExternalUserId:\",\"to\":\"target:ExternalUserId:\",\"fromPort\":\"source:SendTXOOBSMS:ExternalUserId:\",\"toPort\":\"target:ExternalUserId:\"},{\"category\":\"Mapping\",\"visible\":true,\"from\":\"source:SendTXOOBSMS:Message:\",\"to\":\"target:Message:\",\"fromPort\":\"source:SendTXOOBSMS:Message:\",\"toPort\":\"target:Message:\"}],\"blockCount\":{\"variableCount\":0},\"variableMap\":{},\"xmlMappingOverride\":false}",
      "oVisualMappingData" : "{\"nodeDataArray\":[{\"isGroup\":true,\"key\":\"response_out\",\"text\":\"SendTXOOBSMS\",\"xy\":\"770 100\"},{\"isGroup\":true,\"key\":\"response_in\",\"text\":\"TransactionAuthServices (1.0).SendTXOOBSMS\",\"xy\":\"150 100\"}],\"linkDataArray\":[{\"from\":\"target\",\"to\":\"target:SendTXOOBSMS\",\"fromPort\":\"target\",\"toPort\":\"target:SendTXOOBSMS\",\"visible\":true,\"common\":false},{\"from\":\"target:SendTXOOBSMS\",\"to\":\"target:SendTXOOBSMS:t_p_fields\",\"fromPort\":\"target:SendTXOOBSMS\",\"toPort\":\"target:SendTXOOBSMS:t_p_fields\",\"visible\":true,\"common\":false},{\"from\":\"target:SendTXOOBSMS:t_p_fields\",\"to\":\"target:SendTXOOBSMS:correlationid:\",\"fromPort\":\"target:SendTXOOBSMS:t_p_fields\",\"toPort\":\"target:SendTXOOBSMS:correlationid:\",\"visible\":true,\"common\":false},{\"from\":\"target:SendTXOOBSMS:t_p_fields\",\"to\":\"target:SendTXOOBSMS:DEVICETYPE:\",\"fromPort\":\"target:SendTXOOBSMS:t_p_fields\",\"toPort\":\"target:SendTXOOBSMS:DEVICETYPE:\",\"visible\":true,\"common\":false},{\"from\":\"target:SendTXOOBSMS:t_p_fields\",\"to\":\"target:SendTXOOBSMS:ExternalUserId:\",\"fromPort\":\"target:SendTXOOBSMS:t_p_fields\",\"toPort\":\"target:SendTXOOBSMS:ExternalUserId:\",\"visible\":true,\"common\":false},{\"from\":\"target:SendTXOOBSMS:t_p_fields\",\"to\":\"target:SendTXOOBSMS:Message:\",\"fromPort\":\"target:SendTXOOBSMS:t_p_fields\",\"toPort\":\"target:SendTXOOBSMS:Message:\",\"visible\":true,\"common\":false},{\"from\":\"source\",\"to\":\"source:attributes\",\"fromPort\":\"source\",\"toPort\":\"source:attributes\",\"visible\":true,\"common\":false},{\"from\":\"source:attributes\",\"to\":\"source:attributes:t_p_parameters\",\"fromPort\":\"source:attributes\",\"toPort\":\"source:attributes:t_p_parameters\",\"visible\":true,\"common\":false},{\"from\":\"source:attributes:t_p_parameters\",\"to\":\"source:attributes:name:\",\"fromPort\":\"source:attributes:t_p_parameters\",\"toPort\":\"source:attributes:name:\",\"visible\":true,\"common\":false},{\"from\":\"source:attributes:t_p_parameters\",\"to\":\"source:attributes:value:\",\"fromPort\":\"source:attributes:t_p_parameters\",\"toPort\":\"source:attributes:value:\",\"visible\":true,\"common\":false}],\"blockCount\":{\"variableCount\":0},\"variableMap\":{},\"xmlMappingOverride\":true}",
      "requestXmlMappingOverride" : false,
      "responseXmlMappingOverride" : true,
      "disabled" : false,
      "applyCommonMapping" : false,
      "applyRequestCommonMapping" : false,
      "applyResponseCommonMapping" : false
    } ]
  }
}