[ {
  "name" : "maxLength",
  "sourceFieldname" : "maxLength",
  "description" : "maxLength",
  "dataType" : "string",
  "hasIndex" : false,
  "unique" : false,
  "primarykey" : false,
  "namefield" : false,
  "nullable" : true,
  "custom" : false,
  "createable" : true,
  "updateable" : true,
  "audit" : false,
  "customizable" : false,
  "fieldOrder" : 0,
  "fieldProperties" : {
    "autoGenerated" : "false"
  },
  "etag" : "76fa7f6c-2474-4358-b46a-95893de0d3ee",
  "isExtended" : false
}, {
  "name" : "minDiffChars",
  "sourceFieldname" : "minDiffChars",
  "description" : "minDiffChars",
  "dataType" : "string",
  "hasIndex" : false,
  "unique" : false,
  "primarykey" : false,
  "namefield" : false,
  "nullable" : true,
  "custom" : false,
  "createable" : true,
  "updateable" : true,
  "audit" : false,
  "customizable" : false,
  "fieldOrder" : 0,
  "fieldProperties" : {
    "autoGenerated" : "false"
  },
  "etag" : "40486f21-8b7c-4134-b4a0-c4888f9130fe",
  "isExtended" : false
}, {
  "name" : "minLength",
  "sourceFieldname" : "minLength",
  "description" : "minLength",
  "dataType" : "string",
  "hasIndex" : false,
  "unique" : false,
  "primarykey" : false,
  "namefield" : false,
  "nullable" : true,
  "custom" : false,
  "createable" : true,
  "updateable" : true,
  "audit" : false,
  "customizable" : false,
  "fieldOrder" : 0,
  "fieldProperties" : {
    "autoGenerated" : "false"
  },
  "etag" : "1fc74d6a-8d4b-433c-91cc-cb537fd3cf46",
  "isExtended" : false
}, {
  "name" : "notEnglish",
  "sourceFieldname" : "notEnglish",
  "description" : "notEnglish",
  "dataType" : "string",
  "hasIndex" : false,
  "unique" : false,
  "primarykey" : false,
  "namefield" : false,
  "nullable" : true,
  "custom" : false,
  "createable" : true,
  "updateable" : true,
  "audit" : false,
  "customizable" : false,
  "fieldOrder" : 0,
  "fieldProperties" : {
    "autoGenerated" : "false"
  },
  "etag" : "0896d31a-3fa6-4215-8a24-8ed4f41e44f8",
  "isExtended" : false
}, {
  "name" : "notSequence",
  "sourceFieldname" : "notSequence",
  "description" : "notSequence",
  "dataType" : "string",
  "hasIndex" : false,
  "unique" : false,
  "primarykey" : false,
  "namefield" : false,
  "nullable" : true,
  "custom" : false,
  "createable" : true,
  "updateable" : true,
  "audit" : false,
  "customizable" : false,
  "fieldOrder" : 0,
  "fieldProperties" : {
    "autoGenerated" : "false"
  },
  "etag" : "428af956-af35-46ad-971c-7ba6392a6a99",
  "isExtended" : false
}, {
  "name" : "notUserAttribute",
  "sourceFieldname" : "notUserAttribute",
  "description" : "notUserAttribute",
  "dataType" : "string",
  "hasIndex" : false,
  "unique" : false,
  "primarykey" : false,
  "namefield" : false,
  "nullable" : true,
  "custom" : false,
  "createable" : true,
  "updateable" : true,
  "audit" : false,
  "customizable" : false,
  "fieldOrder" : 0,
  "fieldProperties" : {
    "autoGenerated" : "false"
  },
  "etag" : "627f6397-25be-404a-8b87-f2adb4f0f772",
  "isExtended" : false
}, {
  "name" : "numOrAlpha",
  "sourceFieldname" : "numOrAlpha",
  "description" : "numOrAlpha",
  "dataType" : "string",
  "hasIndex" : false,
  "unique" : false,
  "primarykey" : false,
  "namefield" : false,
  "nullable" : true,
  "custom" : false,
  "createable" : true,
  "updateable" : true,
  "audit" : false,
  "customizable" : false,
  "fieldOrder" : 0,
  "fieldProperties" : {
    "autoGenerated" : "false"
  },
  "etag" : "cd72dc6b-e09d-46ac-9205-ba61dc34f90a",
  "isExtended" : false
} ]