{
  "operationConfig" : {
    "name" : "AddAllOOBAuthenticators1986",
    "type" : "MappedToBackend",
    "cachable" : false,
    "smsEnabled" : false,
    "security" : "authorized_app",
    "responseEncoding" : "UTF-8",
    "httpMethod" : "GET",
    "decodeResponseBody" : false,
    "iMapping" : "<?xml version=\"1.0\" encoding=\"UTF-8\" standalone=\"yes\"?><mapper xmlns=\"http://www.kony.com/ns/mapper\">  <map inputpath=\"request_in\" outputpath=\"request_out\">    <set-param inputpath=\"Auth_Key\" outputpath=\"Auth_Key\"/>    <set-param inputpath=\"AuthenticationType\" outputpath=\"AuthenticationType\"/>    <set-param inputpath=\"AuthenticatorType\" outputpath=\"AuthenticatorType\"/>    <set-param inputpath=\"AuthenticatorValue\" outputpath=\"AuthenticatorValue\"/>    <set-param inputpath=\"isPasswordRequired\" outputpath=\"isPasswordRequired\"/>    <set-param inputpath=\"userId\" outputpath=\"userId\"/>    <set-param inputpath=\"username\" outputpath=\"username\"/>  </map></mapper>",
    "oMapping" : "<?xml version=\"1.0\" encoding=\"UTF-8\" standalone=\"yes\"?>\n<mapper xmlns=\"http://www.kony.com/ns/mapper\">\n    <map inputpath=\"response_in\" outputpath=\"response_out\">\n        <map inputpath=\"\" outputpath=\"AddAllOOBAuthNew\">\n            <set-param inputpath=\"AddAllOOBServiceError\" outputpath=\"AddAllOOBServiceError\"/>\n            <set-param inputpath=\"OOB_SENT\" outputpath=\"OOB_SENT\"/>\n        </map>\n    </map>\n</mapper>\n",
    "iVisualMappingData" : "{\"nodeDataArray\":[{\"isGroup\":true,\"key\":\"request_in\",\"text\":\"AddAllOOBAuthNew\",\"xy\":\"150 100\"},{\"isGroup\":true,\"key\":\"request_out\",\"text\":\"ScimApisOrch (1.0).AddAllOOBAuthenticators\",\"xy\":\"770 100\"}],\"linkDataArray\":[{\"category\":\"Mapping\",\"from\":\"source:AddAllOOBAuthNew:AuthenticatorType:\",\"to\":\"target:AuthenticatorType:\",\"fromPort\":\"source:AddAllOOBAuthNew:AuthenticatorType:\",\"toPort\":\"target:AuthenticatorType:\",\"visible\":true,\"common\":true},{\"category\":\"Mapping\",\"from\":\"source:AddAllOOBAuthNew:userId:\",\"to\":\"target:userId:\",\"fromPort\":\"source:AddAllOOBAuthNew:userId:\",\"toPort\":\"target:userId:\",\"visible\":true,\"common\":true},{\"category\":\"Mapping\",\"from\":\"source:AddAllOOBAuthNew:AuthenticatorValue:\",\"to\":\"target:AuthenticatorValue:\",\"fromPort\":\"source:AddAllOOBAuthNew:AuthenticatorValue:\",\"toPort\":\"target:AuthenticatorValue:\",\"visible\":true,\"common\":true},{\"category\":\"Mapping\",\"from\":\"source:AddAllOOBAuthNew:username:\",\"to\":\"target:username:\",\"fromPort\":\"source:AddAllOOBAuthNew:username:\",\"toPort\":\"target:username:\",\"visible\":true,\"common\":true},{\"category\":\"Mapping\",\"visible\":true,\"from\":\"source:AddAllOOBAuthNew:Auth_Key:\",\"to\":\"target:Auth_Key:\",\"fromPort\":\"source:AddAllOOBAuthNew:Auth_Key:\",\"toPort\":\"target:Auth_Key:\"},{\"category\":\"Mapping\",\"visible\":true,\"from\":\"source:AddAllOOBAuthNew:AuthenticationType:\",\"to\":\"target:AuthenticationType:\",\"fromPort\":\"source:AddAllOOBAuthNew:AuthenticationType:\",\"toPort\":\"target:AuthenticationType:\"},{\"from\":\"source\",\"to\":\"source:AddAllOOBAuthNew\",\"fromPort\":\"source\",\"toPort\":\"source:AddAllOOBAuthNew\",\"visible\":true,\"common\":false},{\"from\":\"source:AddAllOOBAuthNew\",\"to\":\"source:AddAllOOBAuthNew:t_p_fields\",\"fromPort\":\"source:AddAllOOBAuthNew\",\"toPort\":\"source:AddAllOOBAuthNew:t_p_fields\",\"visible\":true,\"common\":false},{\"from\":\"source:AddAllOOBAuthNew:t_p_fields\",\"to\":\"source:AddAllOOBAuthNew:AuthenticatorType:\",\"fromPort\":\"source:AddAllOOBAuthNew:t_p_fields\",\"toPort\":\"source:AddAllOOBAuthNew:AuthenticatorType:\",\"visible\":true,\"common\":false},{\"from\":\"source:AddAllOOBAuthNew:t_p_fields\",\"to\":\"source:AddAllOOBAuthNew:userId:\",\"fromPort\":\"source:AddAllOOBAuthNew:t_p_fields\",\"toPort\":\"source:AddAllOOBAuthNew:userId:\",\"visible\":true,\"common\":false},{\"from\":\"source:AddAllOOBAuthNew:t_p_fields\",\"to\":\"source:AddAllOOBAuthNew:isPasswordRequired:\",\"fromPort\":\"source:AddAllOOBAuthNew:t_p_fields\",\"toPort\":\"source:AddAllOOBAuthNew:isPasswordRequired:\",\"visible\":true,\"common\":false},{\"from\":\"source:AddAllOOBAuthNew:t_p_fields\",\"to\":\"source:AddAllOOBAuthNew:AuthenticatorValue:\",\"fromPort\":\"source:AddAllOOBAuthNew:t_p_fields\",\"toPort\":\"source:AddAllOOBAuthNew:AuthenticatorValue:\",\"visible\":true,\"common\":false},{\"from\":\"source:AddAllOOBAuthNew:t_p_fields\",\"to\":\"source:AddAllOOBAuthNew:id:\",\"fromPort\":\"source:AddAllOOBAuthNew:t_p_fields\",\"toPort\":\"source:AddAllOOBAuthNew:id:\",\"visible\":true,\"common\":false},{\"from\":\"source:AddAllOOBAuthNew:t_p_fields\",\"to\":\"source:AddAllOOBAuthNew:active:\",\"fromPort\":\"source:AddAllOOBAuthNew:t_p_fields\",\"toPort\":\"source:AddAllOOBAuthNew:active:\",\"visible\":true,\"common\":false},{\"from\":\"source:AddAllOOBAuthNew:t_p_fields\",\"to\":\"source:AddAllOOBAuthNew:scimType_OTP:\",\"fromPort\":\"source:AddAllOOBAuthNew:t_p_fields\",\"toPort\":\"source:AddAllOOBAuthNew:scimType_OTP:\",\"visible\":true,\"common\":false},{\"from\":\"source:AddAllOOBAuthNew:t_p_fields\",\"to\":\"source:AddAllOOBAuthNew:username:\",\"fromPort\":\"source:AddAllOOBAuthNew:t_p_fields\",\"toPort\":\"source:AddAllOOBAuthNew:username:\",\"visible\":true,\"common\":false},{\"from\":\"source:AddAllOOBAuthNew:t_p_fields\",\"to\":\"source:AddAllOOBAuthNew:Authid:\",\"fromPort\":\"source:AddAllOOBAuthNew:t_p_fields\",\"toPort\":\"source:AddAllOOBAuthNew:Authid:\",\"visible\":true,\"common\":false},{\"from\":\"source:AddAllOOBAuthNew:t_p_fields\",\"to\":\"source:AddAllOOBAuthNew:active_status:\",\"fromPort\":\"source:AddAllOOBAuthNew:t_p_fields\",\"toPort\":\"source:AddAllOOBAuthNew:active_status:\",\"visible\":true,\"common\":false},{\"from\":\"source:AddAllOOBAuthNew:t_p_fields\",\"to\":\"source:AddAllOOBAuthNew:scimType_TXOTP:\",\"fromPort\":\"source:AddAllOOBAuthNew:t_p_fields\",\"toPort\":\"source:AddAllOOBAuthNew:scimType_TXOTP:\",\"visible\":true,\"common\":false},{\"from\":\"source:AddAllOOBAuthNew:t_p_fields\",\"to\":\"source:AddAllOOBAuthNew:Auth_Key:\",\"fromPort\":\"source:AddAllOOBAuthNew:t_p_fields\",\"toPort\":\"source:AddAllOOBAuthNew:Auth_Key:\",\"visible\":true,\"common\":false},{\"from\":\"source:AddAllOOBAuthNew:t_p_fields\",\"to\":\"source:AddAllOOBAuthNew:AddAllOOBServiceError:\",\"fromPort\":\"source:AddAllOOBAuthNew:t_p_fields\",\"toPort\":\"source:AddAllOOBAuthNew:AddAllOOBServiceError:\",\"visible\":true,\"common\":false},{\"from\":\"source:AddAllOOBAuthNew:t_p_fields\",\"to\":\"source:AddAllOOBAuthNew:AddTXOOBError:\",\"fromPort\":\"source:AddAllOOBAuthNew:t_p_fields\",\"toPort\":\"source:AddAllOOBAuthNew:AddTXOOBError:\",\"visible\":true,\"common\":false},{\"from\":\"source:AddAllOOBAuthNew:t_p_fields\",\"to\":\"source:AddAllOOBAuthNew:AuthenticationType:\",\"fromPort\":\"source:AddAllOOBAuthNew:t_p_fields\",\"toPort\":\"source:AddAllOOBAuthNew:AuthenticationType:\",\"visible\":true,\"common\":false},{\"from\":\"target\",\"to\":\"target:t_p_parameters\",\"fromPort\":\"target\",\"toPort\":\"target:t_p_parameters\",\"visible\":true,\"common\":false},{\"from\":\"target:t_p_parameters\",\"to\":\"target:Auth_Key:\",\"fromPort\":\"target:t_p_parameters\",\"toPort\":\"target:Auth_Key:\",\"visible\":true,\"common\":false},{\"from\":\"target:t_p_parameters\",\"to\":\"target:AuthenticationType:\",\"fromPort\":\"target:t_p_parameters\",\"toPort\":\"target:AuthenticationType:\",\"visible\":true,\"common\":false},{\"from\":\"target:t_p_parameters\",\"to\":\"target:AuthenticatorType:\",\"fromPort\":\"target:t_p_parameters\",\"toPort\":\"target:AuthenticatorType:\",\"visible\":true,\"common\":false},{\"from\":\"target:t_p_parameters\",\"to\":\"target:AuthenticatorValue:\",\"fromPort\":\"target:t_p_parameters\",\"toPort\":\"target:AuthenticatorValue:\",\"visible\":true,\"common\":false},{\"from\":\"target:t_p_parameters\",\"to\":\"target:channelId:\",\"fromPort\":\"target:t_p_parameters\",\"toPort\":\"target:channelId:\",\"visible\":true,\"common\":false},{\"from\":\"target:t_p_parameters\",\"to\":\"target:isPasswordRequired:\",\"fromPort\":\"target:t_p_parameters\",\"toPort\":\"target:isPasswordRequired:\",\"visible\":true,\"common\":false},{\"from\":\"target:t_p_parameters\",\"to\":\"target:password:\",\"fromPort\":\"target:t_p_parameters\",\"toPort\":\"target:password:\",\"visible\":true,\"common\":false},{\"from\":\"target:t_p_parameters\",\"to\":\"target:userId:\",\"fromPort\":\"target:t_p_parameters\",\"toPort\":\"target:userId:\",\"visible\":true,\"common\":false},{\"from\":\"target:t_p_parameters\",\"to\":\"target:username:\",\"fromPort\":\"target:t_p_parameters\",\"toPort\":\"target:username:\",\"visible\":true,\"common\":false},{\"category\":\"Mapping\",\"visible\":true,\"from\":\"source:AddAllOOBAuthNew:isPasswordRequired:\",\"to\":\"target:isPasswordRequired:\",\"fromPort\":\"source:AddAllOOBAuthNew:isPasswordRequired:\",\"toPort\":\"target:isPasswordRequired:\"}],\"blockCount\":{\"variableCount\":0},\"variableMap\":{},\"xmlMappingOverride\":false}",
    "oVisualMappingData" : "{\"nodeDataArray\":[{\"isGroup\":true,\"key\":\"response_out\",\"text\":\"AddAllOOBAuthNew\",\"xy\":\"770 100\"},{\"isGroup\":true,\"key\":\"response_in\",\"text\":\"ScimApisOrch (1.0).AddAllOOBAuthenticators\",\"xy\":\"150 100\"}],\"linkDataArray\":[{\"category\":\"Mapping\",\"visible\":true,\"from\":\"source:AddAllOOBServiceError:\",\"to\":\"target:AddAllOOBAuthNew:AddAllOOBServiceError:\",\"fromPort\":\"source:AddAllOOBServiceError:\",\"toPort\":\"target:AddAllOOBAuthNew:AddAllOOBServiceError:\"},{\"category\":\"Mapping\",\"visible\":true,\"from\":\"source:OOB_SENT:\",\"to\":\"target:AddAllOOBAuthNew:OOB_SENT:\",\"fromPort\":\"source:OOB_SENT:\",\"toPort\":\"target:AddAllOOBAuthNew:OOB_SENT:\"}],\"blockCount\":{\"variableCount\":0},\"variableMap\":{},\"xmlMappingOverride\":false}",
    "applyCommonMapping" : false,
    "applyRequestCommonMapping" : false,
    "applyResponseCommonMapping" : false,
    "backendMeta" : {
      "serviceName" : "ScimApisOrch",
      "serviceVersion" : "1.0",
      "operationName" : "AddAllOOBAuthenticators"
    },
    "relationshipHierarchyMapping" : {
      "name" : "AddAllOOBAuthNew",
      "children" : [ ],
      "actions" : { },
      "selected" : true
    },
    "requestXmlMappingOverride" : false,
    "responseXmlMappingOverride" : false,
    "mapperData" : [ {
      "name" : "base mapper1",
      "order" : 1,
      "iMapping" : "<?xml version=\"1.0\" encoding=\"UTF-8\" standalone=\"yes\"?><mapper xmlns=\"http://www.kony.com/ns/mapper\">  <map inputpath=\"request_in\" outputpath=\"request_out\">    <set-param inputpath=\"Auth_Key\" outputpath=\"Auth_Key\"/>    <set-param inputpath=\"AuthenticationType\" outputpath=\"AuthenticationType\"/>    <set-param inputpath=\"AuthenticatorType\" outputpath=\"AuthenticatorType\"/>    <set-param inputpath=\"AuthenticatorValue\" outputpath=\"AuthenticatorValue\"/>    <set-param inputpath=\"isPasswordRequired\" outputpath=\"isPasswordRequired\"/>    <set-param inputpath=\"userId\" outputpath=\"userId\"/>    <set-param inputpath=\"username\" outputpath=\"username\"/>  </map></mapper>",
      "oMapping" : "<?xml version=\"1.0\" encoding=\"UTF-8\" standalone=\"yes\"?><mapper xmlns=\"http://www.kony.com/ns/mapper\">  <map inputpath=\"response_in\" outputpath=\"response_out\">    <map inputpath=\"\" outputpath=\"AddAllOOBAuthNew\">      <set-param inputpath=\"AddAllOOBServiceError\" outputpath=\"AddAllOOBServiceError\"/>      <set-param inputpath=\"OOB_SENT\" outputpath=\"OOB_SENT\"/>    </map>  </map></mapper>",
      "iVisualMappingData" : "{\"nodeDataArray\":[{\"isGroup\":true,\"key\":\"request_in\",\"text\":\"AddAllOOBAuthNew\",\"xy\":\"150 100\"},{\"isGroup\":true,\"key\":\"request_out\",\"text\":\"ScimApisOrch (1.0).AddAllOOBAuthenticators\",\"xy\":\"770 100\"}],\"linkDataArray\":[{\"category\":\"Mapping\",\"from\":\"source:AddAllOOBAuthNew:AuthenticatorType:\",\"to\":\"target:AuthenticatorType:\",\"fromPort\":\"source:AddAllOOBAuthNew:AuthenticatorType:\",\"toPort\":\"target:AuthenticatorType:\",\"visible\":true,\"common\":true},{\"category\":\"Mapping\",\"from\":\"source:AddAllOOBAuthNew:userId:\",\"to\":\"target:userId:\",\"fromPort\":\"source:AddAllOOBAuthNew:userId:\",\"toPort\":\"target:userId:\",\"visible\":true,\"common\":true},{\"category\":\"Mapping\",\"from\":\"source:AddAllOOBAuthNew:AuthenticatorValue:\",\"to\":\"target:AuthenticatorValue:\",\"fromPort\":\"source:AddAllOOBAuthNew:AuthenticatorValue:\",\"toPort\":\"target:AuthenticatorValue:\",\"visible\":true,\"common\":true},{\"category\":\"Mapping\",\"from\":\"source:AddAllOOBAuthNew:username:\",\"to\":\"target:username:\",\"fromPort\":\"source:AddAllOOBAuthNew:username:\",\"toPort\":\"target:username:\",\"visible\":true,\"common\":true},{\"category\":\"Mapping\",\"visible\":true,\"from\":\"source:AddAllOOBAuthNew:Auth_Key:\",\"to\":\"target:Auth_Key:\",\"fromPort\":\"source:AddAllOOBAuthNew:Auth_Key:\",\"toPort\":\"target:Auth_Key:\"},{\"category\":\"Mapping\",\"visible\":true,\"from\":\"source:AddAllOOBAuthNew:AuthenticationType:\",\"to\":\"target:AuthenticationType:\",\"fromPort\":\"source:AddAllOOBAuthNew:AuthenticationType:\",\"toPort\":\"target:AuthenticationType:\"},{\"from\":\"source\",\"to\":\"source:AddAllOOBAuthNew\",\"fromPort\":\"source\",\"toPort\":\"source:AddAllOOBAuthNew\",\"visible\":true,\"common\":false},{\"from\":\"source:AddAllOOBAuthNew\",\"to\":\"source:AddAllOOBAuthNew:t_p_fields\",\"fromPort\":\"source:AddAllOOBAuthNew\",\"toPort\":\"source:AddAllOOBAuthNew:t_p_fields\",\"visible\":true,\"common\":false},{\"from\":\"source:AddAllOOBAuthNew:t_p_fields\",\"to\":\"source:AddAllOOBAuthNew:AuthenticatorType:\",\"fromPort\":\"source:AddAllOOBAuthNew:t_p_fields\",\"toPort\":\"source:AddAllOOBAuthNew:AuthenticatorType:\",\"visible\":true,\"common\":false},{\"from\":\"source:AddAllOOBAuthNew:t_p_fields\",\"to\":\"source:AddAllOOBAuthNew:userId:\",\"fromPort\":\"source:AddAllOOBAuthNew:t_p_fields\",\"toPort\":\"source:AddAllOOBAuthNew:userId:\",\"visible\":true,\"common\":false},{\"from\":\"source:AddAllOOBAuthNew:t_p_fields\",\"to\":\"source:AddAllOOBAuthNew:isPasswordRequired:\",\"fromPort\":\"source:AddAllOOBAuthNew:t_p_fields\",\"toPort\":\"source:AddAllOOBAuthNew:isPasswordRequired:\",\"visible\":true,\"common\":false},{\"from\":\"source:AddAllOOBAuthNew:t_p_fields\",\"to\":\"source:AddAllOOBAuthNew:AuthenticatorValue:\",\"fromPort\":\"source:AddAllOOBAuthNew:t_p_fields\",\"toPort\":\"source:AddAllOOBAuthNew:AuthenticatorValue:\",\"visible\":true,\"common\":false},{\"from\":\"source:AddAllOOBAuthNew:t_p_fields\",\"to\":\"source:AddAllOOBAuthNew:id:\",\"fromPort\":\"source:AddAllOOBAuthNew:t_p_fields\",\"toPort\":\"source:AddAllOOBAuthNew:id:\",\"visible\":true,\"common\":false},{\"from\":\"source:AddAllOOBAuthNew:t_p_fields\",\"to\":\"source:AddAllOOBAuthNew:active:\",\"fromPort\":\"source:AddAllOOBAuthNew:t_p_fields\",\"toPort\":\"source:AddAllOOBAuthNew:active:\",\"visible\":true,\"common\":false},{\"from\":\"source:AddAllOOBAuthNew:t_p_fields\",\"to\":\"source:AddAllOOBAuthNew:scimType_OTP:\",\"fromPort\":\"source:AddAllOOBAuthNew:t_p_fields\",\"toPort\":\"source:AddAllOOBAuthNew:scimType_OTP:\",\"visible\":true,\"common\":false},{\"from\":\"source:AddAllOOBAuthNew:t_p_fields\",\"to\":\"source:AddAllOOBAuthNew:username:\",\"fromPort\":\"source:AddAllOOBAuthNew:t_p_fields\",\"toPort\":\"source:AddAllOOBAuthNew:username:\",\"visible\":true,\"common\":false},{\"from\":\"source:AddAllOOBAuthNew:t_p_fields\",\"to\":\"source:AddAllOOBAuthNew:Authid:\",\"fromPort\":\"source:AddAllOOBAuthNew:t_p_fields\",\"toPort\":\"source:AddAllOOBAuthNew:Authid:\",\"visible\":true,\"common\":false},{\"from\":\"source:AddAllOOBAuthNew:t_p_fields\",\"to\":\"source:AddAllOOBAuthNew:active_status:\",\"fromPort\":\"source:AddAllOOBAuthNew:t_p_fields\",\"toPort\":\"source:AddAllOOBAuthNew:active_status:\",\"visible\":true,\"common\":false},{\"from\":\"source:AddAllOOBAuthNew:t_p_fields\",\"to\":\"source:AddAllOOBAuthNew:scimType_TXOTP:\",\"fromPort\":\"source:AddAllOOBAuthNew:t_p_fields\",\"toPort\":\"source:AddAllOOBAuthNew:scimType_TXOTP:\",\"visible\":true,\"common\":false},{\"from\":\"source:AddAllOOBAuthNew:t_p_fields\",\"to\":\"source:AddAllOOBAuthNew:Auth_Key:\",\"fromPort\":\"source:AddAllOOBAuthNew:t_p_fields\",\"toPort\":\"source:AddAllOOBAuthNew:Auth_Key:\",\"visible\":true,\"common\":false},{\"from\":\"source:AddAllOOBAuthNew:t_p_fields\",\"to\":\"source:AddAllOOBAuthNew:AddAllOOBServiceError:\",\"fromPort\":\"source:AddAllOOBAuthNew:t_p_fields\",\"toPort\":\"source:AddAllOOBAuthNew:AddAllOOBServiceError:\",\"visible\":true,\"common\":false},{\"from\":\"source:AddAllOOBAuthNew:t_p_fields\",\"to\":\"source:AddAllOOBAuthNew:AddTXOOBError:\",\"fromPort\":\"source:AddAllOOBAuthNew:t_p_fields\",\"toPort\":\"source:AddAllOOBAuthNew:AddTXOOBError:\",\"visible\":true,\"common\":false},{\"from\":\"source:AddAllOOBAuthNew:t_p_fields\",\"to\":\"source:AddAllOOBAuthNew:AuthenticationType:\",\"fromPort\":\"source:AddAllOOBAuthNew:t_p_fields\",\"toPort\":\"source:AddAllOOBAuthNew:AuthenticationType:\",\"visible\":true,\"common\":false},{\"from\":\"target\",\"to\":\"target:t_p_parameters\",\"fromPort\":\"target\",\"toPort\":\"target:t_p_parameters\",\"visible\":true,\"common\":false},{\"from\":\"target:t_p_parameters\",\"to\":\"target:Auth_Key:\",\"fromPort\":\"target:t_p_parameters\",\"toPort\":\"target:Auth_Key:\",\"visible\":true,\"common\":false},{\"from\":\"target:t_p_parameters\",\"to\":\"target:AuthenticationType:\",\"fromPort\":\"target:t_p_parameters\",\"toPort\":\"target:AuthenticationType:\",\"visible\":true,\"common\":false},{\"from\":\"target:t_p_parameters\",\"to\":\"target:AuthenticatorType:\",\"fromPort\":\"target:t_p_parameters\",\"toPort\":\"target:AuthenticatorType:\",\"visible\":true,\"common\":false},{\"from\":\"target:t_p_parameters\",\"to\":\"target:AuthenticatorValue:\",\"fromPort\":\"target:t_p_parameters\",\"toPort\":\"target:AuthenticatorValue:\",\"visible\":true,\"common\":false},{\"from\":\"target:t_p_parameters\",\"to\":\"target:channelId:\",\"fromPort\":\"target:t_p_parameters\",\"toPort\":\"target:channelId:\",\"visible\":true,\"common\":false},{\"from\":\"target:t_p_parameters\",\"to\":\"target:isPasswordRequired:\",\"fromPort\":\"target:t_p_parameters\",\"toPort\":\"target:isPasswordRequired:\",\"visible\":true,\"common\":false},{\"from\":\"target:t_p_parameters\",\"to\":\"target:password:\",\"fromPort\":\"target:t_p_parameters\",\"toPort\":\"target:password:\",\"visible\":true,\"common\":false},{\"from\":\"target:t_p_parameters\",\"to\":\"target:userId:\",\"fromPort\":\"target:t_p_parameters\",\"toPort\":\"target:userId:\",\"visible\":true,\"common\":false},{\"from\":\"target:t_p_parameters\",\"to\":\"target:username:\",\"fromPort\":\"target:t_p_parameters\",\"toPort\":\"target:username:\",\"visible\":true,\"common\":false},{\"category\":\"Mapping\",\"visible\":true,\"from\":\"source:AddAllOOBAuthNew:isPasswordRequired:\",\"to\":\"target:isPasswordRequired:\",\"fromPort\":\"source:AddAllOOBAuthNew:isPasswordRequired:\",\"toPort\":\"target:isPasswordRequired:\"}],\"blockCount\":{\"variableCount\":0},\"variableMap\":{},\"xmlMappingOverride\":false}",
      "oVisualMappingData" : "{\"nodeDataArray\":[{\"isGroup\":true,\"key\":\"response_out\",\"text\":\"AddAllOOBAuthNew\",\"xy\":\"770 100\"},{\"isGroup\":true,\"key\":\"response_in\",\"text\":\"ScimApisOrch (1.0).AddAllOOBAuthenticators\",\"xy\":\"150 100\"}],\"linkDataArray\":[{\"category\":\"Mapping\",\"visible\":true,\"from\":\"source:AddAllOOBServiceError:\",\"to\":\"target:AddAllOOBAuthNew:AddAllOOBServiceError:\",\"fromPort\":\"source:AddAllOOBServiceError:\",\"toPort\":\"target:AddAllOOBAuthNew:AddAllOOBServiceError:\"},{\"category\":\"Mapping\",\"visible\":true,\"from\":\"source:OOB_SENT:\",\"to\":\"target:AddAllOOBAuthNew:OOB_SENT:\",\"fromPort\":\"source:OOB_SENT:\",\"toPort\":\"target:AddAllOOBAuthNew:OOB_SENT:\"},{\"from\":\"target\",\"to\":\"target:AddAllOOBAuthNew\",\"fromPort\":\"target\",\"toPort\":\"target:AddAllOOBAuthNew\",\"visible\":true,\"common\":false},{\"from\":\"target:AddAllOOBAuthNew\",\"to\":\"target:AddAllOOBAuthNew:t_p_fields\",\"fromPort\":\"target:AddAllOOBAuthNew\",\"toPort\":\"target:AddAllOOBAuthNew:t_p_fields\",\"visible\":true,\"common\":false},{\"from\":\"target:AddAllOOBAuthNew:t_p_fields\",\"to\":\"target:AddAllOOBAuthNew:AuthenticatorType:\",\"fromPort\":\"target:AddAllOOBAuthNew:t_p_fields\",\"toPort\":\"target:AddAllOOBAuthNew:AuthenticatorType:\",\"visible\":true,\"common\":false},{\"from\":\"target:AddAllOOBAuthNew:t_p_fields\",\"to\":\"target:AddAllOOBAuthNew:userId:\",\"fromPort\":\"target:AddAllOOBAuthNew:t_p_fields\",\"toPort\":\"target:AddAllOOBAuthNew:userId:\",\"visible\":true,\"common\":false},{\"from\":\"target:AddAllOOBAuthNew:t_p_fields\",\"to\":\"target:AddAllOOBAuthNew:isPasswordRequired:\",\"fromPort\":\"target:AddAllOOBAuthNew:t_p_fields\",\"toPort\":\"target:AddAllOOBAuthNew:isPasswordRequired:\",\"visible\":true,\"common\":false},{\"from\":\"target:AddAllOOBAuthNew:t_p_fields\",\"to\":\"target:AddAllOOBAuthNew:AuthenticatorValue:\",\"fromPort\":\"target:AddAllOOBAuthNew:t_p_fields\",\"toPort\":\"target:AddAllOOBAuthNew:AuthenticatorValue:\",\"visible\":true,\"common\":false},{\"from\":\"target:AddAllOOBAuthNew:t_p_fields\",\"to\":\"target:AddAllOOBAuthNew:id:\",\"fromPort\":\"target:AddAllOOBAuthNew:t_p_fields\",\"toPort\":\"target:AddAllOOBAuthNew:id:\",\"visible\":true,\"common\":false},{\"from\":\"target:AddAllOOBAuthNew:t_p_fields\",\"to\":\"target:AddAllOOBAuthNew:active:\",\"fromPort\":\"target:AddAllOOBAuthNew:t_p_fields\",\"toPort\":\"target:AddAllOOBAuthNew:active:\",\"visible\":true,\"common\":false},{\"from\":\"target:AddAllOOBAuthNew:t_p_fields\",\"to\":\"target:AddAllOOBAuthNew:scimType_OTP:\",\"fromPort\":\"target:AddAllOOBAuthNew:t_p_fields\",\"toPort\":\"target:AddAllOOBAuthNew:scimType_OTP:\",\"visible\":true,\"common\":false},{\"from\":\"target:AddAllOOBAuthNew:t_p_fields\",\"to\":\"target:AddAllOOBAuthNew:username:\",\"fromPort\":\"target:AddAllOOBAuthNew:t_p_fields\",\"toPort\":\"target:AddAllOOBAuthNew:username:\",\"visible\":true,\"common\":false},{\"from\":\"target:AddAllOOBAuthNew:t_p_fields\",\"to\":\"target:AddAllOOBAuthNew:Authid:\",\"fromPort\":\"target:AddAllOOBAuthNew:t_p_fields\",\"toPort\":\"target:AddAllOOBAuthNew:Authid:\",\"visible\":true,\"common\":false},{\"from\":\"target:AddAllOOBAuthNew:t_p_fields\",\"to\":\"target:AddAllOOBAuthNew:active_status:\",\"fromPort\":\"target:AddAllOOBAuthNew:t_p_fields\",\"toPort\":\"target:AddAllOOBAuthNew:active_status:\",\"visible\":true,\"common\":false},{\"from\":\"target:AddAllOOBAuthNew:t_p_fields\",\"to\":\"target:AddAllOOBAuthNew:scimType_TXOTP:\",\"fromPort\":\"target:AddAllOOBAuthNew:t_p_fields\",\"toPort\":\"target:AddAllOOBAuthNew:scimType_TXOTP:\",\"visible\":true,\"common\":false},{\"from\":\"target:AddAllOOBAuthNew:t_p_fields\",\"to\":\"target:AddAllOOBAuthNew:Auth_Key:\",\"fromPort\":\"target:AddAllOOBAuthNew:t_p_fields\",\"toPort\":\"target:AddAllOOBAuthNew:Auth_Key:\",\"visible\":true,\"common\":false},{\"from\":\"target:AddAllOOBAuthNew:t_p_fields\",\"to\":\"target:AddAllOOBAuthNew:AddAllOOBServiceError:\",\"fromPort\":\"target:AddAllOOBAuthNew:t_p_fields\",\"toPort\":\"target:AddAllOOBAuthNew:AddAllOOBServiceError:\",\"visible\":true,\"common\":false},{\"from\":\"target:AddAllOOBAuthNew:t_p_fields\",\"to\":\"target:AddAllOOBAuthNew:AuthenticationType:\",\"fromPort\":\"target:AddAllOOBAuthNew:t_p_fields\",\"toPort\":\"target:AddAllOOBAuthNew:AuthenticationType:\",\"visible\":true,\"common\":false},{\"from\":\"target:AddAllOOBAuthNew:t_p_fields\",\"to\":\"target:AddAllOOBAuthNew:OOB_SENT:\",\"fromPort\":\"target:AddAllOOBAuthNew:t_p_fields\",\"toPort\":\"target:AddAllOOBAuthNew:OOB_SENT:\",\"visible\":true,\"common\":false},{\"from\":\"source\",\"to\":\"source:t_p_parameters\",\"fromPort\":\"source\",\"toPort\":\"source:t_p_parameters\",\"visible\":true,\"common\":false},{\"from\":\"source:t_p_parameters\",\"to\":\"source:AddAllOOBServiceError:\",\"fromPort\":\"source:t_p_parameters\",\"toPort\":\"source:AddAllOOBServiceError:\",\"visible\":true,\"common\":false},{\"from\":\"source:t_p_parameters\",\"to\":\"source:Authid:\",\"fromPort\":\"source:t_p_parameters\",\"toPort\":\"source:Authid:\",\"visible\":true,\"common\":false},{\"from\":\"source:t_p_parameters\",\"to\":\"source:OOB_SENT:\",\"fromPort\":\"source:t_p_parameters\",\"toPort\":\"source:OOB_SENT:\",\"visible\":true,\"common\":false},{\"from\":\"source:t_p_parameters\",\"to\":\"source:active:\",\"fromPort\":\"source:t_p_parameters\",\"toPort\":\"source:active:\",\"visible\":true,\"common\":false},{\"from\":\"source:t_p_parameters\",\"to\":\"source:active_status:\",\"fromPort\":\"source:t_p_parameters\",\"toPort\":\"source:active_status:\",\"visible\":true,\"common\":false},{\"from\":\"source:t_p_parameters\",\"to\":\"source:id:\",\"fromPort\":\"source:t_p_parameters\",\"toPort\":\"source:id:\",\"visible\":true,\"common\":false},{\"from\":\"source:t_p_parameters\",\"to\":\"source:scimType_OTP:\",\"fromPort\":\"source:t_p_parameters\",\"toPort\":\"source:scimType_OTP:\",\"visible\":true,\"common\":false},{\"from\":\"source:t_p_parameters\",\"to\":\"source:scimType_TXOTP:\",\"fromPort\":\"source:t_p_parameters\",\"toPort\":\"source:scimType_TXOTP:\",\"visible\":true,\"common\":false}],\"blockCount\":{\"variableCount\":0},\"variableMap\":{},\"xmlMappingOverride\":false}",
      "requestXmlMappingOverride" : false,
      "responseXmlMappingOverride" : false,
      "disabled" : false,
      "applyCommonMapping" : false,
      "applyRequestCommonMapping" : false,
      "applyResponseCommonMapping" : false
    } ]
  },
  "enableFrontendUrl" : false,
  "customVerb" : false
}