{
  "operationConfig" : {
    "name" : "sendOTP1496",
    "type" : "MappedToBackend",
    "cachable" : false,
    "smsEnabled" : false,
    "security" : "authorized_app_user",
    "responseEncoding" : "UTF-8",
    "httpMethod" : "GET",
    "decodeResponseBody" : false,
    "iMapping" : "<?xml version=\"1.0\" encoding=\"UTF-8\" standalone=\"yes\"?>\n<mapper xmlns=\"http://www.kony.com/ns/mapper\">\n    <map inputpath=\"request_in\" outputpath=\"request_out\">\n        <set-param inputpath=\"AuthenticationType\" outputpath=\"AuthenticationType\"/>\n        <set-param input=\"Password01\" outputpath=\"password\"/>\n        <set-param inputpath=\"username\" outputpath=\"username\"/>\n    </map>\n</mapper>\n",
    "oMapping" : "<?xml version=\"1.0\" encoding=\"UTF-8\" standalone=\"yes\"?>\n<mapper xmlns=\"http://www.kony.com/ns/mapper\">\n    <map inputpath=\"response_in\" outputpath=\"response_out\">\n        <map inputpath=\"\" outputpath=\"OTPRequest\">\n            <exec-function name=\"kony.parse:stringToBoolean\" output=\"$vars\" outputpath=\"result\">\n                <set-arg inputpath=\"OOB_SENT\"/>\n            </exec-function>\n            <set-param inputpath=\"$vars/result\" outputpath=\"OTP_SENT\"/>\n        </map>\n    </map>\n</mapper>\n",
    "iVisualMappingData" : "{\"nodeDataArray\":[{\"isGroup\":true,\"key\":\"request_in\",\"text\":\"OTPRequest\",\"xy\":\"150 100\"},{\"isGroup\":true,\"key\":\"request_out\",\"text\":\"SendOTPService (1.0).sendOTP\",\"xy\":\"770 100\"},{\"key\":\"block:kony.util:constant:1\",\"name\":\"kony.basic:constant\",\"text\":\"Constant\",\"category\":\"functionTemplateConstant\",\"outPortId\":\"Password01\",\"outPortText\":\"value\",\"loc\":\"439 121\",\"visible\":true}],\"linkDataArray\":[{\"category\":\"Mapping\",\"visible\":true,\"from\":\"source:OTPRequest:username:\",\"to\":\"target:username:\",\"fromPort\":\"source:OTPRequest:username:\",\"toPort\":\"target:username:\"},{\"category\":\"Mapping\",\"visible\":true,\"from\":\"source:OTPRequest:AuthenticationType:\",\"to\":\"target:AuthenticationType:\",\"fromPort\":\"source:OTPRequest:AuthenticationType:\",\"toPort\":\"target:AuthenticationType:\"},{\"category\":\"Mapping\",\"visible\":true,\"from\":\"block:kony.util:constant:1\",\"to\":\"target:password:\",\"fromPort\":\"Password01\",\"toPort\":\"target:password:\"}],\"blockCount\":{\"variableCount\":0,\"constant\":1},\"variableMap\":{},\"xmlMappingOverride\":false}",
    "oVisualMappingData" : "{\"nodeDataArray\":[{\"isGroup\":true,\"key\":\"response_out\",\"text\":\"OTPRequest\",\"xy\":\"770 100\"},{\"isGroup\":true,\"key\":\"response_in\",\"text\":\"SendOTPService (1.0).sendOTP\",\"xy\":\"140 92\"},{\"key\":\"block:kony.parse:stringToBoolean:1\",\"name\":\"kony.conversion:stringToBoolean\",\"text\":\"String To Boolean\",\"category\":\"functionTemplate1To1\",\"outPortId\":\"result\",\"outPortText\":\"result\",\"loc\":\"448.5 133.5\",\"visible\":true}],\"linkDataArray\":[{\"category\":\"Mapping\",\"visible\":true,\"from\":\"source:OOB_SENT:\",\"to\":\"block:kony.parse:stringToBoolean:1\",\"fromPort\":\"source:OOB_SENT:\",\"toPort\":\"result\"},{\"category\":\"Mapping\",\"visible\":true,\"from\":\"block:kony.parse:stringToBoolean:1\",\"to\":\"target:OTPRequest:OTP_SENT:\",\"fromPort\":\"result\",\"toPort\":\"target:OTPRequest:OTP_SENT:\"}],\"blockCount\":{\"variableCount\":1,\"stringToBoolean\":1},\"variableMap\":{\"result1\":false,\"OTP_SENT\":true,\"isSend\":false,\"result\":true},\"xmlMappingOverride\":false}",
    "applyCommonMapping" : false,
    "applyRequestCommonMapping" : false,
    "applyResponseCommonMapping" : false,
    "backendMeta" : {
      "serviceName" : "SendOTPService",
      "serviceVersion" : "1.0",
      "operationName" : "sendOTP"
    },
    "relationshipHierarchyMapping" : {
      "children" : [ ],
      "name" : "OTPRequest",
      "actions" : { },
      "selected" : true
    },
    "requestXmlMappingOverride" : false,
    "responseXmlMappingOverride" : false,
    "mapperData" : [ {
      "name" : "base mapper1",
      "order" : 1,
      "iMapping" : "<?xml version=\"1.0\" encoding=\"UTF-8\" standalone=\"yes\"?>\n<mapper xmlns=\"http://www.kony.com/ns/mapper\">\n    <map inputpath=\"request_in\" outputpath=\"request_out\">\n        <set-param inputpath=\"AuthenticationType\" outputpath=\"AuthenticationType\"/>\n        <set-param input=\"Password01\" outputpath=\"password\"/>\n        <set-param inputpath=\"username\" outputpath=\"username\"/>\n    </map>\n</mapper>\n",
      "oMapping" : "<?xml version=\"1.0\" encoding=\"UTF-8\" standalone=\"yes\"?>\n<mapper xmlns=\"http://www.kony.com/ns/mapper\">\n    <map inputpath=\"response_in\" outputpath=\"response_out\">\n        <map inputpath=\"\" outputpath=\"OTPRequest\">\n            <exec-function name=\"kony.parse:stringToBoolean\" output=\"$vars\" outputpath=\"result\">\n                <set-arg inputpath=\"OOB_SENT\"/>\n            </exec-function>\n            <set-param inputpath=\"$vars/result\" outputpath=\"OTP_SENT\"/>\n        </map>\n    </map>\n</mapper>\n",
      "iVisualMappingData" : "{\"nodeDataArray\":[{\"isGroup\":true,\"key\":\"request_in\",\"text\":\"OTPRequest\",\"xy\":\"150 100\"},{\"isGroup\":true,\"key\":\"request_out\",\"text\":\"SendOTPService (1.0).sendOTP\",\"xy\":\"770 100\"},{\"key\":\"block:kony.util:constant:1\",\"name\":\"kony.basic:constant\",\"text\":\"Constant\",\"category\":\"functionTemplateConstant\",\"outPortId\":\"Password01\",\"outPortText\":\"value\",\"loc\":\"439 121\",\"visible\":true}],\"linkDataArray\":[{\"category\":\"Mapping\",\"visible\":true,\"from\":\"source:OTPRequest:username:\",\"to\":\"target:username:\",\"fromPort\":\"source:OTPRequest:username:\",\"toPort\":\"target:username:\"},{\"category\":\"Mapping\",\"visible\":true,\"from\":\"source:OTPRequest:AuthenticationType:\",\"to\":\"target:AuthenticationType:\",\"fromPort\":\"source:OTPRequest:AuthenticationType:\",\"toPort\":\"target:AuthenticationType:\"},{\"category\":\"Mapping\",\"visible\":true,\"from\":\"block:kony.util:constant:1\",\"to\":\"target:password:\",\"fromPort\":\"Password01\",\"toPort\":\"target:password:\"}],\"blockCount\":{\"variableCount\":0,\"constant\":1},\"variableMap\":{},\"xmlMappingOverride\":false}",
      "oVisualMappingData" : "{\"nodeDataArray\":[{\"isGroup\":true,\"key\":\"response_out\",\"text\":\"OTPRequest\",\"xy\":\"770 100\"},{\"isGroup\":true,\"key\":\"response_in\",\"text\":\"SendOTPService (1.0).sendOTP\",\"xy\":\"140 92\"},{\"key\":\"block:kony.parse:stringToBoolean:1\",\"name\":\"kony.conversion:stringToBoolean\",\"text\":\"String To Boolean\",\"category\":\"functionTemplate1To1\",\"outPortId\":\"result\",\"outPortText\":\"result\",\"loc\":\"448.5 133.5\",\"visible\":true}],\"linkDataArray\":[{\"category\":\"Mapping\",\"visible\":true,\"from\":\"source:OOB_SENT:\",\"to\":\"block:kony.parse:stringToBoolean:1\",\"fromPort\":\"source:OOB_SENT:\",\"toPort\":\"result\"},{\"category\":\"Mapping\",\"visible\":true,\"from\":\"block:kony.parse:stringToBoolean:1\",\"to\":\"target:OTPRequest:OTP_SENT:\",\"fromPort\":\"result\",\"toPort\":\"target:OTPRequest:OTP_SENT:\"}],\"blockCount\":{\"variableCount\":1,\"stringToBoolean\":1},\"variableMap\":{\"result1\":false,\"OTP_SENT\":true,\"isSend\":false,\"result\":true},\"xmlMappingOverride\":false}",
      "requestXmlMappingOverride" : false,
      "responseXmlMappingOverride" : false,
      "disabled" : false,
      "applyCommonMapping" : false,
      "applyRequestCommonMapping" : false,
      "applyResponseCommonMapping" : false
    } ]
  },
  "enableFrontendUrl" : false,
  "customVerb" : false
}