{
  "operationConfig" : {
    "name" : "sendOOBLogin3739",
    "type" : "MappedToBackend",
    "cachable" : false,
    "smsEnabled" : false,
    "security" : "authorized_app",
    "responseEncoding" : "UTF-8",
    "httpMethod" : "GET",
    "decodeResponseBody" : false,
    "iMapping" : "<?xml version=\"1.0\" encoding=\"UTF-8\" standalone=\"yes\"?>\n<mapper xmlns=\"http://www.kony.com/ns/mapper\">\n    <map inputpath=\"request_in\" outputpath=\"request_out\">\n        <set-param inputpath=\"AuthenticationType\" outputpath=\"AuthenticationType\"/>\n        <set-param inputpath=\"isPasswordRequired\" outputpath=\"isPasswordRequired\"/>\n        <set-param inputpath=\"msgId\" outputpath=\"msgId\"/>\n        <set-param inputpath=\"password\" outputpath=\"password\"/>\n        <set-param inputpath=\"username\" outputpath=\"username\"/>\n    </map>\n</mapper>\n",
    "oMapping" : "<?xml version=\"1.0\" encoding=\"UTF-8\" standalone=\"yes\"?>\n<mapper xmlns=\"http://www.kony.com/ns/mapper\">\n    <map inputpath=\"response_in\" outputpath=\"response_out\">\n        <map inputpath=\"\" outputpath=\"OTPRequest\">\n            <set-param inputpath=\"OOB_SENT\" outputpath=\"OTP_SENT\"/>\n            <set-param inputpath=\"sendOOBServiceError\" outputpath=\"sendOOBServiceError\"/>\n        </map>\n    </map>\n</mapper>\n",
    "iVisualMappingData" : "{\"nodeDataArray\":[{\"isGroup\":true,\"key\":\"request_in\",\"text\":\"OTPRequest\",\"xy\":\"150 100\"},{\"isGroup\":true,\"key\":\"request_out\",\"text\":\"OTPServices (1.0).sendOOBLogin\",\"xy\":\"770 100\"}],\"linkDataArray\":[{\"category\":\"Mapping\",\"from\":\"source:OTPRequest:username:\",\"to\":\"target:username:\",\"fromPort\":\"source:OTPRequest:username:\",\"toPort\":\"target:username:\",\"visible\":true,\"common\":true},{\"category\":\"Mapping\",\"from\":\"source:OTPRequest:AuthenticationType:\",\"to\":\"target:AuthenticationType:\",\"fromPort\":\"source:OTPRequest:AuthenticationType:\",\"toPort\":\"target:AuthenticationType:\",\"visible\":true,\"common\":true},{\"category\":\"Mapping\",\"from\":\"source:OTPRequest:password:\",\"to\":\"target:password:\",\"fromPort\":\"source:OTPRequest:password:\",\"toPort\":\"target:password:\",\"visible\":true,\"common\":true},{\"category\":\"Mapping\",\"from\":\"source:OTPRequest:isPasswordRequired:\",\"to\":\"target:isPasswordRequired:\",\"fromPort\":\"source:OTPRequest:isPasswordRequired:\",\"toPort\":\"target:isPasswordRequired:\",\"visible\":true,\"common\":true},{\"category\":\"Mapping\",\"visible\":true,\"from\":\"source:OTPRequest:msgId:\",\"to\":\"target:msgId:\",\"fromPort\":\"source:OTPRequest:msgId:\",\"toPort\":\"target:msgId:\"}],\"blockCount\":{\"variableCount\":0},\"variableMap\":{},\"xmlMappingOverride\":false}",
    "oVisualMappingData" : "{\"nodeDataArray\":[{\"isGroup\":true,\"key\":\"response_out\",\"text\":\"OTPRequest\",\"xy\":\"770 100\"},{\"isGroup\":true,\"key\":\"response_in\",\"text\":\"OTPServices (1.0).sendOOBLogin\",\"xy\":\"150 100\"}],\"linkDataArray\":[{\"category\":\"Mapping\",\"visible\":true,\"from\":\"source:OOB_SENT:\",\"to\":\"target:OTPRequest:OTP_SENT:\",\"fromPort\":\"source:OOB_SENT:\",\"toPort\":\"target:OTPRequest:OTP_SENT:\"},{\"category\":\"Mapping\",\"visible\":true,\"from\":\"source:sendOOBServiceError:\",\"to\":\"target:OTPRequest:sendOOBServiceError:\",\"fromPort\":\"source:sendOOBServiceError:\",\"toPort\":\"target:OTPRequest:sendOOBServiceError:\"}],\"blockCount\":{\"variableCount\":0},\"variableMap\":{},\"xmlMappingOverride\":false}",
    "applyCommonMapping" : false,
    "applyRequestCommonMapping" : false,
    "applyResponseCommonMapping" : false,
    "backendMeta" : {
      "serviceName" : "OTPServices",
      "serviceVersion" : "1.0",
      "operationName" : "sendOOBLogin"
    },
    "relationshipHierarchyMapping" : {
      "name" : "OTPRequest",
      "children" : [ ],
      "actions" : { },
      "selected" : true
    },
    "requestXmlMappingOverride" : false,
    "responseXmlMappingOverride" : false,
    "mapperData" : [ {
      "name" : "base mapper1",
      "order" : 1,
      "iMapping" : "<?xml version=\"1.0\" encoding=\"UTF-8\" standalone=\"yes\"?>\n<mapper xmlns=\"http://www.kony.com/ns/mapper\">\n    <map inputpath=\"request_in\" outputpath=\"request_out\">\n        <set-param inputpath=\"AuthenticationType\" outputpath=\"AuthenticationType\"/>\n        <set-param inputpath=\"isPasswordRequired\" outputpath=\"isPasswordRequired\"/>\n        <set-param inputpath=\"msgId\" outputpath=\"msgId\"/>\n        <set-param inputpath=\"password\" outputpath=\"password\"/>\n        <set-param inputpath=\"username\" outputpath=\"username\"/>\n    </map>\n</mapper>\n",
      "oMapping" : "<?xml version=\"1.0\" encoding=\"UTF-8\" standalone=\"yes\"?><mapper xmlns=\"http://www.kony.com/ns/mapper\">  <map inputpath=\"response_in\" outputpath=\"response_out\">    <map inputpath=\"\" outputpath=\"OTPRequest\">      <set-param inputpath=\"OOB_SENT\" outputpath=\"OTP_SENT\"/>      <set-param inputpath=\"sendOOBServiceError\" outputpath=\"sendOOBServiceError\"/>    </map>  </map></mapper>",
      "iVisualMappingData" : "{\"nodeDataArray\":[{\"isGroup\":true,\"key\":\"request_in\",\"text\":\"OTPRequest\",\"xy\":\"150 100\"},{\"isGroup\":true,\"key\":\"request_out\",\"text\":\"OTPServices (1.0).sendOOBLogin\",\"xy\":\"770 100\"}],\"linkDataArray\":[{\"category\":\"Mapping\",\"from\":\"source:OTPRequest:username:\",\"to\":\"target:username:\",\"fromPort\":\"source:OTPRequest:username:\",\"toPort\":\"target:username:\",\"visible\":true,\"common\":true},{\"category\":\"Mapping\",\"from\":\"source:OTPRequest:AuthenticationType:\",\"to\":\"target:AuthenticationType:\",\"fromPort\":\"source:OTPRequest:AuthenticationType:\",\"toPort\":\"target:AuthenticationType:\",\"visible\":true,\"common\":true},{\"category\":\"Mapping\",\"from\":\"source:OTPRequest:password:\",\"to\":\"target:password:\",\"fromPort\":\"source:OTPRequest:password:\",\"toPort\":\"target:password:\",\"visible\":true,\"common\":true},{\"category\":\"Mapping\",\"from\":\"source:OTPRequest:isPasswordRequired:\",\"to\":\"target:isPasswordRequired:\",\"fromPort\":\"source:OTPRequest:isPasswordRequired:\",\"toPort\":\"target:isPasswordRequired:\",\"visible\":true,\"common\":true},{\"category\":\"Mapping\",\"visible\":true,\"from\":\"source:OTPRequest:msgId:\",\"to\":\"target:msgId:\",\"fromPort\":\"source:OTPRequest:msgId:\",\"toPort\":\"target:msgId:\"}],\"blockCount\":{\"variableCount\":0},\"variableMap\":{},\"xmlMappingOverride\":false}",
      "oVisualMappingData" : "{\"nodeDataArray\":[{\"isGroup\":true,\"key\":\"response_out\",\"text\":\"OTPRequest\",\"xy\":\"770 100\"},{\"isGroup\":true,\"key\":\"response_in\",\"text\":\"OTPServices (1.0).sendOOBLogin\",\"xy\":\"150 100\"}],\"linkDataArray\":[{\"category\":\"Mapping\",\"visible\":true,\"from\":\"source:OOB_SENT:\",\"to\":\"target:OTPRequest:OTP_SENT:\",\"fromPort\":\"source:OOB_SENT:\",\"toPort\":\"target:OTPRequest:OTP_SENT:\"},{\"from\":\"target\",\"to\":\"target:OTPRequest\",\"fromPort\":\"target\",\"toPort\":\"target:OTPRequest\",\"visible\":true,\"common\":false},{\"from\":\"target:OTPRequest\",\"to\":\"target:OTPRequest:t_p_fields\",\"fromPort\":\"target:OTPRequest\",\"toPort\":\"target:OTPRequest:t_p_fields\",\"visible\":true,\"common\":false},{\"from\":\"target:OTPRequest:t_p_fields\",\"to\":\"target:OTPRequest:username:\",\"fromPort\":\"target:OTPRequest:t_p_fields\",\"toPort\":\"target:OTPRequest:username:\",\"visible\":true,\"common\":false},{\"from\":\"target:OTPRequest:t_p_fields\",\"to\":\"target:OTPRequest:AuthenticationType:\",\"fromPort\":\"target:OTPRequest:t_p_fields\",\"toPort\":\"target:OTPRequest:AuthenticationType:\",\"visible\":true,\"common\":false},{\"from\":\"target:OTPRequest:t_p_fields\",\"to\":\"target:OTPRequest:OTP_SENT:\",\"fromPort\":\"target:OTPRequest:t_p_fields\",\"toPort\":\"target:OTPRequest:OTP_SENT:\",\"visible\":true,\"common\":false},{\"from\":\"target:OTPRequest:t_p_fields\",\"to\":\"target:OTPRequest:password:\",\"fromPort\":\"target:OTPRequest:t_p_fields\",\"toPort\":\"target:OTPRequest:password:\",\"visible\":true,\"common\":false},{\"from\":\"target:OTPRequest:t_p_fields\",\"to\":\"target:OTPRequest:isPasswordRequired:\",\"fromPort\":\"target:OTPRequest:t_p_fields\",\"toPort\":\"target:OTPRequest:isPasswordRequired:\",\"visible\":true,\"common\":false},{\"from\":\"target:OTPRequest:t_p_fields\",\"to\":\"target:OTPRequest:msgId:\",\"fromPort\":\"target:OTPRequest:t_p_fields\",\"toPort\":\"target:OTPRequest:msgId:\",\"visible\":true,\"common\":false},{\"from\":\"target:OTPRequest:t_p_fields\",\"to\":\"target:OTPRequest:sendOOBServiceError:\",\"fromPort\":\"target:OTPRequest:t_p_fields\",\"toPort\":\"target:OTPRequest:sendOOBServiceError:\",\"visible\":true,\"common\":false},{\"from\":\"source\",\"to\":\"source:t_p_parameters\",\"fromPort\":\"source\",\"toPort\":\"source:t_p_parameters\",\"visible\":true,\"common\":false},{\"from\":\"source:t_p_parameters\",\"to\":\"source:OOB_SENT:\",\"fromPort\":\"source:t_p_parameters\",\"toPort\":\"source:OOB_SENT:\",\"visible\":true,\"common\":false},{\"from\":\"source:t_p_parameters\",\"to\":\"source:sendOOBServiceError:\",\"fromPort\":\"source:t_p_parameters\",\"toPort\":\"source:sendOOBServiceError:\",\"visible\":true,\"common\":false},{\"category\":\"Mapping\",\"visible\":true,\"from\":\"source:sendOOBServiceError:\",\"to\":\"target:OTPRequest:sendOOBServiceError:\",\"fromPort\":\"source:sendOOBServiceError:\",\"toPort\":\"target:OTPRequest:sendOOBServiceError:\"}],\"blockCount\":{\"variableCount\":0},\"variableMap\":{},\"xmlMappingOverride\":false}",
      "requestXmlMappingOverride" : false,
      "responseXmlMappingOverride" : false,
      "disabled" : false,
      "applyCommonMapping" : false,
      "applyRequestCommonMapping" : false,
      "applyResponseCommonMapping" : false
    } ]
  },
  "enableFrontendUrl" : false,
  "customVerb" : false
}