{
  "operationConfig" : {
    "name" : "validateOTPAuth4867",
    "type" : "MappedToBackend",
    "cachable" : false,
    "smsEnabled" : false,
    "security" : "authorized_app_user",
    "responseEncoding" : "UTF-8",
    "httpMethod" : "GET",
    "decodeResponseBody" : false,
    "iMapping" : "<?xml version=\"1.0\" encoding=\"UTF-8\" standalone=\"yes\"?>\n<mapper xmlns=\"http://www.kony.com/ns/mapper\">\n    <map inputpath=\"request_in\" outputpath=\"request_out\">\n        <set-param inputpath=\"authType\" outputpath=\"AuthenticationType\"/>\n        <set-param inputpath=\"channelId\" outputpath=\"channelId\"/>\n        <set-param inputpath=\"password\" outputpath=\"OTP\"/>\n        <set-param inputpath=\"username\" outputpath=\"username\"/>\n    </map>\n</mapper>\n",
    "oMapping" : "<?xml version=\"1.0\" encoding=\"UTF-8\" standalone=\"yes\"?>\n<mapper xmlns=\"http://www.kony.com/ns/mapper\">\n    <map inputpath=\"response_in\" outputpath=\"response_out\">\n        <map inputpath=\"\" outputpath=\"ValidateOTP\">\n            <set-param inputpath=\"errorMsg\" outputpath=\"errormsg\"/>\n        </map>\n    </map>\n</mapper>\n",
    "iVisualMappingData" : "{\"nodeDataArray\":[{\"isGroup\":true,\"key\":\"request_in\",\"text\":\"ValidateOTP\",\"xy\":\"150 100\"},{\"isGroup\":true,\"key\":\"request_out\",\"text\":\"OTPServices (1.0).validateOOB\",\"xy\":\"770 100\"}],\"linkDataArray\":[{\"category\":\"Mapping\",\"visible\":true,\"from\":\"source:ValidateOTP:username:\",\"to\":\"target:username:\",\"fromPort\":\"source:ValidateOTP:username:\",\"toPort\":\"target:username:\"},{\"category\":\"Mapping\",\"visible\":true,\"from\":\"source:ValidateOTP:password:\",\"to\":\"target:OTP:\",\"fromPort\":\"source:ValidateOTP:password:\",\"toPort\":\"target:OTP:\"},{\"category\":\"Mapping\",\"visible\":true,\"from\":\"source:ValidateOTP:authType:\",\"to\":\"target:AuthenticationType:\",\"fromPort\":\"source:ValidateOTP:authType:\",\"toPort\":\"target:AuthenticationType:\"},{\"category\":\"Mapping\",\"visible\":true,\"from\":\"source:ValidateOTP:channelId:\",\"to\":\"target:channelId:\",\"fromPort\":\"source:ValidateOTP:channelId:\",\"toPort\":\"target:channelId:\"}],\"blockCount\":{\"variableCount\":0},\"variableMap\":{},\"xmlMappingOverride\":false}",
    "oVisualMappingData" : "{\"nodeDataArray\":[{\"isGroup\":true,\"key\":\"response_out\",\"text\":\"ValidateOTP\",\"xy\":\"770 100\"},{\"isGroup\":true,\"key\":\"response_in\",\"text\":\"OTPServices (1.0).validateOOB\",\"xy\":\"150 100\"}],\"linkDataArray\":[{\"category\":\"Mapping\",\"visible\":true,\"from\":\"source:errorMsg:\",\"to\":\"target:ValidateOTP:errormsg:\",\"fromPort\":\"source:errorMsg:\",\"toPort\":\"target:ValidateOTP:errormsg:\"}],\"blockCount\":{\"variableCount\":0},\"variableMap\":{},\"xmlMappingOverride\":false}",
    "applyCommonMapping" : false,
    "applyRequestCommonMapping" : false,
    "applyResponseCommonMapping" : false,
    "backendMeta" : {
      "serviceName" : "OTPServices",
      "serviceVersion" : "1.0",
      "operationName" : "validateOOB"
    },
    "relationshipHierarchyMapping" : {
      "name" : "ValidateOTP",
      "children" : [ ],
      "actions" : { },
      "selected" : true
    },
    "requestXmlMappingOverride" : false,
    "responseXmlMappingOverride" : false,
    "mapperData" : [ {
      "name" : "base mapper1",
      "order" : 1,
      "iMapping" : "<?xml version=\"1.0\" encoding=\"UTF-8\" standalone=\"yes\"?>\n<mapper xmlns=\"http://www.kony.com/ns/mapper\">\n    <map inputpath=\"request_in\" outputpath=\"request_out\">\n        <set-param inputpath=\"authType\" outputpath=\"AuthenticationType\"/>\n        <set-param inputpath=\"channelId\" outputpath=\"channelId\"/>\n        <set-param inputpath=\"password\" outputpath=\"OTP\"/>\n        <set-param inputpath=\"username\" outputpath=\"username\"/>\n    </map>\n</mapper>\n",
      "oMapping" : "<?xml version=\"1.0\" encoding=\"UTF-8\" standalone=\"yes\"?>\n<mapper xmlns=\"http://www.kony.com/ns/mapper\">\n    <map inputpath=\"response_in\" outputpath=\"response_out\">\n        <map inputpath=\"\" outputpath=\"ValidateOTP\">\n            <set-param inputpath=\"errorMsg\" outputpath=\"errormsg\"/>\n        </map>\n    </map>\n</mapper>\n",
      "iVisualMappingData" : "{\"nodeDataArray\":[{\"isGroup\":true,\"key\":\"request_in\",\"text\":\"ValidateOTP\",\"xy\":\"150 100\"},{\"isGroup\":true,\"key\":\"request_out\",\"text\":\"OTPServices (1.0).validateOOB\",\"xy\":\"770 100\"}],\"linkDataArray\":[{\"category\":\"Mapping\",\"visible\":true,\"from\":\"source:ValidateOTP:username:\",\"to\":\"target:username:\",\"fromPort\":\"source:ValidateOTP:username:\",\"toPort\":\"target:username:\"},{\"category\":\"Mapping\",\"visible\":true,\"from\":\"source:ValidateOTP:password:\",\"to\":\"target:OTP:\",\"fromPort\":\"source:ValidateOTP:password:\",\"toPort\":\"target:OTP:\"},{\"category\":\"Mapping\",\"visible\":true,\"from\":\"source:ValidateOTP:authType:\",\"to\":\"target:AuthenticationType:\",\"fromPort\":\"source:ValidateOTP:authType:\",\"toPort\":\"target:AuthenticationType:\"},{\"category\":\"Mapping\",\"visible\":true,\"from\":\"source:ValidateOTP:channelId:\",\"to\":\"target:channelId:\",\"fromPort\":\"source:ValidateOTP:channelId:\",\"toPort\":\"target:channelId:\"}],\"blockCount\":{\"variableCount\":0},\"variableMap\":{},\"xmlMappingOverride\":false}",
      "oVisualMappingData" : "{\"nodeDataArray\":[{\"isGroup\":true,\"key\":\"response_out\",\"text\":\"ValidateOTP\",\"xy\":\"770 100\"},{\"isGroup\":true,\"key\":\"response_in\",\"text\":\"OTPServices (1.0).validateOOB\",\"xy\":\"150 100\"}],\"linkDataArray\":[{\"category\":\"Mapping\",\"visible\":true,\"from\":\"source:errorMsg:\",\"to\":\"target:ValidateOTP:errormsg:\",\"fromPort\":\"source:errorMsg:\",\"toPort\":\"target:ValidateOTP:errormsg:\"}],\"blockCount\":{\"variableCount\":0},\"variableMap\":{},\"xmlMappingOverride\":false}",
      "requestXmlMappingOverride" : false,
      "responseXmlMappingOverride" : false,
      "disabled" : false,
      "applyCommonMapping" : false,
      "applyRequestCommonMapping" : false,
      "applyResponseCommonMapping" : false
    } ]
  },
  "enableFrontendUrl" : false,
  "customVerb" : false
}