{
  "operationConfig" : {
    "name" : "resetFailureCount6002",
    "type" : "MappedToBackend",
    "cachable" : false,
    "smsEnabled" : false,
    "security" : "authorized_app",
    "responseEncoding" : "UTF-8",
    "httpMethod" : "GET",
    "decodeResponseBody" : false,
    "iMapping" : "<?xml version=\"1.0\" encoding=\"UTF-8\" standalone=\"yes\"?>\n<mapper xmlns=\"http://www.kony.com/ns/mapper\">\n    <map inputpath=\"request_in\" outputpath=\"request_out\">\n        <set-param inputpath=\"authType\" outputpath=\"authType\"/>\n        <set-param inputpath=\"userid\" outputpath=\"userid\"/>\n    </map>\n</mapper>\n",
    "oMapping" : "<?xml version=\"1.0\" encoding=\"UTF-8\" standalone=\"yes\"?>\n<mapper xmlns=\"http://www.kony.com/ns/mapper\">\n    <map inputpath=\"response_in\" outputpath=\"response_out\">\n        <map inputpath=\"\" outputpath=\"NewResetAuthFailCount\">\n            <set-param inputpath=\"PasswordResetError\" outputpath=\"PasswordResetError\"/>\n            <set-param inputpath=\"status\" outputpath=\"status\"/>\n        </map>\n    </map>\n</mapper>\n",
    "iVisualMappingData" : "{\"nodeDataArray\":[{\"isGroup\":true,\"key\":\"request_in\",\"text\":\"NewResetAuthFailCount\",\"xy\":\"150 100\"},{\"isGroup\":true,\"key\":\"request_out\",\"text\":\"ResetAuthenticatorFailCount (1.0).resetFailureCount\",\"xy\":\"770 100\"}],\"linkDataArray\":[{\"category\":\"Mapping\",\"visible\":true,\"from\":\"source:NewResetAuthFailCount:authType:\",\"to\":\"target:authType:\",\"fromPort\":\"source:NewResetAuthFailCount:authType:\",\"toPort\":\"target:authType:\"},{\"category\":\"Mapping\",\"visible\":true,\"from\":\"source:NewResetAuthFailCount:userid:\",\"to\":\"target:userid:\",\"fromPort\":\"source:NewResetAuthFailCount:userid:\",\"toPort\":\"target:userid:\"}],\"blockCount\":{\"variableCount\":0},\"variableMap\":{},\"xmlMappingOverride\":false}",
    "oVisualMappingData" : "{\"nodeDataArray\":[{\"isGroup\":true,\"key\":\"response_out\",\"text\":\"NewResetAuthFailCount\",\"xy\":\"770 100\"},{\"isGroup\":true,\"key\":\"response_in\",\"text\":\"ResetAuthenticatorFailCount (1.0).resetFailureCount\",\"xy\":\"150 100\"}],\"linkDataArray\":[{\"category\":\"Mapping\",\"visible\":true,\"from\":\"source:PasswordResetError:\",\"to\":\"target:NewResetAuthFailCount:PasswordResetError:\",\"fromPort\":\"source:PasswordResetError:\",\"toPort\":\"target:NewResetAuthFailCount:PasswordResetError:\"},{\"category\":\"Mapping\",\"visible\":true,\"from\":\"source:status:\",\"to\":\"target:NewResetAuthFailCount:status:\",\"fromPort\":\"source:status:\",\"toPort\":\"target:NewResetAuthFailCount:status:\"}],\"blockCount\":{\"variableCount\":0},\"variableMap\":{},\"xmlMappingOverride\":false}",
    "applyCommonMapping" : false,
    "applyRequestCommonMapping" : false,
    "applyResponseCommonMapping" : false,
    "backendMeta" : {
      "serviceName" : "ResetAuthenticatorFailCount",
      "serviceVersion" : "1.0",
      "operationName" : "resetFailureCount"
    },
    "relationshipHierarchyMapping" : {
      "children" : [ ],
      "name" : "ResetAuthFailCount",
      "actions" : { },
      "selected" : true
    },
    "requestXmlMappingOverride" : false,
    "responseXmlMappingOverride" : false,
    "mapperData" : [ {
      "name" : "base mapper1",
      "order" : 1,
      "iMapping" : "<?xml version=\"1.0\" encoding=\"UTF-8\" standalone=\"yes\"?>\n<mapper xmlns=\"http://www.kony.com/ns/mapper\">\n    <map inputpath=\"request_in\" outputpath=\"request_out\">\n        <set-param inputpath=\"authType\" outputpath=\"authType\"/>\n        <set-param inputpath=\"userid\" outputpath=\"userid\"/>\n    </map>\n</mapper>\n",
      "oMapping" : "<?xml version=\"1.0\" encoding=\"UTF-8\" standalone=\"yes\"?>\n<mapper xmlns=\"http://www.kony.com/ns/mapper\">\n    <map inputpath=\"response_in\" outputpath=\"response_out\">\n        <map inputpath=\"\" outputpath=\"NewResetAuthFailCount\">\n            <set-param inputpath=\"PasswordResetError\" outputpath=\"PasswordResetError\"/>\n            <set-param inputpath=\"status\" outputpath=\"status\"/>\n        </map>\n    </map>\n</mapper>\n",
      "iVisualMappingData" : "{\"nodeDataArray\":[{\"isGroup\":true,\"key\":\"request_in\",\"text\":\"NewResetAuthFailCount\",\"xy\":\"150 100\"},{\"isGroup\":true,\"key\":\"request_out\",\"text\":\"ResetAuthenticatorFailCount (1.0).resetFailureCount\",\"xy\":\"770 100\"}],\"linkDataArray\":[{\"category\":\"Mapping\",\"visible\":true,\"from\":\"source:NewResetAuthFailCount:authType:\",\"to\":\"target:authType:\",\"fromPort\":\"source:NewResetAuthFailCount:authType:\",\"toPort\":\"target:authType:\"},{\"category\":\"Mapping\",\"visible\":true,\"from\":\"source:NewResetAuthFailCount:userid:\",\"to\":\"target:userid:\",\"fromPort\":\"source:NewResetAuthFailCount:userid:\",\"toPort\":\"target:userid:\"}],\"blockCount\":{\"variableCount\":0},\"variableMap\":{},\"xmlMappingOverride\":false}",
      "oVisualMappingData" : "{\"nodeDataArray\":[{\"isGroup\":true,\"key\":\"response_out\",\"text\":\"NewResetAuthFailCount\",\"xy\":\"770 100\"},{\"isGroup\":true,\"key\":\"response_in\",\"text\":\"ResetAuthenticatorFailCount (1.0).resetFailureCount\",\"xy\":\"150 100\"}],\"linkDataArray\":[{\"category\":\"Mapping\",\"visible\":true,\"from\":\"source:PasswordResetError:\",\"to\":\"target:NewResetAuthFailCount:PasswordResetError:\",\"fromPort\":\"source:PasswordResetError:\",\"toPort\":\"target:NewResetAuthFailCount:PasswordResetError:\"},{\"category\":\"Mapping\",\"visible\":true,\"from\":\"source:status:\",\"to\":\"target:NewResetAuthFailCount:status:\",\"fromPort\":\"source:status:\",\"toPort\":\"target:NewResetAuthFailCount:status:\"}],\"blockCount\":{\"variableCount\":0},\"variableMap\":{},\"xmlMappingOverride\":false}",
      "requestXmlMappingOverride" : false,
      "responseXmlMappingOverride" : false,
      "disabled" : false,
      "applyCommonMapping" : false,
      "applyRequestCommonMapping" : false,
      "applyResponseCommonMapping" : false
    } ]
  },
  "enableFrontendUrl" : false,
  "customVerb" : false
}