{
  "operationConfig" : {
    "name" : "resetFailureCount6002",
    "type" : "MappedToBackend",
    "cachable" : false,
    "smsEnabled" : false,
    "security" : "authorized_app",
    "responseEncoding" : "UTF-8",
    "httpMethod" : "GET",
    "decodeResponseBody" : false,
    "iMapping" : "<?xml version=\"1.0\" encoding=\"UTF-8\" standalone=\"yes\"?>\n<mapper xmlns=\"http://www.kony.com/ns/mapper\">\n    <map inputpath=\"request_in\" outputpath=\"request_out\">\n        <set-param inputpath=\"authType\" outputpath=\"authType\"/>\n        <set-param inputpath=\"correlationId\" outputpath=\"correlationId\"/>\n        <set-param inputpath=\"userid\" outputpath=\"userid\"/>\n    </map>\n</mapper>\n",
    "oMapping" : "<?xml version=\"1.0\" encoding=\"UTF-8\" standalone=\"yes\"?>\n<mapper xmlns=\"http://www.kony.com/ns/mapper\">\n    <map inputpath=\"response_in\" outputpath=\"response_out\">\n        <map inputpath=\"\" outputpath=\"ResetAuthFailCount\">\n            <set-param inputpath=\"consecutiveFailed\" outputpath=\"consecutiveFailed\"/>\n            <set-param inputpath=\"disableThreshold\" outputpath=\"disableThreshold\"/>\n            <set-param inputpath=\"PasswordResetError\" outputpath=\"PasswordResetError\"/>\n            <set-param inputpath=\"status\" outputpath=\"status\"/>\n        </map>\n    </map>\n</mapper>\n",
    "iVisualMappingData" : "{\"nodeDataArray\":[{\"isGroup\":true,\"key\":\"request_in\",\"text\":\"ResetAuthFailCount\",\"xy\":\"150 100\"},{\"isGroup\":true,\"key\":\"request_out\",\"text\":\"ResetAuthenticatorFailCount (1.0).resetFailureCount\",\"xy\":\"770 100\"}],\"linkDataArray\":[{\"category\":\"Mapping\",\"visible\":true,\"from\":\"source:ResetAuthFailCount:authType:\",\"to\":\"target:authType:\",\"fromPort\":\"source:ResetAuthFailCount:authType:\",\"toPort\":\"target:authType:\"},{\"category\":\"Mapping\",\"visible\":true,\"from\":\"source:ResetAuthFailCount:userid:\",\"to\":\"target:userid:\",\"fromPort\":\"source:ResetAuthFailCount:userid:\",\"toPort\":\"target:userid:\"},{\"category\":\"Mapping\",\"visible\":true,\"from\":\"source:ResetAuthFailCount:correlationId:\",\"to\":\"target:correlationId:\",\"fromPort\":\"source:ResetAuthFailCount:correlationId:\",\"toPort\":\"target:correlationId:\"}],\"blockCount\":{\"variableCount\":0},\"variableMap\":{},\"xmlMappingOverride\":false}",
    "oVisualMappingData" : "{\"nodeDataArray\":[{\"isGroup\":true,\"key\":\"response_out\",\"text\":\"ResetAuthFailCount\",\"xy\":\"770 100\"},{\"isGroup\":true,\"key\":\"response_in\",\"text\":\"ResetAuthenticatorFailCount (1.0).resetFailureCount\",\"xy\":\"150 100\"}],\"linkDataArray\":[{\"category\":\"Mapping\",\"visible\":true,\"from\":\"source:PasswordResetError:\",\"to\":\"target:ResetAuthFailCount:PasswordResetError:\",\"fromPort\":\"source:PasswordResetError:\",\"toPort\":\"target:ResetAuthFailCount:PasswordResetError:\"},{\"category\":\"Mapping\",\"visible\":true,\"from\":\"source:consecutiveFailed:\",\"to\":\"target:ResetAuthFailCount:consecutiveFailed:\",\"fromPort\":\"source:consecutiveFailed:\",\"toPort\":\"target:ResetAuthFailCount:consecutiveFailed:\"},{\"category\":\"Mapping\",\"visible\":true,\"from\":\"source:disableThreshold:\",\"to\":\"target:ResetAuthFailCount:disableThreshold:\",\"fromPort\":\"source:disableThreshold:\",\"toPort\":\"target:ResetAuthFailCount:disableThreshold:\"},{\"category\":\"Mapping\",\"visible\":true,\"from\":\"source:status:\",\"to\":\"target:ResetAuthFailCount:status:\",\"fromPort\":\"source:status:\",\"toPort\":\"target:ResetAuthFailCount:status:\"}],\"blockCount\":{\"variableCount\":0},\"variableMap\":{},\"xmlMappingOverride\":false}",
    "applyCommonMapping" : false,
    "applyRequestCommonMapping" : false,
    "applyResponseCommonMapping" : false,
    "backendMeta" : {
      "serviceName" : "ResetAuthenticatorFailCount",
      "serviceVersion" : "1.0",
      "operationName" : "resetFailureCount"
    },
    "relationshipHierarchyMapping" : {
      "children" : [ ],
      "name" : "ResetAuthFailCount",
      "actions" : { },
      "selected" : true
    },
    "requestXmlMappingOverride" : false,
    "responseXmlMappingOverride" : false,
    "mapperData" : [ {
      "name" : "base mapper1",
      "order" : 1,
      "iMapping" : "<?xml version=\"1.0\" encoding=\"UTF-8\" standalone=\"yes\"?><mapper xmlns=\"http://www.kony.com/ns/mapper\">  <map inputpath=\"request_in\" outputpath=\"request_out\">    <set-param inputpath=\"authType\" outputpath=\"authType\"/>    <set-param inputpath=\"correlationId\" outputpath=\"correlationId\"/>    <set-param inputpath=\"userid\" outputpath=\"userid\"/>  </map></mapper>",
      "oMapping" : "<?xml version=\"1.0\" encoding=\"UTF-8\" standalone=\"yes\"?>\n<mapper xmlns=\"http://www.kony.com/ns/mapper\">\n    <map inputpath=\"response_in\" outputpath=\"response_out\">\n        <map inputpath=\"\" outputpath=\"ResetAuthFailCount\">\n            <set-param inputpath=\"consecutiveFailed\" outputpath=\"consecutiveFailed\"/>\n            <set-param inputpath=\"disableThreshold\" outputpath=\"disableThreshold\"/>\n            <set-param inputpath=\"PasswordResetError\" outputpath=\"PasswordResetError\"/>\n            <set-param inputpath=\"status\" outputpath=\"status\"/>\n        </map>\n    </map>\n</mapper>\n",
      "iVisualMappingData" : "{\"nodeDataArray\":[{\"isGroup\":true,\"key\":\"request_in\",\"text\":\"ResetAuthFailCount\",\"xy\":\"150 100\"},{\"isGroup\":true,\"key\":\"request_out\",\"text\":\"ResetAuthenticatorFailCount (1.0).resetFailureCount\",\"xy\":\"770 100\"}],\"linkDataArray\":[{\"category\":\"Mapping\",\"visible\":true,\"from\":\"source:ResetAuthFailCount:authType:\",\"to\":\"target:authType:\",\"fromPort\":\"source:ResetAuthFailCount:authType:\",\"toPort\":\"target:authType:\"},{\"category\":\"Mapping\",\"visible\":true,\"from\":\"source:ResetAuthFailCount:userid:\",\"to\":\"target:userid:\",\"fromPort\":\"source:ResetAuthFailCount:userid:\",\"toPort\":\"target:userid:\"},{\"from\":\"source\",\"to\":\"source:ResetAuthFailCount\",\"fromPort\":\"source\",\"toPort\":\"source:ResetAuthFailCount\",\"visible\":true,\"common\":false},{\"from\":\"source:ResetAuthFailCount\",\"to\":\"source:ResetAuthFailCount:t_p_fields\",\"fromPort\":\"source:ResetAuthFailCount\",\"toPort\":\"source:ResetAuthFailCount:t_p_fields\",\"visible\":true,\"common\":false},{\"from\":\"source:ResetAuthFailCount:t_p_fields\",\"to\":\"source:ResetAuthFailCount:authType:\",\"fromPort\":\"source:ResetAuthFailCount:t_p_fields\",\"toPort\":\"source:ResetAuthFailCount:authType:\",\"visible\":true,\"common\":false},{\"from\":\"source:ResetAuthFailCount:t_p_fields\",\"to\":\"source:ResetAuthFailCount:consecutiveFailed:\",\"fromPort\":\"source:ResetAuthFailCount:t_p_fields\",\"toPort\":\"source:ResetAuthFailCount:consecutiveFailed:\",\"visible\":true,\"common\":false},{\"from\":\"source:ResetAuthFailCount:t_p_fields\",\"to\":\"source:ResetAuthFailCount:disableThreshold:\",\"fromPort\":\"source:ResetAuthFailCount:t_p_fields\",\"toPort\":\"source:ResetAuthFailCount:disableThreshold:\",\"visible\":true,\"common\":false},{\"from\":\"source:ResetAuthFailCount:t_p_fields\",\"to\":\"source:ResetAuthFailCount:PasswordResetError:\",\"fromPort\":\"source:ResetAuthFailCount:t_p_fields\",\"toPort\":\"source:ResetAuthFailCount:PasswordResetError:\",\"visible\":true,\"common\":false},{\"from\":\"source:ResetAuthFailCount:t_p_fields\",\"to\":\"source:ResetAuthFailCount:status:\",\"fromPort\":\"source:ResetAuthFailCount:t_p_fields\",\"toPort\":\"source:ResetAuthFailCount:status:\",\"visible\":true,\"common\":false},{\"from\":\"source:ResetAuthFailCount:t_p_fields\",\"to\":\"source:ResetAuthFailCount:userid:\",\"fromPort\":\"source:ResetAuthFailCount:t_p_fields\",\"toPort\":\"source:ResetAuthFailCount:userid:\",\"visible\":true,\"common\":false},{\"from\":\"source:ResetAuthFailCount:t_p_fields\",\"to\":\"source:ResetAuthFailCount:correlationId:\",\"fromPort\":\"source:ResetAuthFailCount:t_p_fields\",\"toPort\":\"source:ResetAuthFailCount:correlationId:\",\"visible\":true,\"common\":false},{\"from\":\"target\",\"to\":\"target:t_p_parameters\",\"fromPort\":\"target\",\"toPort\":\"target:t_p_parameters\",\"visible\":true,\"common\":false},{\"from\":\"target:t_p_parameters\",\"to\":\"target:authType:\",\"fromPort\":\"target:t_p_parameters\",\"toPort\":\"target:authType:\",\"visible\":true,\"common\":false},{\"from\":\"target:t_p_parameters\",\"to\":\"target:correlationId:\",\"fromPort\":\"target:t_p_parameters\",\"toPort\":\"target:correlationId:\",\"visible\":true,\"common\":false},{\"from\":\"target:t_p_parameters\",\"to\":\"target:userid:\",\"fromPort\":\"target:t_p_parameters\",\"toPort\":\"target:userid:\",\"visible\":true,\"common\":false},{\"category\":\"Mapping\",\"visible\":true,\"from\":\"source:ResetAuthFailCount:correlationId:\",\"to\":\"target:correlationId:\",\"fromPort\":\"source:ResetAuthFailCount:correlationId:\",\"toPort\":\"target:correlationId:\"}],\"blockCount\":{\"variableCount\":0},\"variableMap\":{},\"xmlMappingOverride\":false}",
      "oVisualMappingData" : "{\"nodeDataArray\":[{\"isGroup\":true,\"key\":\"response_out\",\"text\":\"ResetAuthFailCount\",\"xy\":\"770 100\"},{\"isGroup\":true,\"key\":\"response_in\",\"text\":\"ResetAuthenticatorFailCount (1.0).resetFailureCount\",\"xy\":\"150 100\"}],\"linkDataArray\":[{\"category\":\"Mapping\",\"visible\":true,\"from\":\"source:PasswordResetError:\",\"to\":\"target:ResetAuthFailCount:PasswordResetError:\",\"fromPort\":\"source:PasswordResetError:\",\"toPort\":\"target:ResetAuthFailCount:PasswordResetError:\"},{\"category\":\"Mapping\",\"visible\":true,\"from\":\"source:consecutiveFailed:\",\"to\":\"target:ResetAuthFailCount:consecutiveFailed:\",\"fromPort\":\"source:consecutiveFailed:\",\"toPort\":\"target:ResetAuthFailCount:consecutiveFailed:\"},{\"category\":\"Mapping\",\"visible\":true,\"from\":\"source:disableThreshold:\",\"to\":\"target:ResetAuthFailCount:disableThreshold:\",\"fromPort\":\"source:disableThreshold:\",\"toPort\":\"target:ResetAuthFailCount:disableThreshold:\"},{\"category\":\"Mapping\",\"visible\":true,\"from\":\"source:status:\",\"to\":\"target:ResetAuthFailCount:status:\",\"fromPort\":\"source:status:\",\"toPort\":\"target:ResetAuthFailCount:status:\"}],\"blockCount\":{\"variableCount\":0},\"variableMap\":{},\"xmlMappingOverride\":false}",
      "requestXmlMappingOverride" : false,
      "responseXmlMappingOverride" : false,
      "disabled" : false,
      "applyCommonMapping" : false,
      "applyRequestCommonMapping" : false,
      "applyResponseCommonMapping" : false
    } ]
  },
  "enableFrontendUrl" : false,
  "customVerb" : false
}