{
  "operationConfig" : {
    "name" : "paymentUpdate9554",
    "type" : "MappedToBackend",
    "cachable" : false,
    "smsEnabled" : false,
    "security" : "authorized_app_user",
    "responseEncoding" : "UTF-8",
    "httpMethod" : "GET",
    "decodeResponseBody" : false,
    "iMapping" : "<?xml version=\"1.0\" encoding=\"UTF-8\" standalone=\"yes\"?><mapper xmlns=\"http://www.kony.com/ns/mapper\">  <map inputpath=\"request_in\" outputpath=\"request_out\">    <set-param inputpath=\"app_payment_id\" outputpath=\"app_payment_id\"/>    <set-param inputpath=\"channel_id\" outputpath=\"channel_id\"/>    <set-param inputpath=\"payment_state\" outputpath=\"payment_state\"/>    <set-param inputpath=\"platform\" outputpath=\"platform\"/>  </map></mapper>",
    "oMapping" : "<?xml version=\"1.0\" encoding=\"UTF-8\" standalone=\"yes\"?><mapper xmlns=\"http://www.kony.com/ns/mapper\">    <map inputpath=\"response_in\" outputpath=\"response_out\">        <map inputpath=\"\" outputpath=\"PaymentUpdate\">            <set-param inputpath=\"error_code\" outputpath=\"error_code\"/>            <set-param inputpath=\"message\" outputpath=\"message\"/>            <set-param inputpath=\"request_id\" outputpath=\"request_id\"/>           </map>    </map></mapper>",
    "iVisualMappingData" : "{\"nodeDataArray\":[{\"isGroup\":true,\"key\":\"request_in\",\"text\":\"PaymentUpdate\",\"xy\":\"150 100\"},{\"isGroup\":true,\"key\":\"request_out\",\"text\":\"RMSPayments (1.0).paymentUpdate\",\"xy\":\"770 100\"}],\"linkDataArray\":[{\"category\":\"Mapping\",\"from\":\"source:PaymentUpdate:app_payment_id:\",\"to\":\"target:app_payment_id:\",\"fromPort\":\"source:PaymentUpdate:app_payment_id:\",\"toPort\":\"target:app_payment_id:\",\"visible\":true,\"common\":true},{\"category\":\"Mapping\",\"from\":\"source:PaymentUpdate:channel_id:\",\"to\":\"target:channel_id:\",\"fromPort\":\"source:PaymentUpdate:channel_id:\",\"toPort\":\"target:channel_id:\",\"visible\":true,\"common\":true},{\"category\":\"Mapping\",\"from\":\"source:PaymentUpdate:payment_state:\",\"to\":\"target:payment_state:\",\"fromPort\":\"source:PaymentUpdate:payment_state:\",\"toPort\":\"target:payment_state:\",\"visible\":true,\"common\":true},{\"from\":\"source\",\"to\":\"source:PaymentUpdate\",\"fromPort\":\"source\",\"toPort\":\"source:PaymentUpdate\",\"visible\":true,\"common\":false},{\"from\":\"source:PaymentUpdate\",\"to\":\"source:PaymentUpdate:t_p_fields\",\"fromPort\":\"source:PaymentUpdate\",\"toPort\":\"source:PaymentUpdate:t_p_fields\",\"visible\":true,\"common\":false},{\"from\":\"source:PaymentUpdate:t_p_fields\",\"to\":\"source:PaymentUpdate:application_id:\",\"fromPort\":\"source:PaymentUpdate:t_p_fields\",\"toPort\":\"source:PaymentUpdate:application_id:\",\"visible\":true,\"common\":false},{\"from\":\"source:PaymentUpdate:t_p_fields\",\"to\":\"source:PaymentUpdate:app_payment_id:\",\"fromPort\":\"source:PaymentUpdate:t_p_fields\",\"toPort\":\"source:PaymentUpdate:app_payment_id:\",\"visible\":true,\"common\":false},{\"from\":\"source:PaymentUpdate:t_p_fields\",\"to\":\"source:PaymentUpdate:channel_id:\",\"fromPort\":\"source:PaymentUpdate:t_p_fields\",\"toPort\":\"source:PaymentUpdate:channel_id:\",\"visible\":true,\"common\":false},{\"from\":\"source:PaymentUpdate:t_p_fields\",\"to\":\"source:PaymentUpdate:error_code:\",\"fromPort\":\"source:PaymentUpdate:t_p_fields\",\"toPort\":\"source:PaymentUpdate:error_code:\",\"visible\":true,\"common\":false},{\"from\":\"source:PaymentUpdate:t_p_fields\",\"to\":\"source:PaymentUpdate:message:\",\"fromPort\":\"source:PaymentUpdate:t_p_fields\",\"toPort\":\"source:PaymentUpdate:message:\",\"visible\":true,\"common\":false},{\"from\":\"source:PaymentUpdate:t_p_fields\",\"to\":\"source:PaymentUpdate:payment_state:\",\"fromPort\":\"source:PaymentUpdate:t_p_fields\",\"toPort\":\"source:PaymentUpdate:payment_state:\",\"visible\":true,\"common\":false},{\"from\":\"source:PaymentUpdate:t_p_fields\",\"to\":\"source:PaymentUpdate:request_id:\",\"fromPort\":\"source:PaymentUpdate:t_p_fields\",\"toPort\":\"source:PaymentUpdate:request_id:\",\"visible\":true,\"common\":false},{\"from\":\"source:PaymentUpdate:t_p_fields\",\"to\":\"source:PaymentUpdate:platform:\",\"fromPort\":\"source:PaymentUpdate:t_p_fields\",\"toPort\":\"source:PaymentUpdate:platform:\",\"visible\":true,\"common\":false},{\"from\":\"target\",\"to\":\"target:t_p_parameters\",\"fromPort\":\"target\",\"toPort\":\"target:t_p_parameters\",\"visible\":true,\"common\":false},{\"from\":\"target:t_p_parameters\",\"to\":\"target:app_payment_id:\",\"fromPort\":\"target:t_p_parameters\",\"toPort\":\"target:app_payment_id:\",\"visible\":true,\"common\":false},{\"from\":\"target:t_p_parameters\",\"to\":\"target:application_id:\",\"fromPort\":\"target:t_p_parameters\",\"toPort\":\"target:application_id:\",\"visible\":true,\"common\":false},{\"from\":\"target:t_p_parameters\",\"to\":\"target:channel_id:\",\"fromPort\":\"target:t_p_parameters\",\"toPort\":\"target:channel_id:\",\"visible\":true,\"common\":false},{\"from\":\"target:t_p_parameters\",\"to\":\"target:payment_state:\",\"fromPort\":\"target:t_p_parameters\",\"toPort\":\"target:payment_state:\",\"visible\":true,\"common\":false},{\"from\":\"target:t_p_parameters\",\"to\":\"target:platform:\",\"fromPort\":\"target:t_p_parameters\",\"toPort\":\"target:platform:\",\"visible\":true,\"common\":false},{\"category\":\"Mapping\",\"visible\":true,\"from\":\"source:PaymentUpdate:platform:\",\"to\":\"target:platform:\",\"fromPort\":\"source:PaymentUpdate:platform:\",\"toPort\":\"target:platform:\"}],\"blockCount\":{\"variableCount\":0},\"variableMap\":{},\"xmlMappingOverride\":false}",
    "oVisualMappingData" : "{\"nodeDataArray\":[{\"isGroup\":true,\"key\":\"response_out\",\"text\":\"PaymentUpdate\",\"xy\":\"770 100\"},{\"isGroup\":true,\"key\":\"response_in\",\"text\":\"RMSPayments (1.0).paymentUpdate\",\"xy\":\"150 100\"}],\"linkDataArray\":[{\"category\":\"Mapping\",\"from\":\"source:error_code:\",\"to\":\"target:PaymentUpdate:error_code:\",\"fromPort\":\"source:error_code:\",\"toPort\":\"target:PaymentUpdate:error_code:\",\"visible\":true,\"common\":true},{\"category\":\"Mapping\",\"from\":\"source:message:\",\"to\":\"target:PaymentUpdate:message:\",\"fromPort\":\"source:message:\",\"toPort\":\"target:PaymentUpdate:message:\",\"visible\":true,\"common\":true},{\"category\":\"Mapping\",\"from\":\"source:request_id:\",\"to\":\"target:PaymentUpdate:request_id:\",\"fromPort\":\"source:request_id:\",\"toPort\":\"target:PaymentUpdate:request_id:\",\"visible\":true,\"common\":true},{\"from\":\"target\",\"to\":\"target:PaymentUpdate\",\"fromPort\":\"target\",\"toPort\":\"target:PaymentUpdate\",\"visible\":true,\"common\":false},{\"from\":\"target:PaymentUpdate\",\"to\":\"target:PaymentUpdate:t_p_fields\",\"fromPort\":\"target:PaymentUpdate\",\"toPort\":\"target:PaymentUpdate:t_p_fields\",\"visible\":true,\"common\":false},{\"from\":\"target:PaymentUpdate:t_p_fields\",\"to\":\"target:PaymentUpdate:application_id:\",\"fromPort\":\"target:PaymentUpdate:t_p_fields\",\"toPort\":\"target:PaymentUpdate:application_id:\",\"visible\":true,\"common\":false},{\"from\":\"target:PaymentUpdate:t_p_fields\",\"to\":\"target:PaymentUpdate:app_payment_id:\",\"fromPort\":\"target:PaymentUpdate:t_p_fields\",\"toPort\":\"target:PaymentUpdate:app_payment_id:\",\"visible\":true,\"common\":false},{\"from\":\"target:PaymentUpdate:t_p_fields\",\"to\":\"target:PaymentUpdate:channel_id:\",\"fromPort\":\"target:PaymentUpdate:t_p_fields\",\"toPort\":\"target:PaymentUpdate:channel_id:\",\"visible\":true,\"common\":false},{\"from\":\"target:PaymentUpdate:t_p_fields\",\"to\":\"target:PaymentUpdate:error_code:\",\"fromPort\":\"target:PaymentUpdate:t_p_fields\",\"toPort\":\"target:PaymentUpdate:error_code:\",\"visible\":true,\"common\":false},{\"from\":\"target:PaymentUpdate:t_p_fields\",\"to\":\"target:PaymentUpdate:message:\",\"fromPort\":\"target:PaymentUpdate:t_p_fields\",\"toPort\":\"target:PaymentUpdate:message:\",\"visible\":true,\"common\":false},{\"from\":\"target:PaymentUpdate:t_p_fields\",\"to\":\"target:PaymentUpdate:payment_state:\",\"fromPort\":\"target:PaymentUpdate:t_p_fields\",\"toPort\":\"target:PaymentUpdate:payment_state:\",\"visible\":true,\"common\":false},{\"from\":\"target:PaymentUpdate:t_p_fields\",\"to\":\"target:PaymentUpdate:request_id:\",\"fromPort\":\"target:PaymentUpdate:t_p_fields\",\"toPort\":\"target:PaymentUpdate:request_id:\",\"visible\":true,\"common\":false},{\"from\":\"target:PaymentUpdate:t_p_fields\",\"to\":\"target:PaymentUpdate:platform:\",\"fromPort\":\"target:PaymentUpdate:t_p_fields\",\"toPort\":\"target:PaymentUpdate:platform:\",\"visible\":true,\"common\":false},{\"from\":\"source\",\"to\":\"source:t_p_parameters\",\"fromPort\":\"source\",\"toPort\":\"source:t_p_parameters\",\"visible\":true,\"common\":false},{\"from\":\"source:t_p_parameters\",\"to\":\"source:error_code:\",\"fromPort\":\"source:t_p_parameters\",\"toPort\":\"source:error_code:\",\"visible\":true,\"common\":false},{\"from\":\"source:t_p_parameters\",\"to\":\"source:message:\",\"fromPort\":\"source:t_p_parameters\",\"toPort\":\"source:message:\",\"visible\":true,\"common\":false},{\"from\":\"source:t_p_parameters\",\"to\":\"source:request_id:\",\"fromPort\":\"source:t_p_parameters\",\"toPort\":\"source:request_id:\",\"visible\":true,\"common\":false}],\"blockCount\":{\"variableCount\":0},\"variableMap\":{},\"xmlMappingOverride\":true}",
    "applyCommonMapping" : false,
    "applyRequestCommonMapping" : false,
    "applyResponseCommonMapping" : false,
    "backendMeta" : {
      "serviceName" : "RMSPayments",
      "serviceVersion" : "1.0",
      "operationName" : "paymentUpdate"
    },
    "relationshipHierarchyMapping" : {
      "name" : "PaymentUpdate",
      "children" : [ ],
      "actions" : { },
      "selected" : true
    },
    "requestXmlMappingOverride" : false,
    "responseXmlMappingOverride" : true,
    "mapperData" : [ {
      "name" : "base mapper1",
      "order" : 1,
      "iMapping" : "<?xml version=\"1.0\" encoding=\"UTF-8\" standalone=\"yes\"?><mapper xmlns=\"http://www.kony.com/ns/mapper\">  <map inputpath=\"request_in\" outputpath=\"request_out\">    <set-param inputpath=\"app_payment_id\" outputpath=\"app_payment_id\"/>    <set-param inputpath=\"channel_id\" outputpath=\"channel_id\"/>    <set-param inputpath=\"payment_state\" outputpath=\"payment_state\"/>    <set-param inputpath=\"platform\" outputpath=\"platform\"/>  </map></mapper>",
      "oMapping" : "<?xml version=\"1.0\" encoding=\"UTF-8\" standalone=\"yes\"?><mapper xmlns=\"http://www.kony.com/ns/mapper\">    <map inputpath=\"response_in\" outputpath=\"response_out\">        <map inputpath=\"\" outputpath=\"PaymentUpdate\">            <set-param inputpath=\"error_code\" outputpath=\"error_code\"/>            <set-param inputpath=\"message\" outputpath=\"message\"/>            <set-param inputpath=\"request_id\" outputpath=\"request_id\"/>           </map>    </map></mapper>",
      "iVisualMappingData" : "{\"nodeDataArray\":[{\"isGroup\":true,\"key\":\"request_in\",\"text\":\"PaymentUpdate\",\"xy\":\"150 100\"},{\"isGroup\":true,\"key\":\"request_out\",\"text\":\"RMSPayments (1.0).paymentUpdate\",\"xy\":\"770 100\"}],\"linkDataArray\":[{\"category\":\"Mapping\",\"from\":\"source:PaymentUpdate:app_payment_id:\",\"to\":\"target:app_payment_id:\",\"fromPort\":\"source:PaymentUpdate:app_payment_id:\",\"toPort\":\"target:app_payment_id:\",\"visible\":true,\"common\":true},{\"category\":\"Mapping\",\"from\":\"source:PaymentUpdate:channel_id:\",\"to\":\"target:channel_id:\",\"fromPort\":\"source:PaymentUpdate:channel_id:\",\"toPort\":\"target:channel_id:\",\"visible\":true,\"common\":true},{\"category\":\"Mapping\",\"from\":\"source:PaymentUpdate:payment_state:\",\"to\":\"target:payment_state:\",\"fromPort\":\"source:PaymentUpdate:payment_state:\",\"toPort\":\"target:payment_state:\",\"visible\":true,\"common\":true},{\"from\":\"source\",\"to\":\"source:PaymentUpdate\",\"fromPort\":\"source\",\"toPort\":\"source:PaymentUpdate\",\"visible\":true,\"common\":false},{\"from\":\"source:PaymentUpdate\",\"to\":\"source:PaymentUpdate:t_p_fields\",\"fromPort\":\"source:PaymentUpdate\",\"toPort\":\"source:PaymentUpdate:t_p_fields\",\"visible\":true,\"common\":false},{\"from\":\"source:PaymentUpdate:t_p_fields\",\"to\":\"source:PaymentUpdate:application_id:\",\"fromPort\":\"source:PaymentUpdate:t_p_fields\",\"toPort\":\"source:PaymentUpdate:application_id:\",\"visible\":true,\"common\":false},{\"from\":\"source:PaymentUpdate:t_p_fields\",\"to\":\"source:PaymentUpdate:app_payment_id:\",\"fromPort\":\"source:PaymentUpdate:t_p_fields\",\"toPort\":\"source:PaymentUpdate:app_payment_id:\",\"visible\":true,\"common\":false},{\"from\":\"source:PaymentUpdate:t_p_fields\",\"to\":\"source:PaymentUpdate:channel_id:\",\"fromPort\":\"source:PaymentUpdate:t_p_fields\",\"toPort\":\"source:PaymentUpdate:channel_id:\",\"visible\":true,\"common\":false},{\"from\":\"source:PaymentUpdate:t_p_fields\",\"to\":\"source:PaymentUpdate:error_code:\",\"fromPort\":\"source:PaymentUpdate:t_p_fields\",\"toPort\":\"source:PaymentUpdate:error_code:\",\"visible\":true,\"common\":false},{\"from\":\"source:PaymentUpdate:t_p_fields\",\"to\":\"source:PaymentUpdate:message:\",\"fromPort\":\"source:PaymentUpdate:t_p_fields\",\"toPort\":\"source:PaymentUpdate:message:\",\"visible\":true,\"common\":false},{\"from\":\"source:PaymentUpdate:t_p_fields\",\"to\":\"source:PaymentUpdate:payment_state:\",\"fromPort\":\"source:PaymentUpdate:t_p_fields\",\"toPort\":\"source:PaymentUpdate:payment_state:\",\"visible\":true,\"common\":false},{\"from\":\"source:PaymentUpdate:t_p_fields\",\"to\":\"source:PaymentUpdate:request_id:\",\"fromPort\":\"source:PaymentUpdate:t_p_fields\",\"toPort\":\"source:PaymentUpdate:request_id:\",\"visible\":true,\"common\":false},{\"from\":\"source:PaymentUpdate:t_p_fields\",\"to\":\"source:PaymentUpdate:platform:\",\"fromPort\":\"source:PaymentUpdate:t_p_fields\",\"toPort\":\"source:PaymentUpdate:platform:\",\"visible\":true,\"common\":false},{\"from\":\"target\",\"to\":\"target:t_p_parameters\",\"fromPort\":\"target\",\"toPort\":\"target:t_p_parameters\",\"visible\":true,\"common\":false},{\"from\":\"target:t_p_parameters\",\"to\":\"target:app_payment_id:\",\"fromPort\":\"target:t_p_parameters\",\"toPort\":\"target:app_payment_id:\",\"visible\":true,\"common\":false},{\"from\":\"target:t_p_parameters\",\"to\":\"target:application_id:\",\"fromPort\":\"target:t_p_parameters\",\"toPort\":\"target:application_id:\",\"visible\":true,\"common\":false},{\"from\":\"target:t_p_parameters\",\"to\":\"target:channel_id:\",\"fromPort\":\"target:t_p_parameters\",\"toPort\":\"target:channel_id:\",\"visible\":true,\"common\":false},{\"from\":\"target:t_p_parameters\",\"to\":\"target:payment_state:\",\"fromPort\":\"target:t_p_parameters\",\"toPort\":\"target:payment_state:\",\"visible\":true,\"common\":false},{\"from\":\"target:t_p_parameters\",\"to\":\"target:platform:\",\"fromPort\":\"target:t_p_parameters\",\"toPort\":\"target:platform:\",\"visible\":true,\"common\":false},{\"category\":\"Mapping\",\"visible\":true,\"from\":\"source:PaymentUpdate:platform:\",\"to\":\"target:platform:\",\"fromPort\":\"source:PaymentUpdate:platform:\",\"toPort\":\"target:platform:\"}],\"blockCount\":{\"variableCount\":0},\"variableMap\":{},\"xmlMappingOverride\":false}",
      "oVisualMappingData" : "{\"nodeDataArray\":[{\"isGroup\":true,\"key\":\"response_out\",\"text\":\"PaymentUpdate\",\"xy\":\"770 100\"},{\"isGroup\":true,\"key\":\"response_in\",\"text\":\"RMSPayments (1.0).paymentUpdate\",\"xy\":\"150 100\"}],\"linkDataArray\":[{\"category\":\"Mapping\",\"from\":\"source:error_code:\",\"to\":\"target:PaymentUpdate:error_code:\",\"fromPort\":\"source:error_code:\",\"toPort\":\"target:PaymentUpdate:error_code:\",\"visible\":true,\"common\":true},{\"category\":\"Mapping\",\"from\":\"source:message:\",\"to\":\"target:PaymentUpdate:message:\",\"fromPort\":\"source:message:\",\"toPort\":\"target:PaymentUpdate:message:\",\"visible\":true,\"common\":true},{\"category\":\"Mapping\",\"from\":\"source:request_id:\",\"to\":\"target:PaymentUpdate:request_id:\",\"fromPort\":\"source:request_id:\",\"toPort\":\"target:PaymentUpdate:request_id:\",\"visible\":true,\"common\":true},{\"from\":\"target\",\"to\":\"target:PaymentUpdate\",\"fromPort\":\"target\",\"toPort\":\"target:PaymentUpdate\",\"visible\":true,\"common\":false},{\"from\":\"target:PaymentUpdate\",\"to\":\"target:PaymentUpdate:t_p_fields\",\"fromPort\":\"target:PaymentUpdate\",\"toPort\":\"target:PaymentUpdate:t_p_fields\",\"visible\":true,\"common\":false},{\"from\":\"target:PaymentUpdate:t_p_fields\",\"to\":\"target:PaymentUpdate:application_id:\",\"fromPort\":\"target:PaymentUpdate:t_p_fields\",\"toPort\":\"target:PaymentUpdate:application_id:\",\"visible\":true,\"common\":false},{\"from\":\"target:PaymentUpdate:t_p_fields\",\"to\":\"target:PaymentUpdate:app_payment_id:\",\"fromPort\":\"target:PaymentUpdate:t_p_fields\",\"toPort\":\"target:PaymentUpdate:app_payment_id:\",\"visible\":true,\"common\":false},{\"from\":\"target:PaymentUpdate:t_p_fields\",\"to\":\"target:PaymentUpdate:channel_id:\",\"fromPort\":\"target:PaymentUpdate:t_p_fields\",\"toPort\":\"target:PaymentUpdate:channel_id:\",\"visible\":true,\"common\":false},{\"from\":\"target:PaymentUpdate:t_p_fields\",\"to\":\"target:PaymentUpdate:error_code:\",\"fromPort\":\"target:PaymentUpdate:t_p_fields\",\"toPort\":\"target:PaymentUpdate:error_code:\",\"visible\":true,\"common\":false},{\"from\":\"target:PaymentUpdate:t_p_fields\",\"to\":\"target:PaymentUpdate:message:\",\"fromPort\":\"target:PaymentUpdate:t_p_fields\",\"toPort\":\"target:PaymentUpdate:message:\",\"visible\":true,\"common\":false},{\"from\":\"target:PaymentUpdate:t_p_fields\",\"to\":\"target:PaymentUpdate:payment_state:\",\"fromPort\":\"target:PaymentUpdate:t_p_fields\",\"toPort\":\"target:PaymentUpdate:payment_state:\",\"visible\":true,\"common\":false},{\"from\":\"target:PaymentUpdate:t_p_fields\",\"to\":\"target:PaymentUpdate:request_id:\",\"fromPort\":\"target:PaymentUpdate:t_p_fields\",\"toPort\":\"target:PaymentUpdate:request_id:\",\"visible\":true,\"common\":false},{\"from\":\"target:PaymentUpdate:t_p_fields\",\"to\":\"target:PaymentUpdate:platform:\",\"fromPort\":\"target:PaymentUpdate:t_p_fields\",\"toPort\":\"target:PaymentUpdate:platform:\",\"visible\":true,\"common\":false},{\"from\":\"source\",\"to\":\"source:t_p_parameters\",\"fromPort\":\"source\",\"toPort\":\"source:t_p_parameters\",\"visible\":true,\"common\":false},{\"from\":\"source:t_p_parameters\",\"to\":\"source:error_code:\",\"fromPort\":\"source:t_p_parameters\",\"toPort\":\"source:error_code:\",\"visible\":true,\"common\":false},{\"from\":\"source:t_p_parameters\",\"to\":\"source:message:\",\"fromPort\":\"source:t_p_parameters\",\"toPort\":\"source:message:\",\"visible\":true,\"common\":false},{\"from\":\"source:t_p_parameters\",\"to\":\"source:request_id:\",\"fromPort\":\"source:t_p_parameters\",\"toPort\":\"source:request_id:\",\"visible\":true,\"common\":false}],\"blockCount\":{\"variableCount\":0},\"variableMap\":{},\"xmlMappingOverride\":true}",
      "requestXmlMappingOverride" : false,
      "responseXmlMappingOverride" : true,
      "disabled" : false,
      "applyCommonMapping" : false,
      "applyRequestCommonMapping" : false,
      "applyResponseCommonMapping" : false
    } ]
  },
  "enableFrontendUrl" : false,
  "customVerb" : false
}