{
  "operationConfig" : {
    "name" : "initiate7850",
    "type" : "MappedToBackend",
    "cachable" : false,
    "smsEnabled" : false,
    "security" : "authorized_app",
    "responseEncoding" : "UTF-8",
    "httpMethod" : "GET",
    "decodeResponseBody" : false,
    "iMapping" : "<?xml version=\"1.0\" encoding=\"UTF-8\" standalone=\"yes\"?>\n<mapper xmlns=\"http://www.kony.com/ns/mapper\">\n    <map inputpath=\"request_in\" outputpath=\"request_out\">\n        <set-param inputpath=\"acr_values\" outputpath=\"acr_values\"/>\n        <set-param inputpath=\"client_notification_token\" outputpath=\"client_notification_token\"/>\n        <set-param inputpath=\"deviceId\" outputpath=\"deviceId\"/>\n        <set-param inputpath=\"login_hint_token\" outputpath=\"login_hint_token\"/>\n        <set-param inputpath=\"scope\" outputpath=\"scope\"/>\n        <set-param inputpath=\"tds\" outputpath=\"tds\"/>\n        <set-param inputpath=\"username\" outputpath=\"username\"/>\n    </map>\n</mapper>\n",
    "oMapping" : "<?xml version=\"1.0\" encoding=\"UTF-8\" standalone=\"yes\"?>\n<mapper xmlns=\"http://www.kony.com/ns/mapper\">\n    <map inputpath=\"response_in\" outputpath=\"response_out\">\n        <map inputpath=\"\" outputpath=\"AprroveTransactInitiate\">\n            <set-param inputpath=\"auth_req_id\" outputpath=\"auth_req_id\"/>\n            <set-param inputpath=\"error\" outputpath=\"error\"/>\n            <set-param inputpath=\"error_description\" outputpath=\"error_description\"/>\n            <set-param inputpath=\"expires_in\" outputpath=\"expires_in\"/>\n            <set-param inputpath=\"interval\" outputpath=\"interval\"/>\n        </map>\n    </map>\n</mapper>\n",
    "iVisualMappingData" : "{\"nodeDataArray\":[{\"isGroup\":true,\"key\":\"request_in\",\"text\":\"AprroveTransactInitiate\",\"xy\":\"289 141\"},{\"isGroup\":true,\"key\":\"request_out\",\"text\":\"TransactionSigningApproveInit (1.0).initiate\",\"xy\":\"847 234\"}],\"linkDataArray\":[{\"category\":\"Mapping\",\"visible\":true,\"from\":\"source:AprroveTransactInitiate:acr_values:\",\"to\":\"target:acr_values:\",\"fromPort\":\"source:AprroveTransactInitiate:acr_values:\",\"toPort\":\"target:acr_values:\"},{\"category\":\"Mapping\",\"visible\":true,\"from\":\"source:AprroveTransactInitiate:client_notification_token:\",\"to\":\"target:client_notification_token:\",\"fromPort\":\"source:AprroveTransactInitiate:client_notification_token:\",\"toPort\":\"target:client_notification_token:\"},{\"category\":\"Mapping\",\"visible\":true,\"from\":\"source:AprroveTransactInitiate:deviceId:\",\"to\":\"target:deviceId:\",\"fromPort\":\"source:AprroveTransactInitiate:deviceId:\",\"toPort\":\"target:deviceId:\"},{\"category\":\"Mapping\",\"visible\":true,\"from\":\"source:AprroveTransactInitiate:login_hint_token:\",\"to\":\"target:login_hint_token:\",\"fromPort\":\"source:AprroveTransactInitiate:login_hint_token:\",\"toPort\":\"target:login_hint_token:\"},{\"category\":\"Mapping\",\"visible\":true,\"from\":\"source:AprroveTransactInitiate:scope:\",\"to\":\"target:scope:\",\"fromPort\":\"source:AprroveTransactInitiate:scope:\",\"toPort\":\"target:scope:\"},{\"category\":\"Mapping\",\"visible\":true,\"from\":\"source:AprroveTransactInitiate:tds:\",\"to\":\"target:tds:\",\"fromPort\":\"source:AprroveTransactInitiate:tds:\",\"toPort\":\"target:tds:\"},{\"category\":\"Mapping\",\"visible\":true,\"from\":\"source:AprroveTransactInitiate:username:\",\"to\":\"target:username:\",\"fromPort\":\"source:AprroveTransactInitiate:username:\",\"toPort\":\"target:username:\"}],\"blockCount\":{\"variableCount\":0},\"variableMap\":{},\"xmlMappingOverride\":false}",
    "oVisualMappingData" : "{\"nodeDataArray\":[{\"isGroup\":true,\"key\":\"response_out\",\"text\":\"AprroveTransactInitiate\",\"xy\":\"770 100\"},{\"isGroup\":true,\"key\":\"response_in\",\"text\":\"TransactionSigningApproveInit (1.0).initiate\",\"xy\":\"270 180\"}],\"linkDataArray\":[{\"category\":\"Mapping\",\"visible\":true,\"from\":\"source:auth_req_id:\",\"to\":\"target:AprroveTransactInitiate:auth_req_id:\",\"fromPort\":\"source:auth_req_id:\",\"toPort\":\"target:AprroveTransactInitiate:auth_req_id:\"},{\"category\":\"Mapping\",\"visible\":true,\"from\":\"source:error:\",\"to\":\"target:AprroveTransactInitiate:error:\",\"fromPort\":\"source:error:\",\"toPort\":\"target:AprroveTransactInitiate:error:\"},{\"category\":\"Mapping\",\"visible\":true,\"from\":\"source:error_description:\",\"to\":\"target:AprroveTransactInitiate:error_description:\",\"fromPort\":\"source:error_description:\",\"toPort\":\"target:AprroveTransactInitiate:error_description:\"},{\"category\":\"Mapping\",\"visible\":true,\"from\":\"source:expires_in:\",\"to\":\"target:AprroveTransactInitiate:expires_in:\",\"fromPort\":\"source:expires_in:\",\"toPort\":\"target:AprroveTransactInitiate:expires_in:\"},{\"category\":\"Mapping\",\"visible\":true,\"from\":\"source:interval:\",\"to\":\"target:AprroveTransactInitiate:interval:\",\"fromPort\":\"source:interval:\",\"toPort\":\"target:AprroveTransactInitiate:interval:\"}],\"blockCount\":{\"variableCount\":0},\"variableMap\":{},\"xmlMappingOverride\":false}",
    "applyCommonMapping" : false,
    "applyRequestCommonMapping" : false,
    "applyResponseCommonMapping" : false,
    "backendMeta" : {
      "serviceName" : "TransactionSigningApproveInit",
      "serviceVersion" : "1.0",
      "operationName" : "initiate"
    },
    "relationshipHierarchyMapping" : {
      "children" : [ ],
      "name" : "AprroveTransactInitiate",
      "actions" : { },
      "selected" : true
    },
    "requestXmlMappingOverride" : false,
    "responseXmlMappingOverride" : false,
    "mapperData" : [ {
      "name" : "base mapper1",
      "order" : 1,
      "iMapping" : "<?xml version=\"1.0\" encoding=\"UTF-8\" standalone=\"yes\"?>\n<mapper xmlns=\"http://www.kony.com/ns/mapper\">\n    <map inputpath=\"request_in\" outputpath=\"request_out\">\n        <set-param inputpath=\"acr_values\" outputpath=\"acr_values\"/>\n        <set-param inputpath=\"client_notification_token\" outputpath=\"client_notification_token\"/>\n        <set-param inputpath=\"deviceId\" outputpath=\"deviceId\"/>\n        <set-param inputpath=\"login_hint_token\" outputpath=\"login_hint_token\"/>\n        <set-param inputpath=\"scope\" outputpath=\"scope\"/>\n        <set-param inputpath=\"tds\" outputpath=\"tds\"/>\n        <set-param inputpath=\"username\" outputpath=\"username\"/>\n    </map>\n</mapper>\n",
      "oMapping" : "<?xml version=\"1.0\" encoding=\"UTF-8\" standalone=\"yes\"?>\n<mapper xmlns=\"http://www.kony.com/ns/mapper\">\n    <map inputpath=\"response_in\" outputpath=\"response_out\">\n        <map inputpath=\"\" outputpath=\"AprroveTransactInitiate\">\n            <set-param inputpath=\"auth_req_id\" outputpath=\"auth_req_id\"/>\n            <set-param inputpath=\"error\" outputpath=\"error\"/>\n            <set-param inputpath=\"error_description\" outputpath=\"error_description\"/>\n            <set-param inputpath=\"expires_in\" outputpath=\"expires_in\"/>\n            <set-param inputpath=\"interval\" outputpath=\"interval\"/>\n        </map>\n    </map>\n</mapper>\n",
      "iVisualMappingData" : "{\"nodeDataArray\":[{\"isGroup\":true,\"key\":\"request_in\",\"text\":\"AprroveTransactInitiate\",\"xy\":\"289 141\"},{\"isGroup\":true,\"key\":\"request_out\",\"text\":\"TransactionSigningApproveInit (1.0).initiate\",\"xy\":\"847 234\"}],\"linkDataArray\":[{\"category\":\"Mapping\",\"visible\":true,\"from\":\"source:AprroveTransactInitiate:acr_values:\",\"to\":\"target:acr_values:\",\"fromPort\":\"source:AprroveTransactInitiate:acr_values:\",\"toPort\":\"target:acr_values:\"},{\"category\":\"Mapping\",\"visible\":true,\"from\":\"source:AprroveTransactInitiate:client_notification_token:\",\"to\":\"target:client_notification_token:\",\"fromPort\":\"source:AprroveTransactInitiate:client_notification_token:\",\"toPort\":\"target:client_notification_token:\"},{\"category\":\"Mapping\",\"visible\":true,\"from\":\"source:AprroveTransactInitiate:deviceId:\",\"to\":\"target:deviceId:\",\"fromPort\":\"source:AprroveTransactInitiate:deviceId:\",\"toPort\":\"target:deviceId:\"},{\"category\":\"Mapping\",\"visible\":true,\"from\":\"source:AprroveTransactInitiate:login_hint_token:\",\"to\":\"target:login_hint_token:\",\"fromPort\":\"source:AprroveTransactInitiate:login_hint_token:\",\"toPort\":\"target:login_hint_token:\"},{\"category\":\"Mapping\",\"visible\":true,\"from\":\"source:AprroveTransactInitiate:scope:\",\"to\":\"target:scope:\",\"fromPort\":\"source:AprroveTransactInitiate:scope:\",\"toPort\":\"target:scope:\"},{\"category\":\"Mapping\",\"visible\":true,\"from\":\"source:AprroveTransactInitiate:tds:\",\"to\":\"target:tds:\",\"fromPort\":\"source:AprroveTransactInitiate:tds:\",\"toPort\":\"target:tds:\"},{\"category\":\"Mapping\",\"visible\":true,\"from\":\"source:AprroveTransactInitiate:username:\",\"to\":\"target:username:\",\"fromPort\":\"source:AprroveTransactInitiate:username:\",\"toPort\":\"target:username:\"}],\"blockCount\":{\"variableCount\":0},\"variableMap\":{},\"xmlMappingOverride\":false}",
      "oVisualMappingData" : "{\"nodeDataArray\":[{\"isGroup\":true,\"key\":\"response_out\",\"text\":\"AprroveTransactInitiate\",\"xy\":\"770 100\"},{\"isGroup\":true,\"key\":\"response_in\",\"text\":\"TransactionSigningApproveInit (1.0).initiate\",\"xy\":\"270 180\"}],\"linkDataArray\":[{\"category\":\"Mapping\",\"visible\":true,\"from\":\"source:auth_req_id:\",\"to\":\"target:AprroveTransactInitiate:auth_req_id:\",\"fromPort\":\"source:auth_req_id:\",\"toPort\":\"target:AprroveTransactInitiate:auth_req_id:\"},{\"category\":\"Mapping\",\"visible\":true,\"from\":\"source:error:\",\"to\":\"target:AprroveTransactInitiate:error:\",\"fromPort\":\"source:error:\",\"toPort\":\"target:AprroveTransactInitiate:error:\"},{\"category\":\"Mapping\",\"visible\":true,\"from\":\"source:error_description:\",\"to\":\"target:AprroveTransactInitiate:error_description:\",\"fromPort\":\"source:error_description:\",\"toPort\":\"target:AprroveTransactInitiate:error_description:\"},{\"category\":\"Mapping\",\"visible\":true,\"from\":\"source:expires_in:\",\"to\":\"target:AprroveTransactInitiate:expires_in:\",\"fromPort\":\"source:expires_in:\",\"toPort\":\"target:AprroveTransactInitiate:expires_in:\"},{\"category\":\"Mapping\",\"visible\":true,\"from\":\"source:interval:\",\"to\":\"target:AprroveTransactInitiate:interval:\",\"fromPort\":\"source:interval:\",\"toPort\":\"target:AprroveTransactInitiate:interval:\"}],\"blockCount\":{\"variableCount\":0},\"variableMap\":{},\"xmlMappingOverride\":false}",
      "requestXmlMappingOverride" : false,
      "responseXmlMappingOverride" : false,
      "disabled" : false,
      "applyCommonMapping" : false,
      "applyRequestCommonMapping" : false,
      "applyResponseCommonMapping" : false
    } ]
  }
}