{
  "operationConfig" : {
    "name" : "validateOTP3625",
    "type" : "MappedToBackend",
    "cachable" : false,
    "smsEnabled" : false,
    "security" : "authorized_app",
    "responseEncoding" : "UTF-8",
    "httpMethod" : "GET",
    "decodeResponseBody" : false,
    "iMapping" : "<?xml version=\"1.0\" encoding=\"UTF-8\" standalone=\"yes\"?>\n<mapper xmlns=\"http://www.kony.com/ns/mapper\">\n    <map inputpath=\"request_in\" outputpath=\"request_out\">\n        <set-param inputpath=\"AuthenticationType\" outputpath=\"AuthenticationType\"/>\n        <set-param inputpath=\"clientId\" outputpath=\"clientId\"/>\n        <set-param inputpath=\"OTP\" outputpath=\"OTP\"/>\n        <set-param inputpath=\"Username\" outputpath=\"Username\"/>\n    </map>\n</mapper>\n",
    "oMapping" : "<?xml version=\"1.0\" encoding=\"UTF-8\" standalone=\"yes\"?>\n<mapper xmlns=\"http://www.kony.com/ns/mapper\">\n    <map inputpath=\"response_in\" outputpath=\"response_out\">\n        <map inputpath=\"\" outputpath=\"ValidateOTP\">\n            <set-param inputpath=\"access_token\" outputpath=\"access_token\"/>\n            <set-param inputpath=\"error\" outputpath=\"error\"/>\n            <set-param inputpath=\"error_description\" outputpath=\"error_description\"/>\n            <set-param inputpath=\"id_token\" outputpath=\"id_token\"/>\n        </map>\n    </map>\n</mapper>\n",
    "iVisualMappingData" : "{\"nodeDataArray\":[{\"isGroup\":true,\"key\":\"request_in\",\"text\":\"ValidateOTP\",\"xy\":\"150 100\"},{\"isGroup\":true,\"key\":\"request_out\",\"text\":\"OTPServices (1.0).validateOTP\",\"xy\":\"770 100\"}],\"linkDataArray\":[{\"category\":\"Mapping\",\"visible\":true,\"from\":\"source:ValidateOTP:AuthenticationType:\",\"to\":\"target:AuthenticationType:\",\"fromPort\":\"source:ValidateOTP:AuthenticationType:\",\"toPort\":\"target:AuthenticationType:\"},{\"category\":\"Mapping\",\"visible\":true,\"from\":\"source:ValidateOTP:clientId:\",\"to\":\"target:clientId:\",\"fromPort\":\"source:ValidateOTP:clientId:\",\"toPort\":\"target:clientId:\"},{\"category\":\"Mapping\",\"visible\":true,\"from\":\"source:ValidateOTP:OTP:\",\"to\":\"target:OTP:\",\"fromPort\":\"source:ValidateOTP:OTP:\",\"toPort\":\"target:OTP:\"},{\"category\":\"Mapping\",\"visible\":true,\"from\":\"source:ValidateOTP:Username:\",\"to\":\"target:Username:\",\"fromPort\":\"source:ValidateOTP:Username:\",\"toPort\":\"target:Username:\"}],\"blockCount\":{\"variableCount\":0},\"variableMap\":{},\"xmlMappingOverride\":false}",
    "oVisualMappingData" : "{\"nodeDataArray\":[{\"isGroup\":true,\"key\":\"response_out\",\"text\":\"ValidateOTP\",\"xy\":\"770 100\"},{\"isGroup\":true,\"key\":\"response_in\",\"text\":\"OTPServices (1.0).validateOTP\",\"xy\":\"318 116\"}],\"linkDataArray\":[{\"category\":\"Mapping\",\"visible\":true,\"from\":\"source:access_token:\",\"to\":\"target:ValidateOTP:access_token:\",\"fromPort\":\"source:access_token:\",\"toPort\":\"target:ValidateOTP:access_token:\"},{\"category\":\"Mapping\",\"visible\":true,\"from\":\"source:error:\",\"to\":\"target:ValidateOTP:error:\",\"fromPort\":\"source:error:\",\"toPort\":\"target:ValidateOTP:error:\"},{\"category\":\"Mapping\",\"visible\":true,\"from\":\"source:error_description:\",\"to\":\"target:ValidateOTP:error_description:\",\"fromPort\":\"source:error_description:\",\"toPort\":\"target:ValidateOTP:error_description:\"},{\"category\":\"Mapping\",\"visible\":true,\"from\":\"source:id_token:\",\"to\":\"target:ValidateOTP:id_token:\",\"fromPort\":\"source:id_token:\",\"toPort\":\"target:ValidateOTP:id_token:\"}],\"blockCount\":{\"variableCount\":0},\"variableMap\":{},\"xmlMappingOverride\":false}",
    "applyCommonMapping" : false,
    "applyRequestCommonMapping" : false,
    "applyResponseCommonMapping" : false,
    "backendMeta" : {
      "serviceName" : "OTPServices",
      "serviceVersion" : "1.0",
      "operationName" : "validateOTP"
    },
    "relationshipHierarchyMapping" : {
      "children" : [ ],
      "name" : "ValidateOTP",
      "actions" : { },
      "selected" : true
    },
    "requestXmlMappingOverride" : false,
    "responseXmlMappingOverride" : false,
    "mapperData" : [ {
      "name" : "base mapper1",
      "order" : 1,
      "iMapping" : "<?xml version=\"1.0\" encoding=\"UTF-8\" standalone=\"yes\"?>\n<mapper xmlns=\"http://www.kony.com/ns/mapper\">\n    <map inputpath=\"request_in\" outputpath=\"request_out\">\n        <set-param inputpath=\"AuthenticationType\" outputpath=\"AuthenticationType\"/>\n        <set-param inputpath=\"clientId\" outputpath=\"clientId\"/>\n        <set-param inputpath=\"OTP\" outputpath=\"OTP\"/>\n        <set-param inputpath=\"Username\" outputpath=\"Username\"/>\n    </map>\n</mapper>\n",
      "oMapping" : "<?xml version=\"1.0\" encoding=\"UTF-8\" standalone=\"yes\"?>\n<mapper xmlns=\"http://www.kony.com/ns/mapper\">\n    <map inputpath=\"response_in\" outputpath=\"response_out\">\n        <map inputpath=\"\" outputpath=\"ValidateOTP\">\n            <set-param inputpath=\"access_token\" outputpath=\"access_token\"/>\n            <set-param inputpath=\"error\" outputpath=\"error\"/>\n            <set-param inputpath=\"error_description\" outputpath=\"error_description\"/>\n            <set-param inputpath=\"id_token\" outputpath=\"id_token\"/>\n        </map>\n    </map>\n</mapper>\n",
      "iVisualMappingData" : "{\"nodeDataArray\":[{\"isGroup\":true,\"key\":\"request_in\",\"text\":\"ValidateOTP\",\"xy\":\"150 100\"},{\"isGroup\":true,\"key\":\"request_out\",\"text\":\"OTPServices (1.0).validateOTP\",\"xy\":\"770 100\"}],\"linkDataArray\":[{\"category\":\"Mapping\",\"visible\":true,\"from\":\"source:ValidateOTP:AuthenticationType:\",\"to\":\"target:AuthenticationType:\",\"fromPort\":\"source:ValidateOTP:AuthenticationType:\",\"toPort\":\"target:AuthenticationType:\"},{\"category\":\"Mapping\",\"visible\":true,\"from\":\"source:ValidateOTP:clientId:\",\"to\":\"target:clientId:\",\"fromPort\":\"source:ValidateOTP:clientId:\",\"toPort\":\"target:clientId:\"},{\"category\":\"Mapping\",\"visible\":true,\"from\":\"source:ValidateOTP:OTP:\",\"to\":\"target:OTP:\",\"fromPort\":\"source:ValidateOTP:OTP:\",\"toPort\":\"target:OTP:\"},{\"category\":\"Mapping\",\"visible\":true,\"from\":\"source:ValidateOTP:Username:\",\"to\":\"target:Username:\",\"fromPort\":\"source:ValidateOTP:Username:\",\"toPort\":\"target:Username:\"}],\"blockCount\":{\"variableCount\":0},\"variableMap\":{},\"xmlMappingOverride\":false}",
      "oVisualMappingData" : "{\"nodeDataArray\":[{\"isGroup\":true,\"key\":\"response_out\",\"text\":\"ValidateOTP\",\"xy\":\"770 100\"},{\"isGroup\":true,\"key\":\"response_in\",\"text\":\"OTPServices (1.0).validateOTP\",\"xy\":\"318 116\"}],\"linkDataArray\":[{\"category\":\"Mapping\",\"visible\":true,\"from\":\"source:access_token:\",\"to\":\"target:ValidateOTP:access_token:\",\"fromPort\":\"source:access_token:\",\"toPort\":\"target:ValidateOTP:access_token:\"},{\"category\":\"Mapping\",\"visible\":true,\"from\":\"source:error:\",\"to\":\"target:ValidateOTP:error:\",\"fromPort\":\"source:error:\",\"toPort\":\"target:ValidateOTP:error:\"},{\"category\":\"Mapping\",\"visible\":true,\"from\":\"source:error_description:\",\"to\":\"target:ValidateOTP:error_description:\",\"fromPort\":\"source:error_description:\",\"toPort\":\"target:ValidateOTP:error_description:\"},{\"category\":\"Mapping\",\"visible\":true,\"from\":\"source:id_token:\",\"to\":\"target:ValidateOTP:id_token:\",\"fromPort\":\"source:id_token:\",\"toPort\":\"target:ValidateOTP:id_token:\"}],\"blockCount\":{\"variableCount\":0},\"variableMap\":{},\"xmlMappingOverride\":false}",
      "requestXmlMappingOverride" : false,
      "responseXmlMappingOverride" : false,
      "disabled" : false,
      "applyCommonMapping" : false,
      "applyRequestCommonMapping" : false,
      "applyResponseCommonMapping" : false
    } ]
  },
  "enableFrontendUrl" : false,
  "customVerb" : false
}