[ {
  "name" : "active",
  "sourceFieldname" : "active",
  "description" : "active",
  "dataType" : "string",
  "hasIndex" : false,
  "unique" : false,
  "primarykey" : false,
  "namefield" : false,
  "nullable" : true,
  "custom" : false,
  "createable" : true,
  "updateable" : true,
  "audit" : false,
  "customizable" : false,
  "fieldOrder" : 0,
  "fieldProperties" : {
    "autoGenerated" : "false"
  },
  "etag" : "9d7340bb-853b-40fe-923c-93987918425b",
  "isExtended" : false
}, {
  "name" : "authType",
  "sourceFieldname" : "authType",
  "description" : "authType",
  "dataType" : "string",
  "hasIndex" : false,
  "unique" : false,
  "primarykey" : false,
  "namefield" : false,
  "nullable" : true,
  "custom" : false,
  "createable" : true,
  "updateable" : true,
  "audit" : false,
  "customizable" : false,
  "fieldOrder" : 0,
  "fieldProperties" : {
    "autoGenerated" : "false"
  },
  "etag" : "e7188288-6bcc-4c82-9cdf-80b9d259e671",
  "isExtended" : false
}, {
  "name" : "errorCode",
  "sourceFieldname" : "errorCode",
  "description" : "errorCode",
  "dataType" : "string",
  "hasIndex" : false,
  "unique" : false,
  "primarykey" : false,
  "namefield" : false,
  "nullable" : true,
  "custom" : false,
  "createable" : true,
  "updateable" : true,
  "audit" : false,
  "customizable" : false,
  "fieldOrder" : 0,
  "fieldProperties" : {
    "autoGenerated" : "false"
  },
  "etag" : "09f6b187-e7f9-4196-9d00-3ca1c03d4f08",
  "isExtended" : false
}, {
  "name" : "filter",
  "sourceFieldname" : "filter",
  "description" : "filter",
  "dataType" : "string",
  "hasIndex" : false,
  "unique" : false,
  "primarykey" : false,
  "namefield" : false,
  "nullable" : true,
  "custom" : false,
  "createable" : true,
  "updateable" : true,
  "audit" : false,
  "customizable" : false,
  "fieldOrder" : 0,
  "fieldProperties" : {
    "autoGenerated" : "false"
  },
  "etag" : "94a0a0a2-2a21-4d1d-84e4-50eec4fabf70",
  "isExtended" : false
}, {
  "name" : "status",
  "sourceFieldname" : "status",
  "description" : "status",
  "dataType" : "boolean",
  "hasIndex" : false,
  "unique" : false,
  "primarykey" : false,
  "namefield" : false,
  "nullable" : true,
  "custom" : false,
  "createable" : true,
  "updateable" : true,
  "audit" : false,
  "customizable" : false,
  "fieldOrder" : 0,
  "fieldProperties" : {
    "autoGenerated" : "false"
  },
  "etag" : "eceec863-c902-467b-afc3-031ad4103aa0",
  "isExtended" : false
}, {
  "name" : "totalResults",
  "sourceFieldname" : "totalResults",
  "description" : "totalResults",
  "dataType" : "string",
  "hasIndex" : false,
  "unique" : false,
  "primarykey" : false,
  "namefield" : false,
  "nullable" : true,
  "custom" : false,
  "createable" : true,
  "updateable" : true,
  "audit" : false,
  "customizable" : false,
  "fieldOrder" : 0,
  "fieldProperties" : {
    "autoGenerated" : "false"
  },
  "etag" : "0ac09cda-bb7f-424c-87a0-c0a23f79535b",
  "isExtended" : false
}, {
  "name" : "UserAccountResetError",
  "sourceFieldname" : "UserAccountResetError",
  "description" : "UserAccountResetError",
  "dataType" : "string",
  "hasIndex" : false,
  "unique" : false,
  "primarykey" : false,
  "namefield" : false,
  "nullable" : true,
  "custom" : false,
  "createable" : true,
  "updateable" : true,
  "audit" : false,
  "customizable" : false,
  "fieldOrder" : 0,
  "fieldProperties" : {
    "autoGenerated" : "false"
  },
  "etag" : "06bfcf9d-8ad4-44a5-a3e6-19f55a8287b9",
  "isExtended" : false
}, {
  "name" : "userId",
  "sourceFieldname" : "userId",
  "description" : "userId",
  "dataType" : "string",
  "hasIndex" : false,
  "unique" : false,
  "primarykey" : false,
  "namefield" : false,
  "nullable" : true,
  "custom" : false,
  "createable" : true,
  "updateable" : true,
  "audit" : false,
  "customizable" : false,
  "fieldOrder" : 0,
  "fieldProperties" : {
    "autoGenerated" : "false"
  },
  "etag" : "e2770cf3-8090-4e97-95a5-041e65769a0b",
  "isExtended" : false
} ]