{
  "operationConfig" : {
    "name" : "ValidateUser9755",
    "type" : "MappedToBackend",
    "cachable" : false,
    "smsEnabled" : false,
    "security" : "authorized_app",
    "responseEncoding" : "UTF-8",
    "httpMethod" : "GET",
    "decodeResponseBody" : false,
    "iMapping" : "<?xml version=\"1.0\" encoding=\"UTF-8\" standalone=\"yes\"?><mapper xmlns=\"http://www.kony.com/ns/mapper\">        <map inputpath=\"request_in\" outputpath=\"request_out\">                <set-param inputpath=\"activationCode\" outputpath=\"activationCode\"/>                <set-param inputpath=\"authType\" outputpath=\"authType\"/>                <exec-function name=\"kony.string:concat\" output=\"$vars\" outputpath=\"result1\">                        <set-arg name=\"input1\" input=\"userName eq \"/>                        <set-arg inputpath=\"filter\"/>                </exec-function>                <set-param inputpath=\"$vars/result1\" outputpath=\"filter\"/>                <set-param inputpath=\"userid\" outputpath=\"userid\"/>                <set-param inputpath=\"username\" outputpath=\"username\"/>    <set-param inputpath=\"correlationId\" outputpath=\"correlationId\"/>  </map></mapper>",
    "oMapping" : "<?xml version=\"1.0\" encoding=\"UTF-8\" standalone=\"yes\"?><mapper xmlns=\"http://www.kony.com/ns/mapper\">  <map inputpath=\"response_in\" outputpath=\"response_out\">    <map inputpath=\"\" outputpath=\"ActivationCodeValidation\">      <set-param inputpath=\"activationAuthStatus\" outputpath=\"activationAuthStatus\"/>      <set-param inputpath=\"ActivationCodeError\" outputpath=\"ActivationCodeError\"/>      <set-param inputpath=\"ServErrCode\" outputpath=\"ServErrCode\"/>      <set-param inputpath=\"ServErrMsg\" outputpath=\"ServErrMsg\"/>      <set-param inputpath=\"totalResults\" outputpath=\"totalResults\"/>      <set-param inputpath=\"userId\" outputpath=\"userid\"/>      <set-param inputpath=\"Auth_Key\" outputpath=\"Auth_Key\"/>    </map>  </map></mapper>",
    "iVisualMappingData" : "{\"nodeDataArray\":[{\"isGroup\":true,\"key\":\"request_in\",\"text\":\"ActivationCodeValidation\",\"xy\":\"152 292\"},{\"isGroup\":true,\"key\":\"request_out\",\"text\":\"OnbaordingValidation (2.0).ValidateUser\",\"xy\":\"843 350\"},{\"key\":\"block:kony.util:constant:1\",\"name\":\"kony.basic:constant\",\"text\":\"Constant\",\"category\":\"functionTemplateConstant\",\"outPortId\":\"externalId eq \",\"outPortText\":\"value\",\"loc\":\"411 284\",\"visible\":true},{\"key\":\"block:kony.string:concat:1\",\"name\":\"kony.string:stringConcatenate\",\"text\":\"String Concatenate\",\"category\":\"functionTemplateNTo1\",\"outPortId\":\"result1\",\"outPortText\":\"result\",\"valueArray\":[{\"inPortId\":\"input1\",\"inPortText\":\"value\",\"__gohashid\":87986},{\"inPortId\":\"input2\",\"inPortText\":\"value\",\"__gohashid\":88049}],\"loc\":\"542 267\",\"visible\":true}],\"linkDataArray\":[{\"category\":\"Mapping\",\"visible\":true,\"from\":\"block:kony.util:constant:1\",\"to\":\"block:kony.string:concat:1\",\"fromPort\":\"externalId eq \",\"toPort\":\"input1\"},{\"category\":\"Mapping\",\"visible\":true,\"from\":\"source:ActivationCodeValidation:filter:\",\"to\":\"block:kony.string:concat:1\",\"fromPort\":\"source:ActivationCodeValidation:filter:\",\"toPort\":\"input2\"},{\"category\":\"Mapping\",\"visible\":true,\"from\":\"block:kony.string:concat:1\",\"to\":\"target:filter:\",\"fromPort\":\"result1\",\"toPort\":\"target:filter:\"},{\"from\":\"source\",\"to\":\"source:ActivationCodeValidation\",\"fromPort\":\"source\",\"toPort\":\"source:ActivationCodeValidation\",\"visible\":true,\"common\":false},{\"from\":\"source:ActivationCodeValidation\",\"to\":\"source:ActivationCodeValidation:t_p_fields\",\"fromPort\":\"source:ActivationCodeValidation\",\"toPort\":\"source:ActivationCodeValidation:t_p_fields\",\"visible\":true,\"common\":false},{\"from\":\"source:ActivationCodeValidation:t_p_fields\",\"to\":\"source:ActivationCodeValidation:activationAuthStatus:\",\"fromPort\":\"source:ActivationCodeValidation:t_p_fields\",\"toPort\":\"source:ActivationCodeValidation:activationAuthStatus:\",\"visible\":true,\"common\":false},{\"from\":\"source:ActivationCodeValidation:t_p_fields\",\"to\":\"source:ActivationCodeValidation:activationCode:\",\"fromPort\":\"source:ActivationCodeValidation:t_p_fields\",\"toPort\":\"source:ActivationCodeValidation:activationCode:\",\"visible\":true,\"common\":false},{\"from\":\"source:ActivationCodeValidation:t_p_fields\",\"to\":\"source:ActivationCodeValidation:ActivationCodeError:\",\"fromPort\":\"source:ActivationCodeValidation:t_p_fields\",\"toPort\":\"source:ActivationCodeValidation:ActivationCodeError:\",\"visible\":true,\"common\":false},{\"from\":\"source:ActivationCodeValidation:t_p_fields\",\"to\":\"source:ActivationCodeValidation:active:\",\"fromPort\":\"source:ActivationCodeValidation:t_p_fields\",\"toPort\":\"source:ActivationCodeValidation:active:\",\"visible\":true,\"common\":false},{\"from\":\"source:ActivationCodeValidation:t_p_fields\",\"to\":\"source:ActivationCodeValidation:authType:\",\"fromPort\":\"source:ActivationCodeValidation:t_p_fields\",\"toPort\":\"source:ActivationCodeValidation:authType:\",\"visible\":true,\"common\":false},{\"from\":\"source:ActivationCodeValidation:t_p_fields\",\"to\":\"source:ActivationCodeValidation:consecutiveFailed:\",\"fromPort\":\"source:ActivationCodeValidation:t_p_fields\",\"toPort\":\"source:ActivationCodeValidation:consecutiveFailed:\",\"visible\":true,\"common\":false},{\"from\":\"source:ActivationCodeValidation:t_p_fields\",\"to\":\"source:ActivationCodeValidation:consecutiveSuccess:\",\"fromPort\":\"source:ActivationCodeValidation:t_p_fields\",\"toPort\":\"source:ActivationCodeValidation:consecutiveSuccess:\",\"visible\":true,\"common\":false},{\"from\":\"source:ActivationCodeValidation:t_p_fields\",\"to\":\"source:ActivationCodeValidation:expiryDate:\",\"fromPort\":\"source:ActivationCodeValidation:t_p_fields\",\"toPort\":\"source:ActivationCodeValidation:expiryDate:\",\"visible\":true,\"common\":false},{\"from\":\"source:ActivationCodeValidation:t_p_fields\",\"to\":\"source:ActivationCodeValidation:filter:\",\"fromPort\":\"source:ActivationCodeValidation:t_p_fields\",\"toPort\":\"source:ActivationCodeValidation:filter:\",\"visible\":true,\"common\":false},{\"from\":\"source:ActivationCodeValidation:t_p_fields\",\"to\":\"source:ActivationCodeValidation:ServErrCode:\",\"fromPort\":\"source:ActivationCodeValidation:t_p_fields\",\"toPort\":\"source:ActivationCodeValidation:ServErrCode:\",\"visible\":true,\"common\":false},{\"from\":\"source:ActivationCodeValidation:t_p_fields\",\"to\":\"source:ActivationCodeValidation:ServErrMsg:\",\"fromPort\":\"source:ActivationCodeValidation:t_p_fields\",\"toPort\":\"source:ActivationCodeValidation:ServErrMsg:\",\"visible\":true,\"common\":false},{\"from\":\"source:ActivationCodeValidation:t_p_fields\",\"to\":\"source:ActivationCodeValidation:totalResults:\",\"fromPort\":\"source:ActivationCodeValidation:t_p_fields\",\"toPort\":\"source:ActivationCodeValidation:totalResults:\",\"visible\":true,\"common\":false},{\"from\":\"source:ActivationCodeValidation:t_p_fields\",\"to\":\"source:ActivationCodeValidation:userid:\",\"fromPort\":\"source:ActivationCodeValidation:t_p_fields\",\"toPort\":\"source:ActivationCodeValidation:userid:\",\"visible\":true,\"common\":false},{\"from\":\"source:ActivationCodeValidation:t_p_fields\",\"to\":\"source:ActivationCodeValidation:username:\",\"fromPort\":\"source:ActivationCodeValidation:t_p_fields\",\"toPort\":\"source:ActivationCodeValidation:username:\",\"visible\":true,\"common\":false},{\"from\":\"source:ActivationCodeValidation:t_p_fields\",\"to\":\"source:ActivationCodeValidation:validationStatus:\",\"fromPort\":\"source:ActivationCodeValidation:t_p_fields\",\"toPort\":\"source:ActivationCodeValidation:validationStatus:\",\"visible\":true,\"common\":false},{\"from\":\"source:ActivationCodeValidation:t_p_fields\",\"to\":\"source:ActivationCodeValidation:ExternalUserId:\",\"fromPort\":\"source:ActivationCodeValidation:t_p_fields\",\"toPort\":\"source:ActivationCodeValidation:ExternalUserId:\",\"visible\":true,\"common\":false},{\"from\":\"source:ActivationCodeValidation:t_p_fields\",\"to\":\"source:ActivationCodeValidation:Auth_Key:\",\"fromPort\":\"source:ActivationCodeValidation:t_p_fields\",\"toPort\":\"source:ActivationCodeValidation:Auth_Key:\",\"visible\":true,\"common\":false},{\"from\":\"target\",\"to\":\"target:t_p_parameters\",\"fromPort\":\"target\",\"toPort\":\"target:t_p_parameters\",\"visible\":true,\"common\":false},{\"from\":\"target:t_p_parameters\",\"to\":\"target:activationCode:\",\"fromPort\":\"target:t_p_parameters\",\"toPort\":\"target:activationCode:\",\"visible\":true,\"common\":false},{\"from\":\"target:t_p_parameters\",\"to\":\"target:authType:\",\"fromPort\":\"target:t_p_parameters\",\"toPort\":\"target:authType:\",\"visible\":true,\"common\":false},{\"from\":\"target:t_p_parameters\",\"to\":\"target:filter:\",\"fromPort\":\"target:t_p_parameters\",\"toPort\":\"target:filter:\",\"visible\":true,\"common\":false},{\"from\":\"target:t_p_parameters\",\"to\":\"target:userid:\",\"fromPort\":\"target:t_p_parameters\",\"toPort\":\"target:userid:\",\"visible\":true,\"common\":false},{\"from\":\"target:t_p_parameters\",\"to\":\"target:username:\",\"fromPort\":\"target:t_p_parameters\",\"toPort\":\"target:username:\",\"visible\":true,\"common\":false}],\"blockCount\":{\"variableCount\":1,\"constant\":1,\"stringConcatenate\":1},\"variableMap\":{\"result1\":true},\"xmlMappingOverride\":true}",
    "oVisualMappingData" : "{\"nodeDataArray\":[{\"isGroup\":true,\"key\":\"response_out\",\"text\":\"ActivationCodeValidation\",\"xy\":\"770 100\"},{\"isGroup\":true,\"key\":\"response_in\",\"text\":\"OnbaordingValidation (2.0).ValidateUser\",\"xy\":\"253 81\"}],\"linkDataArray\":[{\"category\":\"Mapping\",\"visible\":true,\"from\":\"source:ActivationCodeError:\",\"to\":\"target:ActivationCodeValidation:ActivationCodeError:\",\"fromPort\":\"source:ActivationCodeError:\",\"toPort\":\"target:ActivationCodeValidation:ActivationCodeError:\"},{\"category\":\"Mapping\",\"visible\":true,\"from\":\"source:ServErrCode:\",\"to\":\"target:ActivationCodeValidation:ServErrCode:\",\"fromPort\":\"source:ServErrCode:\",\"toPort\":\"target:ActivationCodeValidation:ServErrCode:\"},{\"category\":\"Mapping\",\"visible\":true,\"from\":\"source:ServErrMsg:\",\"to\":\"target:ActivationCodeValidation:ServErrMsg:\",\"fromPort\":\"source:ServErrMsg:\",\"toPort\":\"target:ActivationCodeValidation:ServErrMsg:\"},{\"category\":\"Mapping\",\"visible\":true,\"from\":\"source:activationAuthStatus:\",\"to\":\"target:ActivationCodeValidation:activationAuthStatus:\",\"fromPort\":\"source:activationAuthStatus:\",\"toPort\":\"target:ActivationCodeValidation:activationAuthStatus:\"},{\"category\":\"Mapping\",\"visible\":true,\"from\":\"source:totalResults:\",\"to\":\"target:ActivationCodeValidation:totalResults:\",\"fromPort\":\"source:totalResults:\",\"toPort\":\"target:ActivationCodeValidation:totalResults:\"},{\"category\":\"Mapping\",\"visible\":true,\"from\":\"source:userId:\",\"to\":\"target:ActivationCodeValidation:userid:\",\"fromPort\":\"source:userId:\",\"toPort\":\"target:ActivationCodeValidation:userid:\"},{\"from\":\"target\",\"to\":\"target:ActivationCodeValidation\",\"fromPort\":\"target\",\"toPort\":\"target:ActivationCodeValidation\",\"visible\":true,\"common\":false},{\"from\":\"target:ActivationCodeValidation\",\"to\":\"target:ActivationCodeValidation:t_p_fields\",\"fromPort\":\"target:ActivationCodeValidation\",\"toPort\":\"target:ActivationCodeValidation:t_p_fields\",\"visible\":true,\"common\":false},{\"from\":\"target:ActivationCodeValidation:t_p_fields\",\"to\":\"target:ActivationCodeValidation:activationAuthStatus:\",\"fromPort\":\"target:ActivationCodeValidation:t_p_fields\",\"toPort\":\"target:ActivationCodeValidation:activationAuthStatus:\",\"visible\":true,\"common\":false},{\"from\":\"target:ActivationCodeValidation:t_p_fields\",\"to\":\"target:ActivationCodeValidation:activationCode:\",\"fromPort\":\"target:ActivationCodeValidation:t_p_fields\",\"toPort\":\"target:ActivationCodeValidation:activationCode:\",\"visible\":true,\"common\":false},{\"from\":\"target:ActivationCodeValidation:t_p_fields\",\"to\":\"target:ActivationCodeValidation:ActivationCodeError:\",\"fromPort\":\"target:ActivationCodeValidation:t_p_fields\",\"toPort\":\"target:ActivationCodeValidation:ActivationCodeError:\",\"visible\":true,\"common\":false},{\"from\":\"target:ActivationCodeValidation:t_p_fields\",\"to\":\"target:ActivationCodeValidation:active:\",\"fromPort\":\"target:ActivationCodeValidation:t_p_fields\",\"toPort\":\"target:ActivationCodeValidation:active:\",\"visible\":true,\"common\":false},{\"from\":\"target:ActivationCodeValidation:t_p_fields\",\"to\":\"target:ActivationCodeValidation:authType:\",\"fromPort\":\"target:ActivationCodeValidation:t_p_fields\",\"toPort\":\"target:ActivationCodeValidation:authType:\",\"visible\":true,\"common\":false},{\"from\":\"target:ActivationCodeValidation:t_p_fields\",\"to\":\"target:ActivationCodeValidation:consecutiveFailed:\",\"fromPort\":\"target:ActivationCodeValidation:t_p_fields\",\"toPort\":\"target:ActivationCodeValidation:consecutiveFailed:\",\"visible\":true,\"common\":false},{\"from\":\"target:ActivationCodeValidation:t_p_fields\",\"to\":\"target:ActivationCodeValidation:consecutiveSuccess:\",\"fromPort\":\"target:ActivationCodeValidation:t_p_fields\",\"toPort\":\"target:ActivationCodeValidation:consecutiveSuccess:\",\"visible\":true,\"common\":false},{\"from\":\"target:ActivationCodeValidation:t_p_fields\",\"to\":\"target:ActivationCodeValidation:expiryDate:\",\"fromPort\":\"target:ActivationCodeValidation:t_p_fields\",\"toPort\":\"target:ActivationCodeValidation:expiryDate:\",\"visible\":true,\"common\":false},{\"from\":\"target:ActivationCodeValidation:t_p_fields\",\"to\":\"target:ActivationCodeValidation:filter:\",\"fromPort\":\"target:ActivationCodeValidation:t_p_fields\",\"toPort\":\"target:ActivationCodeValidation:filter:\",\"visible\":true,\"common\":false},{\"from\":\"target:ActivationCodeValidation:t_p_fields\",\"to\":\"target:ActivationCodeValidation:ServErrCode:\",\"fromPort\":\"target:ActivationCodeValidation:t_p_fields\",\"toPort\":\"target:ActivationCodeValidation:ServErrCode:\",\"visible\":true,\"common\":false},{\"from\":\"target:ActivationCodeValidation:t_p_fields\",\"to\":\"target:ActivationCodeValidation:ServErrMsg:\",\"fromPort\":\"target:ActivationCodeValidation:t_p_fields\",\"toPort\":\"target:ActivationCodeValidation:ServErrMsg:\",\"visible\":true,\"common\":false},{\"from\":\"target:ActivationCodeValidation:t_p_fields\",\"to\":\"target:ActivationCodeValidation:totalResults:\",\"fromPort\":\"target:ActivationCodeValidation:t_p_fields\",\"toPort\":\"target:ActivationCodeValidation:totalResults:\",\"visible\":true,\"common\":false},{\"from\":\"target:ActivationCodeValidation:t_p_fields\",\"to\":\"target:ActivationCodeValidation:userid:\",\"fromPort\":\"target:ActivationCodeValidation:t_p_fields\",\"toPort\":\"target:ActivationCodeValidation:userid:\",\"visible\":true,\"common\":false},{\"from\":\"target:ActivationCodeValidation:t_p_fields\",\"to\":\"target:ActivationCodeValidation:username:\",\"fromPort\":\"target:ActivationCodeValidation:t_p_fields\",\"toPort\":\"target:ActivationCodeValidation:username:\",\"visible\":true,\"common\":false},{\"from\":\"target:ActivationCodeValidation:t_p_fields\",\"to\":\"target:ActivationCodeValidation:validationStatus:\",\"fromPort\":\"target:ActivationCodeValidation:t_p_fields\",\"toPort\":\"target:ActivationCodeValidation:validationStatus:\",\"visible\":true,\"common\":false},{\"from\":\"target:ActivationCodeValidation:t_p_fields\",\"to\":\"target:ActivationCodeValidation:ExternalUserId:\",\"fromPort\":\"target:ActivationCodeValidation:t_p_fields\",\"toPort\":\"target:ActivationCodeValidation:ExternalUserId:\",\"visible\":true,\"common\":false},{\"from\":\"target:ActivationCodeValidation:t_p_fields\",\"to\":\"target:ActivationCodeValidation:Auth_Key:\",\"fromPort\":\"target:ActivationCodeValidation:t_p_fields\",\"toPort\":\"target:ActivationCodeValidation:Auth_Key:\",\"visible\":true,\"common\":false},{\"from\":\"source\",\"to\":\"source:t_p_parameters\",\"fromPort\":\"source\",\"toPort\":\"source:t_p_parameters\",\"visible\":true,\"common\":false},{\"from\":\"source:t_p_parameters\",\"to\":\"source:ActivationCodeError:\",\"fromPort\":\"source:t_p_parameters\",\"toPort\":\"source:ActivationCodeError:\",\"visible\":true,\"common\":false},{\"from\":\"source:t_p_parameters\",\"to\":\"source:Auth_Key:\",\"fromPort\":\"source:t_p_parameters\",\"toPort\":\"source:Auth_Key:\",\"visible\":true,\"common\":false},{\"from\":\"source:t_p_parameters\",\"to\":\"source:ServErrCode:\",\"fromPort\":\"source:t_p_parameters\",\"toPort\":\"source:ServErrCode:\",\"visible\":true,\"common\":false},{\"from\":\"source:t_p_parameters\",\"to\":\"source:ServErrMsg:\",\"fromPort\":\"source:t_p_parameters\",\"toPort\":\"source:ServErrMsg:\",\"visible\":true,\"common\":false},{\"from\":\"source:t_p_parameters\",\"to\":\"source:activationAuthStatus:\",\"fromPort\":\"source:t_p_parameters\",\"toPort\":\"source:activationAuthStatus:\",\"visible\":true,\"common\":false},{\"from\":\"source:t_p_parameters\",\"to\":\"source:active:\",\"fromPort\":\"source:t_p_parameters\",\"toPort\":\"source:active:\",\"visible\":true,\"common\":false},{\"from\":\"source:t_p_parameters\",\"to\":\"source:consecutiveFailed:\",\"fromPort\":\"source:t_p_parameters\",\"toPort\":\"source:consecutiveFailed:\",\"visible\":true,\"common\":false},{\"from\":\"source:t_p_parameters\",\"to\":\"source:consecutiveSuccess:\",\"fromPort\":\"source:t_p_parameters\",\"toPort\":\"source:consecutiveSuccess:\",\"visible\":true,\"common\":false},{\"from\":\"source:t_p_parameters\",\"to\":\"source:expiryDate:\",\"fromPort\":\"source:t_p_parameters\",\"toPort\":\"source:expiryDate:\",\"visible\":true,\"common\":false},{\"from\":\"source:t_p_parameters\",\"to\":\"source:id_token:\",\"fromPort\":\"source:t_p_parameters\",\"toPort\":\"source:id_token:\",\"visible\":true,\"common\":false},{\"from\":\"source:t_p_parameters\",\"to\":\"source:totalResults:\",\"fromPort\":\"source:t_p_parameters\",\"toPort\":\"source:totalResults:\",\"visible\":true,\"common\":false},{\"from\":\"source:t_p_parameters\",\"to\":\"source:userId:\",\"fromPort\":\"source:t_p_parameters\",\"toPort\":\"source:userId:\",\"visible\":true,\"common\":false},{\"from\":\"source:t_p_parameters\",\"to\":\"source:validationStatus:\",\"fromPort\":\"source:t_p_parameters\",\"toPort\":\"source:validationStatus:\",\"visible\":true,\"common\":false},{\"from\":\"source\",\"to\":\"source:authenticators\",\"fromPort\":\"source\",\"toPort\":\"source:authenticators\",\"visible\":true,\"common\":false},{\"from\":\"source:authenticators\",\"to\":\"source:authenticators:t_p_parameters\",\"fromPort\":\"source:authenticators\",\"toPort\":\"source:authenticators:t_p_parameters\",\"visible\":true,\"common\":false},{\"from\":\"source:authenticators:t_p_parameters\",\"to\":\"source:authenticators:display:\",\"fromPort\":\"source:authenticators:t_p_parameters\",\"toPort\":\"source:authenticators:display:\",\"visible\":true,\"common\":false},{\"category\":\"Mapping\",\"visible\":true,\"from\":\"source:Auth_Key:\",\"to\":\"target:ActivationCodeValidation:Auth_Key:\",\"fromPort\":\"source:Auth_Key:\",\"toPort\":\"target:ActivationCodeValidation:Auth_Key:\"}],\"blockCount\":{\"variableCount\":0},\"variableMap\":{},\"xmlMappingOverride\":false}",
    "applyCommonMapping" : false,
    "applyRequestCommonMapping" : false,
    "applyResponseCommonMapping" : false,
    "backendMeta" : {
      "serviceName" : "OnbaordingValidation",
      "serviceVersion" : "2.0",
      "operationName" : "ValidateUser"
    },
    "relationshipHierarchyMapping" : {
      "children" : [ ],
      "name" : "ActivationCodeValidation",
      "actions" : { },
      "selected" : true
    },
    "requestXmlMappingOverride" : true,
    "responseXmlMappingOverride" : false,
    "mapperData" : [ {
      "name" : "base mapper1",
      "order" : 1,
      "iMapping" : "<?xml version=\"1.0\" encoding=\"UTF-8\" standalone=\"yes\"?><mapper xmlns=\"http://www.kony.com/ns/mapper\">        <map inputpath=\"request_in\" outputpath=\"request_out\">                <set-param inputpath=\"activationCode\" outputpath=\"activationCode\"/>                <set-param inputpath=\"authType\" outputpath=\"authType\"/>                <exec-function name=\"kony.string:concat\" output=\"$vars\" outputpath=\"result1\">                        <set-arg name=\"input1\" input=\"userName eq \"/>                        <set-arg inputpath=\"filter\"/>                </exec-function>                <set-param inputpath=\"$vars/result1\" outputpath=\"filter\"/>                <set-param inputpath=\"userid\" outputpath=\"userid\"/>                <set-param inputpath=\"username\" outputpath=\"username\"/>    <set-param inputpath=\"correlationId\" outputpath=\"correlationId\"/>  </map></mapper>",
      "oMapping" : "<?xml version=\"1.0\" encoding=\"UTF-8\" standalone=\"yes\"?><mapper xmlns=\"http://www.kony.com/ns/mapper\">  <map inputpath=\"response_in\" outputpath=\"response_out\">    <map inputpath=\"\" outputpath=\"ActivationCodeValidation\">      <set-param inputpath=\"activationAuthStatus\" outputpath=\"activationAuthStatus\"/>      <set-param inputpath=\"ActivationCodeError\" outputpath=\"ActivationCodeError\"/>      <set-param inputpath=\"ServErrCode\" outputpath=\"ServErrCode\"/>      <set-param inputpath=\"ServErrMsg\" outputpath=\"ServErrMsg\"/>      <set-param inputpath=\"totalResults\" outputpath=\"totalResults\"/>      <set-param inputpath=\"userId\" outputpath=\"userid\"/>      <set-param inputpath=\"Auth_Key\" outputpath=\"Auth_Key\"/>    </map>  </map></mapper>",
      "iVisualMappingData" : "{\"nodeDataArray\":[{\"isGroup\":true,\"key\":\"request_in\",\"text\":\"ActivationCodeValidation\",\"xy\":\"152 292\"},{\"isGroup\":true,\"key\":\"request_out\",\"text\":\"OnbaordingValidation (2.0).ValidateUser\",\"xy\":\"843 350\"},{\"key\":\"block:kony.util:constant:1\",\"name\":\"kony.basic:constant\",\"text\":\"Constant\",\"category\":\"functionTemplateConstant\",\"outPortId\":\"externalId eq \",\"outPortText\":\"value\",\"loc\":\"411 284\",\"visible\":true},{\"key\":\"block:kony.string:concat:1\",\"name\":\"kony.string:stringConcatenate\",\"text\":\"String Concatenate\",\"category\":\"functionTemplateNTo1\",\"outPortId\":\"result1\",\"outPortText\":\"result\",\"valueArray\":[{\"inPortId\":\"input1\",\"inPortText\":\"value\",\"__gohashid\":87986},{\"inPortId\":\"input2\",\"inPortText\":\"value\",\"__gohashid\":88049}],\"loc\":\"542 267\",\"visible\":true}],\"linkDataArray\":[{\"category\":\"Mapping\",\"visible\":true,\"from\":\"block:kony.util:constant:1\",\"to\":\"block:kony.string:concat:1\",\"fromPort\":\"externalId eq \",\"toPort\":\"input1\"},{\"category\":\"Mapping\",\"visible\":true,\"from\":\"source:ActivationCodeValidation:filter:\",\"to\":\"block:kony.string:concat:1\",\"fromPort\":\"source:ActivationCodeValidation:filter:\",\"toPort\":\"input2\"},{\"category\":\"Mapping\",\"visible\":true,\"from\":\"block:kony.string:concat:1\",\"to\":\"target:filter:\",\"fromPort\":\"result1\",\"toPort\":\"target:filter:\"},{\"from\":\"source\",\"to\":\"source:ActivationCodeValidation\",\"fromPort\":\"source\",\"toPort\":\"source:ActivationCodeValidation\",\"visible\":true,\"common\":false},{\"from\":\"source:ActivationCodeValidation\",\"to\":\"source:ActivationCodeValidation:t_p_fields\",\"fromPort\":\"source:ActivationCodeValidation\",\"toPort\":\"source:ActivationCodeValidation:t_p_fields\",\"visible\":true,\"common\":false},{\"from\":\"source:ActivationCodeValidation:t_p_fields\",\"to\":\"source:ActivationCodeValidation:activationAuthStatus:\",\"fromPort\":\"source:ActivationCodeValidation:t_p_fields\",\"toPort\":\"source:ActivationCodeValidation:activationAuthStatus:\",\"visible\":true,\"common\":false},{\"from\":\"source:ActivationCodeValidation:t_p_fields\",\"to\":\"source:ActivationCodeValidation:activationCode:\",\"fromPort\":\"source:ActivationCodeValidation:t_p_fields\",\"toPort\":\"source:ActivationCodeValidation:activationCode:\",\"visible\":true,\"common\":false},{\"from\":\"source:ActivationCodeValidation:t_p_fields\",\"to\":\"source:ActivationCodeValidation:ActivationCodeError:\",\"fromPort\":\"source:ActivationCodeValidation:t_p_fields\",\"toPort\":\"source:ActivationCodeValidation:ActivationCodeError:\",\"visible\":true,\"common\":false},{\"from\":\"source:ActivationCodeValidation:t_p_fields\",\"to\":\"source:ActivationCodeValidation:active:\",\"fromPort\":\"source:ActivationCodeValidation:t_p_fields\",\"toPort\":\"source:ActivationCodeValidation:active:\",\"visible\":true,\"common\":false},{\"from\":\"source:ActivationCodeValidation:t_p_fields\",\"to\":\"source:ActivationCodeValidation:authType:\",\"fromPort\":\"source:ActivationCodeValidation:t_p_fields\",\"toPort\":\"source:ActivationCodeValidation:authType:\",\"visible\":true,\"common\":false},{\"from\":\"source:ActivationCodeValidation:t_p_fields\",\"to\":\"source:ActivationCodeValidation:consecutiveFailed:\",\"fromPort\":\"source:ActivationCodeValidation:t_p_fields\",\"toPort\":\"source:ActivationCodeValidation:consecutiveFailed:\",\"visible\":true,\"common\":false},{\"from\":\"source:ActivationCodeValidation:t_p_fields\",\"to\":\"source:ActivationCodeValidation:consecutiveSuccess:\",\"fromPort\":\"source:ActivationCodeValidation:t_p_fields\",\"toPort\":\"source:ActivationCodeValidation:consecutiveSuccess:\",\"visible\":true,\"common\":false},{\"from\":\"source:ActivationCodeValidation:t_p_fields\",\"to\":\"source:ActivationCodeValidation:expiryDate:\",\"fromPort\":\"source:ActivationCodeValidation:t_p_fields\",\"toPort\":\"source:ActivationCodeValidation:expiryDate:\",\"visible\":true,\"common\":false},{\"from\":\"source:ActivationCodeValidation:t_p_fields\",\"to\":\"source:ActivationCodeValidation:filter:\",\"fromPort\":\"source:ActivationCodeValidation:t_p_fields\",\"toPort\":\"source:ActivationCodeValidation:filter:\",\"visible\":true,\"common\":false},{\"from\":\"source:ActivationCodeValidation:t_p_fields\",\"to\":\"source:ActivationCodeValidation:ServErrCode:\",\"fromPort\":\"source:ActivationCodeValidation:t_p_fields\",\"toPort\":\"source:ActivationCodeValidation:ServErrCode:\",\"visible\":true,\"common\":false},{\"from\":\"source:ActivationCodeValidation:t_p_fields\",\"to\":\"source:ActivationCodeValidation:ServErrMsg:\",\"fromPort\":\"source:ActivationCodeValidation:t_p_fields\",\"toPort\":\"source:ActivationCodeValidation:ServErrMsg:\",\"visible\":true,\"common\":false},{\"from\":\"source:ActivationCodeValidation:t_p_fields\",\"to\":\"source:ActivationCodeValidation:totalResults:\",\"fromPort\":\"source:ActivationCodeValidation:t_p_fields\",\"toPort\":\"source:ActivationCodeValidation:totalResults:\",\"visible\":true,\"common\":false},{\"from\":\"source:ActivationCodeValidation:t_p_fields\",\"to\":\"source:ActivationCodeValidation:userid:\",\"fromPort\":\"source:ActivationCodeValidation:t_p_fields\",\"toPort\":\"source:ActivationCodeValidation:userid:\",\"visible\":true,\"common\":false},{\"from\":\"source:ActivationCodeValidation:t_p_fields\",\"to\":\"source:ActivationCodeValidation:username:\",\"fromPort\":\"source:ActivationCodeValidation:t_p_fields\",\"toPort\":\"source:ActivationCodeValidation:username:\",\"visible\":true,\"common\":false},{\"from\":\"source:ActivationCodeValidation:t_p_fields\",\"to\":\"source:ActivationCodeValidation:validationStatus:\",\"fromPort\":\"source:ActivationCodeValidation:t_p_fields\",\"toPort\":\"source:ActivationCodeValidation:validationStatus:\",\"visible\":true,\"common\":false},{\"from\":\"source:ActivationCodeValidation:t_p_fields\",\"to\":\"source:ActivationCodeValidation:ExternalUserId:\",\"fromPort\":\"source:ActivationCodeValidation:t_p_fields\",\"toPort\":\"source:ActivationCodeValidation:ExternalUserId:\",\"visible\":true,\"common\":false},{\"from\":\"source:ActivationCodeValidation:t_p_fields\",\"to\":\"source:ActivationCodeValidation:Auth_Key:\",\"fromPort\":\"source:ActivationCodeValidation:t_p_fields\",\"toPort\":\"source:ActivationCodeValidation:Auth_Key:\",\"visible\":true,\"common\":false},{\"from\":\"target\",\"to\":\"target:t_p_parameters\",\"fromPort\":\"target\",\"toPort\":\"target:t_p_parameters\",\"visible\":true,\"common\":false},{\"from\":\"target:t_p_parameters\",\"to\":\"target:activationCode:\",\"fromPort\":\"target:t_p_parameters\",\"toPort\":\"target:activationCode:\",\"visible\":true,\"common\":false},{\"from\":\"target:t_p_parameters\",\"to\":\"target:authType:\",\"fromPort\":\"target:t_p_parameters\",\"toPort\":\"target:authType:\",\"visible\":true,\"common\":false},{\"from\":\"target:t_p_parameters\",\"to\":\"target:filter:\",\"fromPort\":\"target:t_p_parameters\",\"toPort\":\"target:filter:\",\"visible\":true,\"common\":false},{\"from\":\"target:t_p_parameters\",\"to\":\"target:userid:\",\"fromPort\":\"target:t_p_parameters\",\"toPort\":\"target:userid:\",\"visible\":true,\"common\":false},{\"from\":\"target:t_p_parameters\",\"to\":\"target:username:\",\"fromPort\":\"target:t_p_parameters\",\"toPort\":\"target:username:\",\"visible\":true,\"common\":false}],\"blockCount\":{\"variableCount\":1,\"constant\":1,\"stringConcatenate\":1},\"variableMap\":{\"result1\":true},\"xmlMappingOverride\":true}",
      "oVisualMappingData" : "{\"nodeDataArray\":[{\"isGroup\":true,\"key\":\"response_out\",\"text\":\"ActivationCodeValidation\",\"xy\":\"770 100\"},{\"isGroup\":true,\"key\":\"response_in\",\"text\":\"OnbaordingValidation (2.0).ValidateUser\",\"xy\":\"253 81\"}],\"linkDataArray\":[{\"category\":\"Mapping\",\"visible\":true,\"from\":\"source:ActivationCodeError:\",\"to\":\"target:ActivationCodeValidation:ActivationCodeError:\",\"fromPort\":\"source:ActivationCodeError:\",\"toPort\":\"target:ActivationCodeValidation:ActivationCodeError:\"},{\"category\":\"Mapping\",\"visible\":true,\"from\":\"source:ServErrCode:\",\"to\":\"target:ActivationCodeValidation:ServErrCode:\",\"fromPort\":\"source:ServErrCode:\",\"toPort\":\"target:ActivationCodeValidation:ServErrCode:\"},{\"category\":\"Mapping\",\"visible\":true,\"from\":\"source:ServErrMsg:\",\"to\":\"target:ActivationCodeValidation:ServErrMsg:\",\"fromPort\":\"source:ServErrMsg:\",\"toPort\":\"target:ActivationCodeValidation:ServErrMsg:\"},{\"category\":\"Mapping\",\"visible\":true,\"from\":\"source:activationAuthStatus:\",\"to\":\"target:ActivationCodeValidation:activationAuthStatus:\",\"fromPort\":\"source:activationAuthStatus:\",\"toPort\":\"target:ActivationCodeValidation:activationAuthStatus:\"},{\"category\":\"Mapping\",\"visible\":true,\"from\":\"source:totalResults:\",\"to\":\"target:ActivationCodeValidation:totalResults:\",\"fromPort\":\"source:totalResults:\",\"toPort\":\"target:ActivationCodeValidation:totalResults:\"},{\"category\":\"Mapping\",\"visible\":true,\"from\":\"source:userId:\",\"to\":\"target:ActivationCodeValidation:userid:\",\"fromPort\":\"source:userId:\",\"toPort\":\"target:ActivationCodeValidation:userid:\"},{\"from\":\"target\",\"to\":\"target:ActivationCodeValidation\",\"fromPort\":\"target\",\"toPort\":\"target:ActivationCodeValidation\",\"visible\":true,\"common\":false},{\"from\":\"target:ActivationCodeValidation\",\"to\":\"target:ActivationCodeValidation:t_p_fields\",\"fromPort\":\"target:ActivationCodeValidation\",\"toPort\":\"target:ActivationCodeValidation:t_p_fields\",\"visible\":true,\"common\":false},{\"from\":\"target:ActivationCodeValidation:t_p_fields\",\"to\":\"target:ActivationCodeValidation:activationAuthStatus:\",\"fromPort\":\"target:ActivationCodeValidation:t_p_fields\",\"toPort\":\"target:ActivationCodeValidation:activationAuthStatus:\",\"visible\":true,\"common\":false},{\"from\":\"target:ActivationCodeValidation:t_p_fields\",\"to\":\"target:ActivationCodeValidation:activationCode:\",\"fromPort\":\"target:ActivationCodeValidation:t_p_fields\",\"toPort\":\"target:ActivationCodeValidation:activationCode:\",\"visible\":true,\"common\":false},{\"from\":\"target:ActivationCodeValidation:t_p_fields\",\"to\":\"target:ActivationCodeValidation:ActivationCodeError:\",\"fromPort\":\"target:ActivationCodeValidation:t_p_fields\",\"toPort\":\"target:ActivationCodeValidation:ActivationCodeError:\",\"visible\":true,\"common\":false},{\"from\":\"target:ActivationCodeValidation:t_p_fields\",\"to\":\"target:ActivationCodeValidation:active:\",\"fromPort\":\"target:ActivationCodeValidation:t_p_fields\",\"toPort\":\"target:ActivationCodeValidation:active:\",\"visible\":true,\"common\":false},{\"from\":\"target:ActivationCodeValidation:t_p_fields\",\"to\":\"target:ActivationCodeValidation:authType:\",\"fromPort\":\"target:ActivationCodeValidation:t_p_fields\",\"toPort\":\"target:ActivationCodeValidation:authType:\",\"visible\":true,\"common\":false},{\"from\":\"target:ActivationCodeValidation:t_p_fields\",\"to\":\"target:ActivationCodeValidation:consecutiveFailed:\",\"fromPort\":\"target:ActivationCodeValidation:t_p_fields\",\"toPort\":\"target:ActivationCodeValidation:consecutiveFailed:\",\"visible\":true,\"common\":false},{\"from\":\"target:ActivationCodeValidation:t_p_fields\",\"to\":\"target:ActivationCodeValidation:consecutiveSuccess:\",\"fromPort\":\"target:ActivationCodeValidation:t_p_fields\",\"toPort\":\"target:ActivationCodeValidation:consecutiveSuccess:\",\"visible\":true,\"common\":false},{\"from\":\"target:ActivationCodeValidation:t_p_fields\",\"to\":\"target:ActivationCodeValidation:expiryDate:\",\"fromPort\":\"target:ActivationCodeValidation:t_p_fields\",\"toPort\":\"target:ActivationCodeValidation:expiryDate:\",\"visible\":true,\"common\":false},{\"from\":\"target:ActivationCodeValidation:t_p_fields\",\"to\":\"target:ActivationCodeValidation:filter:\",\"fromPort\":\"target:ActivationCodeValidation:t_p_fields\",\"toPort\":\"target:ActivationCodeValidation:filter:\",\"visible\":true,\"common\":false},{\"from\":\"target:ActivationCodeValidation:t_p_fields\",\"to\":\"target:ActivationCodeValidation:ServErrCode:\",\"fromPort\":\"target:ActivationCodeValidation:t_p_fields\",\"toPort\":\"target:ActivationCodeValidation:ServErrCode:\",\"visible\":true,\"common\":false},{\"from\":\"target:ActivationCodeValidation:t_p_fields\",\"to\":\"target:ActivationCodeValidation:ServErrMsg:\",\"fromPort\":\"target:ActivationCodeValidation:t_p_fields\",\"toPort\":\"target:ActivationCodeValidation:ServErrMsg:\",\"visible\":true,\"common\":false},{\"from\":\"target:ActivationCodeValidation:t_p_fields\",\"to\":\"target:ActivationCodeValidation:totalResults:\",\"fromPort\":\"target:ActivationCodeValidation:t_p_fields\",\"toPort\":\"target:ActivationCodeValidation:totalResults:\",\"visible\":true,\"common\":false},{\"from\":\"target:ActivationCodeValidation:t_p_fields\",\"to\":\"target:ActivationCodeValidation:userid:\",\"fromPort\":\"target:ActivationCodeValidation:t_p_fields\",\"toPort\":\"target:ActivationCodeValidation:userid:\",\"visible\":true,\"common\":false},{\"from\":\"target:ActivationCodeValidation:t_p_fields\",\"to\":\"target:ActivationCodeValidation:username:\",\"fromPort\":\"target:ActivationCodeValidation:t_p_fields\",\"toPort\":\"target:ActivationCodeValidation:username:\",\"visible\":true,\"common\":false},{\"from\":\"target:ActivationCodeValidation:t_p_fields\",\"to\":\"target:ActivationCodeValidation:validationStatus:\",\"fromPort\":\"target:ActivationCodeValidation:t_p_fields\",\"toPort\":\"target:ActivationCodeValidation:validationStatus:\",\"visible\":true,\"common\":false},{\"from\":\"target:ActivationCodeValidation:t_p_fields\",\"to\":\"target:ActivationCodeValidation:ExternalUserId:\",\"fromPort\":\"target:ActivationCodeValidation:t_p_fields\",\"toPort\":\"target:ActivationCodeValidation:ExternalUserId:\",\"visible\":true,\"common\":false},{\"from\":\"target:ActivationCodeValidation:t_p_fields\",\"to\":\"target:ActivationCodeValidation:Auth_Key:\",\"fromPort\":\"target:ActivationCodeValidation:t_p_fields\",\"toPort\":\"target:ActivationCodeValidation:Auth_Key:\",\"visible\":true,\"common\":false},{\"from\":\"source\",\"to\":\"source:t_p_parameters\",\"fromPort\":\"source\",\"toPort\":\"source:t_p_parameters\",\"visible\":true,\"common\":false},{\"from\":\"source:t_p_parameters\",\"to\":\"source:ActivationCodeError:\",\"fromPort\":\"source:t_p_parameters\",\"toPort\":\"source:ActivationCodeError:\",\"visible\":true,\"common\":false},{\"from\":\"source:t_p_parameters\",\"to\":\"source:Auth_Key:\",\"fromPort\":\"source:t_p_parameters\",\"toPort\":\"source:Auth_Key:\",\"visible\":true,\"common\":false},{\"from\":\"source:t_p_parameters\",\"to\":\"source:ServErrCode:\",\"fromPort\":\"source:t_p_parameters\",\"toPort\":\"source:ServErrCode:\",\"visible\":true,\"common\":false},{\"from\":\"source:t_p_parameters\",\"to\":\"source:ServErrMsg:\",\"fromPort\":\"source:t_p_parameters\",\"toPort\":\"source:ServErrMsg:\",\"visible\":true,\"common\":false},{\"from\":\"source:t_p_parameters\",\"to\":\"source:activationAuthStatus:\",\"fromPort\":\"source:t_p_parameters\",\"toPort\":\"source:activationAuthStatus:\",\"visible\":true,\"common\":false},{\"from\":\"source:t_p_parameters\",\"to\":\"source:active:\",\"fromPort\":\"source:t_p_parameters\",\"toPort\":\"source:active:\",\"visible\":true,\"common\":false},{\"from\":\"source:t_p_parameters\",\"to\":\"source:consecutiveFailed:\",\"fromPort\":\"source:t_p_parameters\",\"toPort\":\"source:consecutiveFailed:\",\"visible\":true,\"common\":false},{\"from\":\"source:t_p_parameters\",\"to\":\"source:consecutiveSuccess:\",\"fromPort\":\"source:t_p_parameters\",\"toPort\":\"source:consecutiveSuccess:\",\"visible\":true,\"common\":false},{\"from\":\"source:t_p_parameters\",\"to\":\"source:expiryDate:\",\"fromPort\":\"source:t_p_parameters\",\"toPort\":\"source:expiryDate:\",\"visible\":true,\"common\":false},{\"from\":\"source:t_p_parameters\",\"to\":\"source:id_token:\",\"fromPort\":\"source:t_p_parameters\",\"toPort\":\"source:id_token:\",\"visible\":true,\"common\":false},{\"from\":\"source:t_p_parameters\",\"to\":\"source:totalResults:\",\"fromPort\":\"source:t_p_parameters\",\"toPort\":\"source:totalResults:\",\"visible\":true,\"common\":false},{\"from\":\"source:t_p_parameters\",\"to\":\"source:userId:\",\"fromPort\":\"source:t_p_parameters\",\"toPort\":\"source:userId:\",\"visible\":true,\"common\":false},{\"from\":\"source:t_p_parameters\",\"to\":\"source:validationStatus:\",\"fromPort\":\"source:t_p_parameters\",\"toPort\":\"source:validationStatus:\",\"visible\":true,\"common\":false},{\"from\":\"source\",\"to\":\"source:authenticators\",\"fromPort\":\"source\",\"toPort\":\"source:authenticators\",\"visible\":true,\"common\":false},{\"from\":\"source:authenticators\",\"to\":\"source:authenticators:t_p_parameters\",\"fromPort\":\"source:authenticators\",\"toPort\":\"source:authenticators:t_p_parameters\",\"visible\":true,\"common\":false},{\"from\":\"source:authenticators:t_p_parameters\",\"to\":\"source:authenticators:display:\",\"fromPort\":\"source:authenticators:t_p_parameters\",\"toPort\":\"source:authenticators:display:\",\"visible\":true,\"common\":false},{\"category\":\"Mapping\",\"visible\":true,\"from\":\"source:Auth_Key:\",\"to\":\"target:ActivationCodeValidation:Auth_Key:\",\"fromPort\":\"source:Auth_Key:\",\"toPort\":\"target:ActivationCodeValidation:Auth_Key:\"}],\"blockCount\":{\"variableCount\":0},\"variableMap\":{},\"xmlMappingOverride\":false}",
      "requestXmlMappingOverride" : true,
      "responseXmlMappingOverride" : false,
      "disabled" : false,
      "applyCommonMapping" : false,
      "applyRequestCommonMapping" : false,
      "applyResponseCommonMapping" : false
    } ]
  },
  "enableFrontendUrl" : false,
  "customVerb" : false
}