[ {
  "name" : "active",
  "sourceFieldname" : "active",
  "description" : "active",
  "dataType" : "boolean",
  "hasIndex" : false,
  "unique" : true,
  "primarykey" : false,
  "namefield" : false,
  "nullable" : false,
  "custom" : false,
  "createable" : true,
  "updateable" : true,
  "audit" : false,
  "customizable" : false,
  "fieldOrder" : 1,
  "fieldProperties" : {
    "autoGenerated" : "false"
  },
  "etag" : "e68ccded-9aa1-4bb2-80fd-9b714d097fbc",
  "isExtended" : false
}, {
  "name" : "detail_updateDevice",
  "sourceFieldname" : "detail_updateDevice",
  "description" : "detail_updateDevice",
  "dataType" : "string",
  "hasIndex" : false,
  "unique" : false,
  "primarykey" : false,
  "namefield" : false,
  "nullable" : true,
  "custom" : false,
  "createable" : true,
  "updateable" : true,
  "audit" : false,
  "customizable" : false,
  "fieldOrder" : 2,
  "fieldProperties" : {
    "autoGenerated" : "false"
  },
  "etag" : "26874de4-1775-4016-9e43-c026911ccfd3",
  "isExtended" : false
}, {
  "name" : "DeviceId",
  "sourceFieldname" : "DeviceId",
  "description" : "DeviceId",
  "dataType" : "string",
  "hasIndex" : false,
  "unique" : true,
  "primarykey" : true,
  "namefield" : false,
  "nullable" : false,
  "custom" : false,
  "createable" : true,
  "updateable" : true,
  "audit" : false,
  "customizable" : false,
  "fieldOrder" : 3,
  "fieldProperties" : {
    "autoGenerated" : "false"
  },
  "etag" : "04ca31c6-4e14-418d-88dc-c970e7552629",
  "isExtended" : false
}, {
  "name" : "errorCode_updateDevice",
  "sourceFieldname" : "errorCode_updateDevice",
  "description" : "errorCode_updateDevice",
  "dataType" : "string",
  "hasIndex" : false,
  "unique" : false,
  "primarykey" : false,
  "namefield" : false,
  "nullable" : true,
  "custom" : false,
  "createable" : true,
  "updateable" : true,
  "audit" : false,
  "customizable" : false,
  "fieldOrder" : 4,
  "fieldProperties" : {
    "autoGenerated" : "false"
  },
  "etag" : "a305ae15-a3ce-416c-8e18-59e6456df2f7",
  "isExtended" : false
}, {
  "name" : "status",
  "sourceFieldname" : "status",
  "description" : "status",
  "dataType" : "string",
  "hasIndex" : false,
  "unique" : false,
  "primarykey" : false,
  "namefield" : false,
  "nullable" : true,
  "custom" : false,
  "createable" : true,
  "updateable" : true,
  "audit" : false,
  "customizable" : false,
  "fieldOrder" : 5,
  "fieldProperties" : {
    "autoGenerated" : "false"
  },
  "etag" : "3cdb884d-b32c-4811-97c4-f5d041266d15",
  "isExtended" : false
}, {
  "name" : "type",
  "sourceFieldname" : "type",
  "description" : "type",
  "dataType" : "string",
  "hasIndex" : false,
  "unique" : false,
  "primarykey" : false,
  "namefield" : false,
  "nullable" : true,
  "custom" : false,
  "createable" : true,
  "updateable" : true,
  "audit" : false,
  "customizable" : false,
  "fieldOrder" : 6,
  "fieldProperties" : {
    "autoGenerated" : "false"
  },
  "etag" : "cdefc306-53f1-4354-94a6-31b8db346f92",
  "isExtended" : false
} ]