{
  "serviceType" : "integration",
  "jars" : [ {
    "name" : "slf4j-api-1.7.25.jar",
    "type" : "dependentJar"
  }, {
    "name" : "oauth2-oidc-sdk-5.46.jar",
    "type" : "dependentJar"
  }, {
    "name" : "lang-tag-1.5.jar",
    "type" : "dependentJar"
  }, {
    "name" : "commons-collections4-4.1.jar",
    "type" : "dependentJar"
  }, {
    "name" : "HIDProcessor-1.0.0.jar",
    "type" : "servicejar"
  }, {
    "name" : "json-smart-2.3.jar",
    "type" : "dependentJar"
  }, {
    "name" : "jcip-annotations-1.0-1.jar",
    "type" : "dependentJar"
  }, {
    "name" : "activation-1.1.jar",
    "type" : "dependentJar"
  }, {
    "name" : "mail-1.4.7.jar",
    "type" : "dependentJar"
  }, {
    "name" : "accessors-smart-1.2.jar",
    "type" : "dependentJar"
  }, {
    "name" : "asm-5.0.4.jar",
    "type" : "dependentJar"
  }, {
    "name" : "jjwt-jackson-0.10.7.jar",
    "type" : "dependentJar"
  }, {
    "name" : "nimbus-jose-jwt-5.4.jar",
    "type" : "dependentJar"
  }, {
    "name" : "jjwt-impl-0.10.7.jar",
    "type" : "dependentJar"
  }, {
    "name" : "commons-lang3-3.8.1.jar",
    "type" : "dependentJar"
  }, {
    "name" : "jjwt-api-0.10.7.jar",
    "type" : "jar"
  } ],
  "description" : "Reserved keyword - (Dependency Manager) for managing all dependency jars for HIDProcesor-x.x.x.jar\nNote: Must add all dependent jars for HIDProcessor",
  "empty" : true
}