{
  "operationConfig" : {
    "name" : "generateChallenge2229",
    "type" : "MappedToBackend",
    "cachable" : false,
    "smsEnabled" : false,
    "security" : "authorized_app",
    "responseEncoding" : "UTF-8",
    "httpMethod" : "GET",
    "decodeResponseBody" : false,
    "iMapping" : "<?xml version=\"1.0\" encoding=\"UTF-8\" standalone=\"yes\"?>\n<mapper xmlns=\"http://www.kony.com/ns/mapper\">\n    <map inputpath=\"request_in\" outputpath=\"request_out\">\n        <set-param inputpath=\"authType\" outputpath=\"authType\"/>\n        <set-param inputpath=\"deviceId\" outputpath=\"deviceId\"/>\n        <set-param inputpath=\"username\" outputpath=\"username\"/>\n    </map>\n</mapper>\n",
    "oMapping" : "<?xml version=\"1.0\" encoding=\"UTF-8\" standalone=\"yes\"?>\n<mapper xmlns=\"http://www.kony.com/ns/mapper\">\n    <map inputpath=\"response_in\" outputpath=\"response_out\">\n        <map inputpath=\"\" outputpath=\"GenerateChallenge\">\n            <set-param inputpath=\"challenge\" outputpath=\"challenge\"/>\n            <set-param inputpath=\"detail\" outputpath=\"detail\"/>\n            <set-param inputpath=\"errorCode\" outputpath=\"errorCode\"/>\n        </map>\n    </map>\n</mapper>\n",
    "iVisualMappingData" : "{\"nodeDataArray\":[{\"isGroup\":true,\"key\":\"request_in\",\"text\":\"GenerateChallenge\",\"xy\":\"150 100\"},{\"isGroup\":true,\"key\":\"request_out\",\"text\":\"HIDChalllengeService (1.0).generateChallenge\",\"xy\":\"770 100\"}],\"linkDataArray\":[{\"category\":\"Mapping\",\"visible\":true,\"from\":\"source:GenerateChallenge:authType:\",\"to\":\"target:authType:\",\"fromPort\":\"source:GenerateChallenge:authType:\",\"toPort\":\"target:authType:\"},{\"category\":\"Mapping\",\"visible\":true,\"from\":\"source:GenerateChallenge:deviceId:\",\"to\":\"target:deviceId:\",\"fromPort\":\"source:GenerateChallenge:deviceId:\",\"toPort\":\"target:deviceId:\"},{\"category\":\"Mapping\",\"visible\":true,\"from\":\"source:GenerateChallenge:username:\",\"to\":\"target:username:\",\"fromPort\":\"source:GenerateChallenge:username:\",\"toPort\":\"target:username:\"}],\"blockCount\":{\"variableCount\":0},\"variableMap\":{},\"xmlMappingOverride\":false}",
    "oVisualMappingData" : "{\"nodeDataArray\":[{\"isGroup\":true,\"key\":\"response_out\",\"text\":\"GenerateChallenge\",\"xy\":\"756 133\"},{\"isGroup\":true,\"key\":\"response_in\",\"text\":\"HIDChalllengeService (1.0).generateChallenge\",\"xy\":\"150 100\"}],\"linkDataArray\":[{\"category\":\"Mapping\",\"visible\":true,\"from\":\"source:challenge:\",\"to\":\"target:GenerateChallenge:challenge:\",\"fromPort\":\"source:challenge:\",\"toPort\":\"target:GenerateChallenge:challenge:\"},{\"category\":\"Mapping\",\"visible\":true,\"from\":\"source:detail:\",\"to\":\"target:GenerateChallenge:detail:\",\"fromPort\":\"source:detail:\",\"toPort\":\"target:GenerateChallenge:detail:\"},{\"category\":\"Mapping\",\"visible\":true,\"from\":\"source:errorCode:\",\"to\":\"target:GenerateChallenge:errorCode:\",\"fromPort\":\"source:errorCode:\",\"toPort\":\"target:GenerateChallenge:errorCode:\"}],\"blockCount\":{\"variableCount\":0},\"variableMap\":{},\"xmlMappingOverride\":false}",
    "applyCommonMapping" : false,
    "applyRequestCommonMapping" : false,
    "applyResponseCommonMapping" : false,
    "backendMeta" : {
      "serviceName" : "HIDChalllengeService",
      "serviceVersion" : "1.0",
      "operationName" : "generateChallenge"
    },
    "relationshipHierarchyMapping" : {
      "children" : [ ],
      "name" : "GenerateChallenge",
      "actions" : { },
      "selected" : true
    },
    "requestXmlMappingOverride" : false,
    "responseXmlMappingOverride" : false,
    "mapperData" : [ {
      "name" : "base mapper1",
      "order" : 1,
      "iMapping" : "<?xml version=\"1.0\" encoding=\"UTF-8\" standalone=\"yes\"?>\n<mapper xmlns=\"http://www.kony.com/ns/mapper\">\n    <map inputpath=\"request_in\" outputpath=\"request_out\">\n        <set-param inputpath=\"authType\" outputpath=\"authType\"/>\n        <set-param inputpath=\"deviceId\" outputpath=\"deviceId\"/>\n        <set-param inputpath=\"username\" outputpath=\"username\"/>\n    </map>\n</mapper>\n",
      "oMapping" : "<?xml version=\"1.0\" encoding=\"UTF-8\" standalone=\"yes\"?>\n<mapper xmlns=\"http://www.kony.com/ns/mapper\">\n    <map inputpath=\"response_in\" outputpath=\"response_out\">\n        <map inputpath=\"\" outputpath=\"GenerateChallenge\">\n            <set-param inputpath=\"challenge\" outputpath=\"challenge\"/>\n            <set-param inputpath=\"detail\" outputpath=\"detail\"/>\n            <set-param inputpath=\"errorCode\" outputpath=\"errorCode\"/>\n        </map>\n    </map>\n</mapper>\n",
      "iVisualMappingData" : "{\"nodeDataArray\":[{\"isGroup\":true,\"key\":\"request_in\",\"text\":\"GenerateChallenge\",\"xy\":\"150 100\"},{\"isGroup\":true,\"key\":\"request_out\",\"text\":\"HIDChalllengeService (1.0).generateChallenge\",\"xy\":\"770 100\"}],\"linkDataArray\":[{\"category\":\"Mapping\",\"visible\":true,\"from\":\"source:GenerateChallenge:authType:\",\"to\":\"target:authType:\",\"fromPort\":\"source:GenerateChallenge:authType:\",\"toPort\":\"target:authType:\"},{\"category\":\"Mapping\",\"visible\":true,\"from\":\"source:GenerateChallenge:deviceId:\",\"to\":\"target:deviceId:\",\"fromPort\":\"source:GenerateChallenge:deviceId:\",\"toPort\":\"target:deviceId:\"},{\"category\":\"Mapping\",\"visible\":true,\"from\":\"source:GenerateChallenge:username:\",\"to\":\"target:username:\",\"fromPort\":\"source:GenerateChallenge:username:\",\"toPort\":\"target:username:\"}],\"blockCount\":{\"variableCount\":0},\"variableMap\":{},\"xmlMappingOverride\":false}",
      "oVisualMappingData" : "{\"nodeDataArray\":[{\"isGroup\":true,\"key\":\"response_out\",\"text\":\"GenerateChallenge\",\"xy\":\"756 133\"},{\"isGroup\":true,\"key\":\"response_in\",\"text\":\"HIDChalllengeService (1.0).generateChallenge\",\"xy\":\"150 100\"}],\"linkDataArray\":[{\"category\":\"Mapping\",\"visible\":true,\"from\":\"source:challenge:\",\"to\":\"target:GenerateChallenge:challenge:\",\"fromPort\":\"source:challenge:\",\"toPort\":\"target:GenerateChallenge:challenge:\"},{\"category\":\"Mapping\",\"visible\":true,\"from\":\"source:detail:\",\"to\":\"target:GenerateChallenge:detail:\",\"fromPort\":\"source:detail:\",\"toPort\":\"target:GenerateChallenge:detail:\"},{\"category\":\"Mapping\",\"visible\":true,\"from\":\"source:errorCode:\",\"to\":\"target:GenerateChallenge:errorCode:\",\"fromPort\":\"source:errorCode:\",\"toPort\":\"target:GenerateChallenge:errorCode:\"}],\"blockCount\":{\"variableCount\":0},\"variableMap\":{},\"xmlMappingOverride\":false}",
      "requestXmlMappingOverride" : false,
      "responseXmlMappingOverride" : false,
      "disabled" : false,
      "applyCommonMapping" : false,
      "applyRequestCommonMapping" : false,
      "applyResponseCommonMapping" : false
    } ]
  }
}