<?xml version="1.0" encoding="UTF-8" standalone="yes"?>
<service serviceGroup="" cachable="false" cacheduration="" customOperation="false" description="This operation is used to add the SMS OOB Authenticator only and send SMS. It is consumed in the HID user onboarding flow.&#10;Note: Here Customer will use their own delivery gateway so they can change the Send SMS service accordingly." endpoint="" groupType="" id="AddOOBAuthAndSendSMS" passwordencrypted="" security="private" type="CompositeConnector" smscode="" smsenabled="false">
    <service-config>
        <config-param api-version="" appid="" name="preprocessorname" value="com.hid.onboarding.preprocessor.AddAllOOBAuthenticatorsPrePreprocessor,com.hid.common.AddCorrelationIdOrchPreProcessor"/>
        <config-param api-version="" appid="" name="postprocessorJS" value=""/>
        <config-param api-version="" appid="" name="preprocessorJS" value=""/>
        <config-param api-version="" appid="" name="postprocessorname" value="com.hid.onboarding.postprocessor.AddAllOOBAuthenticatorsPostProcessor"/>
        <config-param api-version="" appid="" name="exec_type" value="Sequential"/>
        <config-param api-version="" appid="" name="kony_http_supported_methods" value="POST"/>
        <config-param api-version="1.0" appid="ScimAPIsOrg" name="service" value="addOOBAuthenticatorForOrch"/>
        <config-param api-version="1.0" appid="OTPServices" name="service" value="sendOOB"/>
    </service-config>
    <service-input passthrough="false" isExtended="false"/>
    <service-output passthrough="false" isExtended="false"/>
</service>
