[ {
  "name" : "maxLength",
  "sourceFieldname" : "maxLength",
  "description" : "maxLength",
  "dataType" : "string",
  "hasIndex" : false,
  "unique" : true,
  "primarykey" : true,
  "namefield" : false,
  "nullable" : false,
  "custom" : false,
  "createable" : true,
  "updateable" : true,
  "audit" : false,
  "customizable" : false,
  "fieldOrder" : 1,
  "fieldProperties" : {
    "autoGenerated" : "false"
  },
  "etag" : "0bf32abe-37aa-4ad0-ba40-01d162cb5f8c",
  "isExtended" : false
}, {
  "name" : "minDiffChars",
  "sourceFieldname" : "minDiffChars",
  "description" : "minDiffChars",
  "dataType" : "string",
  "hasIndex" : false,
  "unique" : false,
  "primarykey" : false,
  "namefield" : false,
  "nullable" : true,
  "custom" : false,
  "createable" : true,
  "updateable" : true,
  "audit" : false,
  "customizable" : false,
  "fieldOrder" : 2,
  "fieldProperties" : {
    "autoGenerated" : "false"
  },
  "etag" : "7d170beb-2197-401e-8eb4-a2669c73c419",
  "isExtended" : false
}, {
  "name" : "minLength",
  "sourceFieldname" : "minLength",
  "description" : "minLength",
  "dataType" : "string",
  "hasIndex" : false,
  "unique" : false,
  "primarykey" : false,
  "namefield" : false,
  "nullable" : true,
  "custom" : false,
  "createable" : true,
  "updateable" : true,
  "audit" : false,
  "customizable" : false,
  "fieldOrder" : 3,
  "fieldProperties" : {
    "autoGenerated" : "false"
  },
  "etag" : "5811032a-debb-47f9-a6c0-add1daefed69",
  "isExtended" : false
}, {
  "name" : "notEnglish",
  "sourceFieldname" : "notEnglish",
  "description" : "notEnglish",
  "dataType" : "boolean",
  "hasIndex" : false,
  "unique" : false,
  "primarykey" : false,
  "namefield" : false,
  "nullable" : true,
  "custom" : false,
  "createable" : true,
  "updateable" : true,
  "audit" : false,
  "customizable" : false,
  "fieldOrder" : 4,
  "fieldProperties" : {
    "autoGenerated" : "false"
  },
  "etag" : "a3f96d6b-731b-43a0-b750-a3c7f072c959",
  "isExtended" : false
}, {
  "name" : "notOldPassword",
  "sourceFieldname" : "notOldPassword",
  "description" : "notOldPassword",
  "dataType" : "boolean",
  "hasIndex" : false,
  "unique" : false,
  "primarykey" : false,
  "namefield" : false,
  "nullable" : true,
  "custom" : false,
  "createable" : true,
  "updateable" : true,
  "audit" : false,
  "customizable" : false,
  "fieldOrder" : 5,
  "fieldProperties" : {
    "autoGenerated" : "false"
  },
  "etag" : "be3f3844-beb5-49ea-b666-f24fa529ff23",
  "isExtended" : false
}, {
  "name" : "notSequence",
  "sourceFieldname" : "notSequence",
  "description" : "notSequence",
  "dataType" : "boolean",
  "hasIndex" : false,
  "unique" : false,
  "primarykey" : false,
  "namefield" : false,
  "nullable" : true,
  "custom" : false,
  "createable" : true,
  "updateable" : true,
  "audit" : false,
  "customizable" : false,
  "fieldOrder" : 6,
  "fieldProperties" : {
    "autoGenerated" : "false"
  },
  "etag" : "c508057f-f5d8-4f81-809a-27b3b004521e",
  "isExtended" : false
}, {
  "name" : "notUserAttribute",
  "sourceFieldname" : "notUserAttribute",
  "description" : "notUserAttribute",
  "dataType" : "boolean",
  "hasIndex" : false,
  "unique" : false,
  "primarykey" : false,
  "namefield" : false,
  "nullable" : true,
  "custom" : false,
  "createable" : true,
  "updateable" : true,
  "audit" : false,
  "customizable" : false,
  "fieldOrder" : 7,
  "fieldProperties" : {
    "autoGenerated" : "false"
  },
  "etag" : "e6311ffa-8ccf-4ce8-b39a-84d9181dbddf",
  "isExtended" : false
} ]