{
  "operationConfig" : {
    "name" : "searchHardwareTokenDevice7553",
    "type" : "MappedToBackend",
    "cachable" : false,
    "smsEnabled" : false,
    "security" : "authorized_app",
    "responseEncoding" : "UTF-8",
    "httpMethod" : "GET",
    "decodeResponseBody" : false,
    "iMapping" : "<?xml version=\"1.0\" encoding=\"UTF-8\" standalone=\"yes\"?>\n<mapper xmlns=\"http://www.kony.com/ns/mapper\">\n    <map inputpath=\"request_in\" outputpath=\"request_out\">\n        <set-param inputpath=\"UserId\" outputpath=\"UserId\"/>\n        <set-param inputpath=\"Username\" outputpath=\"Username\"/>\n        <exec-function name=\"kony.string:concat\" output=\"$vars\" outputpath=\"result1\">\n            <set-arg name=\"input1\" input=\"externalId eq  \"/>\n            <set-arg inputpath=\"filterItem\"/>\n            <set-arg name=\"input3\" input=\"*\"/>\n        </exec-function>\n        <set-param inputpath=\"$vars/result1\" outputpath=\"filterItem\"/>\n    </map>\n</mapper>\n",
    "oMapping" : "<?xml version=\"1.0\" encoding=\"UTF-8\" standalone=\"yes\"?>\n<mapper xmlns=\"http://www.kony.com/ns/mapper\">\n    <map inputpath=\"response_in\" outputpath=\"response_out\">\n        <map inputpath=\"\" outputpath=\"\"/>\n    </map>\n</mapper>\n",
    "iVisualMappingData" : "{\"nodeDataArray\":[{\"isGroup\":true,\"key\":\"request_in\",\"text\":\"SearchAndAddHWDevice\",\"xy\":\"186 173\"},{\"isGroup\":true,\"key\":\"request_out\",\"text\":\"SearchAndAddHWDevice (1.0).searchHardwareTokenDevice\",\"xy\":\"834 132\"},{\"key\":\"block:kony.util:constant:1\",\"name\":\"kony.basic:constant\",\"text\":\"Constant\",\"category\":\"functionTemplateConstant\",\"outPortId\":\"externalId eq  \",\"outPortText\":\"value\",\"loc\":\"415 93\",\"visible\":true},{\"key\":\"block:kony.string:concat:1\",\"name\":\"kony.string:stringConcatenate\",\"text\":\"String Concatenate\",\"category\":\"functionTemplateNTo1\",\"outPortId\":\"result1\",\"outPortText\":\"result\",\"valueArray\":[{\"inPortId\":\"input1\",\"inPortText\":\"value\",\"__gohashid\":5517},{\"inPortId\":\"input2\",\"inPortText\":\"value\",\"__gohashid\":6122},{\"inPortId\":\"input3\",\"inPortText\":\"value\",\"__gohashid\":6183}],\"loc\":\"541 187.39999961853027\",\"visible\":true},{\"key\":\"block:kony.util:constant:2\",\"name\":\"kony.basic:constant\",\"text\":\"Constant\",\"category\":\"functionTemplateConstant\",\"outPortId\":\"*\",\"outPortText\":\"value\",\"loc\":\"417 171.79999923706055\",\"visible\":true}],\"linkDataArray\":[{\"category\":\"Mapping\",\"visible\":true,\"from\":\"source:SearchAndAddHWDevice:Username:\",\"to\":\"target:parameters:Username:\",\"fromPort\":\"source:SearchAndAddHWDevice:Username:\",\"toPort\":\"target:parameters:Username:\"},{\"category\":\"Mapping\",\"visible\":true,\"from\":\"source:SearchAndAddHWDevice:UserId:\",\"to\":\"target:parameters:UserId:\",\"fromPort\":\"source:SearchAndAddHWDevice:UserId:\",\"toPort\":\"target:parameters:UserId:\"},{\"category\":\"Mapping\",\"visible\":true,\"from\":\"block:kony.util:constant:1\",\"to\":\"block:kony.string:concat:1\",\"fromPort\":\"externalId eq  \",\"toPort\":\"input1\"},{\"category\":\"Mapping\",\"visible\":true,\"from\":\"source:SearchAndAddHWDevice:filterItem:\",\"to\":\"block:kony.string:concat:1\",\"fromPort\":\"source:SearchAndAddHWDevice:filterItem:\",\"toPort\":\"input2\"},{\"category\":\"Mapping\",\"visible\":true,\"from\":\"block:kony.util:constant:2\",\"to\":\"block:kony.string:concat:1\",\"fromPort\":\"*\",\"toPort\":\"input3\"},{\"category\":\"Mapping\",\"visible\":true,\"from\":\"block:kony.string:concat:1\",\"to\":\"target:parameters:filterItem:\",\"fromPort\":\"result1\",\"toPort\":\"target:parameters:filterItem:\"}],\"blockCount\":{\"variableCount\":1,\"constant\":2,\"stringConcatenate\":1},\"variableMap\":{\"result1\":true},\"xmlMappingOverride\":false}",
    "oVisualMappingData" : "{\"nodeDataArray\":[{\"isGroup\":true,\"key\":\"response_out\",\"text\":\"SearchAndAddHWDevice\",\"xy\":\"770 100\"},{\"isGroup\":true,\"key\":\"response_in\",\"text\":\"SearchAndAddHWDevice (1.0).searchHardwareTokenDevice\",\"xy\":\"150 100\"}],\"linkDataArray\":[],\"blockCount\":{\"variableCount\":0},\"variableMap\":{},\"xmlMappingOverride\":false}",
    "applyCommonMapping" : false,
    "applyRequestCommonMapping" : false,
    "applyResponseCommonMapping" : false,
    "backendMeta" : {
      "serviceName" : "SearchAndAddHWDevice",
      "serviceVersion" : "1.0",
      "operationName" : "searchHardwareTokenDevice"
    },
    "relationshipHierarchyMapping" : {
      "children" : [ ],
      "name" : "SearchAndAddHWDevice",
      "actions" : { },
      "selected" : true
    },
    "requestXmlMappingOverride" : false,
    "responseXmlMappingOverride" : false,
    "mapperData" : [ {
      "name" : "base mapper1",
      "order" : 1,
      "iMapping" : "<?xml version=\"1.0\" encoding=\"UTF-8\" standalone=\"yes\"?>\n<mapper xmlns=\"http://www.kony.com/ns/mapper\">\n    <map inputpath=\"request_in\" outputpath=\"request_out\">\n        <set-param inputpath=\"UserId\" outputpath=\"UserId\"/>\n        <set-param inputpath=\"Username\" outputpath=\"Username\"/>\n        <exec-function name=\"kony.string:concat\" output=\"$vars\" outputpath=\"result1\">\n            <set-arg name=\"input1\" input=\"externalId eq  \"/>\n            <set-arg inputpath=\"filterItem\"/>\n            <set-arg name=\"input3\" input=\"*\"/>\n        </exec-function>\n        <set-param inputpath=\"$vars/result1\" outputpath=\"filterItem\"/>\n    </map>\n</mapper>\n",
      "oMapping" : "<?xml version=\"1.0\" encoding=\"UTF-8\" standalone=\"yes\"?>\n<mapper xmlns=\"http://www.kony.com/ns/mapper\">\n    <map inputpath=\"response_in\" outputpath=\"response_out\">\n        <map inputpath=\"\" outputpath=\"\"/>\n    </map>\n</mapper>\n",
      "iVisualMappingData" : "{\"nodeDataArray\":[{\"isGroup\":true,\"key\":\"request_in\",\"text\":\"SearchAndAddHWDevice\",\"xy\":\"186 173\"},{\"isGroup\":true,\"key\":\"request_out\",\"text\":\"SearchAndAddHWDevice (1.0).searchHardwareTokenDevice\",\"xy\":\"834 132\"},{\"key\":\"block:kony.util:constant:1\",\"name\":\"kony.basic:constant\",\"text\":\"Constant\",\"category\":\"functionTemplateConstant\",\"outPortId\":\"externalId eq  \",\"outPortText\":\"value\",\"loc\":\"415 93\",\"visible\":true},{\"key\":\"block:kony.string:concat:1\",\"name\":\"kony.string:stringConcatenate\",\"text\":\"String Concatenate\",\"category\":\"functionTemplateNTo1\",\"outPortId\":\"result1\",\"outPortText\":\"result\",\"valueArray\":[{\"inPortId\":\"input1\",\"inPortText\":\"value\",\"__gohashid\":5517},{\"inPortId\":\"input2\",\"inPortText\":\"value\",\"__gohashid\":6122},{\"inPortId\":\"input3\",\"inPortText\":\"value\",\"__gohashid\":6183}],\"loc\":\"541 187.39999961853027\",\"visible\":true},{\"key\":\"block:kony.util:constant:2\",\"name\":\"kony.basic:constant\",\"text\":\"Constant\",\"category\":\"functionTemplateConstant\",\"outPortId\":\"*\",\"outPortText\":\"value\",\"loc\":\"417 171.79999923706055\",\"visible\":true}],\"linkDataArray\":[{\"category\":\"Mapping\",\"visible\":true,\"from\":\"source:SearchAndAddHWDevice:Username:\",\"to\":\"target:parameters:Username:\",\"fromPort\":\"source:SearchAndAddHWDevice:Username:\",\"toPort\":\"target:parameters:Username:\"},{\"category\":\"Mapping\",\"visible\":true,\"from\":\"source:SearchAndAddHWDevice:UserId:\",\"to\":\"target:parameters:UserId:\",\"fromPort\":\"source:SearchAndAddHWDevice:UserId:\",\"toPort\":\"target:parameters:UserId:\"},{\"category\":\"Mapping\",\"visible\":true,\"from\":\"block:kony.util:constant:1\",\"to\":\"block:kony.string:concat:1\",\"fromPort\":\"externalId eq  \",\"toPort\":\"input1\"},{\"category\":\"Mapping\",\"visible\":true,\"from\":\"source:SearchAndAddHWDevice:filterItem:\",\"to\":\"block:kony.string:concat:1\",\"fromPort\":\"source:SearchAndAddHWDevice:filterItem:\",\"toPort\":\"input2\"},{\"category\":\"Mapping\",\"visible\":true,\"from\":\"block:kony.util:constant:2\",\"to\":\"block:kony.string:concat:1\",\"fromPort\":\"*\",\"toPort\":\"input3\"},{\"category\":\"Mapping\",\"visible\":true,\"from\":\"block:kony.string:concat:1\",\"to\":\"target:parameters:filterItem:\",\"fromPort\":\"result1\",\"toPort\":\"target:parameters:filterItem:\"}],\"blockCount\":{\"variableCount\":1,\"constant\":2,\"stringConcatenate\":1},\"variableMap\":{\"result1\":true},\"xmlMappingOverride\":false}",
      "oVisualMappingData" : "{\"nodeDataArray\":[{\"isGroup\":true,\"key\":\"response_out\",\"text\":\"SearchAndAddHWDevice\",\"xy\":\"770 100\"},{\"isGroup\":true,\"key\":\"response_in\",\"text\":\"SearchAndAddHWDevice (1.0).searchHardwareTokenDevice\",\"xy\":\"150 100\"}],\"linkDataArray\":[],\"blockCount\":{\"variableCount\":0},\"variableMap\":{},\"xmlMappingOverride\":false}",
      "requestXmlMappingOverride" : false,
      "responseXmlMappingOverride" : false,
      "disabled" : false,
      "applyCommonMapping" : false,
      "applyRequestCommonMapping" : false,
      "applyResponseCommonMapping" : false
    } ]
  },
  "enableFrontendUrl" : false
}