<?xml version="1.0" encoding="UTF-8" standalone="yes"?>
<service serviceGroup="" cachable="false" cacheduration="" customOperation="false" description="" endpoint="default" groupType="" id="SearchUser" passwordencrypted="false" security="authorized_app_user" type="jsonConnector" smscode="" smsenabled="false">
    <service-config>
        <config-param api-version="" appid="" name="preprocessorname" value="com.hid.common.OrgBasePreprocessor"/>
        <config-param api-version="" appid="" name="postprocessorname" value="com.hid.onboarding.postprocessor.SearchUserPostProcessor"/>
        <config-param api-version="" appid="" name="preprocessorJS" value=""/>
        <config-param api-version="" appid="" name="postprocessorJS" value=""/>
        <config-param api-version="" appid="" name="preprocessorRules" value=""/>
        <config-param api-version="" appid="" name="postprocessorRules" value=""/>
        <config-param api-version="" appid="" name="kony_http_supported_methods" value="POST"/>
        <config-param api-version="" appid="" name="endpointUrl" value="https://__$HOST__/scim/__$TENANT__/v2/Users/.search"/>
        <config-param api-version="" appid="" name="ignorehttpproxy" value="true"/>
        <config-param api-version="" appid="" name="http.method" value="POST"/>
        <config-param api-version="" appid="" name="dataObjectName" value=""/>
        <config-param api-version="" appid="" name="sockettimeout" value=""/>
        <config-param api-version="" appid="" name="responseEncoding" value="UTF-8"/>
        <config-param api-version="" appid="" name="isembedxmlpresent" value="false"/>
        <config-param api-version="" appid="" name="retrycount" value="0"/>
        <config-param api-version="" appid="" name="urlprovider" value="com.hid.common.ServiceUrlProvider"/>
        <config-param api-version="" appid="" name="jsonpath" value="true"/>
    </service-config>
    <service-input passthrough="false" isExtended="false">
        <header datatype="" name="" passthrough="false" isExtended="false">
            <param datatype="string" defaultvalue="" description="" encode="false" format="None" formatvalue="" name="Content-Type" order="" paramOrder="0" parentOrder="0" sms-name="" src="constant" sourcevalue="application/scim+json" srcformatvalue="" target="" targetdatatype="" testvalue="" value="" isExtended="false">
                <accessType></accessType>
            </param>
            <param datatype="string" defaultvalue="*/*" description="" encode="false" format="None" formatvalue="" name="Accept" order="" paramOrder="0" parentOrder="0" sms-name="" src="constant" sourcevalue="application/scim+json" srcformatvalue="" target="" targetdatatype="" testvalue="*/*" value="*/*" isExtended="false">
                <accessType></accessType>
            </param>
            <param datatype="string" defaultvalue="Bearer BVPhqwAAAX+Wfmsjh318RkXgA/TYMUBpdWL3kjjy" description="" encode="false" format="None" formatvalue="" name="Authorization" order="" paramOrder="0" parentOrder="0" sms-name="" src="request" sourcevalue="" srcformatvalue="" target="" targetdatatype="" testvalue="Bearer lABNOQAAAYYH5V4owRpLh+eO2x/m+F7LCck5zPfK" value="Bearer BVPhqwAAAX+Wfmsjh318RkXgA/TYMUBpdWL3kjjy" isExtended="false">
                <accessType></accessType>
            </param>
        </header>
        <param datatype="string" defaultvalue="" description="" encode="true" format="None" formatvalue="" name="filter" order="" paramOrder="1" parentOrder="-1" passnull="false" sms-name="" src="request" sourcevalue="" srcformatvalue="" target="request" targetdatatype="java.lang.String" testvalue="externalId eq rohit1" value="" isExtended="false">
            <accessType></accessType>
        </param>
        <template-param datatype="" defaultvalue="{&#10;    &quot;schemas&quot;: [&#10;        &quot;urn:ietf:params:scim:api:messages:2.0:SearchRequest&quot;&#10;    ],&#10;    &quot;filter&quot;: &quot;$filter&quot;,&#10;    &quot;sortBy&quot;: &quot;id&quot;,&#10;    &quot;sortOrder&quot;: &quot;descending&quot;,&#10;    &quot;startIndex&quot;: 0,&#10;    &quot;count&quot;: 100&#10;}" description="" encode="false" format="" formatvalue="" name="message" order="" paramOrder="0" parentOrder="0" sms-name="" src="" sourcevalue="" srcformatvalue="" target="" targetdatatype="" value="{&#10;    &quot;schemas&quot;: [&#10;        &quot;urn:ietf:params:scim:api:messages:2.0:SearchRequest&quot;&#10;    ],&#10;    &quot;filter&quot;: &quot;$filter&quot;,&#10;    &quot;sortBy&quot;: &quot;id&quot;,&#10;    &quot;sortOrder&quot;: &quot;descending&quot;,&#10;    &quot;startIndex&quot;: 0,&#10;    &quot;count&quot;: 100&#10;}" isExtended="false">
            <accessType></accessType>
        </template-param>
        <stub-param value=""/>
    </service-input>
    <service-output passthrough="false" isExtended="false">
        <dataset defaultvalue="" id="authenticators" order="" paramOrder="2" parentOrder="0" src="$.resources[0][&quot;urn:hid:scim:api:idp:2.0:UserAuthenticator&quot;].authenticators" testvalue="" isExtended="false">
            <param datatype="string" defaultvalue="" description="" encode="true" format="None" formatvalue="" name="display" order="" paramOrder="3" parentOrder="2" passnull="false" sms-name="" src="display" sourcevalue="" srcformatvalue="" target="response" targetdatatype="java.lang.String" testvalue="" value="" isExtended="false">
                <accessType></accessType>
            </param>
        </dataset>
        <param datatype="string" defaultvalue="" description="" encode="true" format="None" formatvalue="" name="userId" order="" paramOrder="1" parentOrder="0" passnull="false" sms-name="" src="$.resources[0].id" sourcevalue="" srcformatvalue="" target="response" targetdatatype="java.lang.String" testvalue="" value="" isExtended="false">
            <accessType></accessType>
        </param>
        <param datatype="string" defaultvalue="" description="" encode="true" format="None" formatvalue="" name="totalResults" order="" paramOrder="4" parentOrder="0" passnull="false" sms-name="" src="$.totalResults" sourcevalue="" srcformatvalue="" target="response" targetdatatype="java.lang.String" testvalue="" value="" isExtended="false">
            <accessType></accessType>
        </param>
        <param datatype="string" defaultvalue="" description="" encode="true" format="None" formatvalue="" name="active" order="" paramOrder="5" parentOrder="0" passnull="false" sms-name="" src="$.resources[0].active" sourcevalue="" srcformatvalue="" target="response" targetdatatype="java.lang.String" testvalue="" value="" isExtended="false">
            <accessType></accessType>
        </param>
    </service-output>
</service>
