{
  "operationConfig" : {
    "name" : "AddOOBAuthAndSendSMS5025",
    "type" : "MappedToBackend",
    "cachable" : false,
    "smsEnabled" : false,
    "security" : "authorized_app",
    "responseEncoding" : "UTF-8",
    "httpMethod" : "GET",
    "decodeResponseBody" : false,
    "iMapping" : "<?xml version=\"1.0\" encoding=\"UTF-8\" standalone=\"yes\"?>\n<mapper xmlns=\"http://www.kony.com/ns/mapper\">\n    <map inputpath=\"request_in\" outputpath=\"request_out\">\n        <set-param inputpath=\"Auth_Key\" outputpath=\"Auth_Key\"/>\n        <set-param inputpath=\"AuthenticationType\" outputpath=\"AuthenticationType\"/>\n        <set-param inputpath=\"AuthenticatorType\" outputpath=\"AuthenticatorType\"/>\n        <set-param inputpath=\"AuthenticatorValue\" outputpath=\"AuthenticatorValue\"/>\n        <set-param inputpath=\"OOB_PIN\" outputpath=\"OOB_PIN\"/>\n        <set-param inputpath=\"channelId\" outputpath=\"channelId\"/>\n        <set-param inputpath=\"correlationId\" outputpath=\"correlationId\"/>\n        <set-param inputpath=\"isPasswordRequired\" outputpath=\"isPasswordRequired\"/>\n        <set-param inputpath=\"password\" outputpath=\"password\"/>\n        <set-param inputpath=\"userId\" outputpath=\"userId\"/>\n        <set-param inputpath=\"username\" outputpath=\"username\"/>\n    </map>\n</mapper>\n",
    "oMapping" : "<?xml version=\"1.0\" encoding=\"UTF-8\" standalone=\"yes\"?>\n<mapper xmlns=\"http://www.kony.com/ns/mapper\">\n    <map inputpath=\"response_in\" outputpath=\"response_out\">\n        <map inputpath=\"\" outputpath=\"AddOOBAuthAndSendSMS\">\n            <set-param inputpath=\"OOB_SENT\" outputpath=\"OOB_SENT\"/>\n            <set-param inputpath=\"AddAllOOBServiceError\" outputpath=\"AddOOBServiceError\"/>\n        </map>\n    </map>\n</mapper>\n",
    "iVisualMappingData" : "{\"nodeDataArray\":[{\"isGroup\":true,\"key\":\"request_in\",\"text\":\"AddOOBAuthAndSendSMS\",\"xy\":\"297 61\"},{\"isGroup\":true,\"key\":\"request_out\",\"text\":\"ScimApisOrch (1.0).AddOOBAuthAndSendSMS\",\"xy\":\"770 100\"}],\"linkDataArray\":[{\"category\":\"Mapping\",\"visible\":true,\"from\":\"source:AddOOBAuthAndSendSMS:username:\",\"to\":\"target:username:\",\"fromPort\":\"source:AddOOBAuthAndSendSMS:username:\",\"toPort\":\"target:username:\"},{\"category\":\"Mapping\",\"visible\":true,\"from\":\"source:AddOOBAuthAndSendSMS:userId:\",\"to\":\"target:userId:\",\"fromPort\":\"source:AddOOBAuthAndSendSMS:userId:\",\"toPort\":\"target:userId:\"},{\"category\":\"Mapping\",\"visible\":true,\"from\":\"source:AddOOBAuthAndSendSMS:AuthenticatorType:\",\"to\":\"target:AuthenticatorType:\",\"fromPort\":\"source:AddOOBAuthAndSendSMS:AuthenticatorType:\",\"toPort\":\"target:AuthenticatorType:\"},{\"category\":\"Mapping\",\"visible\":true,\"from\":\"source:AddOOBAuthAndSendSMS:AuthenticatorValue:\",\"to\":\"target:AuthenticatorValue:\",\"fromPort\":\"source:AddOOBAuthAndSendSMS:AuthenticatorValue:\",\"toPort\":\"target:AuthenticatorValue:\"},{\"category\":\"Mapping\",\"visible\":true,\"from\":\"source:AddOOBAuthAndSendSMS:Auth_Key:\",\"to\":\"target:Auth_Key:\",\"fromPort\":\"source:AddOOBAuthAndSendSMS:Auth_Key:\",\"toPort\":\"target:Auth_Key:\"},{\"category\":\"Mapping\",\"visible\":true,\"from\":\"source:AddOOBAuthAndSendSMS:OOB_PIN:\",\"to\":\"target:OOB_PIN:\",\"fromPort\":\"source:AddOOBAuthAndSendSMS:OOB_PIN:\",\"toPort\":\"target:OOB_PIN:\"},{\"category\":\"Mapping\",\"visible\":true,\"from\":\"source:AddOOBAuthAndSendSMS:channelId:\",\"to\":\"target:channelId:\",\"fromPort\":\"source:AddOOBAuthAndSendSMS:channelId:\",\"toPort\":\"target:channelId:\"},{\"category\":\"Mapping\",\"visible\":true,\"from\":\"source:AddOOBAuthAndSendSMS:password:\",\"to\":\"target:password:\",\"fromPort\":\"source:AddOOBAuthAndSendSMS:password:\",\"toPort\":\"target:password:\"},{\"category\":\"Mapping\",\"visible\":true,\"from\":\"source:AddOOBAuthAndSendSMS:isPasswordRequired:\",\"to\":\"target:isPasswordRequired:\",\"fromPort\":\"source:AddOOBAuthAndSendSMS:isPasswordRequired:\",\"toPort\":\"target:isPasswordRequired:\"},{\"category\":\"Mapping\",\"visible\":true,\"from\":\"source:AddOOBAuthAndSendSMS:AuthenticationType:\",\"to\":\"target:AuthenticationType:\",\"fromPort\":\"source:AddOOBAuthAndSendSMS:AuthenticationType:\",\"toPort\":\"target:AuthenticationType:\"},{\"category\":\"Mapping\",\"visible\":true,\"from\":\"source:AddOOBAuthAndSendSMS:correlationId:\",\"to\":\"target:correlationId:\",\"fromPort\":\"source:AddOOBAuthAndSendSMS:correlationId:\",\"toPort\":\"target:correlationId:\"}],\"blockCount\":{\"variableCount\":0},\"variableMap\":{},\"xmlMappingOverride\":false}",
    "oVisualMappingData" : "{\"nodeDataArray\":[{\"isGroup\":true,\"key\":\"response_out\",\"text\":\"AddOOBAuthAndSendSMS\",\"xy\":\"770 100\"},{\"isGroup\":true,\"key\":\"response_in\",\"text\":\"ScimApisOrch (1.0).AddOOBAuthAndSendSMS\",\"xy\":\"150 100\"}],\"linkDataArray\":[{\"category\":\"Mapping\",\"visible\":true,\"from\":\"source:OOB_SENT:\",\"to\":\"target:AddOOBAuthAndSendSMS:OOB_SENT:\",\"fromPort\":\"source:OOB_SENT:\",\"toPort\":\"target:AddOOBAuthAndSendSMS:OOB_SENT:\"},{\"category\":\"Mapping\",\"visible\":true,\"from\":\"source:AddAllOOBServiceError:\",\"to\":\"target:AddOOBAuthAndSendSMS:AddOOBServiceError:\",\"fromPort\":\"source:AddAllOOBServiceError:\",\"toPort\":\"target:AddOOBAuthAndSendSMS:AddOOBServiceError:\"}],\"blockCount\":{\"variableCount\":0},\"variableMap\":{},\"xmlMappingOverride\":false}",
    "applyCommonMapping" : false,
    "applyRequestCommonMapping" : false,
    "applyResponseCommonMapping" : false,
    "backendMeta" : {
      "serviceName" : "ScimApisOrch",
      "serviceVersion" : "1.0",
      "operationName" : "AddOOBAuthAndSendSMS"
    },
    "relationshipHierarchyMapping" : {
      "name" : "AddOOBAuthAndSendSMS",
      "children" : [ ],
      "actions" : { },
      "selected" : true
    },
    "requestXmlMappingOverride" : false,
    "responseXmlMappingOverride" : false,
    "mapperData" : [ {
      "name" : "base mapper1",
      "order" : 1,
      "iMapping" : "<?xml version=\"1.0\" encoding=\"UTF-8\" standalone=\"yes\"?>\n<mapper xmlns=\"http://www.kony.com/ns/mapper\">\n    <map inputpath=\"request_in\" outputpath=\"request_out\">\n        <set-param inputpath=\"Auth_Key\" outputpath=\"Auth_Key\"/>\n        <set-param inputpath=\"AuthenticationType\" outputpath=\"AuthenticationType\"/>\n        <set-param inputpath=\"AuthenticatorType\" outputpath=\"AuthenticatorType\"/>\n        <set-param inputpath=\"AuthenticatorValue\" outputpath=\"AuthenticatorValue\"/>\n        <set-param inputpath=\"OOB_PIN\" outputpath=\"OOB_PIN\"/>\n        <set-param inputpath=\"channelId\" outputpath=\"channelId\"/>\n        <set-param inputpath=\"correlationId\" outputpath=\"correlationId\"/>\n        <set-param inputpath=\"isPasswordRequired\" outputpath=\"isPasswordRequired\"/>\n        <set-param inputpath=\"password\" outputpath=\"password\"/>\n        <set-param inputpath=\"userId\" outputpath=\"userId\"/>\n        <set-param inputpath=\"username\" outputpath=\"username\"/>\n    </map>\n</mapper>\n",
      "oMapping" : "<?xml version=\"1.0\" encoding=\"UTF-8\" standalone=\"yes\"?>\n<mapper xmlns=\"http://www.kony.com/ns/mapper\">\n    <map inputpath=\"response_in\" outputpath=\"response_out\">\n        <map inputpath=\"\" outputpath=\"AddOOBAuthAndSendSMS\">\n            <set-param inputpath=\"OOB_SENT\" outputpath=\"OOB_SENT\"/>\n            <set-param inputpath=\"AddAllOOBServiceError\" outputpath=\"AddOOBServiceError\"/>\n        </map>\n    </map>\n</mapper>\n",
      "iVisualMappingData" : "{\"nodeDataArray\":[{\"isGroup\":true,\"key\":\"request_in\",\"text\":\"AddOOBAuthAndSendSMS\",\"xy\":\"297 61\"},{\"isGroup\":true,\"key\":\"request_out\",\"text\":\"ScimApisOrch (1.0).AddOOBAuthAndSendSMS\",\"xy\":\"770 100\"}],\"linkDataArray\":[{\"category\":\"Mapping\",\"visible\":true,\"from\":\"source:AddOOBAuthAndSendSMS:username:\",\"to\":\"target:username:\",\"fromPort\":\"source:AddOOBAuthAndSendSMS:username:\",\"toPort\":\"target:username:\"},{\"category\":\"Mapping\",\"visible\":true,\"from\":\"source:AddOOBAuthAndSendSMS:userId:\",\"to\":\"target:userId:\",\"fromPort\":\"source:AddOOBAuthAndSendSMS:userId:\",\"toPort\":\"target:userId:\"},{\"category\":\"Mapping\",\"visible\":true,\"from\":\"source:AddOOBAuthAndSendSMS:AuthenticatorType:\",\"to\":\"target:AuthenticatorType:\",\"fromPort\":\"source:AddOOBAuthAndSendSMS:AuthenticatorType:\",\"toPort\":\"target:AuthenticatorType:\"},{\"category\":\"Mapping\",\"visible\":true,\"from\":\"source:AddOOBAuthAndSendSMS:AuthenticatorValue:\",\"to\":\"target:AuthenticatorValue:\",\"fromPort\":\"source:AddOOBAuthAndSendSMS:AuthenticatorValue:\",\"toPort\":\"target:AuthenticatorValue:\"},{\"category\":\"Mapping\",\"visible\":true,\"from\":\"source:AddOOBAuthAndSendSMS:Auth_Key:\",\"to\":\"target:Auth_Key:\",\"fromPort\":\"source:AddOOBAuthAndSendSMS:Auth_Key:\",\"toPort\":\"target:Auth_Key:\"},{\"category\":\"Mapping\",\"visible\":true,\"from\":\"source:AddOOBAuthAndSendSMS:OOB_PIN:\",\"to\":\"target:OOB_PIN:\",\"fromPort\":\"source:AddOOBAuthAndSendSMS:OOB_PIN:\",\"toPort\":\"target:OOB_PIN:\"},{\"category\":\"Mapping\",\"visible\":true,\"from\":\"source:AddOOBAuthAndSendSMS:channelId:\",\"to\":\"target:channelId:\",\"fromPort\":\"source:AddOOBAuthAndSendSMS:channelId:\",\"toPort\":\"target:channelId:\"},{\"category\":\"Mapping\",\"visible\":true,\"from\":\"source:AddOOBAuthAndSendSMS:password:\",\"to\":\"target:password:\",\"fromPort\":\"source:AddOOBAuthAndSendSMS:password:\",\"toPort\":\"target:password:\"},{\"category\":\"Mapping\",\"visible\":true,\"from\":\"source:AddOOBAuthAndSendSMS:isPasswordRequired:\",\"to\":\"target:isPasswordRequired:\",\"fromPort\":\"source:AddOOBAuthAndSendSMS:isPasswordRequired:\",\"toPort\":\"target:isPasswordRequired:\"},{\"category\":\"Mapping\",\"visible\":true,\"from\":\"source:AddOOBAuthAndSendSMS:AuthenticationType:\",\"to\":\"target:AuthenticationType:\",\"fromPort\":\"source:AddOOBAuthAndSendSMS:AuthenticationType:\",\"toPort\":\"target:AuthenticationType:\"},{\"category\":\"Mapping\",\"visible\":true,\"from\":\"source:AddOOBAuthAndSendSMS:correlationId:\",\"to\":\"target:correlationId:\",\"fromPort\":\"source:AddOOBAuthAndSendSMS:correlationId:\",\"toPort\":\"target:correlationId:\"}],\"blockCount\":{\"variableCount\":0},\"variableMap\":{},\"xmlMappingOverride\":false}",
      "oVisualMappingData" : "{\"nodeDataArray\":[{\"isGroup\":true,\"key\":\"response_out\",\"text\":\"AddOOBAuthAndSendSMS\",\"xy\":\"770 100\"},{\"isGroup\":true,\"key\":\"response_in\",\"text\":\"ScimApisOrch (1.0).AddOOBAuthAndSendSMS\",\"xy\":\"150 100\"}],\"linkDataArray\":[{\"category\":\"Mapping\",\"visible\":true,\"from\":\"source:OOB_SENT:\",\"to\":\"target:AddOOBAuthAndSendSMS:OOB_SENT:\",\"fromPort\":\"source:OOB_SENT:\",\"toPort\":\"target:AddOOBAuthAndSendSMS:OOB_SENT:\"},{\"category\":\"Mapping\",\"visible\":true,\"from\":\"source:AddAllOOBServiceError:\",\"to\":\"target:AddOOBAuthAndSendSMS:AddOOBServiceError:\",\"fromPort\":\"source:AddAllOOBServiceError:\",\"toPort\":\"target:AddOOBAuthAndSendSMS:AddOOBServiceError:\"}],\"blockCount\":{\"variableCount\":0},\"variableMap\":{},\"xmlMappingOverride\":false}",
      "requestXmlMappingOverride" : false,
      "responseXmlMappingOverride" : false,
      "disabled" : false,
      "applyCommonMapping" : false,
      "applyRequestCommonMapping" : false,
      "applyResponseCommonMapping" : false
    } ]
  },
  "enableFrontendUrl" : false,
  "customVerb" : false
}