{
  "operationConfig" : {
    "name" : "changeUserPassword5812",
    "type" : "MappedToBackend",
    "cachable" : false,
    "smsEnabled" : false,
    "security" : "authorized_app",
    "responseEncoding" : "UTF-8",
    "httpMethod" : "GET",
    "decodeResponseBody" : false,
    "iMapping" : "<?xml version=\"1.0\" encoding=\"UTF-8\" standalone=\"yes\"?>\n<mapper xmlns=\"http://www.kony.com/ns/mapper\">\n    <map inputpath=\"request_in\" outputpath=\"request_out\">\n        <set-param input=\"AT_STDPWD\" outputpath=\"authType\"/>\n        <exec-function name=\"kony.string:concat\" output=\"$vars\" outputpath=\"result1\">\n            <set-arg name=\"input1\" input=\"externalId eq \"/>\n            <set-arg inputpath=\"userName\"/>\n        </exec-function>\n        <set-param inputpath=\"$vars/result1\" outputpath=\"filter\"/>\n        <set-param inputpath=\"password\" outputpath=\"password\"/>\n        <set-param inputpath=\"userName\" outputpath=\"userName\"/>\n    </map>\n</mapper>\n",
    "oMapping" : "<?xml version=\"1.0\" encoding=\"UTF-8\" standalone=\"yes\"?>\n<mapper xmlns=\"http://www.kony.com/ns/mapper\">\n    <map inputpath=\"response_in\" outputpath=\"response_out\">\n        <map inputpath=\"\" outputpath=\"ChangePassword\">\n            <set-param inputpath=\"ChangePasswordError\" outputpath=\"ChangePasswordError\"/>\n            <set-param inputpath=\"status\" outputpath=\"status\"/>\n            <set-param inputpath=\"UserId\" outputpath=\"userId\"/>\n        </map>\n    </map>\n</mapper>\n",
    "iVisualMappingData" : "{\"nodeDataArray\":[{\"isGroup\":true,\"key\":\"request_in\",\"text\":\"ChangePassword\",\"xy\":\"150 100\"},{\"isGroup\":true,\"key\":\"request_out\",\"text\":\"ChangePassword (1.0).changeUserPassword\",\"xy\":\"897 107\"},{\"key\":\"block:kony.util:constant:1\",\"name\":\"kony.basic:constant\",\"text\":\"Constant\",\"category\":\"functionTemplateConstant\",\"outPortId\":\"externalId eq \",\"outPortText\":\"value\",\"loc\":\"409 119.19999694824219\",\"visible\":true},{\"key\":\"block:kony.string:concat:1\",\"name\":\"kony.string:stringConcatenate\",\"text\":\"String Concatenate\",\"category\":\"functionTemplateNTo1\",\"outPortId\":\"result1\",\"outPortText\":\"result\",\"valueArray\":[{\"inPortId\":\"input1\",\"inPortText\":\"value\",\"__gohashid\":4174},{\"inPortId\":\"input2\",\"inPortText\":\"value\",\"__gohashid\":4810}],\"loc\":\"550 116.20000076293945\",\"visible\":true},{\"key\":\"block:kony.util:constant:2\",\"name\":\"kony.basic:constant\",\"text\":\"Constant\",\"category\":\"functionTemplateConstant\",\"outPortId\":\"AT_STDPWD\",\"outPortText\":\"value\",\"loc\":\"560 354\",\"visible\":true}],\"linkDataArray\":[{\"category\":\"Mapping\",\"visible\":true,\"from\":\"block:kony.util:constant:1\",\"to\":\"block:kony.string:concat:1\",\"fromPort\":\"externalId eq \",\"toPort\":\"input1\"},{\"category\":\"Mapping\",\"visible\":true,\"from\":\"block:kony.string:concat:1\",\"to\":\"target:filter:\",\"fromPort\":\"result1\",\"toPort\":\"target:filter:\"},{\"category\":\"Mapping\",\"visible\":true,\"from\":\"source:ChangePassword:userName:\",\"to\":\"target:userName:\",\"fromPort\":\"source:ChangePassword:userName:\",\"toPort\":\"target:userName:\"},{\"category\":\"Mapping\",\"visible\":true,\"from\":\"source:ChangePassword:password:\",\"to\":\"target:password:\",\"fromPort\":\"source:ChangePassword:password:\",\"toPort\":\"target:password:\"},{\"category\":\"Mapping\",\"visible\":true,\"from\":\"block:kony.util:constant:2\",\"to\":\"target:authType:\",\"fromPort\":\"AT_STDPWD\",\"toPort\":\"target:authType:\"},{\"category\":\"Mapping\",\"visible\":true,\"from\":\"source:ChangePassword:userName:\",\"to\":\"block:kony.string:concat:1\",\"fromPort\":\"source:ChangePassword:userName:\",\"toPort\":\"input2\"}],\"blockCount\":{\"variableCount\":1,\"constant\":3,\"stringConcatenate\":1},\"variableMap\":{\"result1\":true},\"xmlMappingOverride\":false}",
    "oVisualMappingData" : "{\"nodeDataArray\":[{\"isGroup\":true,\"key\":\"response_out\",\"text\":\"ChangePassword\",\"xy\":\"770 100\"},{\"isGroup\":true,\"key\":\"response_in\",\"text\":\"ChangePassword (1.0).changeUserPassword\",\"xy\":\"201 109.19999694824219\"}],\"linkDataArray\":[{\"category\":\"Mapping\",\"visible\":true,\"from\":\"source:ChangePasswordError:\",\"to\":\"target:ChangePassword:ChangePasswordError:\",\"fromPort\":\"source:ChangePasswordError:\",\"toPort\":\"target:ChangePassword:ChangePasswordError:\"},{\"category\":\"Mapping\",\"visible\":true,\"from\":\"source:status:\",\"to\":\"target:ChangePassword:status:\",\"fromPort\":\"source:status:\",\"toPort\":\"target:ChangePassword:status:\"},{\"category\":\"Mapping\",\"visible\":true,\"from\":\"source:UserId:\",\"to\":\"target:ChangePassword:userId:\",\"fromPort\":\"source:UserId:\",\"toPort\":\"target:ChangePassword:userId:\"}],\"blockCount\":{\"variableCount\":0},\"variableMap\":{},\"xmlMappingOverride\":false}",
    "applyCommonMapping" : false,
    "applyRequestCommonMapping" : false,
    "applyResponseCommonMapping" : false,
    "backendMeta" : {
      "serviceName" : "ChangePassword",
      "serviceVersion" : "1.0",
      "operationName" : "changeUserPassword"
    },
    "relationshipHierarchyMapping" : {
      "children" : [ ],
      "name" : "ChangePassword",
      "actions" : { },
      "selected" : true
    },
    "requestXmlMappingOverride" : false,
    "responseXmlMappingOverride" : false,
    "mapperData" : [ {
      "name" : "base mapper1",
      "order" : 1,
      "iMapping" : "<?xml version=\"1.0\" encoding=\"UTF-8\" standalone=\"yes\"?>\n<mapper xmlns=\"http://www.kony.com/ns/mapper\">\n    <map inputpath=\"request_in\" outputpath=\"request_out\">\n        <set-param input=\"AT_STDPWD\" outputpath=\"authType\"/>\n        <exec-function name=\"kony.string:concat\" output=\"$vars\" outputpath=\"result1\">\n            <set-arg name=\"input1\" input=\"externalId eq \"/>\n            <set-arg inputpath=\"userName\"/>\n        </exec-function>\n        <set-param inputpath=\"$vars/result1\" outputpath=\"filter\"/>\n        <set-param inputpath=\"password\" outputpath=\"password\"/>\n        <set-param inputpath=\"userName\" outputpath=\"userName\"/>\n    </map>\n</mapper>\n",
      "oMapping" : "<?xml version=\"1.0\" encoding=\"UTF-8\" standalone=\"yes\"?>\n<mapper xmlns=\"http://www.kony.com/ns/mapper\">\n    <map inputpath=\"response_in\" outputpath=\"response_out\">\n        <map inputpath=\"\" outputpath=\"ChangePassword\">\n            <set-param inputpath=\"ChangePasswordError\" outputpath=\"ChangePasswordError\"/>\n            <set-param inputpath=\"status\" outputpath=\"status\"/>\n            <set-param inputpath=\"UserId\" outputpath=\"userId\"/>\n        </map>\n    </map>\n</mapper>\n",
      "iVisualMappingData" : "{\"nodeDataArray\":[{\"isGroup\":true,\"key\":\"request_in\",\"text\":\"ChangePassword\",\"xy\":\"150 100\"},{\"isGroup\":true,\"key\":\"request_out\",\"text\":\"ChangePassword (1.0).changeUserPassword\",\"xy\":\"897 107\"},{\"key\":\"block:kony.util:constant:1\",\"name\":\"kony.basic:constant\",\"text\":\"Constant\",\"category\":\"functionTemplateConstant\",\"outPortId\":\"externalId eq \",\"outPortText\":\"value\",\"loc\":\"409 119.19999694824219\",\"visible\":true},{\"key\":\"block:kony.string:concat:1\",\"name\":\"kony.string:stringConcatenate\",\"text\":\"String Concatenate\",\"category\":\"functionTemplateNTo1\",\"outPortId\":\"result1\",\"outPortText\":\"result\",\"valueArray\":[{\"inPortId\":\"input1\",\"inPortText\":\"value\",\"__gohashid\":4174},{\"inPortId\":\"input2\",\"inPortText\":\"value\",\"__gohashid\":4810}],\"loc\":\"550 116.20000076293945\",\"visible\":true},{\"key\":\"block:kony.util:constant:2\",\"name\":\"kony.basic:constant\",\"text\":\"Constant\",\"category\":\"functionTemplateConstant\",\"outPortId\":\"AT_STDPWD\",\"outPortText\":\"value\",\"loc\":\"560 354\",\"visible\":true}],\"linkDataArray\":[{\"category\":\"Mapping\",\"visible\":true,\"from\":\"block:kony.util:constant:1\",\"to\":\"block:kony.string:concat:1\",\"fromPort\":\"externalId eq \",\"toPort\":\"input1\"},{\"category\":\"Mapping\",\"visible\":true,\"from\":\"block:kony.string:concat:1\",\"to\":\"target:filter:\",\"fromPort\":\"result1\",\"toPort\":\"target:filter:\"},{\"category\":\"Mapping\",\"visible\":true,\"from\":\"source:ChangePassword:userName:\",\"to\":\"target:userName:\",\"fromPort\":\"source:ChangePassword:userName:\",\"toPort\":\"target:userName:\"},{\"category\":\"Mapping\",\"visible\":true,\"from\":\"source:ChangePassword:password:\",\"to\":\"target:password:\",\"fromPort\":\"source:ChangePassword:password:\",\"toPort\":\"target:password:\"},{\"category\":\"Mapping\",\"visible\":true,\"from\":\"block:kony.util:constant:2\",\"to\":\"target:authType:\",\"fromPort\":\"AT_STDPWD\",\"toPort\":\"target:authType:\"},{\"category\":\"Mapping\",\"visible\":true,\"from\":\"source:ChangePassword:userName:\",\"to\":\"block:kony.string:concat:1\",\"fromPort\":\"source:ChangePassword:userName:\",\"toPort\":\"input2\"}],\"blockCount\":{\"variableCount\":1,\"constant\":3,\"stringConcatenate\":1},\"variableMap\":{\"result1\":true},\"xmlMappingOverride\":false}",
      "oVisualMappingData" : "{\"nodeDataArray\":[{\"isGroup\":true,\"key\":\"response_out\",\"text\":\"ChangePassword\",\"xy\":\"770 100\"},{\"isGroup\":true,\"key\":\"response_in\",\"text\":\"ChangePassword (1.0).changeUserPassword\",\"xy\":\"201 109.19999694824219\"}],\"linkDataArray\":[{\"category\":\"Mapping\",\"visible\":true,\"from\":\"source:ChangePasswordError:\",\"to\":\"target:ChangePassword:ChangePasswordError:\",\"fromPort\":\"source:ChangePasswordError:\",\"toPort\":\"target:ChangePassword:ChangePasswordError:\"},{\"category\":\"Mapping\",\"visible\":true,\"from\":\"source:status:\",\"to\":\"target:ChangePassword:status:\",\"fromPort\":\"source:status:\",\"toPort\":\"target:ChangePassword:status:\"},{\"category\":\"Mapping\",\"visible\":true,\"from\":\"source:UserId:\",\"to\":\"target:ChangePassword:userId:\",\"fromPort\":\"source:UserId:\",\"toPort\":\"target:ChangePassword:userId:\"}],\"blockCount\":{\"variableCount\":0},\"variableMap\":{},\"xmlMappingOverride\":false}",
      "requestXmlMappingOverride" : false,
      "responseXmlMappingOverride" : false,
      "disabled" : false,
      "applyCommonMapping" : false,
      "applyRequestCommonMapping" : false,
      "applyResponseCommonMapping" : false
    } ]
  }
}