<?xml version="1.0" encoding="UTF-8" standalone="yes"?>
<service serviceGroup="" cachable="false" cacheduration="" customOperation="false" description="" endpoint="" groupType="" id="ValidateUser" passwordencrypted="" security="public" type="CompositeConnector" smscode="" smsenabled="false">
    <service-config>
        <config-param api-version="" appid="" name="preprocessorname" value="com.hid.common.AddCorrelationIdOrchPreProcessor"/>
        <config-param api-version="" appid="" name="postprocessorJS" value=""/>
        <config-param api-version="" appid="" name="preprocessorJS" value=""/>
        <config-param api-version="" appid="" name="postprocessorname" value="com.hid.onboarding.postprocessor.ValidateUserPostProcessor"/>
        <config-param api-version="" appid="" name="exec_type" value="Sequential"/>
        <config-param api-version="" appid="" name="kony_http_supported_methods" value="POST"/>
        <config-param api-version="1.0" appid="ScimAPIs" name="service" value="SearchUser"/>
        <config-param api-version="1.0" appid="ScimAPIs" name="service" value="getActivationCodeAuthenticator"/>
        <config-param api-version="2.0" appid="ActivationCodeService" name="service" value="login"/>
    </service-config>
    <service-input passthrough="false" isExtended="false"/>
    <service-output passthrough="false" isExtended="false"/>
</service>
