{
  "operationConfig" : {
    "name" : "UpdateUserMobileNo1641",
    "type" : "MappedToBackend",
    "cachable" : false,
    "smsEnabled" : false,
    "security" : "public",
    "responseEncoding" : "UTF-8",
    "httpMethod" : "GET",
    "decodeResponseBody" : false,
    "iMapping" : "<?xml version=\"1.0\" encoding=\"UTF-8\" standalone=\"yes\"?>\n<mapper xmlns=\"http://www.kony.com/ns/mapper\">\n    <map inputpath=\"request_in\" outputpath=\"request_out\">\n        <exec-function name=\"kony.string:concat\" output=\"$vars\" outputpath=\"result1\">\n            <set-arg name=\"input1\" input=\"externalId eq \"/>\n            <set-arg inputpath=\"userName\"/>\n        </exec-function>\n        <set-param inputpath=\"$vars/result1\" outputpath=\"filter\"/>\n        <set-param inputpath=\"mobileNumber\" outputpath=\"mobileNumber\"/>\n    </map>\n</mapper>\n",
    "iVisualMappingData" : "{\"nodeDataArray\":[{\"isGroup\":true,\"key\":\"request_in\",\"text\":\"UpdateUserInfo\",\"xy\":\"209 251\"},{\"isGroup\":true,\"key\":\"request_out\",\"text\":\"UpdateUserMobileNo (1.0).UpdateUserMobileNo\",\"xy\":\"1014 194\"},{\"key\":\"block:kony.util:constant:1\",\"name\":\"kony.basic:constant\",\"text\":\"Constant\",\"category\":\"functionTemplateConstant\",\"outPortId\":\"externalId eq \",\"outPortText\":\"value\",\"loc\":\"415 135\",\"visible\":true},{\"key\":\"block:kony.string:concat:1\",\"name\":\"kony.string:stringConcatenate\",\"text\":\"String Concatenate\",\"category\":\"functionTemplateNTo1\",\"outPortId\":\"result1\",\"outPortText\":\"result\",\"valueArray\":[{\"inPortId\":\"input1\",\"inPortText\":\"value\",\"__gohashid\":6141},{\"inPortId\":\"input2\",\"inPortText\":\"value\",\"__gohashid\":6208}],\"loc\":\"645 138\",\"visible\":true}],\"linkDataArray\":[{\"category\":\"Mapping\",\"visible\":true,\"from\":\"block:kony.util:constant:1\",\"to\":\"block:kony.string:concat:1\",\"fromPort\":\"externalId eq \",\"toPort\":\"input1\"},{\"category\":\"Mapping\",\"visible\":true,\"from\":\"source:UpdateUserInfo:userName:\",\"to\":\"block:kony.string:concat:1\",\"fromPort\":\"source:UpdateUserInfo:userName:\",\"toPort\":\"input2\"},{\"category\":\"Mapping\",\"visible\":true,\"from\":\"block:kony.string:concat:1\",\"to\":\"target:filter:\",\"fromPort\":\"result1\",\"toPort\":\"target:filter:\"},{\"category\":\"Mapping\",\"visible\":true,\"from\":\"source:UpdateUserInfo:mobileNumber:\",\"to\":\"target:mobileNumber:\",\"fromPort\":\"source:UpdateUserInfo:mobileNumber:\",\"toPort\":\"target:mobileNumber:\"}],\"blockCount\":{\"variableCount\":1,\"constant\":1,\"stringConcatenate\":1},\"variableMap\":{\"result1\":true},\"xmlMappingOverride\":false}",
    "oVisualMappingData" : "{\"nodeDataArray\":[{\"isGroup\":true,\"key\":\"response_out\",\"text\":\"UpdateUserInfo\",\"xy\":\"770 100\"},{\"isGroup\":true,\"key\":\"response_in\",\"text\":\"UpdateUserMobileNo (1.0).UpdateUserMobileNo\",\"xy\":\"150 100\"}],\"linkDataArray\":[]}",
    "applyCommonMapping" : false,
    "applyRequestCommonMapping" : false,
    "applyResponseCommonMapping" : true,
    "backendMeta" : {
      "serviceName" : "UpdateUserMobileNo",
      "serviceVersion" : "1.0",
      "operationName" : "UpdateUserMobileNo"
    },
    "relationshipHierarchyMapping" : {
      "name" : "UpdateUserInfo",
      "children" : [ ],
      "actions" : { },
      "selected" : true
    },
    "requestXmlMappingOverride" : false,
    "responseXmlMappingOverride" : false,
    "mapperData" : [ {
      "name" : "base mapper1",
      "order" : 1,
      "iMapping" : "<?xml version=\"1.0\" encoding=\"UTF-8\" standalone=\"yes\"?><mapper xmlns=\"http://www.kony.com/ns/mapper\">  <map inputpath=\"request_in\" outputpath=\"request_out\">    <exec-function name=\"kony.string:concat\" output=\"$vars\" outputpath=\"result1\">      <set-arg name=\"input1\" input=\"externalId eq \"/>      <set-arg inputpath=\"userName\"/>    </exec-function>    <set-param inputpath=\"$vars/result1\" outputpath=\"filter\"/>    <set-param inputpath=\"mobileNumber\" outputpath=\"mobileNumber\"/>  </map></mapper>",
      "iVisualMappingData" : "{\"nodeDataArray\":[{\"isGroup\":true,\"key\":\"request_in\",\"text\":\"UpdateUserInfo\",\"xy\":\"209 251\"},{\"isGroup\":true,\"key\":\"request_out\",\"text\":\"UpdateUserMobileNo (1.0).UpdateUserMobileNo\",\"xy\":\"1014 194\"},{\"key\":\"block:kony.util:constant:1\",\"name\":\"kony.basic:constant\",\"text\":\"Constant\",\"category\":\"functionTemplateConstant\",\"outPortId\":\"externalId eq \",\"outPortText\":\"value\",\"loc\":\"415 135\",\"visible\":true},{\"key\":\"block:kony.string:concat:1\",\"name\":\"kony.string:stringConcatenate\",\"text\":\"String Concatenate\",\"category\":\"functionTemplateNTo1\",\"outPortId\":\"result1\",\"outPortText\":\"result\",\"valueArray\":[{\"inPortId\":\"input1\",\"inPortText\":\"value\",\"__gohashid\":6141},{\"inPortId\":\"input2\",\"inPortText\":\"value\",\"__gohashid\":6208}],\"loc\":\"645 138\",\"visible\":true}],\"linkDataArray\":[{\"from\":\"source\",\"to\":\"source:UpdateUserInfo\",\"fromPort\":\"source\",\"toPort\":\"source:UpdateUserInfo\",\"visible\":true,\"common\":false},{\"from\":\"source:UpdateUserInfo\",\"to\":\"source:UpdateUserInfo:t_p_fields\",\"fromPort\":\"source:UpdateUserInfo\",\"toPort\":\"source:UpdateUserInfo:t_p_fields\",\"visible\":true,\"common\":false},{\"from\":\"source:UpdateUserInfo:t_p_fields\",\"to\":\"source:UpdateUserInfo:userName:\",\"fromPort\":\"source:UpdateUserInfo:t_p_fields\",\"toPort\":\"source:UpdateUserInfo:userName:\",\"visible\":true,\"common\":false},{\"from\":\"source:UpdateUserInfo:t_p_fields\",\"to\":\"source:UpdateUserInfo:mobileNumber:\",\"fromPort\":\"source:UpdateUserInfo:t_p_fields\",\"toPort\":\"source:UpdateUserInfo:mobileNumber:\",\"visible\":true,\"common\":false},{\"from\":\"target\",\"to\":\"target:t_p_parameters\",\"fromPort\":\"target\",\"toPort\":\"target:t_p_parameters\",\"visible\":true,\"common\":false},{\"from\":\"target:t_p_parameters\",\"to\":\"target:UserId:\",\"fromPort\":\"target:t_p_parameters\",\"toPort\":\"target:UserId:\",\"visible\":true,\"common\":false},{\"from\":\"target:t_p_parameters\",\"to\":\"target:attributes:\",\"fromPort\":\"target:t_p_parameters\",\"toPort\":\"target:attributes:\",\"visible\":true,\"common\":false},{\"from\":\"target:t_p_parameters\",\"to\":\"target:filter:\",\"fromPort\":\"target:t_p_parameters\",\"toPort\":\"target:filter:\",\"visible\":true,\"common\":false},{\"from\":\"target:t_p_parameters\",\"to\":\"target:mobileNumber:\",\"fromPort\":\"target:t_p_parameters\",\"toPort\":\"target:mobileNumber:\",\"visible\":true,\"common\":false},{\"category\":\"Mapping\",\"visible\":true,\"from\":\"block:kony.util:constant:1\",\"to\":\"block:kony.string:concat:1\",\"fromPort\":\"externalId eq \",\"toPort\":\"input1\"},{\"category\":\"Mapping\",\"visible\":true,\"from\":\"source:UpdateUserInfo:userName:\",\"to\":\"block:kony.string:concat:1\",\"fromPort\":\"source:UpdateUserInfo:userName:\",\"toPort\":\"input2\"},{\"category\":\"Mapping\",\"visible\":true,\"from\":\"block:kony.string:concat:1\",\"to\":\"target:filter:\",\"fromPort\":\"result1\",\"toPort\":\"target:filter:\"},{\"category\":\"Mapping\",\"visible\":true,\"from\":\"source:UpdateUserInfo:mobileNumber:\",\"to\":\"target:mobileNumber:\",\"fromPort\":\"source:UpdateUserInfo:mobileNumber:\",\"toPort\":\"target:mobileNumber:\"}],\"blockCount\":{\"variableCount\":1,\"constant\":1,\"stringConcatenate\":1},\"variableMap\":{\"result1\":true},\"xmlMappingOverride\":false}",
      "oVisualMappingData" : "{\"nodeDataArray\":[{\"isGroup\":true,\"key\":\"response_out\",\"text\":\"UpdateUserInfo\",\"xy\":\"770 100\"},{\"isGroup\":true,\"key\":\"response_in\",\"text\":\"UpdateUserMobileNo (1.0).UpdateUserMobileNo\",\"xy\":\"150 100\"}],\"linkDataArray\":[]}",
      "requestXmlMappingOverride" : false,
      "responseXmlMappingOverride" : false,
      "disabled" : false,
      "applyCommonMapping" : false,
      "applyRequestCommonMapping" : false,
      "applyResponseCommonMapping" : true
    } ]
  },
  "enableFrontendUrl" : false,
  "customVerb" : false
}