{
  "name" : "OrgAdminScim",
  "type" : "oauth2",
  "version" : "1.0",
  "metaPreference" : -1,
  "config" : "{\"auth_type\":\"oauth2\",\"session_restrictions\":{\"session_restriction_type\":\"allow_any_number_of_sessions\"},\"profile\":{\"profile_attribute_selectors\":{\"federation_id\":\"\",\"last_name\":\"\",\"custom_profile_attribute_selectors\":{},\"first_name\":\"\",\"email\":\"\"},\"endpoint\":{\"location\":\"\",\"type\":\"none\",\"value\":\"\"},\"request_method\":\"GET\"},\"dependent_providers\":[],\"client_authentication\":{\"authentication_scheme\":\"header\",\"client_secret\":\"75t82SAmMwPaCQ\",\"client_id\":\"293862295372486831620213434353876184934599627223\"},\"authorization_endpoint\":\"\",\"enable_refresh_login\":false,\"logout_url\":\"\",\"additional_data\":{\"refresh_request\":[{\"in\":\"query\",\"source\":\"constant\",\"value\":\"AT_STDPWD\",\"key\":\"authType\"}],\"token_request\":[{\"in\":\"query\",\"source\":\"constant\",\"value\":\"AT_STDPWD\",\"key\":\"authType\"}],\"revoke_request\":[{\"in\":\"query\",\"source\":\"constant\",\"value\":\"AT_STDPWD\",\"key\":\"authType\"}],\"profile_request\":[{\"in\":\"query\",\"source\":\"constant\",\"value\":\"AT_STDPWD\",\"key\":\"authType\"}],\"authorize_request\":[{\"in\":\"query\",\"source\":\"constant\",\"value\":\"AT_STDPWD\",\"key\":\"authType\"}]},\"grant_type\":\"password\",\"scope\":\"openid\",\"authentication_scheme\":\"header\",\"oauthProviderType\":\"default\",\"token_endpoint\":\"https://test.aaas.hidcloud.com/idp/td7f7131a5289307306696/authn/token\"}",
  "policyConfig" : "{\"def_user_status\":\"pending\",\"max_login_fail\":5}",
  "admissionPolicy" : "no_approval_needed",
  "identityMeta" : {
    "allow_sso" : false
  },
  "isIntegrityEnabled" : true,
  "ssoenabled" : false
}