{
  "name" : "customHIDLogin",
  "type" : "custom",
  "version" : "1.0",
  "metaPreference" : -1,
  "config" : "{\"pre_mfa_token_timeout\":3,\"mfa_url\":\"https://hidglobal-qa.konycloud.com/services/HIDIdentityService/secondFactorLogin\",\"header_params\":[],\"session_restrictions\":{\"session_restriction_type\":\"allow_any_number_of_sessions\"},\"is_mfa_enabled\":true,\"tracking_attribute\":\"no_tracking\",\"provider_params\":{},\"body_params\":{},\"custom_idp_url\":\"https://hidglobal-qa.konycloud.com/services/HIDIdentityService\"}",
  "policyConfig" : "{\"def_user_status\":\"pending\",\"max_login_fail\":5}",
  "admissionPolicy" : "no_approval_needed",
  "identityMeta" : {
    "allow_sso" : false
  },
  "isIntegrityEnabled" : true,
  "ssoenabled" : false,
  "mapType" : "java.util.HashMap",
  "empty" : true
}