{
  "operationConfig" : {
    "name" : "SearchUserAuth4505",
    "type" : "MappedToBackend",
    "cachable" : false,
    "smsEnabled" : false,
    "security" : "authorized_app",
    "responseEncoding" : "UTF-8",
    "httpMethod" : "GET",
    "decodeResponseBody" : false,
    "iMapping" : "<?xml version=\"1.0\" encoding=\"UTF-8\" standalone=\"yes\"?>\n<mapper xmlns=\"http://www.kony.com/ns/mapper\">\n    <map inputpath=\"request_in\" outputpath=\"request_out\">\n        <set-param inputpath=\"filter\" outputpath=\"filter\"/>\n    </map>\n</mapper>\n",
    "oMapping" : "<?xml version=\"1.0\" encoding=\"UTF-8\" standalone=\"yes\"?>\n<mapper xmlns=\"http://www.kony.com/ns/mapper\">\n    <map inputpath=\"response_in\" outputpath=\"response_out\">\n        <map inputpath=\"\" outputpath=\"SearchUser\">\n            <set-param inputpath=\"id\" outputpath=\"id\"/>\n            <set-param inputpath=\"totalResults\" outputpath=\"totalResults\"/>\n        </map>\n    </map>\n</mapper>\n",
    "iVisualMappingData" : "{\"nodeDataArray\":[{\"isGroup\":true,\"key\":\"request_in\",\"text\":\"SearchUser\",\"xy\":\"150 100\"},{\"isGroup\":true,\"key\":\"request_out\",\"text\":\"SearchServices (1.0).SearchUserAuth\",\"xy\":\"770 100\"}],\"linkDataArray\":[{\"category\":\"Mapping\",\"from\":\"source:SearchUser:filter:\",\"to\":\"target:filter:\",\"fromPort\":\"source:SearchUser:filter:\",\"toPort\":\"target:filter:\",\"visible\":true,\"common\":true}]}",
    "oVisualMappingData" : "{\"nodeDataArray\":[{\"isGroup\":true,\"key\":\"response_out\",\"text\":\"SearchUser\",\"xy\":\"770 100\"},{\"isGroup\":true,\"key\":\"response_in\",\"text\":\"SearchServices (1.0).SearchUserAuth\",\"xy\":\"150 100\"}],\"linkDataArray\":[{\"category\":\"Mapping\",\"from\":\"source:id:\",\"to\":\"target:SearchUser:id:\",\"fromPort\":\"source:id:\",\"toPort\":\"target:SearchUser:id:\",\"visible\":true,\"common\":true},{\"category\":\"Mapping\",\"from\":\"source:totalResults:\",\"to\":\"target:SearchUser:totalResults:\",\"fromPort\":\"source:totalResults:\",\"toPort\":\"target:SearchUser:totalResults:\",\"visible\":true,\"common\":true}]}",
    "applyCommonMapping" : false,
    "applyRequestCommonMapping" : false,
    "applyResponseCommonMapping" : false,
    "backendMeta" : {
      "serviceName" : "SearchServices",
      "serviceVersion" : "1.0",
      "operationName" : "SearchUserAuth"
    },
    "relationshipHierarchyMapping" : {
      "name" : "SearchUser",
      "children" : [ ],
      "actions" : { },
      "selected" : true
    },
    "requestXmlMappingOverride" : false,
    "responseXmlMappingOverride" : false,
    "mapperData" : [ {
      "name" : "base mapper1",
      "order" : 1,
      "iMapping" : "<?xml version=\"1.0\" encoding=\"UTF-8\" standalone=\"yes\"?>\n<mapper xmlns=\"http://www.kony.com/ns/mapper\">\n    <map inputpath=\"request_in\" outputpath=\"request_out\">\n        <set-param inputpath=\"filter\" outputpath=\"filter\"/>\n    </map>\n</mapper>\n",
      "oMapping" : "<?xml version=\"1.0\" encoding=\"UTF-8\" standalone=\"yes\"?>\n<mapper xmlns=\"http://www.kony.com/ns/mapper\">\n    <map inputpath=\"response_in\" outputpath=\"response_out\">\n        <map inputpath=\"\" outputpath=\"SearchUser\">\n            <set-param inputpath=\"id\" outputpath=\"id\"/>\n            <set-param inputpath=\"totalResults\" outputpath=\"totalResults\"/>\n        </map>\n    </map>\n</mapper>\n",
      "iVisualMappingData" : "{\"nodeDataArray\":[{\"isGroup\":true,\"key\":\"request_in\",\"text\":\"SearchUser\",\"xy\":\"150 100\"},{\"isGroup\":true,\"key\":\"request_out\",\"text\":\"SearchServices (1.0).SearchUserAuth\",\"xy\":\"770 100\"}],\"linkDataArray\":[{\"category\":\"Mapping\",\"from\":\"source:SearchUser:filter:\",\"to\":\"target:filter:\",\"fromPort\":\"source:SearchUser:filter:\",\"toPort\":\"target:filter:\",\"visible\":true,\"common\":true}]}",
      "oVisualMappingData" : "{\"nodeDataArray\":[{\"isGroup\":true,\"key\":\"response_out\",\"text\":\"SearchUser\",\"xy\":\"770 100\"},{\"isGroup\":true,\"key\":\"response_in\",\"text\":\"SearchServices (1.0).SearchUserAuth\",\"xy\":\"150 100\"}],\"linkDataArray\":[{\"category\":\"Mapping\",\"from\":\"source:id:\",\"to\":\"target:SearchUser:id:\",\"fromPort\":\"source:id:\",\"toPort\":\"target:SearchUser:id:\",\"visible\":true,\"common\":true},{\"category\":\"Mapping\",\"from\":\"source:totalResults:\",\"to\":\"target:SearchUser:totalResults:\",\"fromPort\":\"source:totalResults:\",\"toPort\":\"target:SearchUser:totalResults:\",\"visible\":true,\"common\":true}]}",
      "requestXmlMappingOverride" : false,
      "responseXmlMappingOverride" : false,
      "disabled" : false,
      "applyCommonMapping" : false,
      "applyRequestCommonMapping" : false,
      "applyResponseCommonMapping" : false
    } ]
  },
  "enableFrontendUrl" : false,
  "customVerb" : false
}