<?xml version="1.0" encoding="UTF-8" standalone="yes"?>
<service serviceGroup="" cachable="false" cacheduration="" customOperation="false" description="Use below request to test &#10;&#10;{&#10;    &quot;app_action_id&quot;: &quot;af00-bc14-1249909&quot;,&#10;    &quot;app_context&quot;: {&#10;        &quot;application_id&quot;: &quot;INFINITY&quot;,&#10;        &quot;channel_id&quot;: &quot;ib&quot;&#10;    },&#10;    &quot;app_user_id&quot;: &quot;af00-bc14-1245&quot;,&#10;    &quot;caller_context&quot;: {&#10;        &quot;caller_id&quot;: &quot;coreB_node2_prod&quot;,&#10;        &quot;environment_id&quot;: &quot;prod&quot;&#10;    },&#10;    &quot;payments&quot;: [&#10;        {&#10;            &quot;amount&quot;: 110.99,&#10;            &quot;app_payment_id&quot;: &quot;49546828578&quot;,&#10;            &quot;currency&quot;: &quot;EUR&quot;,&#10;            &quot;instruction_type&quot;: &quot;regular&quot;,&#10;            &quot;partner_account&quot;: {&#10;                &quot;app_account_id&quot;: &quot;586248&quot;,&#10;                &quot;iban&quot;: {&#10;                    &quot;iban&quot;: &quot;CZ6508000000192000145399&quot;&#10;                }&#10;            },&#10;            &quot;payment_state&quot;: &quot;open&quot;,&#10;            &quot;payment_type&quot;: &quot;domestic&quot;,&#10;            &quot;source_account&quot;: {&#10;                &quot;app_account_id&quot;: &quot;586248&quot;,&#10;                &quot;iban&quot;: {&#10;                    &quot;iban&quot;: &quot;CZ6508000000192000145399&quot;&#10;                }&#10;            }&#10;        }&#10;    ],&#10;    &quot;session_context&quot;: {&#10;        &quot;app_session_id&quot;: &quot;5586&quot;,&#10;        &quot;client_ip&quot;: &quot;8.8.8.8&quot;,&#10;        &quot;tm_device_tag&quot;: &quot;027788d1228d487027788d1228d487027788d122&quot;,&#10;        &quot;tm_session_sid&quot;: &quot;b6eb3e313714d14ba880939add5e9bdd5104242d&quot;&#10;    }&#10;}" endpoint="default" groupType="" id="paymentCreate" passwordencrypted="false" security="authorized_app_user" type="jsonConnector" smscode="" smsenabled="false">
    <service-config>
        <config-param api-version="" appid="" name="preprocessorname" value="com.hid.rmsservices.RMSBasePreprocessor"/>
        <config-param api-version="" appid="" name="postprocessorname" value="com.hid.rmsservices.RMSBasePostprocessor"/>
        <config-param api-version="" appid="" name="preprocessorJS" value=""/>
        <config-param api-version="" appid="" name="postprocessorJS" value=""/>
        <config-param api-version="" appid="" name="preprocessorRules" value=""/>
        <config-param api-version="" appid="" name="postprocessorRules" value=""/>
        <config-param api-version="" appid="" name="kony_http_supported_methods" value="POST"/>
        <config-param api-version="" appid="" name="endpointUrl" value="https://api.c121.threatmark.com/v3/payments/payment/wire/action-create/create"/>
        <config-param api-version="" appid="" name="ignorehttpproxy" value="true"/>
        <config-param api-version="" appid="" name="http.method" value="POST"/>
        <config-param api-version="" appid="" name="dataObjectName" value=""/>
        <config-param api-version="" appid="" name="sockettimeout" value=""/>
        <config-param api-version="" appid="" name="responseEncoding" value="UTF-8"/>
        <config-param api-version="" appid="" name="isembedxmlpresent" value="false"/>
        <config-param api-version="" appid="" name="retrycount" value="0"/>
        <config-param api-version="" appid="" name="jsonpath" value="true"/>
        <config-param api-version="" appid="" name="server.auth.mode" value="basic"/>
        <config-param api-version="" appid="" name="userid" value="api_PYmW3P8"/>
        <config-param api-version="" appid="" name="pwd" value="Qa5NjqU4AMA!"/>
        <config-param api-version="" appid="" name="jsonpath" value="true"/>
    </service-config>
    <service-input passthrough="false" isExtended="false">
        <header datatype="" name="" passthrough="false" isExtended="false"/>
        <param datatype="string" defaultvalue="" description="" encode="true" format="None" formatvalue="" name="patner_account_mode" order="" paramOrder="1" parentOrder="-1" passnull="false" sms-name="" src="request" sourcevalue="" srcformatvalue="" target="request" targetdatatype="java.lang.String" testvalue="iban" value="" isExtended="false">
            <accessType></accessType>
        </param>
        <param datatype="string" defaultvalue="" description="" encode="true" format="None" formatvalue="" name="source_account_mode" order="" paramOrder="2" parentOrder="-1" passnull="false" sms-name="" src="request" sourcevalue="" srcformatvalue="" target="request" targetdatatype="java.lang.String" testvalue="country_bank" value="" isExtended="false">
            <accessType></accessType>
        </param>
        <param datatype="string" defaultvalue="" description="" encode="true" format="None" formatvalue="" name="app_action_id" order="" paramOrder="3" parentOrder="-1" passnull="false" sms-name="" src="request" sourcevalue="" srcformatvalue="" target="request" targetdatatype="java.lang.String" testvalue="eda600bc-fa77-455a-ba50-f91f2c31c172" value="" isExtended="false">
            <accessType></accessType>
        </param>
        <param datatype="string" defaultvalue="" description="" encode="true" format="None" formatvalue="" name="application_id" order="" paramOrder="4" parentOrder="-1" passnull="false" sms-name="" src="request" sourcevalue="" srcformatvalue="" target="request" targetdatatype="java.lang.String" testvalue="INFINITY" value="" isExtended="false">
            <accessType></accessType>
        </param>
        <param datatype="string" defaultvalue="" description="" encode="true" format="None" formatvalue="" name="channel_id" order="" paramOrder="5" parentOrder="-1" passnull="false" sms-name="" src="request" sourcevalue="" srcformatvalue="" target="request" targetdatatype="java.lang.String" testvalue="ib" value="" isExtended="false">
            <accessType></accessType>
        </param>
        <param datatype="string" defaultvalue="" description="" encode="true" format="None" formatvalue="" name="app_user_id" order="" paramOrder="6" parentOrder="-1" passnull="false" sms-name="" src="request" sourcevalue="" srcformatvalue="" target="request" targetdatatype="java.lang.String" testvalue="af00-bc14-1245" value="" isExtended="false">
            <accessType></accessType>
        </param>
        <param datatype="string" defaultvalue="" description="" encode="true" format="None" formatvalue="" name="amount" order="" paramOrder="7" parentOrder="-1" passnull="false" sms-name="" src="request" sourcevalue="" srcformatvalue="" target="request" targetdatatype="java.lang.String" testvalue="200.89" value="" isExtended="false">
            <accessType></accessType>
        </param>
        <param datatype="string" defaultvalue="" description="" encode="true" format="None" formatvalue="" name="app_payment_id" order="" paramOrder="8" parentOrder="-1" passnull="false" sms-name="" src="request" sourcevalue="" srcformatvalue="" target="request" targetdatatype="java.lang.String" testvalue="49546828877" value="" isExtended="false">
            <accessType></accessType>
        </param>
        <param datatype="string" defaultvalue="" description="" encode="true" format="None" formatvalue="" name="currency" order="" paramOrder="9" parentOrder="-1" passnull="false" sms-name="" src="request" sourcevalue="" srcformatvalue="" target="request" targetdatatype="java.lang.String" testvalue="EUR" value="" isExtended="false">
            <accessType></accessType>
        </param>
        <param datatype="string" defaultvalue="" description="" encode="true" format="None" formatvalue="" name="partner_account_id" order="" paramOrder="10" parentOrder="-1" passnull="false" sms-name="" src="request" sourcevalue="" srcformatvalue="" target="request" targetdatatype="java.lang.String" testvalue="CZ6508000000192000145399" value="" isExtended="false">
            <accessType></accessType>
        </param>
        <param datatype="string" defaultvalue="" description="" encode="true" format="None" formatvalue="" name="partner_account_number" order="" paramOrder="11" parentOrder="-1" passnull="false" sms-name="" src="request" sourcevalue="" srcformatvalue="" target="request" targetdatatype="java.lang.String" testvalue="12452939" value="" isExtended="false">
            <accessType></accessType>
        </param>
        <param datatype="string" defaultvalue="" description="" encode="true" format="None" formatvalue="" name="patner_bank_code" order="" paramOrder="12" parentOrder="-1" passnull="false" sms-name="" src="request" sourcevalue="" srcformatvalue="" target="request" targetdatatype="java.lang.String" testvalue="0800" value="" isExtended="false">
            <accessType></accessType>
        </param>
        <param datatype="string" defaultvalue="" description="" encode="true" format="None" formatvalue="" name="patner_country" order="" paramOrder="13" parentOrder="-1" passnull="false" sms-name="" src="request" sourcevalue="" srcformatvalue="" target="request" targetdatatype="java.lang.String" testvalue="CZ" value="" isExtended="false">
            <accessType></accessType>
        </param>
        <param datatype="string" defaultvalue="" description="" encode="true" format="None" formatvalue="" name="patner_iban" order="" paramOrder="14" parentOrder="-1" passnull="false" sms-name="" src="request" sourcevalue="" srcformatvalue="" target="request" targetdatatype="java.lang.String" testvalue="CZ6508000000192000145399" value="" isExtended="false">
            <accessType></accessType>
        </param>
        <param datatype="string" defaultvalue="" description="" encode="true" format="None" formatvalue="" name="patner_swift_account_number" order="" paramOrder="15" parentOrder="-1" passnull="false" sms-name="" src="request" sourcevalue="" srcformatvalue="" target="request" targetdatatype="java.lang.String" testvalue="0000192000145399" value="" isExtended="false">
            <accessType></accessType>
        </param>
        <param datatype="string" defaultvalue="" description="" encode="true" format="None" formatvalue="" name="patner_swift" order="" paramOrder="16" parentOrder="-1" passnull="false" sms-name="" src="request" sourcevalue="" srcformatvalue="" target="request" targetdatatype="java.lang.String" testvalue="GIBACZPX" value="" isExtended="false">
            <accessType></accessType>
        </param>
        <param datatype="string" defaultvalue="" description="" encode="true" format="None" formatvalue="" name="payment_state" order="" paramOrder="17" parentOrder="-1" passnull="false" sms-name="" src="request" sourcevalue="" srcformatvalue="" target="request" targetdatatype="java.lang.String" testvalue="open" value="" isExtended="false">
            <accessType></accessType>
        </param>
        <param datatype="string" defaultvalue="" description="" encode="true" format="None" formatvalue="" name="payment_type" order="" paramOrder="18" parentOrder="-1" passnull="false" sms-name="" src="request" sourcevalue="" srcformatvalue="" target="request" targetdatatype="java.lang.String" testvalue="domestic" value="" isExtended="false">
            <accessType></accessType>
        </param>
        <param datatype="string" defaultvalue="" description="" encode="true" format="None" formatvalue="" name="source_account_id" order="" paramOrder="19" parentOrder="-1" passnull="false" sms-name="" src="request" sourcevalue="" srcformatvalue="" target="request" targetdatatype="java.lang.String" testvalue="0000192000145398" value="" isExtended="false">
            <accessType></accessType>
        </param>
        <param datatype="string" defaultvalue="" description="" encode="true" format="None" formatvalue="" name="source_account_number" order="" paramOrder="20" parentOrder="-1" passnull="false" sms-name="" src="request" sourcevalue="" srcformatvalue="" target="request" targetdatatype="java.lang.String" testvalue="0000192000145398" value="" isExtended="false">
            <accessType></accessType>
        </param>
        <param datatype="string" defaultvalue="" description="" encode="true" format="None" formatvalue="" name="source_bank_code" order="" paramOrder="21" parentOrder="-1" passnull="false" sms-name="" src="request" sourcevalue="" srcformatvalue="" target="request" targetdatatype="java.lang.String" testvalue="0800" value="" isExtended="false">
            <accessType></accessType>
        </param>
        <param datatype="string" defaultvalue="" description="" encode="true" format="None" formatvalue="" name="source_country" order="" paramOrder="22" parentOrder="-1" passnull="false" sms-name="" src="request" sourcevalue="" srcformatvalue="" target="request" targetdatatype="java.lang.String" testvalue="CZ" value="" isExtended="false">
            <accessType></accessType>
        </param>
        <param datatype="string" defaultvalue="" description="" encode="true" format="None" formatvalue="" name="source_iban" order="" paramOrder="23" parentOrder="-1" passnull="false" sms-name="" src="request" sourcevalue="" srcformatvalue="" target="request" targetdatatype="java.lang.String" testvalue="CZ6508000000192000145398" value="" isExtended="false">
            <accessType></accessType>
        </param>
        <param datatype="string" defaultvalue="" description="" encode="true" format="None" formatvalue="" name="source_swift_account_number" order="" paramOrder="24" parentOrder="-1" passnull="false" sms-name="" src="request" sourcevalue="" srcformatvalue="" target="request" targetdatatype="java.lang.String" testvalue="0000192000145398" value="" isExtended="false">
            <accessType></accessType>
        </param>
        <param datatype="string" defaultvalue="" description="" encode="true" format="None" formatvalue="" name="source_swift" order="" paramOrder="25" parentOrder="-1" passnull="false" sms-name="" src="request" sourcevalue="" srcformatvalue="" target="request" targetdatatype="java.lang.String" testvalue="GIBACZPX" value="" isExtended="false">
            <accessType></accessType>
        </param>
        <param datatype="string" defaultvalue="" description="" encode="true" format="None" formatvalue="" name="app_session_id" order="" paramOrder="26" parentOrder="-1" passnull="false" sms-name="" src="request" sourcevalue="" srcformatvalue="" target="request" targetdatatype="java.lang.String" testvalue="5587" value="" isExtended="false">
            <accessType></accessType>
        </param>
        <param datatype="string" defaultvalue="" description="" encode="true" format="None" formatvalue="" name="client_ip" order="" paramOrder="27" parentOrder="-1" passnull="false" sms-name="" src="request" sourcevalue="" srcformatvalue="" target="request" targetdatatype="java.lang.String" testvalue="$client_ip" value="" isExtended="false">
            <accessType></accessType>
        </param>
        <param datatype="string" defaultvalue="" description="" encode="true" format="None" formatvalue="" name="tm_device_tag" order="" paramOrder="28" parentOrder="-1" passnull="false" sms-name="" src="request" sourcevalue="" srcformatvalue="" target="request" targetdatatype="java.lang.String" testvalue="$tm_device_tag" value="" isExtended="false">
            <accessType></accessType>
        </param>
        <param datatype="string" defaultvalue="" description="" encode="true" format="None" formatvalue="" name="tm_session_sid" order="" paramOrder="29" parentOrder="-1" passnull="false" sms-name="" src="request" sourcevalue="" srcformatvalue="" target="request" targetdatatype="java.lang.String" testvalue="$tm_session_sid" value="" isExtended="false">
            <accessType></accessType>
        </param>
        <param datatype="string" defaultvalue="" description="" encode="true" format="None" formatvalue="" name="environment_id" order="" paramOrder="30" parentOrder="-1" passnull="false" sms-name="" src="request" sourcevalue="" srcformatvalue="" target="request" targetdatatype="java.lang.String" testvalue="prod" value="" isExtended="false">
            <accessType></accessType>
        </param>
        <param datatype="string" defaultvalue="" description="" encode="true" format="None" formatvalue="" name="platform" order="" paramOrder="31" parentOrder="-1" passnull="false" sms-name="" src="request" sourcevalue="" srcformatvalue="" target="request" targetdatatype="java.lang.String" testvalue="" value="" isExtended="false">
            <accessType></accessType>
        </param>
        <template-param datatype="" defaultvalue="{&#10; &quot;app_action_id&quot;: &quot;$app_action_id&quot;,&#10; &quot;app_context&quot;: {&#10;  &quot;application_id&quot;: &quot;$application_id&quot;,&#10;  &quot;channel_id&quot;: &quot;$channel_id&quot;&#10; },&#10; &quot;app_user_id&quot;: &quot;$app_user_id&quot;,&#10; &quot;caller_context&quot;: {&#10;  &quot;caller_id&quot;: &quot;coreB_node2_prod&quot;,&#10;  &quot;environment_id&quot;: &quot;$environment_id&quot;&#10; },&#10; &quot;payments&quot;: [{&#10;  &quot;amount&quot;: $amount,&#10;  &quot;app_payment_id&quot;: &quot;$app_payment_id&quot;,&#10;  &quot;currency&quot;: &quot;$currency&quot;,&#10;  &quot;partner_account&quot;: {&#10;    &quot;app_account_id&quot; : &quot;$partner_account_id&quot;,&#10;  #if ($patner_account_mode == &quot;country_bank&quot; )&#10;        &quot;country_bank_account&quot;: {&#10;          &quot;account_number&quot;: &quot;$partner_account_number&quot;,&#10;          &quot;bank_code&quot;: &quot;$patner_bank_code&quot;,&#10;          &quot;country&quot;: &quot;$patner_country&quot;&#10;        }&#10;  #elseif($patner_account_mode == &quot;iban&quot;)  &#10;        &quot;iban&quot;: {&#10;          &quot;iban&quot;: &quot;$patner_iban&quot;&#10;        }&#10;  #else&#10;        &quot;swift_account&quot;: {&#10;          &quot;account_number&quot;: &quot;$patner_swift_account_number&quot;,&#10;          &quot;swift&quot;: &quot;$patner_swift&quot;&#10;        }&#10;  #end&#10;      },&#10;  &quot;payment_state&quot;: &quot;$payment_state&quot;,&#10;  &quot;payment_type&quot;: &quot;$payment_type&quot;,&#10;  &quot;source_account&quot;: {&#10;    &quot;app_account_id&quot; : &quot;$source_account_id&quot;,&#10;  #if ($source_account_mode == &quot;country_bank&quot; )&#10;        &quot;country_bank_account&quot;: {&#10;          &quot;account_number&quot;: &quot;$source_account_number&quot;,&#10;          &quot;bank_code&quot;: &quot;$source_bank_code&quot;,&#10;          &quot;country&quot;: &quot;$source_country&quot;&#10;        }&#10;  #elseif($source_account_mode == &quot;iban&quot;)  &#10;        &quot;iban&quot;: {&#10;          &quot;iban&quot;: &quot;$source_iban&quot;&#10;        }&#10;  #else&#10;        &quot;swift_account&quot;: {&#10;          &quot;account_number&quot;: &quot;$source_swift_account_number&quot;,&#10;          &quot;swift&quot;: &quot;$source_swift&quot;&#10;        }&#10;  #end&#10;      }&#10; }],&#10; &quot;session_context&quot;: {&#10;  &quot;app_session_id&quot;: &quot;$app_session_id&quot;,&#10;  &quot;client_ip&quot;: &quot;$client_ip&quot;,&#10;  &quot;tm_device_tag&quot;: &quot;$tm_device_tag&quot;,&#10;  &quot;tm_session_sid&quot;: &quot;$tm_session_sid&quot;&#10; }&#10;}" description="" encode="false" format="" formatvalue="" name="message" order="" paramOrder="0" parentOrder="0" sms-name="" src="" sourcevalue="" srcformatvalue="" target="" targetdatatype="" value="{&#10; &quot;app_action_id&quot;: &quot;$app_action_id&quot;,&#10; &quot;app_context&quot;: {&#10;  &quot;application_id&quot;: &quot;$application_id&quot;,&#10;  &quot;channel_id&quot;: &quot;$channel_id&quot;&#10; },&#10; &quot;app_user_id&quot;: &quot;$app_user_id&quot;,&#10; &quot;caller_context&quot;: {&#10;  &quot;caller_id&quot;: &quot;coreB_node2_prod&quot;,&#10;  &quot;environment_id&quot;: &quot;$environment_id&quot;&#10; },&#10; &quot;payments&quot;: [{&#10;  &quot;amount&quot;: $amount,&#10;  &quot;app_payment_id&quot;: &quot;$app_payment_id&quot;,&#10;  &quot;currency&quot;: &quot;$currency&quot;,&#10;  &quot;partner_account&quot;: {&#10;    &quot;app_account_id&quot; : &quot;$partner_account_id&quot;,&#10;  #if ($patner_account_mode == &quot;country_bank&quot; )&#10;        &quot;country_bank_account&quot;: {&#10;          &quot;account_number&quot;: &quot;$partner_account_number&quot;,&#10;          &quot;bank_code&quot;: &quot;$patner_bank_code&quot;,&#10;          &quot;country&quot;: &quot;$patner_country&quot;&#10;        }&#10;  #elseif($patner_account_mode == &quot;iban&quot;)  &#10;        &quot;iban&quot;: {&#10;          &quot;iban&quot;: &quot;$patner_iban&quot;&#10;        }&#10;  #else&#10;        &quot;swift_account&quot;: {&#10;          &quot;account_number&quot;: &quot;$patner_swift_account_number&quot;,&#10;          &quot;swift&quot;: &quot;$patner_swift&quot;&#10;        }&#10;  #end&#10;      },&#10;  &quot;payment_state&quot;: &quot;$payment_state&quot;,&#10;  &quot;payment_type&quot;: &quot;$payment_type&quot;,&#10;  &quot;source_account&quot;: {&#10;    &quot;app_account_id&quot; : &quot;$source_account_id&quot;,&#10;  #if ($source_account_mode == &quot;country_bank&quot; )&#10;        &quot;country_bank_account&quot;: {&#10;          &quot;account_number&quot;: &quot;$source_account_number&quot;,&#10;          &quot;bank_code&quot;: &quot;$source_bank_code&quot;,&#10;          &quot;country&quot;: &quot;$source_country&quot;&#10;        }&#10;  #elseif($source_account_mode == &quot;iban&quot;)  &#10;        &quot;iban&quot;: {&#10;          &quot;iban&quot;: &quot;$source_iban&quot;&#10;        }&#10;  #else&#10;        &quot;swift_account&quot;: {&#10;          &quot;account_number&quot;: &quot;$source_swift_account_number&quot;,&#10;          &quot;swift&quot;: &quot;$source_swift&quot;&#10;        }&#10;  #end&#10;      }&#10; }],&#10; &quot;session_context&quot;: {&#10;  &quot;app_session_id&quot;: &quot;$app_session_id&quot;,&#10;  &quot;client_ip&quot;: &quot;$client_ip&quot;,&#10;  &quot;tm_device_tag&quot;: &quot;$tm_device_tag&quot;,&#10;  &quot;tm_session_sid&quot;: &quot;$tm_session_sid&quot;&#10; }&#10;}" isExtended="false">
            <accessType></accessType>
        </template-param>
        <stub-param value=""/>
    </service-input>
    <service-output passthrough="false" isExtended="false">
        <param datatype="collection" defaultvalue="" description="" encode="true" format="None" formatvalue="" name="tags" order="" paramOrder="1" parentOrder="0" passnull="false" sms-name="" src="$.scoring_result.tags[*]" sourcevalue="" srcformatvalue="" target="response" targetdatatype="java.lang.String" testvalue="" value="" isExtended="false">
            <accessType></accessType>
        </param>
        <param datatype="number" defaultvalue="" description="" encode="true" format="None" formatvalue="" name="error_code" order="" paramOrder="2" parentOrder="0" passnull="false" sms-name="" src="$.error_code" sourcevalue="" srcformatvalue="" target="response" targetdatatype="java.lang.String" testvalue="" value="" isExtended="false">
            <accessType></accessType>
        </param>
        <param datatype="string" defaultvalue="" description="" encode="true" format="None" formatvalue="" name="message" order="" paramOrder="3" parentOrder="0" passnull="false" sms-name="" src="$.message" sourcevalue="" srcformatvalue="" target="response" targetdatatype="java.lang.String" testvalue="" value="" isExtended="false">
            <accessType></accessType>
        </param>
        <param datatype="string" defaultvalue="" description="" encode="true" format="None" formatvalue="" name="request_id" order="" paramOrder="4" parentOrder="0" passnull="false" sms-name="" src="$.request_id" sourcevalue="" srcformatvalue="" target="response" targetdatatype="java.lang.String" testvalue="" value="" isExtended="false">
            <accessType></accessType>
        </param>
        <param datatype="string" defaultvalue="" description="" encode="true" format="None" formatvalue="" name="risk" order="" paramOrder="5" parentOrder="0" passnull="false" sms-name="" src="$.scoring_result.payments[0].score" sourcevalue="" srcformatvalue="" target="response" targetdatatype="java.lang.String" testvalue="" value="" isExtended="false">
            <accessType></accessType>
        </param>
        <param datatype="string" defaultvalue="" description="" encode="true" format="None" formatvalue="" name="app_action_id" order="" paramOrder="6" parentOrder="0" passnull="false" sms-name="" src="$.scoring_result.payments[0].score" sourcevalue="" srcformatvalue="" target="response" targetdatatype="java.lang.String" testvalue="" value="" isExtended="false">
            <accessType></accessType>
        </param>
    </service-output>
</service>
