<?xml version="1.0" encoding="UTF-8" standalone="yes"?>
<service serviceGroup="" cachable="false" cacheduration="" customOperation="false" description="" endpoint="default" groupType="" id="paymentSign" passwordencrypted="false" security="authorized_app_user" type="jsonConnector" smscode="" smsenabled="false">
    <service-config>
        <config-param api-version="" appid="" name="preprocessorname" value="com.hid.rmsservices.RMSBasePreprocessor"/>
        <config-param api-version="" appid="" name="postprocessorname" value=""/>
        <config-param api-version="" appid="" name="preprocessorJS" value=""/>
        <config-param api-version="" appid="" name="postprocessorJS" value=""/>
        <config-param api-version="" appid="" name="preprocessorRules" value=""/>
        <config-param api-version="" appid="" name="postprocessorRules" value=""/>
        <config-param api-version="" appid="" name="kony_http_supported_methods" value="POST"/>
        <config-param api-version="" appid="" name="endpointUrl" value="https://c121.threatmark.com:8053/v3/payments/payment/wire/action-sign/create"/>
        <config-param api-version="" appid="" name="ignorehttpproxy" value="true"/>
        <config-param api-version="" appid="" name="http.method" value="POST"/>
        <config-param api-version="" appid="" name="dataObjectName" value=""/>
        <config-param api-version="" appid="" name="sockettimeout" value=""/>
        <config-param api-version="" appid="" name="responseEncoding" value="UTF-8"/>
        <config-param api-version="" appid="" name="isembedxmlpresent" value="false"/>
        <config-param api-version="" appid="" name="retrycount" value="0"/>
        <config-param api-version="" appid="" name="server.auth.mode" value="basic"/>
        <config-param api-version="" appid="" name="userid" value="api_PYmW3P8"/>
        <config-param api-version="" appid="" name="pwd" value="Qa5NjqU4AMA!"/>
        <config-param api-version="" appid="" name="jsonpath" value="true"/>
    </service-config>
    <service-input passthrough="false" isExtended="false">
        <header datatype="" name="" passthrough="false" isExtended="false"/>
        <param datatype="string" defaultvalue="" description="" encode="true" format="None" formatvalue="" name="app_action_id" order="" paramOrder="1" parentOrder="-1" passnull="false" sms-name="" src="request" sourcevalue="" srcformatvalue="" target="request" targetdatatype="java.lang.String" testvalue="af00-bc14-1263" value="" isExtended="false">
            <accessType></accessType>
        </param>
        <param datatype="string" defaultvalue="" description="" encode="true" format="None" formatvalue="" name="application_id" order="" paramOrder="2" parentOrder="-1" passnull="false" sms-name="" src="request" sourcevalue="" srcformatvalue="" target="request" targetdatatype="java.lang.String" testvalue="INFINITY" value="" isExtended="false">
            <accessType></accessType>
        </param>
        <param datatype="string" defaultvalue="" description="" encode="true" format="None" formatvalue="" name="channel_id" order="" paramOrder="3" parentOrder="-1" passnull="false" sms-name="" src="request" sourcevalue="" srcformatvalue="" target="request" targetdatatype="java.lang.String" testvalue="ib" value="" isExtended="false">
            <accessType></accessType>
        </param>
        <param datatype="string" defaultvalue="" description="" encode="true" format="None" formatvalue="" name="app_user_id" order="" paramOrder="4" parentOrder="-1" passnull="false" sms-name="" src="request" sourcevalue="" srcformatvalue="" target="request" targetdatatype="java.lang.String" testvalue="sdjfksdafu" value="" isExtended="false">
            <accessType></accessType>
        </param>
        <param datatype="string" defaultvalue="" description="" encode="true" format="None" formatvalue="" name="app_payment_id" order="" paramOrder="5" parentOrder="-1" passnull="false" sms-name="" src="request" sourcevalue="" srcformatvalue="" target="request" targetdatatype="java.lang.String" testvalue="49546828877" value="" isExtended="false">
            <accessType></accessType>
        </param>
        <param datatype="string" defaultvalue="" description="" encode="true" format="None" formatvalue="" name="payment_state" order="" paramOrder="6" parentOrder="-1" passnull="false" sms-name="" src="request" sourcevalue="" srcformatvalue="" target="request" targetdatatype="java.lang.String" testvalue="open" value="" isExtended="false">
            <accessType></accessType>
        </param>
        <param datatype="string" defaultvalue="" description="" encode="true" format="None" formatvalue="" name="signature_state" order="" paramOrder="7" parentOrder="-1" passnull="false" sms-name="" src="request" sourcevalue="" srcformatvalue="" target="request" targetdatatype="java.lang.String" testvalue="accepted" value="" isExtended="false">
            <accessType></accessType>
        </param>
        <param datatype="string" defaultvalue="" description="" encode="true" format="None" formatvalue="" name="tm_session_sid" order="" paramOrder="8" parentOrder="-1" passnull="false" sms-name="" src="request" sourcevalue="" srcformatvalue="" target="request" targetdatatype="java.lang.String" testvalue="015239505454545286967788d1228d4873184881" value="" isExtended="false">
            <accessType></accessType>
        </param>
        <param datatype="string" defaultvalue="" description="" encode="true" format="None" formatvalue="" name="tm_device_tag" order="" paramOrder="9" parentOrder="-1" passnull="false" sms-name="" src="request" sourcevalue="" srcformatvalue="" target="request" targetdatatype="java.lang.String" testvalue="b6eb3e313714d14ba880939add5e9bdd5104242d" value="" isExtended="false">
            <accessType></accessType>
        </param>
        <param datatype="string" defaultvalue="" description="" encode="true" format="None" formatvalue="" name="client_ip" order="" paramOrder="10" parentOrder="-1" passnull="false" sms-name="" src="request" sourcevalue="" srcformatvalue="" target="request" targetdatatype="java.lang.String" testvalue="8.8.8.8" value="" isExtended="false">
            <accessType></accessType>
        </param>
        <param datatype="string" defaultvalue="" description="" encode="true" format="None" formatvalue="" name="app_session_id" order="" paramOrder="11" parentOrder="-1" passnull="false" sms-name="" src="request" sourcevalue="" srcformatvalue="" target="request" targetdatatype="java.lang.String" testvalue="5586" value="" isExtended="false">
            <accessType></accessType>
        </param>
        <param datatype="string" defaultvalue="" description="" encode="true" format="None" formatvalue="" name="security_item_type" order="" paramOrder="12" parentOrder="-1" passnull="false" sms-name="" src="request" sourcevalue="" srcformatvalue="" target="request" targetdatatype="java.lang.String" testvalue="sms" value="" isExtended="false">
            <accessType></accessType>
        </param>
        <param datatype="string" defaultvalue="" description="" encode="true" format="None" formatvalue="" name="environment_id" order="" paramOrder="13" parentOrder="-1" passnull="false" sms-name="" src="request" sourcevalue="" srcformatvalue="" target="request" targetdatatype="java.lang.String" testvalue="" value="" isExtended="false">
            <accessType></accessType>
        </param>
        <param datatype="string" defaultvalue="" description="" encode="true" format="None" formatvalue="" name="platform" order="" paramOrder="14" parentOrder="-1" passnull="false" sms-name="" src="request" sourcevalue="" srcformatvalue="" target="request" targetdatatype="java.lang.String" testvalue="" value="" isExtended="false">
            <accessType></accessType>
        </param>
        <template-param datatype="" defaultvalue="{&#10;    &quot;app_action_id&quot;: &quot;$app_action_id&quot;,&#10;    &quot;app_context&quot;: {&#10;        &quot;application_id&quot;: &quot;$application_id&quot;,&#10;        &quot;channel_id&quot;: &quot;$channel_id&quot;&#10;    },&#10;    &quot;caller_context&quot;: {&#10;        &quot;caller_id&quot;: &quot;coreB_node2_prod&quot;,&#10;        &quot;environment_id&quot;: &quot;$environment_id&quot;&#10;    },&#10;    &quot;session_context&quot;: {&#10;        &quot;app_session_id&quot;: &quot;$app_session_id&quot;,&#10;        &quot;client_ip&quot;: &quot;$client_ip&quot;,&#10;        &quot;tm_device_tag&quot;: &quot;$tm_device_tag&quot;,&#10;        &quot;tm_session_sid&quot;: &quot;$tm_session_sid&quot;&#10;    },&#10;    &quot;signature&quot;: {&#10;        &quot;app_user_id&quot;: &quot;$app_user_id&quot;,&#10;        &quot;payments&quot;: [&#10;            {&#10;                &quot;app_payment_id&quot;: &quot;$app_payment_id&quot;,&#10;                &quot;payment_state&quot;: &quot;$payment_state&quot;&#10;            }&#10;        ],&#10;        &quot;security_item_type&quot;: &quot;$security_item_type&quot;,&#10;        &quot;signature_state&quot;: &quot;$signature_state&quot;&#10;    }&#10;}" description="" encode="false" format="" formatvalue="" name="message" order="" paramOrder="0" parentOrder="0" sms-name="" src="" sourcevalue="" srcformatvalue="" target="" targetdatatype="" value="{&#10;    &quot;app_action_id&quot;: &quot;$app_action_id&quot;,&#10;    &quot;app_context&quot;: {&#10;        &quot;application_id&quot;: &quot;$application_id&quot;,&#10;        &quot;channel_id&quot;: &quot;$channel_id&quot;&#10;    },&#10;    &quot;caller_context&quot;: {&#10;        &quot;caller_id&quot;: &quot;coreB_node2_prod&quot;,&#10;        &quot;environment_id&quot;: &quot;$environment_id&quot;&#10;    },&#10;    &quot;session_context&quot;: {&#10;        &quot;app_session_id&quot;: &quot;$app_session_id&quot;,&#10;        &quot;client_ip&quot;: &quot;$client_ip&quot;,&#10;        &quot;tm_device_tag&quot;: &quot;$tm_device_tag&quot;,&#10;        &quot;tm_session_sid&quot;: &quot;$tm_session_sid&quot;&#10;    },&#10;    &quot;signature&quot;: {&#10;        &quot;app_user_id&quot;: &quot;$app_user_id&quot;,&#10;        &quot;payments&quot;: [&#10;            {&#10;                &quot;app_payment_id&quot;: &quot;$app_payment_id&quot;,&#10;                &quot;payment_state&quot;: &quot;$payment_state&quot;&#10;            }&#10;        ],&#10;        &quot;security_item_type&quot;: &quot;$security_item_type&quot;,&#10;        &quot;signature_state&quot;: &quot;$signature_state&quot;&#10;    }&#10;}" isExtended="false">
            <accessType></accessType>
        </template-param>
        <stub-param value=""/>
    </service-input>
    <service-output passthrough="false" isExtended="false">
        <param datatype="number" defaultvalue="" description="" encode="true" format="None" formatvalue="" name="tm_action_id" order="" paramOrder="1" parentOrder="0" passnull="false" sms-name="" src="$.tm_action_id" sourcevalue="" srcformatvalue="" target="response" targetdatatype="java.lang.String" testvalue="" value="" isExtended="false">
            <accessType></accessType>
        </param>
        <param datatype="number" defaultvalue="" description="" encode="true" format="None" formatvalue="" name="error_code" order="" paramOrder="2" parentOrder="0" passnull="false" sms-name="" src="$.error_code" sourcevalue="" srcformatvalue="" target="response" targetdatatype="java.lang.String" testvalue="" value="" isExtended="false">
            <accessType></accessType>
        </param>
        <param datatype="string" defaultvalue="" description="" encode="true" format="None" formatvalue="" name="message" order="" paramOrder="3" parentOrder="0" passnull="false" sms-name="" src="$.message" sourcevalue="" srcformatvalue="" target="response" targetdatatype="java.lang.String" testvalue="" value="" isExtended="false">
            <accessType></accessType>
        </param>
        <param datatype="string" defaultvalue="" description="" encode="true" format="None" formatvalue="" name="request_id" order="" paramOrder="4" parentOrder="0" passnull="false" sms-name="" src="$.request_id" sourcevalue="" srcformatvalue="" target="response" targetdatatype="java.lang.String" testvalue="" value="" isExtended="false">
            <accessType></accessType>
        </param>
    </service-output>
</service>
