{
  "operationConfig" : {
    "name" : "validateOTPAuth8261",
    "type" : "MappedToBackend",
    "cachable" : false,
    "smsEnabled" : false,
    "security" : "authorized_app_user",
    "responseEncoding" : "UTF-8",
    "httpMethod" : "GET",
    "decodeResponseBody" : false,
    "iMapping" : "<?xml version=\"1.0\" encoding=\"UTF-8\" standalone=\"yes\"?>\n<mapper xmlns=\"http://www.kony.com/ns/mapper\">\n    <map inputpath=\"request_in\" outputpath=\"request_out\">\n        <set-param inputpath=\"authType\" outputpath=\"authType\"/>\n        <set-param inputpath=\"channelId\" outputpath=\"channelId\"/>\n        <set-param inputpath=\"password\" outputpath=\"password\"/>\n        <set-param inputpath=\"username\" outputpath=\"username\"/>\n    </map>\n</mapper>\n",
    "oMapping" : "<?xml version=\"1.0\" encoding=\"UTF-8\" standalone=\"yes\"?><mapper xmlns=\"http://www.kony.com/ns/mapper\">  <map inputpath=\"response_in\" outputpath=\"response_out\">    <map inputpath=\"\" outputpath=\"ValidateSecureCode\">      <set-param inputpath=\"access_token\" outputpath=\"access_token\"/>      <set-param inputpath=\"errormsg\" outputpath=\"errormsg\"/>    </map>  </map></mapper>",
    "iVisualMappingData" : "{\"nodeDataArray\":[{\"isGroup\":true,\"key\":\"request_in\",\"text\":\"ValidateSecureCode\",\"xy\":\"150 100\"},{\"isGroup\":true,\"key\":\"request_out\",\"text\":\"OTPAuthServices (1.0).validateOTPAuth\",\"xy\":\"770 100\"}],\"linkDataArray\":[{\"category\":\"Mapping\",\"visible\":true,\"from\":\"source:ValidateSecureCode:username:\",\"to\":\"target:username:\",\"fromPort\":\"source:ValidateSecureCode:username:\",\"toPort\":\"target:username:\"},{\"category\":\"Mapping\",\"visible\":true,\"from\":\"source:ValidateSecureCode:password:\",\"to\":\"target:password:\",\"fromPort\":\"source:ValidateSecureCode:password:\",\"toPort\":\"target:password:\"},{\"category\":\"Mapping\",\"visible\":true,\"from\":\"source:ValidateSecureCode:channelId:\",\"to\":\"target:channelId:\",\"fromPort\":\"source:ValidateSecureCode:channelId:\",\"toPort\":\"target:channelId:\"},{\"category\":\"Mapping\",\"visible\":true,\"from\":\"source:ValidateSecureCode:authType:\",\"to\":\"target:authType:\",\"fromPort\":\"source:ValidateSecureCode:authType:\",\"toPort\":\"target:authType:\"}],\"blockCount\":{\"variableCount\":0},\"variableMap\":{},\"xmlMappingOverride\":false}",
    "oVisualMappingData" : "{\"nodeDataArray\":[{\"isGroup\":true,\"key\":\"response_out\",\"text\":\"ValidateSecureCode\",\"xy\":\"770 100\"},{\"isGroup\":true,\"key\":\"response_in\",\"text\":\"OTPAuthServices (1.0).validateOTPAuth\",\"xy\":\"150 100\"}],\"linkDataArray\":[{\"from\":\"target\",\"to\":\"target:ValidateSecureCode\",\"fromPort\":\"target\",\"toPort\":\"target:ValidateSecureCode\",\"visible\":true,\"common\":false},{\"from\":\"target:ValidateSecureCode\",\"to\":\"target:ValidateSecureCode:t_p_fields\",\"fromPort\":\"target:ValidateSecureCode\",\"toPort\":\"target:ValidateSecureCode:t_p_fields\",\"visible\":true,\"common\":false},{\"from\":\"target:ValidateSecureCode:t_p_fields\",\"to\":\"target:ValidateSecureCode:username:\",\"fromPort\":\"target:ValidateSecureCode:t_p_fields\",\"toPort\":\"target:ValidateSecureCode:username:\",\"visible\":true,\"common\":false},{\"from\":\"target:ValidateSecureCode:t_p_fields\",\"to\":\"target:ValidateSecureCode:password:\",\"fromPort\":\"target:ValidateSecureCode:t_p_fields\",\"toPort\":\"target:ValidateSecureCode:password:\",\"visible\":true,\"common\":false},{\"from\":\"target:ValidateSecureCode:t_p_fields\",\"to\":\"target:ValidateSecureCode:authType:\",\"fromPort\":\"target:ValidateSecureCode:t_p_fields\",\"toPort\":\"target:ValidateSecureCode:authType:\",\"visible\":true,\"common\":false},{\"from\":\"target:ValidateSecureCode:t_p_fields\",\"to\":\"target:ValidateSecureCode:channelId:\",\"fromPort\":\"target:ValidateSecureCode:t_p_fields\",\"toPort\":\"target:ValidateSecureCode:channelId:\",\"visible\":true,\"common\":false},{\"from\":\"target:ValidateSecureCode:t_p_fields\",\"to\":\"target:ValidateSecureCode:access_token:\",\"fromPort\":\"target:ValidateSecureCode:t_p_fields\",\"toPort\":\"target:ValidateSecureCode:access_token:\",\"visible\":true,\"common\":false},{\"from\":\"target:ValidateSecureCode:t_p_fields\",\"to\":\"target:ValidateSecureCode:errormsg:\",\"fromPort\":\"target:ValidateSecureCode:t_p_fields\",\"toPort\":\"target:ValidateSecureCode:errormsg:\",\"visible\":true,\"common\":false},{\"from\":\"source\",\"to\":\"source:t_p_parameters\",\"fromPort\":\"source\",\"toPort\":\"source:t_p_parameters\",\"visible\":true,\"common\":false},{\"from\":\"source:t_p_parameters\",\"to\":\"source:access_token:\",\"fromPort\":\"source:t_p_parameters\",\"toPort\":\"source:access_token:\",\"visible\":true,\"common\":false},{\"from\":\"source:t_p_parameters\",\"to\":\"source:errormsg:\",\"fromPort\":\"source:t_p_parameters\",\"toPort\":\"source:errormsg:\",\"visible\":true,\"common\":false},{\"from\":\"source:t_p_parameters\",\"to\":\"source:errorMsg:\",\"fromPort\":\"source:t_p_parameters\",\"toPort\":\"source:errorMsg:\",\"visible\":true,\"common\":false},{\"from\":\"source:t_p_parameters\",\"to\":\"source:id_token:\",\"fromPort\":\"source:t_p_parameters\",\"toPort\":\"source:id_token:\",\"visible\":true,\"common\":false},{\"category\":\"Mapping\",\"visible\":true,\"from\":\"source:access_token:\",\"to\":\"target:ValidateSecureCode:access_token:\",\"fromPort\":\"source:access_token:\",\"toPort\":\"target:ValidateSecureCode:access_token:\"},{\"category\":\"Mapping\",\"visible\":true,\"from\":\"source:errormsg:\",\"to\":\"target:ValidateSecureCode:errormsg:\",\"fromPort\":\"source:errormsg:\",\"toPort\":\"target:ValidateSecureCode:errormsg:\"}],\"blockCount\":{\"variableCount\":0},\"variableMap\":{},\"xmlMappingOverride\":false}",
    "applyCommonMapping" : false,
    "applyRequestCommonMapping" : false,
    "applyResponseCommonMapping" : false,
    "backendMeta" : {
      "serviceName" : "OTPAuthServices",
      "serviceVersion" : "1.0",
      "operationName" : "validateOTPAuth"
    },
    "relationshipHierarchyMapping" : {
      "name" : "ValidateSecureCode",
      "children" : [ ],
      "actions" : { },
      "selected" : true
    },
    "requestXmlMappingOverride" : false,
    "responseXmlMappingOverride" : false,
    "mapperData" : [ {
      "name" : "base mapper1",
      "order" : 1,
      "iMapping" : "<?xml version=\"1.0\" encoding=\"UTF-8\" standalone=\"yes\"?>\n<mapper xmlns=\"http://www.kony.com/ns/mapper\">\n    <map inputpath=\"request_in\" outputpath=\"request_out\">\n        <set-param inputpath=\"authType\" outputpath=\"authType\"/>\n        <set-param inputpath=\"channelId\" outputpath=\"channelId\"/>\n        <set-param inputpath=\"password\" outputpath=\"password\"/>\n        <set-param inputpath=\"username\" outputpath=\"username\"/>\n    </map>\n</mapper>\n",
      "oMapping" : "<?xml version=\"1.0\" encoding=\"UTF-8\" standalone=\"yes\"?><mapper xmlns=\"http://www.kony.com/ns/mapper\">  <map inputpath=\"response_in\" outputpath=\"response_out\">    <map inputpath=\"\" outputpath=\"ValidateSecureCode\">      <set-param inputpath=\"access_token\" outputpath=\"access_token\"/>      <set-param inputpath=\"errormsg\" outputpath=\"errormsg\"/>    </map>  </map></mapper>",
      "iVisualMappingData" : "{\"nodeDataArray\":[{\"isGroup\":true,\"key\":\"request_in\",\"text\":\"ValidateSecureCode\",\"xy\":\"150 100\"},{\"isGroup\":true,\"key\":\"request_out\",\"text\":\"OTPAuthServices (1.0).validateOTPAuth\",\"xy\":\"770 100\"}],\"linkDataArray\":[{\"category\":\"Mapping\",\"visible\":true,\"from\":\"source:ValidateSecureCode:username:\",\"to\":\"target:username:\",\"fromPort\":\"source:ValidateSecureCode:username:\",\"toPort\":\"target:username:\"},{\"category\":\"Mapping\",\"visible\":true,\"from\":\"source:ValidateSecureCode:password:\",\"to\":\"target:password:\",\"fromPort\":\"source:ValidateSecureCode:password:\",\"toPort\":\"target:password:\"},{\"category\":\"Mapping\",\"visible\":true,\"from\":\"source:ValidateSecureCode:channelId:\",\"to\":\"target:channelId:\",\"fromPort\":\"source:ValidateSecureCode:channelId:\",\"toPort\":\"target:channelId:\"},{\"category\":\"Mapping\",\"visible\":true,\"from\":\"source:ValidateSecureCode:authType:\",\"to\":\"target:authType:\",\"fromPort\":\"source:ValidateSecureCode:authType:\",\"toPort\":\"target:authType:\"}],\"blockCount\":{\"variableCount\":0},\"variableMap\":{},\"xmlMappingOverride\":false}",
      "oVisualMappingData" : "{\"nodeDataArray\":[{\"isGroup\":true,\"key\":\"response_out\",\"text\":\"ValidateSecureCode\",\"xy\":\"770 100\"},{\"isGroup\":true,\"key\":\"response_in\",\"text\":\"OTPAuthServices (1.0).validateOTPAuth\",\"xy\":\"150 100\"}],\"linkDataArray\":[{\"from\":\"target\",\"to\":\"target:ValidateSecureCode\",\"fromPort\":\"target\",\"toPort\":\"target:ValidateSecureCode\",\"visible\":true,\"common\":false},{\"from\":\"target:ValidateSecureCode\",\"to\":\"target:ValidateSecureCode:t_p_fields\",\"fromPort\":\"target:ValidateSecureCode\",\"toPort\":\"target:ValidateSecureCode:t_p_fields\",\"visible\":true,\"common\":false},{\"from\":\"target:ValidateSecureCode:t_p_fields\",\"to\":\"target:ValidateSecureCode:username:\",\"fromPort\":\"target:ValidateSecureCode:t_p_fields\",\"toPort\":\"target:ValidateSecureCode:username:\",\"visible\":true,\"common\":false},{\"from\":\"target:ValidateSecureCode:t_p_fields\",\"to\":\"target:ValidateSecureCode:password:\",\"fromPort\":\"target:ValidateSecureCode:t_p_fields\",\"toPort\":\"target:ValidateSecureCode:password:\",\"visible\":true,\"common\":false},{\"from\":\"target:ValidateSecureCode:t_p_fields\",\"to\":\"target:ValidateSecureCode:authType:\",\"fromPort\":\"target:ValidateSecureCode:t_p_fields\",\"toPort\":\"target:ValidateSecureCode:authType:\",\"visible\":true,\"common\":false},{\"from\":\"target:ValidateSecureCode:t_p_fields\",\"to\":\"target:ValidateSecureCode:channelId:\",\"fromPort\":\"target:ValidateSecureCode:t_p_fields\",\"toPort\":\"target:ValidateSecureCode:channelId:\",\"visible\":true,\"common\":false},{\"from\":\"target:ValidateSecureCode:t_p_fields\",\"to\":\"target:ValidateSecureCode:access_token:\",\"fromPort\":\"target:ValidateSecureCode:t_p_fields\",\"toPort\":\"target:ValidateSecureCode:access_token:\",\"visible\":true,\"common\":false},{\"from\":\"target:ValidateSecureCode:t_p_fields\",\"to\":\"target:ValidateSecureCode:errormsg:\",\"fromPort\":\"target:ValidateSecureCode:t_p_fields\",\"toPort\":\"target:ValidateSecureCode:errormsg:\",\"visible\":true,\"common\":false},{\"from\":\"source\",\"to\":\"source:t_p_parameters\",\"fromPort\":\"source\",\"toPort\":\"source:t_p_parameters\",\"visible\":true,\"common\":false},{\"from\":\"source:t_p_parameters\",\"to\":\"source:access_token:\",\"fromPort\":\"source:t_p_parameters\",\"toPort\":\"source:access_token:\",\"visible\":true,\"common\":false},{\"from\":\"source:t_p_parameters\",\"to\":\"source:errormsg:\",\"fromPort\":\"source:t_p_parameters\",\"toPort\":\"source:errormsg:\",\"visible\":true,\"common\":false},{\"from\":\"source:t_p_parameters\",\"to\":\"source:errorMsg:\",\"fromPort\":\"source:t_p_parameters\",\"toPort\":\"source:errorMsg:\",\"visible\":true,\"common\":false},{\"from\":\"source:t_p_parameters\",\"to\":\"source:id_token:\",\"fromPort\":\"source:t_p_parameters\",\"toPort\":\"source:id_token:\",\"visible\":true,\"common\":false},{\"category\":\"Mapping\",\"visible\":true,\"from\":\"source:access_token:\",\"to\":\"target:ValidateSecureCode:access_token:\",\"fromPort\":\"source:access_token:\",\"toPort\":\"target:ValidateSecureCode:access_token:\"},{\"category\":\"Mapping\",\"visible\":true,\"from\":\"source:errormsg:\",\"to\":\"target:ValidateSecureCode:errormsg:\",\"fromPort\":\"source:errormsg:\",\"toPort\":\"target:ValidateSecureCode:errormsg:\"}],\"blockCount\":{\"variableCount\":0},\"variableMap\":{},\"xmlMappingOverride\":false}",
      "requestXmlMappingOverride" : false,
      "responseXmlMappingOverride" : false,
      "disabled" : false,
      "applyCommonMapping" : false,
      "applyRequestCommonMapping" : false,
      "applyResponseCommonMapping" : false
    } ]
  },
  "enableFrontendUrl" : false,
  "customVerb" : false
}