{
  "operationConfig" : {
    "name" : "searchDevices3904",
    "type" : "MappedToBackend",
    "cachable" : false,
    "smsEnabled" : false,
    "security" : "authorized_app",
    "responseEncoding" : "UTF-8",
    "httpMethod" : "GET",
    "decodeResponseBody" : false,
    "iMapping" : "<?xml version=\"1.0\" encoding=\"UTF-8\" standalone=\"yes\"?>\n<mapper xmlns=\"http://www.kony.com/ns/mapper\">\n    <map inputpath=\"request_in\" outputpath=\"request_out\">\n        <exec-function name=\"kony.string:concat\" output=\"$vars\" outputpath=\"result1\">\n            <set-arg name=\"input1\" input=\"externalId eq \"/>\n            <set-arg inputpath=\"username\"/>\n        </exec-function>\n        <set-param inputpath=\"$vars/result1\" outputpath=\"filter\"/>\n        <set-param inputpath=\"userId\" outputpath=\"id\"/>\n    </map>\n</mapper>\n",
    "oMapping" : "<?xml version=\"1.0\" encoding=\"UTF-8\" standalone=\"yes\"?>\n<mapper xmlns=\"http://www.kony.com/ns/mapper\">\n    <map inputpath=\"response_in\" outputpath=\"response_out\">\n        <map inputpath=\"devices\" outputpath=\"SearchDevices\">\n            <set-param inputpath=\"active\" outputpath=\"active\"/>\n            <set-param inputpath=\"deviceId\" outputpath=\"deviceId\"/>\n            <set-param inputpath=\"friendlyName\" outputpath=\"friendlyName\"/>\n            <set-param inputpath=\"type\" outputpath=\"type\"/>\n            <set-param inputpath=\"status\" outputpath=\"status\"/>\n            <set-param inputpath=\"owner\" outputpath=\"owner\"/>\n            <set-param inputpath=\"../externalId\" outputpath=\"username\"/>\n            <set-param inputpath=\"../id\" outputpath=\"userId\"/>\n        </map>\n    </map>\n</mapper>\n",
    "iVisualMappingData" : "{\"nodeDataArray\":[{\"isGroup\":true,\"key\":\"request_in\",\"text\":\"SearchDevices\",\"xy\":\"274 193\"},{\"isGroup\":true,\"key\":\"request_out\",\"text\":\"SearchDevices (1.0).searchDevices\",\"xy\":\"1029 164\"},{\"key\":\"block:kony.string:concat:1\",\"name\":\"kony.string:stringConcatenate\",\"text\":\"String Concatenate\",\"category\":\"functionTemplateNTo1\",\"outPortId\":\"result1\",\"outPortText\":\"result\",\"valueArray\":[{\"inPortId\":\"input1\",\"inPortText\":\"value\",\"__gohashid\":10377},{\"inPortId\":\"input2\",\"inPortText\":\"value\",\"__gohashid\":11149}],\"loc\":\"762 223\",\"visible\":true},{\"key\":\"block:kony.util:constant:1\",\"name\":\"kony.basic:constant\",\"text\":\"Constant\",\"category\":\"functionTemplateConstant\",\"outPortId\":\"externalId eq \",\"outPortText\":\"value\",\"loc\":\"590 193\",\"visible\":true}],\"linkDataArray\":[{\"category\":\"Mapping\",\"visible\":true,\"from\":\"block:kony.util:constant:1\",\"to\":\"block:kony.string:concat:1\",\"fromPort\":\"externalId eq \",\"toPort\":\"input1\"},{\"category\":\"Mapping\",\"visible\":true,\"from\":\"source:SearchDevices:username:\",\"to\":\"block:kony.string:concat:1\",\"fromPort\":\"source:SearchDevices:username:\",\"toPort\":\"input2\"},{\"category\":\"Mapping\",\"visible\":true,\"from\":\"block:kony.string:concat:1\",\"to\":\"target:filter:\",\"fromPort\":\"result1\",\"toPort\":\"target:filter:\"},{\"category\":\"Mapping\",\"visible\":true,\"from\":\"source:SearchDevices:userId:\",\"to\":\"target:id:\",\"fromPort\":\"source:SearchDevices:userId:\",\"toPort\":\"target:id:\"}],\"blockCount\":{\"variableCount\":1,\"stringConcatenate\":1,\"constant\":1},\"variableMap\":{\"result1\":true},\"xmlMappingOverride\":false}",
    "oVisualMappingData" : "{\"nodeDataArray\":[{\"isGroup\":true,\"key\":\"response_out\",\"text\":\"SearchDevices\",\"xy\":\"770 100\"},{\"isGroup\":true,\"key\":\"response_in\",\"text\":\"SearchDevices (1.0).searchDevices\",\"xy\":\"334 134.39999389648438\"}],\"linkDataArray\":[{\"category\":\"Mapping\",\"visible\":true,\"from\":\"source:devices:active:\",\"to\":\"target:SearchDevices:active:\",\"fromPort\":\"source:devices:active:\",\"toPort\":\"target:SearchDevices:active:\"},{\"category\":\"Mapping\",\"visible\":true,\"from\":\"source:devices:deviceId:\",\"to\":\"target:SearchDevices:deviceId:\",\"fromPort\":\"source:devices:deviceId:\",\"toPort\":\"target:SearchDevices:deviceId:\"},{\"category\":\"Mapping\",\"visible\":true,\"from\":\"source:devices:friendlyName:\",\"to\":\"target:SearchDevices:friendlyName:\",\"fromPort\":\"source:devices:friendlyName:\",\"toPort\":\"target:SearchDevices:friendlyName:\"},{\"category\":\"Mapping\",\"visible\":true,\"from\":\"source:devices:owner:\",\"to\":\"target:SearchDevices:owner:\",\"fromPort\":\"source:devices:owner:\",\"toPort\":\"target:SearchDevices:owner:\"},{\"category\":\"Mapping\",\"visible\":true,\"from\":\"source:devices:status:\",\"to\":\"target:SearchDevices:status:\",\"fromPort\":\"source:devices:status:\",\"toPort\":\"target:SearchDevices:status:\"},{\"category\":\"Mapping\",\"visible\":true,\"from\":\"source:devices:type:\",\"to\":\"target:SearchDevices:type:\",\"fromPort\":\"source:devices:type:\",\"toPort\":\"target:SearchDevices:type:\"},{\"category\":\"Mapping\",\"visible\":true,\"from\":\"source:id:\",\"to\":\"target:SearchDevices:userId:\",\"fromPort\":\"source:id:\",\"toPort\":\"target:SearchDevices:userId:\"},{\"category\":\"Mapping\",\"visible\":true,\"from\":\"source:externalId:\",\"to\":\"target:SearchDevices:username:\",\"fromPort\":\"source:externalId:\",\"toPort\":\"target:SearchDevices:username:\"}],\"blockCount\":{\"variableCount\":0},\"variableMap\":{},\"xmlMappingOverride\":false}",
    "applyCommonMapping" : false,
    "applyRequestCommonMapping" : false,
    "applyResponseCommonMapping" : false,
    "backendMeta" : {
      "serviceName" : "SearchDevices",
      "serviceVersion" : "1.0",
      "operationName" : "searchDevices"
    },
    "relationshipHierarchyMapping" : {
      "children" : [ ],
      "name" : "SearchDevices",
      "actions" : { },
      "selected" : true
    },
    "requestXmlMappingOverride" : false,
    "responseXmlMappingOverride" : false,
    "mapperData" : [ {
      "name" : "base mapper1",
      "order" : 1,
      "iMapping" : "<?xml version=\"1.0\" encoding=\"UTF-8\" standalone=\"yes\"?>\n<mapper xmlns=\"http://www.kony.com/ns/mapper\">\n    <map inputpath=\"request_in\" outputpath=\"request_out\">\n        <exec-function name=\"kony.string:concat\" output=\"$vars\" outputpath=\"result1\">\n            <set-arg name=\"input1\" input=\"externalId eq \"/>\n            <set-arg inputpath=\"username\"/>\n        </exec-function>\n        <set-param inputpath=\"$vars/result1\" outputpath=\"filter\"/>\n        <set-param inputpath=\"userId\" outputpath=\"id\"/>\n    </map>\n</mapper>\n",
      "oMapping" : "<?xml version=\"1.0\" encoding=\"UTF-8\" standalone=\"yes\"?>\n<mapper xmlns=\"http://www.kony.com/ns/mapper\">\n    <map inputpath=\"response_in\" outputpath=\"response_out\">\n        <map inputpath=\"devices\" outputpath=\"SearchDevices\">\n            <set-param inputpath=\"active\" outputpath=\"active\"/>\n            <set-param inputpath=\"deviceId\" outputpath=\"deviceId\"/>\n            <set-param inputpath=\"friendlyName\" outputpath=\"friendlyName\"/>\n            <set-param inputpath=\"type\" outputpath=\"type\"/>\n            <set-param inputpath=\"status\" outputpath=\"status\"/>\n            <set-param inputpath=\"owner\" outputpath=\"owner\"/>\n            <set-param inputpath=\"../externalId\" outputpath=\"username\"/>\n            <set-param inputpath=\"../id\" outputpath=\"userId\"/>\n        </map>\n    </map>\n</mapper>\n",
      "iVisualMappingData" : "{\"nodeDataArray\":[{\"isGroup\":true,\"key\":\"request_in\",\"text\":\"SearchDevices\",\"xy\":\"274 193\"},{\"isGroup\":true,\"key\":\"request_out\",\"text\":\"SearchDevices (1.0).searchDevices\",\"xy\":\"1029 164\"},{\"key\":\"block:kony.string:concat:1\",\"name\":\"kony.string:stringConcatenate\",\"text\":\"String Concatenate\",\"category\":\"functionTemplateNTo1\",\"outPortId\":\"result1\",\"outPortText\":\"result\",\"valueArray\":[{\"inPortId\":\"input1\",\"inPortText\":\"value\",\"__gohashid\":10377},{\"inPortId\":\"input2\",\"inPortText\":\"value\",\"__gohashid\":11149}],\"loc\":\"762 223\",\"visible\":true},{\"key\":\"block:kony.util:constant:1\",\"name\":\"kony.basic:constant\",\"text\":\"Constant\",\"category\":\"functionTemplateConstant\",\"outPortId\":\"externalId eq \",\"outPortText\":\"value\",\"loc\":\"590 193\",\"visible\":true}],\"linkDataArray\":[{\"category\":\"Mapping\",\"visible\":true,\"from\":\"block:kony.util:constant:1\",\"to\":\"block:kony.string:concat:1\",\"fromPort\":\"externalId eq \",\"toPort\":\"input1\"},{\"category\":\"Mapping\",\"visible\":true,\"from\":\"source:SearchDevices:username:\",\"to\":\"block:kony.string:concat:1\",\"fromPort\":\"source:SearchDevices:username:\",\"toPort\":\"input2\"},{\"category\":\"Mapping\",\"visible\":true,\"from\":\"block:kony.string:concat:1\",\"to\":\"target:filter:\",\"fromPort\":\"result1\",\"toPort\":\"target:filter:\"},{\"category\":\"Mapping\",\"visible\":true,\"from\":\"source:SearchDevices:userId:\",\"to\":\"target:id:\",\"fromPort\":\"source:SearchDevices:userId:\",\"toPort\":\"target:id:\"}],\"blockCount\":{\"variableCount\":1,\"stringConcatenate\":1,\"constant\":1},\"variableMap\":{\"result1\":true},\"xmlMappingOverride\":false}",
      "oVisualMappingData" : "{\"nodeDataArray\":[{\"isGroup\":true,\"key\":\"response_out\",\"text\":\"SearchDevices\",\"xy\":\"770 100\"},{\"isGroup\":true,\"key\":\"response_in\",\"text\":\"SearchDevices (1.0).searchDevices\",\"xy\":\"334 134.39999389648438\"}],\"linkDataArray\":[{\"category\":\"Mapping\",\"visible\":true,\"from\":\"source:devices:active:\",\"to\":\"target:SearchDevices:active:\",\"fromPort\":\"source:devices:active:\",\"toPort\":\"target:SearchDevices:active:\"},{\"category\":\"Mapping\",\"visible\":true,\"from\":\"source:devices:deviceId:\",\"to\":\"target:SearchDevices:deviceId:\",\"fromPort\":\"source:devices:deviceId:\",\"toPort\":\"target:SearchDevices:deviceId:\"},{\"category\":\"Mapping\",\"visible\":true,\"from\":\"source:devices:friendlyName:\",\"to\":\"target:SearchDevices:friendlyName:\",\"fromPort\":\"source:devices:friendlyName:\",\"toPort\":\"target:SearchDevices:friendlyName:\"},{\"category\":\"Mapping\",\"visible\":true,\"from\":\"source:devices:owner:\",\"to\":\"target:SearchDevices:owner:\",\"fromPort\":\"source:devices:owner:\",\"toPort\":\"target:SearchDevices:owner:\"},{\"category\":\"Mapping\",\"visible\":true,\"from\":\"source:devices:status:\",\"to\":\"target:SearchDevices:status:\",\"fromPort\":\"source:devices:status:\",\"toPort\":\"target:SearchDevices:status:\"},{\"category\":\"Mapping\",\"visible\":true,\"from\":\"source:devices:type:\",\"to\":\"target:SearchDevices:type:\",\"fromPort\":\"source:devices:type:\",\"toPort\":\"target:SearchDevices:type:\"},{\"category\":\"Mapping\",\"visible\":true,\"from\":\"source:id:\",\"to\":\"target:SearchDevices:userId:\",\"fromPort\":\"source:id:\",\"toPort\":\"target:SearchDevices:userId:\"},{\"category\":\"Mapping\",\"visible\":true,\"from\":\"source:externalId:\",\"to\":\"target:SearchDevices:username:\",\"fromPort\":\"source:externalId:\",\"toPort\":\"target:SearchDevices:username:\"}],\"blockCount\":{\"variableCount\":0},\"variableMap\":{},\"xmlMappingOverride\":false}",
      "requestXmlMappingOverride" : false,
      "responseXmlMappingOverride" : false,
      "disabled" : false,
      "applyCommonMapping" : false,
      "applyRequestCommonMapping" : false,
      "applyResponseCommonMapping" : false
    } ]
  },
  "enableFrontendUrl" : false
}