{
  "operationConfig" : {
    "name" : "getPasswordPolicy8892",
    "type" : "MappedToBackend",
    "cachable" : false,
    "smsEnabled" : false,
    "security" : "authorized_app",
    "responseEncoding" : "UTF-8",
    "httpMethod" : "GET",
    "decodeResponseBody" : false,
    "iMapping" : "<?xml version=\"1.0\" encoding=\"UTF-8\" standalone=\"yes\"?>\n<mapper xmlns=\"http://www.kony.com/ns/mapper\">\n    <map inputpath=\"request_in\" outputpath=\"request_out\">\n        <set-param input=\"AT_STDPWD\" outputpath=\"authType\"/>\n    </map>\n</mapper>\n",
    "oMapping" : "<?xml version=\"1.0\" encoding=\"UTF-8\" standalone=\"yes\"?><mapper xmlns=\"http://www.kony.com/ns/mapper\"><map inputpath=\"response_in\" outputpath=\"response_out\"><map inputpath=\"passwordpolicy\" outputpath=\"PasswordPolicy\"><set-param inputpath=\"minDiffChars\" outputpath=\"minDiffChars\"/><set-param inputpath=\"notOldPassword\" outputpath=\"notOldPassword\"/><set-param inputpath=\"minLength\" outputpath=\"minLength\"/><set-param inputpath=\"notUserAttribute\" outputpath=\"notUserAttribute\"/><set-param inputpath=\"notEnglish\" outputpath=\"notEnglish\"/><set-param inputpath=\"maxLength\" outputpath=\"maxLength\"/><set-param inputpath=\"notSequence\" outputpath=\"notSequence\"/></map></map></mapper>",
    "iVisualMappingData" : "{\"nodeDataArray\":[{\"isGroup\":true,\"key\":\"request_in\",\"text\":\"PasswordPolicy\",\"xy\":\"150 100\"},{\"isGroup\":true,\"key\":\"request_out\",\"text\":\"UserManagementService (1.0).getPasswordPolicy\",\"xy\":\"770 100\"},{\"key\":\"block:kony.util:constant:1\",\"name\":\"kony.basic:constant\",\"text\":\"Constant\",\"category\":\"functionTemplateConstant\",\"outPortId\":\"AT_STDPWD\",\"outPortText\":\"value\",\"loc\":\"461 164.20000076293945\",\"visible\":true}],\"linkDataArray\":[{\"category\":\"Mapping\",\"visible\":true,\"from\":\"block:kony.util:constant:1\",\"to\":\"target:authType:\",\"fromPort\":\"AT_STDPWD\",\"toPort\":\"target:authType:\"}],\"blockCount\":{\"variableCount\":0,\"constant\":1},\"variableMap\":{},\"xmlMappingOverride\":false}",
    "applyCommonMapping" : false,
    "applyRequestCommonMapping" : false,
    "applyResponseCommonMapping" : true,
    "backendMeta" : {
      "serviceName" : "UserManagementService",
      "serviceVersion" : "1.0",
      "operationName" : "getPasswordPolicy"
    },
    "relationshipHierarchyMapping" : {
      "children" : [ ],
      "name" : "PasswordPolicy",
      "actions" : { },
      "selected" : true
    },
    "requestXmlMappingOverride" : false,
    "responseXmlMappingOverride" : false,
    "mapperData" : [ {
      "name" : "base mapper1",
      "order" : 1,
      "iMapping" : "<?xml version=\"1.0\" encoding=\"UTF-8\" standalone=\"yes\"?>\n<mapper xmlns=\"http://www.kony.com/ns/mapper\">\n    <map inputpath=\"request_in\" outputpath=\"request_out\">\n        <set-param input=\"AT_STDPWD\" outputpath=\"authType\"/>\n    </map>\n</mapper>\n",
      "oMapping" : "<?xml version=\"1.0\" encoding=\"UTF-8\" standalone=\"yes\"?><mapper xmlns=\"http://www.kony.com/ns/mapper\"><map inputpath=\"response_in\" outputpath=\"response_out\"><map inputpath=\"passwordpolicy\" outputpath=\"PasswordPolicy\"><set-param inputpath=\"minDiffChars\" outputpath=\"minDiffChars\"/><set-param inputpath=\"notOldPassword\" outputpath=\"notOldPassword\"/><set-param inputpath=\"minLength\" outputpath=\"minLength\"/><set-param inputpath=\"notUserAttribute\" outputpath=\"notUserAttribute\"/><set-param inputpath=\"notEnglish\" outputpath=\"notEnglish\"/><set-param inputpath=\"maxLength\" outputpath=\"maxLength\"/><set-param inputpath=\"notSequence\" outputpath=\"notSequence\"/></map></map></mapper>",
      "iVisualMappingData" : "{\"nodeDataArray\":[{\"isGroup\":true,\"key\":\"request_in\",\"text\":\"PasswordPolicy\",\"xy\":\"150 100\"},{\"isGroup\":true,\"key\":\"request_out\",\"text\":\"UserManagementService (1.0).getPasswordPolicy\",\"xy\":\"770 100\"},{\"key\":\"block:kony.util:constant:1\",\"name\":\"kony.basic:constant\",\"text\":\"Constant\",\"category\":\"functionTemplateConstant\",\"outPortId\":\"AT_STDPWD\",\"outPortText\":\"value\",\"loc\":\"461 164.20000076293945\",\"visible\":true}],\"linkDataArray\":[{\"category\":\"Mapping\",\"visible\":true,\"from\":\"block:kony.util:constant:1\",\"to\":\"target:authType:\",\"fromPort\":\"AT_STDPWD\",\"toPort\":\"target:authType:\"}],\"blockCount\":{\"variableCount\":0,\"constant\":1},\"variableMap\":{},\"xmlMappingOverride\":false}",
      "requestXmlMappingOverride" : false,
      "responseXmlMappingOverride" : false,
      "disabled" : false,
      "applyCommonMapping" : false,
      "applyRequestCommonMapping" : false,
      "applyResponseCommonMapping" : true
    } ]
  },
  "enableFrontendUrl" : false,
  "customVerb" : false
}