{
  "operationConfig" : {
    "name" : "validateOOB1305",
    "type" : "MappedToBackend",
    "cachable" : false,
    "smsEnabled" : false,
    "security" : "authorized_app",
    "responseEncoding" : "UTF-8",
    "httpMethod" : "GET",
    "decodeResponseBody" : false,
    "iMapping" : "<?xml version=\"1.0\" encoding=\"UTF-8\" standalone=\"yes\"?>\n<mapper xmlns=\"http://www.kony.com/ns/mapper\">\n    <map inputpath=\"request_in\" outputpath=\"request_out\">\n        <set-param inputpath=\"AuthenticationType\" outputpath=\"AuthenticationType\"/>\n        <set-param inputpath=\"correlationId\" outputpath=\"correlationId\"/>\n        <set-param inputpath=\"OTP\" outputpath=\"OTP\"/>\n        <set-param inputpath=\"username\" outputpath=\"username\"/>\n    </map>\n</mapper>\n",
    "oMapping" : "<?xml version=\"1.0\" encoding=\"UTF-8\" standalone=\"yes\"?>\n<mapper xmlns=\"http://www.kony.com/ns/mapper\">\n    <map inputpath=\"response_in\" outputpath=\"response_out\">\n        <map inputpath=\"\" outputpath=\"ValidateOOB\">\n            <set-param inputpath=\"access_token\" outputpath=\"access_token\"/>\n            <set-param inputpath=\"errorMsg\" outputpath=\"errorMsg\"/>\n            <set-param inputpath=\"error_description\" outputpath=\"error_description\"/>\n        </map>\n    </map>\n</mapper>\n",
    "iVisualMappingData" : "{\"nodeDataArray\":[{\"isGroup\":true,\"key\":\"request_in\",\"text\":\"ValidateOOB\",\"xy\":\"150 100\"},{\"isGroup\":true,\"key\":\"request_out\",\"text\":\"OTPServices (1.0).validateOOB\",\"xy\":\"770 100\"}],\"linkDataArray\":[{\"category\":\"Mapping\",\"visible\":true,\"from\":\"source:ValidateOOB:OTP:\",\"to\":\"target:OTP:\",\"fromPort\":\"source:ValidateOOB:OTP:\",\"toPort\":\"target:OTP:\"},{\"category\":\"Mapping\",\"visible\":true,\"from\":\"source:ValidateOOB:username:\",\"to\":\"target:username:\",\"fromPort\":\"source:ValidateOOB:username:\",\"toPort\":\"target:username:\"},{\"category\":\"Mapping\",\"visible\":true,\"from\":\"source:ValidateOOB:AuthenticationType:\",\"to\":\"target:AuthenticationType:\",\"fromPort\":\"source:ValidateOOB:AuthenticationType:\",\"toPort\":\"target:AuthenticationType:\"},{\"category\":\"Mapping\",\"visible\":true,\"from\":\"source:ValidateOOB:correlationId:\",\"to\":\"target:correlationId:\",\"fromPort\":\"source:ValidateOOB:correlationId:\",\"toPort\":\"target:correlationId:\"}],\"blockCount\":{\"variableCount\":0},\"variableMap\":{},\"xmlMappingOverride\":false}",
    "oVisualMappingData" : "{\"nodeDataArray\":[{\"isGroup\":true,\"key\":\"response_out\",\"text\":\"ValidateOOB\",\"xy\":\"770 100\"},{\"isGroup\":true,\"key\":\"response_in\",\"text\":\"OTPServices (1.0).validateOOB\",\"xy\":\"150 100\"}],\"linkDataArray\":[{\"category\":\"Mapping\",\"visible\":true,\"from\":\"source:access_token:\",\"to\":\"target:ValidateOOB:access_token:\",\"fromPort\":\"source:access_token:\",\"toPort\":\"target:ValidateOOB:access_token:\"},{\"category\":\"Mapping\",\"visible\":true,\"from\":\"source:error_description:\",\"to\":\"target:ValidateOOB:error_description:\",\"fromPort\":\"source:error_description:\",\"toPort\":\"target:ValidateOOB:error_description:\"},{\"category\":\"Mapping\",\"visible\":true,\"from\":\"source:errorMsg:\",\"to\":\"target:ValidateOOB:errorMsg:\",\"fromPort\":\"source:errorMsg:\",\"toPort\":\"target:ValidateOOB:errorMsg:\"}],\"blockCount\":{\"variableCount\":0},\"variableMap\":{},\"xmlMappingOverride\":false}",
    "applyCommonMapping" : false,
    "applyRequestCommonMapping" : false,
    "applyResponseCommonMapping" : false,
    "backendMeta" : {
      "serviceName" : "OTPServices",
      "serviceVersion" : "1.0",
      "operationName" : "validateOOB"
    },
    "relationshipHierarchyMapping" : {
      "children" : [ ],
      "name" : "ValidateOOB",
      "actions" : { },
      "selected" : true
    },
    "requestXmlMappingOverride" : false,
    "responseXmlMappingOverride" : false,
    "mapperData" : [ {
      "name" : "base mapper1",
      "order" : 1,
      "iMapping" : "<?xml version=\"1.0\" encoding=\"UTF-8\" standalone=\"yes\"?><mapper xmlns=\"http://www.kony.com/ns/mapper\">  <map inputpath=\"request_in\" outputpath=\"request_out\">    <set-param inputpath=\"AuthenticationType\" outputpath=\"AuthenticationType\"/>    <set-param inputpath=\"correlationId\" outputpath=\"correlationId\"/>    <set-param inputpath=\"OTP\" outputpath=\"OTP\"/>    <set-param inputpath=\"username\" outputpath=\"username\"/>  </map></mapper>",
      "oMapping" : "<?xml version=\"1.0\" encoding=\"UTF-8\" standalone=\"yes\"?>\n<mapper xmlns=\"http://www.kony.com/ns/mapper\">\n    <map inputpath=\"response_in\" outputpath=\"response_out\">\n        <map inputpath=\"\" outputpath=\"ValidateOOB\">\n            <set-param inputpath=\"access_token\" outputpath=\"access_token\"/>\n            <set-param inputpath=\"errorMsg\" outputpath=\"errorMsg\"/>\n            <set-param inputpath=\"error_description\" outputpath=\"error_description\"/>\n        </map>\n    </map>\n</mapper>\n",
      "iVisualMappingData" : "{\"nodeDataArray\":[{\"isGroup\":true,\"key\":\"request_in\",\"text\":\"ValidateOOB\",\"xy\":\"150 100\"},{\"isGroup\":true,\"key\":\"request_out\",\"text\":\"OTPServices (1.0).validateOOB\",\"xy\":\"770 100\"}],\"linkDataArray\":[{\"category\":\"Mapping\",\"visible\":true,\"from\":\"source:ValidateOOB:OTP:\",\"to\":\"target:OTP:\",\"fromPort\":\"source:ValidateOOB:OTP:\",\"toPort\":\"target:OTP:\"},{\"category\":\"Mapping\",\"visible\":true,\"from\":\"source:ValidateOOB:username:\",\"to\":\"target:username:\",\"fromPort\":\"source:ValidateOOB:username:\",\"toPort\":\"target:username:\"},{\"category\":\"Mapping\",\"visible\":true,\"from\":\"source:ValidateOOB:AuthenticationType:\",\"to\":\"target:AuthenticationType:\",\"fromPort\":\"source:ValidateOOB:AuthenticationType:\",\"toPort\":\"target:AuthenticationType:\"},{\"from\":\"source\",\"to\":\"source:ValidateOOB\",\"fromPort\":\"source\",\"toPort\":\"source:ValidateOOB\",\"visible\":true,\"common\":false},{\"from\":\"source:ValidateOOB\",\"to\":\"source:ValidateOOB:t_p_fields\",\"fromPort\":\"source:ValidateOOB\",\"toPort\":\"source:ValidateOOB:t_p_fields\",\"visible\":true,\"common\":false},{\"from\":\"source:ValidateOOB:t_p_fields\",\"to\":\"source:ValidateOOB:access_token:\",\"fromPort\":\"source:ValidateOOB:t_p_fields\",\"toPort\":\"source:ValidateOOB:access_token:\",\"visible\":true,\"common\":false},{\"from\":\"source:ValidateOOB:t_p_fields\",\"to\":\"source:ValidateOOB:AuthenticationType:\",\"fromPort\":\"source:ValidateOOB:t_p_fields\",\"toPort\":\"source:ValidateOOB:AuthenticationType:\",\"visible\":true,\"common\":false},{\"from\":\"source:ValidateOOB:t_p_fields\",\"to\":\"source:ValidateOOB:errorMsg:\",\"fromPort\":\"source:ValidateOOB:t_p_fields\",\"toPort\":\"source:ValidateOOB:errorMsg:\",\"visible\":true,\"common\":false},{\"from\":\"source:ValidateOOB:t_p_fields\",\"to\":\"source:ValidateOOB:error_description:\",\"fromPort\":\"source:ValidateOOB:t_p_fields\",\"toPort\":\"source:ValidateOOB:error_description:\",\"visible\":true,\"common\":false},{\"from\":\"source:ValidateOOB:t_p_fields\",\"to\":\"source:ValidateOOB:OTP:\",\"fromPort\":\"source:ValidateOOB:t_p_fields\",\"toPort\":\"source:ValidateOOB:OTP:\",\"visible\":true,\"common\":false},{\"from\":\"source:ValidateOOB:t_p_fields\",\"to\":\"source:ValidateOOB:username:\",\"fromPort\":\"source:ValidateOOB:t_p_fields\",\"toPort\":\"source:ValidateOOB:username:\",\"visible\":true,\"common\":false},{\"from\":\"source:ValidateOOB:t_p_fields\",\"to\":\"source:ValidateOOB:correlationId:\",\"fromPort\":\"source:ValidateOOB:t_p_fields\",\"toPort\":\"source:ValidateOOB:correlationId:\",\"visible\":true,\"common\":false},{\"from\":\"target\",\"to\":\"target:t_p_parameters\",\"fromPort\":\"target\",\"toPort\":\"target:t_p_parameters\",\"visible\":true,\"common\":false},{\"from\":\"target:t_p_parameters\",\"to\":\"target:AuthenticationType:\",\"fromPort\":\"target:t_p_parameters\",\"toPort\":\"target:AuthenticationType:\",\"visible\":true,\"common\":false},{\"from\":\"target:t_p_parameters\",\"to\":\"target:channelId:\",\"fromPort\":\"target:t_p_parameters\",\"toPort\":\"target:channelId:\",\"visible\":true,\"common\":false},{\"from\":\"target:t_p_parameters\",\"to\":\"target:correlationId:\",\"fromPort\":\"target:t_p_parameters\",\"toPort\":\"target:correlationId:\",\"visible\":true,\"common\":false},{\"from\":\"target:t_p_parameters\",\"to\":\"target:OTP:\",\"fromPort\":\"target:t_p_parameters\",\"toPort\":\"target:OTP:\",\"visible\":true,\"common\":false},{\"from\":\"target:t_p_parameters\",\"to\":\"target:username:\",\"fromPort\":\"target:t_p_parameters\",\"toPort\":\"target:username:\",\"visible\":true,\"common\":false},{\"category\":\"Mapping\",\"visible\":true,\"from\":\"source:ValidateOOB:correlationId:\",\"to\":\"target:correlationId:\",\"fromPort\":\"source:ValidateOOB:correlationId:\",\"toPort\":\"target:correlationId:\"}],\"blockCount\":{\"variableCount\":0},\"variableMap\":{},\"xmlMappingOverride\":false}",
      "oVisualMappingData" : "{\"nodeDataArray\":[{\"isGroup\":true,\"key\":\"response_out\",\"text\":\"ValidateOOB\",\"xy\":\"770 100\"},{\"isGroup\":true,\"key\":\"response_in\",\"text\":\"OTPServices (1.0).validateOOB\",\"xy\":\"150 100\"}],\"linkDataArray\":[{\"category\":\"Mapping\",\"visible\":true,\"from\":\"source:access_token:\",\"to\":\"target:ValidateOOB:access_token:\",\"fromPort\":\"source:access_token:\",\"toPort\":\"target:ValidateOOB:access_token:\"},{\"category\":\"Mapping\",\"visible\":true,\"from\":\"source:error_description:\",\"to\":\"target:ValidateOOB:error_description:\",\"fromPort\":\"source:error_description:\",\"toPort\":\"target:ValidateOOB:error_description:\"},{\"category\":\"Mapping\",\"visible\":true,\"from\":\"source:errorMsg:\",\"to\":\"target:ValidateOOB:errorMsg:\",\"fromPort\":\"source:errorMsg:\",\"toPort\":\"target:ValidateOOB:errorMsg:\"}],\"blockCount\":{\"variableCount\":0},\"variableMap\":{},\"xmlMappingOverride\":false}",
      "requestXmlMappingOverride" : false,
      "responseXmlMappingOverride" : false,
      "disabled" : false,
      "applyCommonMapping" : false,
      "applyRequestCommonMapping" : false,
      "applyResponseCommonMapping" : false
    } ]
  },
  "enableFrontendUrl" : false,
  "customVerb" : false
}