{
  "operationConfig" : {
    "name" : "addPasswordAuthenticatorInt2341",
    "type" : "MappedToBackend",
    "cachable" : false,
    "smsEnabled" : false,
    "security" : "authorized_app",
    "responseEncoding" : "UTF-8",
    "httpMethod" : "GET",
    "decodeResponseBody" : false,
    "iMapping" : "<?xml version=\"1.0\" encoding=\"UTF-8\" standalone=\"yes\"?>\n<mapper xmlns=\"http://www.kony.com/ns/mapper\">\n    <map inputpath=\"request_in\" outputpath=\"request_out\">\n        <set-param inputpath=\"authType\" outputpath=\"authType\"/>\n        <set-param inputpath=\"expDate\" outputpath=\"expDate\"/>\n        <set-param inputpath=\"password\" outputpath=\"password\"/>\n        <set-param inputpath=\"startDate\" outputpath=\"startDate\"/>\n        <set-param inputpath=\"userId\" outputpath=\"userId\"/>\n        <set-param inputpath=\"username\" outputpath=\"username\"/>\n    </map>\n</mapper>\n",
    "oMapping" : "<?xml version=\"1.0\" encoding=\"UTF-8\" standalone=\"yes\"?>\n<mapper xmlns=\"http://www.kony.com/ns/mapper\">\n    <map inputpath=\"response_in\" outputpath=\"response_out\">\n        <map inputpath=\"\" outputpath=\"AddPasswordAuthenticator\">\n            <set-param inputpath=\"active\" outputpath=\"active\"/>\n            <set-param inputpath=\"detail\" outputpath=\"detail\"/>\n            <set-param inputpath=\"errorCode\" outputpath=\"errorCode\"/>\n            <set-param inputpath=\"scimType_Pwd\" outputpath=\"scimType_Pwd\"/>\n            <set-param inputpath=\"status\" outputpath=\"status\"/>\n        </map>\n    </map>\n</mapper>\n",
    "iVisualMappingData" : "{\"nodeDataArray\":[{\"isGroup\":true,\"key\":\"request_in\",\"text\":\"AddPasswordAuthenticator\",\"xy\":\"150 100\"},{\"isGroup\":true,\"key\":\"request_out\",\"text\":\"ScimAPIsOrg (1.0).addPasswordAuthenticatorInt\",\"xy\":\"770 100\"}],\"linkDataArray\":[{\"category\":\"Mapping\",\"visible\":true,\"from\":\"source:AddPasswordAuthenticator:userId:\",\"to\":\"target:userId:\",\"fromPort\":\"source:AddPasswordAuthenticator:userId:\",\"toPort\":\"target:userId:\"},{\"category\":\"Mapping\",\"visible\":true,\"from\":\"source:AddPasswordAuthenticator:username:\",\"to\":\"target:username:\",\"fromPort\":\"source:AddPasswordAuthenticator:username:\",\"toPort\":\"target:username:\"},{\"category\":\"Mapping\",\"visible\":true,\"from\":\"source:AddPasswordAuthenticator:authType:\",\"to\":\"target:authType:\",\"fromPort\":\"source:AddPasswordAuthenticator:authType:\",\"toPort\":\"target:authType:\"},{\"category\":\"Mapping\",\"visible\":true,\"from\":\"source:AddPasswordAuthenticator:password:\",\"to\":\"target:password:\",\"fromPort\":\"source:AddPasswordAuthenticator:password:\",\"toPort\":\"target:password:\"},{\"category\":\"Mapping\",\"visible\":true,\"from\":\"source:AddPasswordAuthenticator:expDate:\",\"to\":\"target:expDate:\",\"fromPort\":\"source:AddPasswordAuthenticator:expDate:\",\"toPort\":\"target:expDate:\"},{\"category\":\"Mapping\",\"visible\":true,\"from\":\"source:AddPasswordAuthenticator:startDate:\",\"to\":\"target:startDate:\",\"fromPort\":\"source:AddPasswordAuthenticator:startDate:\",\"toPort\":\"target:startDate:\"}],\"blockCount\":{\"variableCount\":0},\"variableMap\":{},\"xmlMappingOverride\":false}",
    "oVisualMappingData" : "{\"nodeDataArray\":[{\"isGroup\":true,\"key\":\"response_out\",\"text\":\"AddPasswordAuthenticator\",\"xy\":\"770 100\"},{\"isGroup\":true,\"key\":\"response_in\",\"text\":\"ScimAPIsOrg (1.0).addPasswordAuthenticatorInt\",\"xy\":\"150 100\"}],\"linkDataArray\":[{\"category\":\"Mapping\",\"visible\":true,\"from\":\"source:errorCode:\",\"to\":\"target:AddPasswordAuthenticator:errorCode:\",\"fromPort\":\"source:errorCode:\",\"toPort\":\"target:AddPasswordAuthenticator:errorCode:\"},{\"category\":\"Mapping\",\"visible\":true,\"from\":\"source:active:\",\"to\":\"target:AddPasswordAuthenticator:active:\",\"fromPort\":\"source:active:\",\"toPort\":\"target:AddPasswordAuthenticator:active:\"},{\"category\":\"Mapping\",\"visible\":true,\"from\":\"source:detail:\",\"to\":\"target:AddPasswordAuthenticator:detail:\",\"fromPort\":\"source:detail:\",\"toPort\":\"target:AddPasswordAuthenticator:detail:\"},{\"category\":\"Mapping\",\"visible\":true,\"from\":\"source:scimType_Pwd:\",\"to\":\"target:AddPasswordAuthenticator:scimType_Pwd:\",\"fromPort\":\"source:scimType_Pwd:\",\"toPort\":\"target:AddPasswordAuthenticator:scimType_Pwd:\"},{\"category\":\"Mapping\",\"visible\":true,\"from\":\"source:status:\",\"to\":\"target:AddPasswordAuthenticator:status:\",\"fromPort\":\"source:status:\",\"toPort\":\"target:AddPasswordAuthenticator:status:\"}],\"blockCount\":{\"variableCount\":0},\"variableMap\":{},\"xmlMappingOverride\":false}",
    "applyCommonMapping" : false,
    "applyRequestCommonMapping" : false,
    "applyResponseCommonMapping" : false,
    "backendMeta" : {
      "serviceName" : "ScimAPIsOrg",
      "serviceVersion" : "1.0",
      "operationName" : "addPasswordAuthenticatorInt"
    },
    "relationshipHierarchyMapping" : {
      "children" : [ ],
      "name" : "AddPasswordAuthenticator",
      "actions" : { },
      "selected" : true
    },
    "requestXmlMappingOverride" : false,
    "responseXmlMappingOverride" : false,
    "mapperData" : [ {
      "name" : "base mapper1",
      "order" : 1,
      "iMapping" : "<?xml version=\"1.0\" encoding=\"UTF-8\" standalone=\"yes\"?><mapper xmlns=\"http://www.kony.com/ns/mapper\">  <map inputpath=\"request_in\" outputpath=\"request_out\">    <set-param inputpath=\"authType\" outputpath=\"authType\"/>    <set-param inputpath=\"expDate\" outputpath=\"expDate\"/>    <set-param inputpath=\"password\" outputpath=\"password\"/>    <set-param inputpath=\"startDate\" outputpath=\"startDate\"/>    <set-param inputpath=\"userId\" outputpath=\"userId\"/>    <set-param inputpath=\"username\" outputpath=\"username\"/>  </map></mapper>",
      "oMapping" : "<?xml version=\"1.0\" encoding=\"UTF-8\" standalone=\"yes\"?>\n<mapper xmlns=\"http://www.kony.com/ns/mapper\">\n    <map inputpath=\"response_in\" outputpath=\"response_out\">\n        <map inputpath=\"\" outputpath=\"AddPasswordAuthenticator\">\n            <set-param inputpath=\"active\" outputpath=\"active\"/>\n            <set-param inputpath=\"detail\" outputpath=\"detail\"/>\n            <set-param inputpath=\"errorCode\" outputpath=\"errorCode\"/>\n            <set-param inputpath=\"scimType_Pwd\" outputpath=\"scimType_Pwd\"/>\n            <set-param inputpath=\"status\" outputpath=\"status\"/>\n        </map>\n    </map>\n</mapper>\n",
      "iVisualMappingData" : "{\"nodeDataArray\":[{\"isGroup\":true,\"key\":\"request_in\",\"text\":\"AddPasswordAuthenticator\",\"xy\":\"150 100\"},{\"isGroup\":true,\"key\":\"request_out\",\"text\":\"ScimAPIsOrg (1.0).addPasswordAuthenticatorInt\",\"xy\":\"770 100\"}],\"linkDataArray\":[{\"category\":\"Mapping\",\"visible\":true,\"from\":\"source:AddPasswordAuthenticator:userId:\",\"to\":\"target:userId:\",\"fromPort\":\"source:AddPasswordAuthenticator:userId:\",\"toPort\":\"target:userId:\"},{\"category\":\"Mapping\",\"visible\":true,\"from\":\"source:AddPasswordAuthenticator:username:\",\"to\":\"target:username:\",\"fromPort\":\"source:AddPasswordAuthenticator:username:\",\"toPort\":\"target:username:\"},{\"category\":\"Mapping\",\"visible\":true,\"from\":\"source:AddPasswordAuthenticator:authType:\",\"to\":\"target:authType:\",\"fromPort\":\"source:AddPasswordAuthenticator:authType:\",\"toPort\":\"target:authType:\"},{\"category\":\"Mapping\",\"visible\":true,\"from\":\"source:AddPasswordAuthenticator:password:\",\"to\":\"target:password:\",\"fromPort\":\"source:AddPasswordAuthenticator:password:\",\"toPort\":\"target:password:\"},{\"from\":\"source\",\"to\":\"source:AddPasswordAuthenticator\",\"fromPort\":\"source\",\"toPort\":\"source:AddPasswordAuthenticator\",\"visible\":true,\"common\":false},{\"from\":\"source:AddPasswordAuthenticator\",\"to\":\"source:AddPasswordAuthenticator:t_p_fields\",\"fromPort\":\"source:AddPasswordAuthenticator\",\"toPort\":\"source:AddPasswordAuthenticator:t_p_fields\",\"visible\":true,\"common\":false},{\"from\":\"source:AddPasswordAuthenticator:t_p_fields\",\"to\":\"source:AddPasswordAuthenticator:active:\",\"fromPort\":\"source:AddPasswordAuthenticator:t_p_fields\",\"toPort\":\"source:AddPasswordAuthenticator:active:\",\"visible\":true,\"common\":false},{\"from\":\"source:AddPasswordAuthenticator:t_p_fields\",\"to\":\"source:AddPasswordAuthenticator:authType:\",\"fromPort\":\"source:AddPasswordAuthenticator:t_p_fields\",\"toPort\":\"source:AddPasswordAuthenticator:authType:\",\"visible\":true,\"common\":false},{\"from\":\"source:AddPasswordAuthenticator:t_p_fields\",\"to\":\"source:AddPasswordAuthenticator:detail:\",\"fromPort\":\"source:AddPasswordAuthenticator:t_p_fields\",\"toPort\":\"source:AddPasswordAuthenticator:detail:\",\"visible\":true,\"common\":false},{\"from\":\"source:AddPasswordAuthenticator:t_p_fields\",\"to\":\"source:AddPasswordAuthenticator:errorCode:\",\"fromPort\":\"source:AddPasswordAuthenticator:t_p_fields\",\"toPort\":\"source:AddPasswordAuthenticator:errorCode:\",\"visible\":true,\"common\":false},{\"from\":\"source:AddPasswordAuthenticator:t_p_fields\",\"to\":\"source:AddPasswordAuthenticator:expDate:\",\"fromPort\":\"source:AddPasswordAuthenticator:t_p_fields\",\"toPort\":\"source:AddPasswordAuthenticator:expDate:\",\"visible\":true,\"common\":false},{\"from\":\"source:AddPasswordAuthenticator:t_p_fields\",\"to\":\"source:AddPasswordAuthenticator:password:\",\"fromPort\":\"source:AddPasswordAuthenticator:t_p_fields\",\"toPort\":\"source:AddPasswordAuthenticator:password:\",\"visible\":true,\"common\":false},{\"from\":\"source:AddPasswordAuthenticator:t_p_fields\",\"to\":\"source:AddPasswordAuthenticator:scimType_Pwd:\",\"fromPort\":\"source:AddPasswordAuthenticator:t_p_fields\",\"toPort\":\"source:AddPasswordAuthenticator:scimType_Pwd:\",\"visible\":true,\"common\":false},{\"from\":\"source:AddPasswordAuthenticator:t_p_fields\",\"to\":\"source:AddPasswordAuthenticator:startDate:\",\"fromPort\":\"source:AddPasswordAuthenticator:t_p_fields\",\"toPort\":\"source:AddPasswordAuthenticator:startDate:\",\"visible\":true,\"common\":false},{\"from\":\"source:AddPasswordAuthenticator:t_p_fields\",\"to\":\"source:AddPasswordAuthenticator:status:\",\"fromPort\":\"source:AddPasswordAuthenticator:t_p_fields\",\"toPort\":\"source:AddPasswordAuthenticator:status:\",\"visible\":true,\"common\":false},{\"from\":\"source:AddPasswordAuthenticator:t_p_fields\",\"to\":\"source:AddPasswordAuthenticator:userId:\",\"fromPort\":\"source:AddPasswordAuthenticator:t_p_fields\",\"toPort\":\"source:AddPasswordAuthenticator:userId:\",\"visible\":true,\"common\":false},{\"from\":\"source:AddPasswordAuthenticator:t_p_fields\",\"to\":\"source:AddPasswordAuthenticator:username:\",\"fromPort\":\"source:AddPasswordAuthenticator:t_p_fields\",\"toPort\":\"source:AddPasswordAuthenticator:username:\",\"visible\":true,\"common\":false},{\"from\":\"target\",\"to\":\"target:t_p_parameters\",\"fromPort\":\"target\",\"toPort\":\"target:t_p_parameters\",\"visible\":true,\"common\":false},{\"from\":\"target:t_p_parameters\",\"to\":\"target:authType:\",\"fromPort\":\"target:t_p_parameters\",\"toPort\":\"target:authType:\",\"visible\":true,\"common\":false},{\"from\":\"target:t_p_parameters\",\"to\":\"target:expDate:\",\"fromPort\":\"target:t_p_parameters\",\"toPort\":\"target:expDate:\",\"visible\":true,\"common\":false},{\"from\":\"target:t_p_parameters\",\"to\":\"target:password:\",\"fromPort\":\"target:t_p_parameters\",\"toPort\":\"target:password:\",\"visible\":true,\"common\":false},{\"from\":\"target:t_p_parameters\",\"to\":\"target:startDate:\",\"fromPort\":\"target:t_p_parameters\",\"toPort\":\"target:startDate:\",\"visible\":true,\"common\":false},{\"from\":\"target:t_p_parameters\",\"to\":\"target:userId:\",\"fromPort\":\"target:t_p_parameters\",\"toPort\":\"target:userId:\",\"visible\":true,\"common\":false},{\"from\":\"target:t_p_parameters\",\"to\":\"target:username:\",\"fromPort\":\"target:t_p_parameters\",\"toPort\":\"target:username:\",\"visible\":true,\"common\":false},{\"category\":\"Mapping\",\"visible\":true,\"from\":\"source:AddPasswordAuthenticator:expDate:\",\"to\":\"target:expDate:\",\"fromPort\":\"source:AddPasswordAuthenticator:expDate:\",\"toPort\":\"target:expDate:\"},{\"category\":\"Mapping\",\"visible\":true,\"from\":\"source:AddPasswordAuthenticator:startDate:\",\"to\":\"target:startDate:\",\"fromPort\":\"source:AddPasswordAuthenticator:startDate:\",\"toPort\":\"target:startDate:\"}],\"blockCount\":{\"variableCount\":0},\"variableMap\":{},\"xmlMappingOverride\":false}",
      "oVisualMappingData" : "{\"nodeDataArray\":[{\"isGroup\":true,\"key\":\"response_out\",\"text\":\"AddPasswordAuthenticator\",\"xy\":\"770 100\"},{\"isGroup\":true,\"key\":\"response_in\",\"text\":\"ScimAPIsOrg (1.0).addPasswordAuthenticatorInt\",\"xy\":\"150 100\"}],\"linkDataArray\":[{\"category\":\"Mapping\",\"visible\":true,\"from\":\"source:errorCode:\",\"to\":\"target:AddPasswordAuthenticator:errorCode:\",\"fromPort\":\"source:errorCode:\",\"toPort\":\"target:AddPasswordAuthenticator:errorCode:\"},{\"category\":\"Mapping\",\"visible\":true,\"from\":\"source:active:\",\"to\":\"target:AddPasswordAuthenticator:active:\",\"fromPort\":\"source:active:\",\"toPort\":\"target:AddPasswordAuthenticator:active:\"},{\"category\":\"Mapping\",\"visible\":true,\"from\":\"source:detail:\",\"to\":\"target:AddPasswordAuthenticator:detail:\",\"fromPort\":\"source:detail:\",\"toPort\":\"target:AddPasswordAuthenticator:detail:\"},{\"category\":\"Mapping\",\"visible\":true,\"from\":\"source:scimType_Pwd:\",\"to\":\"target:AddPasswordAuthenticator:scimType_Pwd:\",\"fromPort\":\"source:scimType_Pwd:\",\"toPort\":\"target:AddPasswordAuthenticator:scimType_Pwd:\"},{\"category\":\"Mapping\",\"visible\":true,\"from\":\"source:status:\",\"to\":\"target:AddPasswordAuthenticator:status:\",\"fromPort\":\"source:status:\",\"toPort\":\"target:AddPasswordAuthenticator:status:\"}],\"blockCount\":{\"variableCount\":0},\"variableMap\":{},\"xmlMappingOverride\":false}",
      "requestXmlMappingOverride" : false,
      "responseXmlMappingOverride" : false,
      "disabled" : false,
      "applyCommonMapping" : false,
      "applyRequestCommonMapping" : false,
      "applyResponseCommonMapping" : false
    } ]
  },
  "enableFrontendUrl" : false,
  "customVerb" : false
}