{
  "operationConfig" : {
    "name" : "addPasswordAuthenticatorInt2341",
    "type" : "MappedToBackend",
    "cachable" : false,
    "smsEnabled" : false,
    "security" : "authorized_app",
    "responseEncoding" : "UTF-8",
    "httpMethod" : "GET",
    "decodeResponseBody" : false,
    "iMapping" : "<?xml version=\"1.0\" encoding=\"UTF-8\" standalone=\"yes\"?>\n<mapper xmlns=\"http://www.kony.com/ns/mapper\">\n    <map inputpath=\"request_in\" outputpath=\"request_out\">\n        <set-param inputpath=\"authType\" outputpath=\"authType\"/>\n        <set-param inputpath=\"password\" outputpath=\"password\"/>\n        <set-param inputpath=\"userId\" outputpath=\"userId\"/>\n        <set-param inputpath=\"username\" outputpath=\"username\"/>\n    </map>\n</mapper>\n",
    "oMapping" : "<?xml version=\"1.0\" encoding=\"UTF-8\" standalone=\"yes\"?>\n<mapper xmlns=\"http://www.kony.com/ns/mapper\">\n    <map inputpath=\"response_in\" outputpath=\"response_out\">\n        <map inputpath=\"\" outputpath=\"AddPasswordAuthenticator\">\n            <set-param inputpath=\"active\" outputpath=\"active\"/>\n            <set-param inputpath=\"detail\" outputpath=\"detail\"/>\n            <set-param inputpath=\"errorCode\" outputpath=\"errorCode\"/>\n            <set-param inputpath=\"scimType_Pwd\" outputpath=\"scimType_Pwd\"/>\n            <set-param inputpath=\"status\" outputpath=\"status\"/>\n        </map>\n    </map>\n</mapper>\n",
    "iVisualMappingData" : "{\"nodeDataArray\":[{\"isGroup\":true,\"key\":\"request_in\",\"text\":\"AddPasswordAuthenticator\",\"xy\":\"150 100\"},{\"isGroup\":true,\"key\":\"request_out\",\"text\":\"ScimAPIsOrg (1.0).addPasswordAuthenticatorInt\",\"xy\":\"770 100\"}],\"linkDataArray\":[{\"category\":\"Mapping\",\"visible\":true,\"from\":\"source:AddPasswordAuthenticator:userId:\",\"to\":\"target:userId:\",\"fromPort\":\"source:AddPasswordAuthenticator:userId:\",\"toPort\":\"target:userId:\"},{\"category\":\"Mapping\",\"visible\":true,\"from\":\"source:AddPasswordAuthenticator:username:\",\"to\":\"target:username:\",\"fromPort\":\"source:AddPasswordAuthenticator:username:\",\"toPort\":\"target:username:\"},{\"category\":\"Mapping\",\"visible\":true,\"from\":\"source:AddPasswordAuthenticator:authType:\",\"to\":\"target:authType:\",\"fromPort\":\"source:AddPasswordAuthenticator:authType:\",\"toPort\":\"target:authType:\"},{\"category\":\"Mapping\",\"visible\":true,\"from\":\"source:AddPasswordAuthenticator:password:\",\"to\":\"target:password:\",\"fromPort\":\"source:AddPasswordAuthenticator:password:\",\"toPort\":\"target:password:\"}],\"blockCount\":{\"variableCount\":0},\"variableMap\":{},\"xmlMappingOverride\":false}",
    "oVisualMappingData" : "{\"nodeDataArray\":[{\"isGroup\":true,\"key\":\"response_out\",\"text\":\"AddPasswordAuthenticator\",\"xy\":\"770 100\"},{\"isGroup\":true,\"key\":\"response_in\",\"text\":\"ScimAPIsOrg (1.0).addPasswordAuthenticatorInt\",\"xy\":\"150 100\"}],\"linkDataArray\":[{\"category\":\"Mapping\",\"visible\":true,\"from\":\"source:errorCode:\",\"to\":\"target:AddPasswordAuthenticator:errorCode:\",\"fromPort\":\"source:errorCode:\",\"toPort\":\"target:AddPasswordAuthenticator:errorCode:\"},{\"category\":\"Mapping\",\"visible\":true,\"from\":\"source:active:\",\"to\":\"target:AddPasswordAuthenticator:active:\",\"fromPort\":\"source:active:\",\"toPort\":\"target:AddPasswordAuthenticator:active:\"},{\"category\":\"Mapping\",\"visible\":true,\"from\":\"source:detail:\",\"to\":\"target:AddPasswordAuthenticator:detail:\",\"fromPort\":\"source:detail:\",\"toPort\":\"target:AddPasswordAuthenticator:detail:\"},{\"category\":\"Mapping\",\"visible\":true,\"from\":\"source:scimType_Pwd:\",\"to\":\"target:AddPasswordAuthenticator:scimType_Pwd:\",\"fromPort\":\"source:scimType_Pwd:\",\"toPort\":\"target:AddPasswordAuthenticator:scimType_Pwd:\"},{\"category\":\"Mapping\",\"visible\":true,\"from\":\"source:status:\",\"to\":\"target:AddPasswordAuthenticator:status:\",\"fromPort\":\"source:status:\",\"toPort\":\"target:AddPasswordAuthenticator:status:\"}],\"blockCount\":{\"variableCount\":0},\"variableMap\":{},\"xmlMappingOverride\":false}",
    "applyCommonMapping" : false,
    "applyRequestCommonMapping" : false,
    "applyResponseCommonMapping" : false,
    "backendMeta" : {
      "serviceName" : "ScimAPIsOrg",
      "serviceVersion" : "1.0",
      "operationName" : "addPasswordAuthenticatorInt"
    },
    "relationshipHierarchyMapping" : {
      "children" : [ ],
      "name" : "AddPasswordAuthenticator",
      "actions" : { },
      "selected" : true
    },
    "requestXmlMappingOverride" : false,
    "responseXmlMappingOverride" : false,
    "mapperData" : [ {
      "name" : "base mapper1",
      "order" : 1,
      "iMapping" : "<?xml version=\"1.0\" encoding=\"UTF-8\" standalone=\"yes\"?>\n<mapper xmlns=\"http://www.kony.com/ns/mapper\">\n    <map inputpath=\"request_in\" outputpath=\"request_out\">\n        <set-param inputpath=\"authType\" outputpath=\"authType\"/>\n        <set-param inputpath=\"password\" outputpath=\"password\"/>\n        <set-param inputpath=\"userId\" outputpath=\"userId\"/>\n        <set-param inputpath=\"username\" outputpath=\"username\"/>\n    </map>\n</mapper>\n",
      "oMapping" : "<?xml version=\"1.0\" encoding=\"UTF-8\" standalone=\"yes\"?>\n<mapper xmlns=\"http://www.kony.com/ns/mapper\">\n    <map inputpath=\"response_in\" outputpath=\"response_out\">\n        <map inputpath=\"\" outputpath=\"AddPasswordAuthenticator\">\n            <set-param inputpath=\"active\" outputpath=\"active\"/>\n            <set-param inputpath=\"detail\" outputpath=\"detail\"/>\n            <set-param inputpath=\"errorCode\" outputpath=\"errorCode\"/>\n            <set-param inputpath=\"scimType_Pwd\" outputpath=\"scimType_Pwd\"/>\n            <set-param inputpath=\"status\" outputpath=\"status\"/>\n        </map>\n    </map>\n</mapper>\n",
      "iVisualMappingData" : "{\"nodeDataArray\":[{\"isGroup\":true,\"key\":\"request_in\",\"text\":\"AddPasswordAuthenticator\",\"xy\":\"150 100\"},{\"isGroup\":true,\"key\":\"request_out\",\"text\":\"ScimAPIsOrg (1.0).addPasswordAuthenticatorInt\",\"xy\":\"770 100\"}],\"linkDataArray\":[{\"category\":\"Mapping\",\"visible\":true,\"from\":\"source:AddPasswordAuthenticator:userId:\",\"to\":\"target:userId:\",\"fromPort\":\"source:AddPasswordAuthenticator:userId:\",\"toPort\":\"target:userId:\"},{\"category\":\"Mapping\",\"visible\":true,\"from\":\"source:AddPasswordAuthenticator:username:\",\"to\":\"target:username:\",\"fromPort\":\"source:AddPasswordAuthenticator:username:\",\"toPort\":\"target:username:\"},{\"category\":\"Mapping\",\"visible\":true,\"from\":\"source:AddPasswordAuthenticator:authType:\",\"to\":\"target:authType:\",\"fromPort\":\"source:AddPasswordAuthenticator:authType:\",\"toPort\":\"target:authType:\"},{\"category\":\"Mapping\",\"visible\":true,\"from\":\"source:AddPasswordAuthenticator:password:\",\"to\":\"target:password:\",\"fromPort\":\"source:AddPasswordAuthenticator:password:\",\"toPort\":\"target:password:\"}],\"blockCount\":{\"variableCount\":0},\"variableMap\":{},\"xmlMappingOverride\":false}",
      "oVisualMappingData" : "{\"nodeDataArray\":[{\"isGroup\":true,\"key\":\"response_out\",\"text\":\"AddPasswordAuthenticator\",\"xy\":\"770 100\"},{\"isGroup\":true,\"key\":\"response_in\",\"text\":\"ScimAPIsOrg (1.0).addPasswordAuthenticatorInt\",\"xy\":\"150 100\"}],\"linkDataArray\":[{\"category\":\"Mapping\",\"visible\":true,\"from\":\"source:errorCode:\",\"to\":\"target:AddPasswordAuthenticator:errorCode:\",\"fromPort\":\"source:errorCode:\",\"toPort\":\"target:AddPasswordAuthenticator:errorCode:\"},{\"category\":\"Mapping\",\"visible\":true,\"from\":\"source:active:\",\"to\":\"target:AddPasswordAuthenticator:active:\",\"fromPort\":\"source:active:\",\"toPort\":\"target:AddPasswordAuthenticator:active:\"},{\"category\":\"Mapping\",\"visible\":true,\"from\":\"source:detail:\",\"to\":\"target:AddPasswordAuthenticator:detail:\",\"fromPort\":\"source:detail:\",\"toPort\":\"target:AddPasswordAuthenticator:detail:\"},{\"category\":\"Mapping\",\"visible\":true,\"from\":\"source:scimType_Pwd:\",\"to\":\"target:AddPasswordAuthenticator:scimType_Pwd:\",\"fromPort\":\"source:scimType_Pwd:\",\"toPort\":\"target:AddPasswordAuthenticator:scimType_Pwd:\"},{\"category\":\"Mapping\",\"visible\":true,\"from\":\"source:status:\",\"to\":\"target:AddPasswordAuthenticator:status:\",\"fromPort\":\"source:status:\",\"toPort\":\"target:AddPasswordAuthenticator:status:\"}],\"blockCount\":{\"variableCount\":0},\"variableMap\":{},\"xmlMappingOverride\":false}",
      "requestXmlMappingOverride" : false,
      "responseXmlMappingOverride" : false,
      "disabled" : false,
      "applyCommonMapping" : false,
      "applyRequestCommonMapping" : false,
      "applyResponseCommonMapping" : false
    } ]
  }
}