{
  "operationConfig" : {
    "name" : "initiate7850",
    "type" : "MappedToBackend",
    "cachable" : false,
    "smsEnabled" : false,
    "security" : "authorized_app_user",
    "responseEncoding" : "UTF-8",
    "httpMethod" : "GET",
    "decodeResponseBody" : false,
    "iMapping" : "<?xml version=\"1.0\" encoding=\"UTF-8\" standalone=\"yes\"?><mapper xmlns=\"http://www.kony.com/ns/mapper\">  <map inputpath=\"request_in\" outputpath=\"request_out\">    <set-param inputpath=\"acr_values\" outputpath=\"acr_values\"/>    <set-param inputpath=\"client_notification_token\" outputpath=\"client_notification_token\"/>    <set-param inputpath=\"correlationId\" outputpath=\"correlationId\"/>    <set-param inputpath=\"deviceId\" outputpath=\"deviceId\"/>    <set-param inputpath=\"login_hint_token\" outputpath=\"login_hint_token\"/>    <set-param inputpath=\"scope\" outputpath=\"scope\"/>    <set-param inputpath=\"tds\" outputpath=\"tds\"/>    <set-param inputpath=\"username\" outputpath=\"username\"/>  </map></mapper>",
    "oMapping" : "<?xml version=\"1.0\" encoding=\"UTF-8\" standalone=\"yes\"?><mapper xmlns=\"http://www.kony.com/ns/mapper\">    <map inputpath=\"response_in\" outputpath=\"response_out\">        <map inputpath=\"\" outputpath=\"AprroveTransactInitiate\">            <set-param inputpath=\"auth_req_id\" outputpath=\"auth_req_id\"/>            <set-param inputpath=\"error\" outputpath=\"error\"/>            <set-param inputpath=\"error_description\" outputpath=\"error_description\"/>            <set-param inputpath=\"expires_in\" outputpath=\"expires_in\"/>            <set-param inputpath=\"interval\" outputpath=\"interval\"/>        </map>    </map></mapper>",
    "iVisualMappingData" : "{\"nodeDataArray\":[{\"isGroup\":true,\"key\":\"request_in\",\"text\":\"AprroveTransactInitiate\",\"xy\":\"289 141\"},{\"isGroup\":true,\"key\":\"request_out\",\"text\":\"TransactionSigningApproveInit (1.0).initiate\",\"xy\":\"847 234\"}],\"linkDataArray\":[{\"category\":\"Mapping\",\"visible\":true,\"from\":\"source:AprroveTransactInitiate:acr_values:\",\"to\":\"target:acr_values:\",\"fromPort\":\"source:AprroveTransactInitiate:acr_values:\",\"toPort\":\"target:acr_values:\"},{\"category\":\"Mapping\",\"visible\":true,\"from\":\"source:AprroveTransactInitiate:client_notification_token:\",\"to\":\"target:client_notification_token:\",\"fromPort\":\"source:AprroveTransactInitiate:client_notification_token:\",\"toPort\":\"target:client_notification_token:\"},{\"category\":\"Mapping\",\"visible\":true,\"from\":\"source:AprroveTransactInitiate:deviceId:\",\"to\":\"target:deviceId:\",\"fromPort\":\"source:AprroveTransactInitiate:deviceId:\",\"toPort\":\"target:deviceId:\"},{\"category\":\"Mapping\",\"visible\":true,\"from\":\"source:AprroveTransactInitiate:login_hint_token:\",\"to\":\"target:login_hint_token:\",\"fromPort\":\"source:AprroveTransactInitiate:login_hint_token:\",\"toPort\":\"target:login_hint_token:\"},{\"category\":\"Mapping\",\"visible\":true,\"from\":\"source:AprroveTransactInitiate:scope:\",\"to\":\"target:scope:\",\"fromPort\":\"source:AprroveTransactInitiate:scope:\",\"toPort\":\"target:scope:\"},{\"category\":\"Mapping\",\"visible\":true,\"from\":\"source:AprroveTransactInitiate:tds:\",\"to\":\"target:tds:\",\"fromPort\":\"source:AprroveTransactInitiate:tds:\",\"toPort\":\"target:tds:\"},{\"category\":\"Mapping\",\"visible\":true,\"from\":\"source:AprroveTransactInitiate:username:\",\"to\":\"target:username:\",\"fromPort\":\"source:AprroveTransactInitiate:username:\",\"toPort\":\"target:username:\"},{\"from\":\"source\",\"to\":\"source:AprroveTransactInitiate\",\"fromPort\":\"source\",\"toPort\":\"source:AprroveTransactInitiate\",\"visible\":true,\"common\":false},{\"from\":\"source:AprroveTransactInitiate\",\"to\":\"source:AprroveTransactInitiate:t_p_fields\",\"fromPort\":\"source:AprroveTransactInitiate\",\"toPort\":\"source:AprroveTransactInitiate:t_p_fields\",\"visible\":true,\"common\":false},{\"from\":\"source:AprroveTransactInitiate:t_p_fields\",\"to\":\"source:AprroveTransactInitiate:acr_values:\",\"fromPort\":\"source:AprroveTransactInitiate:t_p_fields\",\"toPort\":\"source:AprroveTransactInitiate:acr_values:\",\"visible\":true,\"common\":false},{\"from\":\"source:AprroveTransactInitiate:t_p_fields\",\"to\":\"source:AprroveTransactInitiate:auth_req_id:\",\"fromPort\":\"source:AprroveTransactInitiate:t_p_fields\",\"toPort\":\"source:AprroveTransactInitiate:auth_req_id:\",\"visible\":true,\"common\":false},{\"from\":\"source:AprroveTransactInitiate:t_p_fields\",\"to\":\"source:AprroveTransactInitiate:client_notification_token:\",\"fromPort\":\"source:AprroveTransactInitiate:t_p_fields\",\"toPort\":\"source:AprroveTransactInitiate:client_notification_token:\",\"visible\":true,\"common\":false},{\"from\":\"source:AprroveTransactInitiate:t_p_fields\",\"to\":\"source:AprroveTransactInitiate:deviceId:\",\"fromPort\":\"source:AprroveTransactInitiate:t_p_fields\",\"toPort\":\"source:AprroveTransactInitiate:deviceId:\",\"visible\":true,\"common\":false},{\"from\":\"source:AprroveTransactInitiate:t_p_fields\",\"to\":\"source:AprroveTransactInitiate:error:\",\"fromPort\":\"source:AprroveTransactInitiate:t_p_fields\",\"toPort\":\"source:AprroveTransactInitiate:error:\",\"visible\":true,\"common\":false},{\"from\":\"source:AprroveTransactInitiate:t_p_fields\",\"to\":\"source:AprroveTransactInitiate:error_description:\",\"fromPort\":\"source:AprroveTransactInitiate:t_p_fields\",\"toPort\":\"source:AprroveTransactInitiate:error_description:\",\"visible\":true,\"common\":false},{\"from\":\"source:AprroveTransactInitiate:t_p_fields\",\"to\":\"source:AprroveTransactInitiate:expires_in:\",\"fromPort\":\"source:AprroveTransactInitiate:t_p_fields\",\"toPort\":\"source:AprroveTransactInitiate:expires_in:\",\"visible\":true,\"common\":false},{\"from\":\"source:AprroveTransactInitiate:t_p_fields\",\"to\":\"source:AprroveTransactInitiate:interval:\",\"fromPort\":\"source:AprroveTransactInitiate:t_p_fields\",\"toPort\":\"source:AprroveTransactInitiate:interval:\",\"visible\":true,\"common\":false},{\"from\":\"source:AprroveTransactInitiate:t_p_fields\",\"to\":\"source:AprroveTransactInitiate:login_hint_token:\",\"fromPort\":\"source:AprroveTransactInitiate:t_p_fields\",\"toPort\":\"source:AprroveTransactInitiate:login_hint_token:\",\"visible\":true,\"common\":false},{\"from\":\"source:AprroveTransactInitiate:t_p_fields\",\"to\":\"source:AprroveTransactInitiate:scope:\",\"fromPort\":\"source:AprroveTransactInitiate:t_p_fields\",\"toPort\":\"source:AprroveTransactInitiate:scope:\",\"visible\":true,\"common\":false},{\"from\":\"source:AprroveTransactInitiate:t_p_fields\",\"to\":\"source:AprroveTransactInitiate:tds:\",\"fromPort\":\"source:AprroveTransactInitiate:t_p_fields\",\"toPort\":\"source:AprroveTransactInitiate:tds:\",\"visible\":true,\"common\":false},{\"from\":\"source:AprroveTransactInitiate:t_p_fields\",\"to\":\"source:AprroveTransactInitiate:username:\",\"fromPort\":\"source:AprroveTransactInitiate:t_p_fields\",\"toPort\":\"source:AprroveTransactInitiate:username:\",\"visible\":true,\"common\":false},{\"from\":\"source:AprroveTransactInitiate:t_p_fields\",\"to\":\"source:AprroveTransactInitiate:correlationId:\",\"fromPort\":\"source:AprroveTransactInitiate:t_p_fields\",\"toPort\":\"source:AprroveTransactInitiate:correlationId:\",\"visible\":true,\"common\":false},{\"from\":\"target\",\"to\":\"target:t_p_parameters\",\"fromPort\":\"target\",\"toPort\":\"target:t_p_parameters\",\"visible\":true,\"common\":false},{\"from\":\"target:t_p_parameters\",\"to\":\"target:acr_values:\",\"fromPort\":\"target:t_p_parameters\",\"toPort\":\"target:acr_values:\",\"visible\":true,\"common\":false},{\"from\":\"target:t_p_parameters\",\"to\":\"target:client_notification_token:\",\"fromPort\":\"target:t_p_parameters\",\"toPort\":\"target:client_notification_token:\",\"visible\":true,\"common\":false},{\"from\":\"target:t_p_parameters\",\"to\":\"target:correlationId:\",\"fromPort\":\"target:t_p_parameters\",\"toPort\":\"target:correlationId:\",\"visible\":true,\"common\":false},{\"from\":\"target:t_p_parameters\",\"to\":\"target:deviceId:\",\"fromPort\":\"target:t_p_parameters\",\"toPort\":\"target:deviceId:\",\"visible\":true,\"common\":false},{\"from\":\"target:t_p_parameters\",\"to\":\"target:login_hint_token:\",\"fromPort\":\"target:t_p_parameters\",\"toPort\":\"target:login_hint_token:\",\"visible\":true,\"common\":false},{\"from\":\"target:t_p_parameters\",\"to\":\"target:scope:\",\"fromPort\":\"target:t_p_parameters\",\"toPort\":\"target:scope:\",\"visible\":true,\"common\":false},{\"from\":\"target:t_p_parameters\",\"to\":\"target:tds:\",\"fromPort\":\"target:t_p_parameters\",\"toPort\":\"target:tds:\",\"visible\":true,\"common\":false},{\"from\":\"target:t_p_parameters\",\"to\":\"target:username:\",\"fromPort\":\"target:t_p_parameters\",\"toPort\":\"target:username:\",\"visible\":true,\"common\":false},{\"category\":\"Mapping\",\"visible\":true,\"from\":\"source:AprroveTransactInitiate:correlationId:\",\"to\":\"target:correlationId:\",\"fromPort\":\"source:AprroveTransactInitiate:correlationId:\",\"toPort\":\"target:correlationId:\"}],\"blockCount\":{\"variableCount\":0},\"variableMap\":{},\"xmlMappingOverride\":false}",
    "oVisualMappingData" : "{\"nodeDataArray\":[{\"isGroup\":true,\"key\":\"response_out\",\"text\":\"AprroveTransactInitiate\",\"xy\":\"770 100\"},{\"isGroup\":true,\"key\":\"response_in\",\"text\":\"TransactionSigningApproveInit (1.0).initiate\",\"xy\":\"270 180\"}],\"linkDataArray\":[{\"category\":\"Mapping\",\"visible\":true,\"from\":\"source:auth_req_id:\",\"to\":\"target:AprroveTransactInitiate:auth_req_id:\",\"fromPort\":\"source:auth_req_id:\",\"toPort\":\"target:AprroveTransactInitiate:auth_req_id:\"},{\"category\":\"Mapping\",\"visible\":true,\"from\":\"source:error:\",\"to\":\"target:AprroveTransactInitiate:error:\",\"fromPort\":\"source:error:\",\"toPort\":\"target:AprroveTransactInitiate:error:\"},{\"category\":\"Mapping\",\"visible\":true,\"from\":\"source:error_description:\",\"to\":\"target:AprroveTransactInitiate:error_description:\",\"fromPort\":\"source:error_description:\",\"toPort\":\"target:AprroveTransactInitiate:error_description:\"},{\"category\":\"Mapping\",\"visible\":true,\"from\":\"source:expires_in:\",\"to\":\"target:AprroveTransactInitiate:expires_in:\",\"fromPort\":\"source:expires_in:\",\"toPort\":\"target:AprroveTransactInitiate:expires_in:\"},{\"category\":\"Mapping\",\"visible\":true,\"from\":\"source:interval:\",\"to\":\"target:AprroveTransactInitiate:interval:\",\"fromPort\":\"source:interval:\",\"toPort\":\"target:AprroveTransactInitiate:interval:\"},{\"from\":\"target\",\"to\":\"target:AprroveTransactInitiate\",\"fromPort\":\"target\",\"toPort\":\"target:AprroveTransactInitiate\",\"visible\":true,\"common\":false},{\"from\":\"target:AprroveTransactInitiate\",\"to\":\"target:AprroveTransactInitiate:t_p_fields\",\"fromPort\":\"target:AprroveTransactInitiate\",\"toPort\":\"target:AprroveTransactInitiate:t_p_fields\",\"visible\":true,\"common\":false},{\"from\":\"target:AprroveTransactInitiate:t_p_fields\",\"to\":\"target:AprroveTransactInitiate:acr_values:\",\"fromPort\":\"target:AprroveTransactInitiate:t_p_fields\",\"toPort\":\"target:AprroveTransactInitiate:acr_values:\",\"visible\":true,\"common\":false},{\"from\":\"target:AprroveTransactInitiate:t_p_fields\",\"to\":\"target:AprroveTransactInitiate:auth_req_id:\",\"fromPort\":\"target:AprroveTransactInitiate:t_p_fields\",\"toPort\":\"target:AprroveTransactInitiate:auth_req_id:\",\"visible\":true,\"common\":false},{\"from\":\"target:AprroveTransactInitiate:t_p_fields\",\"to\":\"target:AprroveTransactInitiate:client_notification_token:\",\"fromPort\":\"target:AprroveTransactInitiate:t_p_fields\",\"toPort\":\"target:AprroveTransactInitiate:client_notification_token:\",\"visible\":true,\"common\":false},{\"from\":\"target:AprroveTransactInitiate:t_p_fields\",\"to\":\"target:AprroveTransactInitiate:deviceId:\",\"fromPort\":\"target:AprroveTransactInitiate:t_p_fields\",\"toPort\":\"target:AprroveTransactInitiate:deviceId:\",\"visible\":true,\"common\":false},{\"from\":\"target:AprroveTransactInitiate:t_p_fields\",\"to\":\"target:AprroveTransactInitiate:error:\",\"fromPort\":\"target:AprroveTransactInitiate:t_p_fields\",\"toPort\":\"target:AprroveTransactInitiate:error:\",\"visible\":true,\"common\":false},{\"from\":\"target:AprroveTransactInitiate:t_p_fields\",\"to\":\"target:AprroveTransactInitiate:error_description:\",\"fromPort\":\"target:AprroveTransactInitiate:t_p_fields\",\"toPort\":\"target:AprroveTransactInitiate:error_description:\",\"visible\":true,\"common\":false},{\"from\":\"target:AprroveTransactInitiate:t_p_fields\",\"to\":\"target:AprroveTransactInitiate:expires_in:\",\"fromPort\":\"target:AprroveTransactInitiate:t_p_fields\",\"toPort\":\"target:AprroveTransactInitiate:expires_in:\",\"visible\":true,\"common\":false},{\"from\":\"target:AprroveTransactInitiate:t_p_fields\",\"to\":\"target:AprroveTransactInitiate:interval:\",\"fromPort\":\"target:AprroveTransactInitiate:t_p_fields\",\"toPort\":\"target:AprroveTransactInitiate:interval:\",\"visible\":true,\"common\":false},{\"from\":\"target:AprroveTransactInitiate:t_p_fields\",\"to\":\"target:AprroveTransactInitiate:login_hint_token:\",\"fromPort\":\"target:AprroveTransactInitiate:t_p_fields\",\"toPort\":\"target:AprroveTransactInitiate:login_hint_token:\",\"visible\":true,\"common\":false},{\"from\":\"target:AprroveTransactInitiate:t_p_fields\",\"to\":\"target:AprroveTransactInitiate:scope:\",\"fromPort\":\"target:AprroveTransactInitiate:t_p_fields\",\"toPort\":\"target:AprroveTransactInitiate:scope:\",\"visible\":true,\"common\":false},{\"from\":\"target:AprroveTransactInitiate:t_p_fields\",\"to\":\"target:AprroveTransactInitiate:tds:\",\"fromPort\":\"target:AprroveTransactInitiate:t_p_fields\",\"toPort\":\"target:AprroveTransactInitiate:tds:\",\"visible\":true,\"common\":false},{\"from\":\"target:AprroveTransactInitiate:t_p_fields\",\"to\":\"target:AprroveTransactInitiate:username:\",\"fromPort\":\"target:AprroveTransactInitiate:t_p_fields\",\"toPort\":\"target:AprroveTransactInitiate:username:\",\"visible\":true,\"common\":false},{\"from\":\"source\",\"to\":\"source:t_p_parameters\",\"fromPort\":\"source\",\"toPort\":\"source:t_p_parameters\",\"visible\":true,\"common\":false},{\"from\":\"source:t_p_parameters\",\"to\":\"source:auth_req_id:\",\"fromPort\":\"source:t_p_parameters\",\"toPort\":\"source:auth_req_id:\",\"visible\":true,\"common\":false},{\"from\":\"source:t_p_parameters\",\"to\":\"source:correlationId:\",\"fromPort\":\"source:t_p_parameters\",\"toPort\":\"source:correlationId:\",\"visible\":true,\"common\":false},{\"from\":\"source:t_p_parameters\",\"to\":\"source:error:\",\"fromPort\":\"source:t_p_parameters\",\"toPort\":\"source:error:\",\"visible\":true,\"common\":false},{\"from\":\"source:t_p_parameters\",\"to\":\"source:error_description:\",\"fromPort\":\"source:t_p_parameters\",\"toPort\":\"source:error_description:\",\"visible\":true,\"common\":false},{\"from\":\"source:t_p_parameters\",\"to\":\"source:expires_in:\",\"fromPort\":\"source:t_p_parameters\",\"toPort\":\"source:expires_in:\",\"visible\":true,\"common\":false},{\"from\":\"source:t_p_parameters\",\"to\":\"source:interval:\",\"fromPort\":\"source:t_p_parameters\",\"toPort\":\"source:interval:\",\"visible\":true,\"common\":false}],\"blockCount\":{\"variableCount\":0},\"variableMap\":{},\"xmlMappingOverride\":true}",
    "applyCommonMapping" : false,
    "applyRequestCommonMapping" : false,
    "applyResponseCommonMapping" : false,
    "backendMeta" : {
      "serviceName" : "TransactionSigningApproveInit",
      "serviceVersion" : "1.0",
      "operationName" : "initiate"
    },
    "relationshipHierarchyMapping" : {
      "children" : [ ],
      "name" : "AprroveTransactInitiate",
      "actions" : { },
      "selected" : true
    },
    "requestXmlMappingOverride" : false,
    "responseXmlMappingOverride" : true,
    "mapperData" : [ {
      "name" : "base mapper1",
      "order" : 1,
      "iMapping" : "<?xml version=\"1.0\" encoding=\"UTF-8\" standalone=\"yes\"?><mapper xmlns=\"http://www.kony.com/ns/mapper\">  <map inputpath=\"request_in\" outputpath=\"request_out\">    <set-param inputpath=\"acr_values\" outputpath=\"acr_values\"/>    <set-param inputpath=\"client_notification_token\" outputpath=\"client_notification_token\"/>    <set-param inputpath=\"correlationId\" outputpath=\"correlationId\"/>    <set-param inputpath=\"deviceId\" outputpath=\"deviceId\"/>    <set-param inputpath=\"login_hint_token\" outputpath=\"login_hint_token\"/>    <set-param inputpath=\"scope\" outputpath=\"scope\"/>    <set-param inputpath=\"tds\" outputpath=\"tds\"/>    <set-param inputpath=\"username\" outputpath=\"username\"/>  </map></mapper>",
      "oMapping" : "<?xml version=\"1.0\" encoding=\"UTF-8\" standalone=\"yes\"?><mapper xmlns=\"http://www.kony.com/ns/mapper\">    <map inputpath=\"response_in\" outputpath=\"response_out\">        <map inputpath=\"\" outputpath=\"AprroveTransactInitiate\">            <set-param inputpath=\"auth_req_id\" outputpath=\"auth_req_id\"/>            <set-param inputpath=\"error\" outputpath=\"error\"/>            <set-param inputpath=\"error_description\" outputpath=\"error_description\"/>            <set-param inputpath=\"expires_in\" outputpath=\"expires_in\"/>            <set-param inputpath=\"interval\" outputpath=\"interval\"/>        </map>    </map></mapper>",
      "iVisualMappingData" : "{\"nodeDataArray\":[{\"isGroup\":true,\"key\":\"request_in\",\"text\":\"AprroveTransactInitiate\",\"xy\":\"289 141\"},{\"isGroup\":true,\"key\":\"request_out\",\"text\":\"TransactionSigningApproveInit (1.0).initiate\",\"xy\":\"847 234\"}],\"linkDataArray\":[{\"category\":\"Mapping\",\"visible\":true,\"from\":\"source:AprroveTransactInitiate:acr_values:\",\"to\":\"target:acr_values:\",\"fromPort\":\"source:AprroveTransactInitiate:acr_values:\",\"toPort\":\"target:acr_values:\"},{\"category\":\"Mapping\",\"visible\":true,\"from\":\"source:AprroveTransactInitiate:client_notification_token:\",\"to\":\"target:client_notification_token:\",\"fromPort\":\"source:AprroveTransactInitiate:client_notification_token:\",\"toPort\":\"target:client_notification_token:\"},{\"category\":\"Mapping\",\"visible\":true,\"from\":\"source:AprroveTransactInitiate:deviceId:\",\"to\":\"target:deviceId:\",\"fromPort\":\"source:AprroveTransactInitiate:deviceId:\",\"toPort\":\"target:deviceId:\"},{\"category\":\"Mapping\",\"visible\":true,\"from\":\"source:AprroveTransactInitiate:login_hint_token:\",\"to\":\"target:login_hint_token:\",\"fromPort\":\"source:AprroveTransactInitiate:login_hint_token:\",\"toPort\":\"target:login_hint_token:\"},{\"category\":\"Mapping\",\"visible\":true,\"from\":\"source:AprroveTransactInitiate:scope:\",\"to\":\"target:scope:\",\"fromPort\":\"source:AprroveTransactInitiate:scope:\",\"toPort\":\"target:scope:\"},{\"category\":\"Mapping\",\"visible\":true,\"from\":\"source:AprroveTransactInitiate:tds:\",\"to\":\"target:tds:\",\"fromPort\":\"source:AprroveTransactInitiate:tds:\",\"toPort\":\"target:tds:\"},{\"category\":\"Mapping\",\"visible\":true,\"from\":\"source:AprroveTransactInitiate:username:\",\"to\":\"target:username:\",\"fromPort\":\"source:AprroveTransactInitiate:username:\",\"toPort\":\"target:username:\"},{\"from\":\"source\",\"to\":\"source:AprroveTransactInitiate\",\"fromPort\":\"source\",\"toPort\":\"source:AprroveTransactInitiate\",\"visible\":true,\"common\":false},{\"from\":\"source:AprroveTransactInitiate\",\"to\":\"source:AprroveTransactInitiate:t_p_fields\",\"fromPort\":\"source:AprroveTransactInitiate\",\"toPort\":\"source:AprroveTransactInitiate:t_p_fields\",\"visible\":true,\"common\":false},{\"from\":\"source:AprroveTransactInitiate:t_p_fields\",\"to\":\"source:AprroveTransactInitiate:acr_values:\",\"fromPort\":\"source:AprroveTransactInitiate:t_p_fields\",\"toPort\":\"source:AprroveTransactInitiate:acr_values:\",\"visible\":true,\"common\":false},{\"from\":\"source:AprroveTransactInitiate:t_p_fields\",\"to\":\"source:AprroveTransactInitiate:auth_req_id:\",\"fromPort\":\"source:AprroveTransactInitiate:t_p_fields\",\"toPort\":\"source:AprroveTransactInitiate:auth_req_id:\",\"visible\":true,\"common\":false},{\"from\":\"source:AprroveTransactInitiate:t_p_fields\",\"to\":\"source:AprroveTransactInitiate:client_notification_token:\",\"fromPort\":\"source:AprroveTransactInitiate:t_p_fields\",\"toPort\":\"source:AprroveTransactInitiate:client_notification_token:\",\"visible\":true,\"common\":false},{\"from\":\"source:AprroveTransactInitiate:t_p_fields\",\"to\":\"source:AprroveTransactInitiate:deviceId:\",\"fromPort\":\"source:AprroveTransactInitiate:t_p_fields\",\"toPort\":\"source:AprroveTransactInitiate:deviceId:\",\"visible\":true,\"common\":false},{\"from\":\"source:AprroveTransactInitiate:t_p_fields\",\"to\":\"source:AprroveTransactInitiate:error:\",\"fromPort\":\"source:AprroveTransactInitiate:t_p_fields\",\"toPort\":\"source:AprroveTransactInitiate:error:\",\"visible\":true,\"common\":false},{\"from\":\"source:AprroveTransactInitiate:t_p_fields\",\"to\":\"source:AprroveTransactInitiate:error_description:\",\"fromPort\":\"source:AprroveTransactInitiate:t_p_fields\",\"toPort\":\"source:AprroveTransactInitiate:error_description:\",\"visible\":true,\"common\":false},{\"from\":\"source:AprroveTransactInitiate:t_p_fields\",\"to\":\"source:AprroveTransactInitiate:expires_in:\",\"fromPort\":\"source:AprroveTransactInitiate:t_p_fields\",\"toPort\":\"source:AprroveTransactInitiate:expires_in:\",\"visible\":true,\"common\":false},{\"from\":\"source:AprroveTransactInitiate:t_p_fields\",\"to\":\"source:AprroveTransactInitiate:interval:\",\"fromPort\":\"source:AprroveTransactInitiate:t_p_fields\",\"toPort\":\"source:AprroveTransactInitiate:interval:\",\"visible\":true,\"common\":false},{\"from\":\"source:AprroveTransactInitiate:t_p_fields\",\"to\":\"source:AprroveTransactInitiate:login_hint_token:\",\"fromPort\":\"source:AprroveTransactInitiate:t_p_fields\",\"toPort\":\"source:AprroveTransactInitiate:login_hint_token:\",\"visible\":true,\"common\":false},{\"from\":\"source:AprroveTransactInitiate:t_p_fields\",\"to\":\"source:AprroveTransactInitiate:scope:\",\"fromPort\":\"source:AprroveTransactInitiate:t_p_fields\",\"toPort\":\"source:AprroveTransactInitiate:scope:\",\"visible\":true,\"common\":false},{\"from\":\"source:AprroveTransactInitiate:t_p_fields\",\"to\":\"source:AprroveTransactInitiate:tds:\",\"fromPort\":\"source:AprroveTransactInitiate:t_p_fields\",\"toPort\":\"source:AprroveTransactInitiate:tds:\",\"visible\":true,\"common\":false},{\"from\":\"source:AprroveTransactInitiate:t_p_fields\",\"to\":\"source:AprroveTransactInitiate:username:\",\"fromPort\":\"source:AprroveTransactInitiate:t_p_fields\",\"toPort\":\"source:AprroveTransactInitiate:username:\",\"visible\":true,\"common\":false},{\"from\":\"source:AprroveTransactInitiate:t_p_fields\",\"to\":\"source:AprroveTransactInitiate:correlationId:\",\"fromPort\":\"source:AprroveTransactInitiate:t_p_fields\",\"toPort\":\"source:AprroveTransactInitiate:correlationId:\",\"visible\":true,\"common\":false},{\"from\":\"target\",\"to\":\"target:t_p_parameters\",\"fromPort\":\"target\",\"toPort\":\"target:t_p_parameters\",\"visible\":true,\"common\":false},{\"from\":\"target:t_p_parameters\",\"to\":\"target:acr_values:\",\"fromPort\":\"target:t_p_parameters\",\"toPort\":\"target:acr_values:\",\"visible\":true,\"common\":false},{\"from\":\"target:t_p_parameters\",\"to\":\"target:client_notification_token:\",\"fromPort\":\"target:t_p_parameters\",\"toPort\":\"target:client_notification_token:\",\"visible\":true,\"common\":false},{\"from\":\"target:t_p_parameters\",\"to\":\"target:correlationId:\",\"fromPort\":\"target:t_p_parameters\",\"toPort\":\"target:correlationId:\",\"visible\":true,\"common\":false},{\"from\":\"target:t_p_parameters\",\"to\":\"target:deviceId:\",\"fromPort\":\"target:t_p_parameters\",\"toPort\":\"target:deviceId:\",\"visible\":true,\"common\":false},{\"from\":\"target:t_p_parameters\",\"to\":\"target:login_hint_token:\",\"fromPort\":\"target:t_p_parameters\",\"toPort\":\"target:login_hint_token:\",\"visible\":true,\"common\":false},{\"from\":\"target:t_p_parameters\",\"to\":\"target:scope:\",\"fromPort\":\"target:t_p_parameters\",\"toPort\":\"target:scope:\",\"visible\":true,\"common\":false},{\"from\":\"target:t_p_parameters\",\"to\":\"target:tds:\",\"fromPort\":\"target:t_p_parameters\",\"toPort\":\"target:tds:\",\"visible\":true,\"common\":false},{\"from\":\"target:t_p_parameters\",\"to\":\"target:username:\",\"fromPort\":\"target:t_p_parameters\",\"toPort\":\"target:username:\",\"visible\":true,\"common\":false},{\"category\":\"Mapping\",\"visible\":true,\"from\":\"source:AprroveTransactInitiate:correlationId:\",\"to\":\"target:correlationId:\",\"fromPort\":\"source:AprroveTransactInitiate:correlationId:\",\"toPort\":\"target:correlationId:\"}],\"blockCount\":{\"variableCount\":0},\"variableMap\":{},\"xmlMappingOverride\":false}",
      "oVisualMappingData" : "{\"nodeDataArray\":[{\"isGroup\":true,\"key\":\"response_out\",\"text\":\"AprroveTransactInitiate\",\"xy\":\"770 100\"},{\"isGroup\":true,\"key\":\"response_in\",\"text\":\"TransactionSigningApproveInit (1.0).initiate\",\"xy\":\"270 180\"}],\"linkDataArray\":[{\"category\":\"Mapping\",\"visible\":true,\"from\":\"source:auth_req_id:\",\"to\":\"target:AprroveTransactInitiate:auth_req_id:\",\"fromPort\":\"source:auth_req_id:\",\"toPort\":\"target:AprroveTransactInitiate:auth_req_id:\"},{\"category\":\"Mapping\",\"visible\":true,\"from\":\"source:error:\",\"to\":\"target:AprroveTransactInitiate:error:\",\"fromPort\":\"source:error:\",\"toPort\":\"target:AprroveTransactInitiate:error:\"},{\"category\":\"Mapping\",\"visible\":true,\"from\":\"source:error_description:\",\"to\":\"target:AprroveTransactInitiate:error_description:\",\"fromPort\":\"source:error_description:\",\"toPort\":\"target:AprroveTransactInitiate:error_description:\"},{\"category\":\"Mapping\",\"visible\":true,\"from\":\"source:expires_in:\",\"to\":\"target:AprroveTransactInitiate:expires_in:\",\"fromPort\":\"source:expires_in:\",\"toPort\":\"target:AprroveTransactInitiate:expires_in:\"},{\"category\":\"Mapping\",\"visible\":true,\"from\":\"source:interval:\",\"to\":\"target:AprroveTransactInitiate:interval:\",\"fromPort\":\"source:interval:\",\"toPort\":\"target:AprroveTransactInitiate:interval:\"},{\"from\":\"target\",\"to\":\"target:AprroveTransactInitiate\",\"fromPort\":\"target\",\"toPort\":\"target:AprroveTransactInitiate\",\"visible\":true,\"common\":false},{\"from\":\"target:AprroveTransactInitiate\",\"to\":\"target:AprroveTransactInitiate:t_p_fields\",\"fromPort\":\"target:AprroveTransactInitiate\",\"toPort\":\"target:AprroveTransactInitiate:t_p_fields\",\"visible\":true,\"common\":false},{\"from\":\"target:AprroveTransactInitiate:t_p_fields\",\"to\":\"target:AprroveTransactInitiate:acr_values:\",\"fromPort\":\"target:AprroveTransactInitiate:t_p_fields\",\"toPort\":\"target:AprroveTransactInitiate:acr_values:\",\"visible\":true,\"common\":false},{\"from\":\"target:AprroveTransactInitiate:t_p_fields\",\"to\":\"target:AprroveTransactInitiate:auth_req_id:\",\"fromPort\":\"target:AprroveTransactInitiate:t_p_fields\",\"toPort\":\"target:AprroveTransactInitiate:auth_req_id:\",\"visible\":true,\"common\":false},{\"from\":\"target:AprroveTransactInitiate:t_p_fields\",\"to\":\"target:AprroveTransactInitiate:client_notification_token:\",\"fromPort\":\"target:AprroveTransactInitiate:t_p_fields\",\"toPort\":\"target:AprroveTransactInitiate:client_notification_token:\",\"visible\":true,\"common\":false},{\"from\":\"target:AprroveTransactInitiate:t_p_fields\",\"to\":\"target:AprroveTransactInitiate:deviceId:\",\"fromPort\":\"target:AprroveTransactInitiate:t_p_fields\",\"toPort\":\"target:AprroveTransactInitiate:deviceId:\",\"visible\":true,\"common\":false},{\"from\":\"target:AprroveTransactInitiate:t_p_fields\",\"to\":\"target:AprroveTransactInitiate:error:\",\"fromPort\":\"target:AprroveTransactInitiate:t_p_fields\",\"toPort\":\"target:AprroveTransactInitiate:error:\",\"visible\":true,\"common\":false},{\"from\":\"target:AprroveTransactInitiate:t_p_fields\",\"to\":\"target:AprroveTransactInitiate:error_description:\",\"fromPort\":\"target:AprroveTransactInitiate:t_p_fields\",\"toPort\":\"target:AprroveTransactInitiate:error_description:\",\"visible\":true,\"common\":false},{\"from\":\"target:AprroveTransactInitiate:t_p_fields\",\"to\":\"target:AprroveTransactInitiate:expires_in:\",\"fromPort\":\"target:AprroveTransactInitiate:t_p_fields\",\"toPort\":\"target:AprroveTransactInitiate:expires_in:\",\"visible\":true,\"common\":false},{\"from\":\"target:AprroveTransactInitiate:t_p_fields\",\"to\":\"target:AprroveTransactInitiate:interval:\",\"fromPort\":\"target:AprroveTransactInitiate:t_p_fields\",\"toPort\":\"target:AprroveTransactInitiate:interval:\",\"visible\":true,\"common\":false},{\"from\":\"target:AprroveTransactInitiate:t_p_fields\",\"to\":\"target:AprroveTransactInitiate:login_hint_token:\",\"fromPort\":\"target:AprroveTransactInitiate:t_p_fields\",\"toPort\":\"target:AprroveTransactInitiate:login_hint_token:\",\"visible\":true,\"common\":false},{\"from\":\"target:AprroveTransactInitiate:t_p_fields\",\"to\":\"target:AprroveTransactInitiate:scope:\",\"fromPort\":\"target:AprroveTransactInitiate:t_p_fields\",\"toPort\":\"target:AprroveTransactInitiate:scope:\",\"visible\":true,\"common\":false},{\"from\":\"target:AprroveTransactInitiate:t_p_fields\",\"to\":\"target:AprroveTransactInitiate:tds:\",\"fromPort\":\"target:AprroveTransactInitiate:t_p_fields\",\"toPort\":\"target:AprroveTransactInitiate:tds:\",\"visible\":true,\"common\":false},{\"from\":\"target:AprroveTransactInitiate:t_p_fields\",\"to\":\"target:AprroveTransactInitiate:username:\",\"fromPort\":\"target:AprroveTransactInitiate:t_p_fields\",\"toPort\":\"target:AprroveTransactInitiate:username:\",\"visible\":true,\"common\":false},{\"from\":\"source\",\"to\":\"source:t_p_parameters\",\"fromPort\":\"source\",\"toPort\":\"source:t_p_parameters\",\"visible\":true,\"common\":false},{\"from\":\"source:t_p_parameters\",\"to\":\"source:auth_req_id:\",\"fromPort\":\"source:t_p_parameters\",\"toPort\":\"source:auth_req_id:\",\"visible\":true,\"common\":false},{\"from\":\"source:t_p_parameters\",\"to\":\"source:correlationId:\",\"fromPort\":\"source:t_p_parameters\",\"toPort\":\"source:correlationId:\",\"visible\":true,\"common\":false},{\"from\":\"source:t_p_parameters\",\"to\":\"source:error:\",\"fromPort\":\"source:t_p_parameters\",\"toPort\":\"source:error:\",\"visible\":true,\"common\":false},{\"from\":\"source:t_p_parameters\",\"to\":\"source:error_description:\",\"fromPort\":\"source:t_p_parameters\",\"toPort\":\"source:error_description:\",\"visible\":true,\"common\":false},{\"from\":\"source:t_p_parameters\",\"to\":\"source:expires_in:\",\"fromPort\":\"source:t_p_parameters\",\"toPort\":\"source:expires_in:\",\"visible\":true,\"common\":false},{\"from\":\"source:t_p_parameters\",\"to\":\"source:interval:\",\"fromPort\":\"source:t_p_parameters\",\"toPort\":\"source:interval:\",\"visible\":true,\"common\":false}],\"blockCount\":{\"variableCount\":0},\"variableMap\":{},\"xmlMappingOverride\":true}",
      "requestXmlMappingOverride" : false,
      "responseXmlMappingOverride" : true,
      "disabled" : false,
      "applyCommonMapping" : false,
      "applyRequestCommonMapping" : false,
      "applyResponseCommonMapping" : false
    } ]
  },
  "enableFrontendUrl" : false,
  "customVerb" : false
}