{
  "operationConfig" : {
    "name" : "addHardwareAuthenticator6512",
    "type" : "MappedToBackend",
    "cachable" : false,
    "smsEnabled" : false,
    "security" : "authorized_app",
    "responseEncoding" : "UTF-8",
    "httpMethod" : "GET",
    "decodeResponseBody" : false,
    "iMapping" : "<?xml version=\"1.0\" encoding=\"UTF-8\" standalone=\"yes\"?>\n<mapper xmlns=\"http://www.kony.com/ns/mapper\">\n    <map inputpath=\"request_in\" outputpath=\"request_out\">\n        <set-param inputpath=\"AuthenticatorType\" outputpath=\"AuthenticatorType\"/>\n        <set-param inputpath=\"correlationId\" outputpath=\"correlationId\"/>\n        <set-param inputpath=\"UserId\" outputpath=\"UserId\"/>\n    </map>\n</mapper>\n",
    "oMapping" : "<?xml version=\"1.0\" encoding=\"UTF-8\" standalone=\"yes\"?>\n<mapper xmlns=\"http://www.kony.com/ns/mapper\">\n    <map inputpath=\"response_in\" outputpath=\"response_out\">\n        <map inputpath=\"\" outputpath=\"AddHardwareAuthenticator\">\n            <set-param inputpath=\"active\" outputpath=\"active\"/>\n        </map>\n    </map>\n</mapper>\n",
    "iVisualMappingData" : "{\"nodeDataArray\":[{\"isGroup\":true,\"key\":\"request_in\",\"text\":\"AddHardwareAuthenticator\",\"xy\":\"150 100\"},{\"isGroup\":true,\"key\":\"request_out\",\"text\":\"ScimAPIsOrg (1.0).addHardwareAuthenticator\",\"xy\":\"770 100\"}],\"linkDataArray\":[{\"category\":\"Mapping\",\"visible\":true,\"from\":\"source:AddHardwareAuthenticator:UserId:\",\"to\":\"target:UserId:\",\"fromPort\":\"source:AddHardwareAuthenticator:UserId:\",\"toPort\":\"target:UserId:\"},{\"category\":\"Mapping\",\"visible\":true,\"from\":\"source:AddHardwareAuthenticator:AuthenticatorType:\",\"to\":\"target:AuthenticatorType:\",\"fromPort\":\"source:AddHardwareAuthenticator:AuthenticatorType:\",\"toPort\":\"target:AuthenticatorType:\"},{\"category\":\"Mapping\",\"visible\":true,\"from\":\"source:AddHardwareAuthenticator:correlationId:\",\"to\":\"target:correlationId:\",\"fromPort\":\"source:AddHardwareAuthenticator:correlationId:\",\"toPort\":\"target:correlationId:\"}],\"blockCount\":{\"variableCount\":0},\"variableMap\":{},\"xmlMappingOverride\":false}",
    "oVisualMappingData" : "{\"nodeDataArray\":[{\"isGroup\":true,\"key\":\"response_out\",\"text\":\"AddHardwareAuthenticator\",\"xy\":\"770 100\"},{\"isGroup\":true,\"key\":\"response_in\",\"text\":\"ScimAPIsOrg (1.0).addHardwareAuthenticator\",\"xy\":\"150 100\"}],\"linkDataArray\":[{\"category\":\"Mapping\",\"visible\":true,\"from\":\"source:active:\",\"to\":\"target:AddHardwareAuthenticator:active:\",\"fromPort\":\"source:active:\",\"toPort\":\"target:AddHardwareAuthenticator:active:\"}],\"blockCount\":{\"variableCount\":0},\"variableMap\":{},\"xmlMappingOverride\":false}",
    "applyCommonMapping" : false,
    "applyRequestCommonMapping" : false,
    "applyResponseCommonMapping" : false,
    "backendMeta" : {
      "serviceName" : "ScimAPIsOrg",
      "serviceVersion" : "1.0",
      "operationName" : "addHardwareAuthenticator"
    },
    "relationshipHierarchyMapping" : {
      "children" : [ ],
      "name" : "AddHardwareAuthenticator",
      "actions" : { },
      "selected" : true
    },
    "requestXmlMappingOverride" : false,
    "responseXmlMappingOverride" : false,
    "mapperData" : [ {
      "name" : "base mapper1",
      "order" : 1,
      "iMapping" : "<?xml version=\"1.0\" encoding=\"UTF-8\" standalone=\"yes\"?><mapper xmlns=\"http://www.kony.com/ns/mapper\">  <map inputpath=\"request_in\" outputpath=\"request_out\">    <set-param inputpath=\"AuthenticatorType\" outputpath=\"AuthenticatorType\"/>    <set-param inputpath=\"correlationId\" outputpath=\"correlationId\"/>    <set-param inputpath=\"UserId\" outputpath=\"UserId\"/>  </map></mapper>",
      "oMapping" : "<?xml version=\"1.0\" encoding=\"UTF-8\" standalone=\"yes\"?>\n<mapper xmlns=\"http://www.kony.com/ns/mapper\">\n    <map inputpath=\"response_in\" outputpath=\"response_out\">\n        <map inputpath=\"\" outputpath=\"AddHardwareAuthenticator\">\n            <set-param inputpath=\"active\" outputpath=\"active\"/>\n        </map>\n    </map>\n</mapper>\n",
      "iVisualMappingData" : "{\"nodeDataArray\":[{\"isGroup\":true,\"key\":\"request_in\",\"text\":\"AddHardwareAuthenticator\",\"xy\":\"150 100\"},{\"isGroup\":true,\"key\":\"request_out\",\"text\":\"ScimAPIsOrg (1.0).addHardwareAuthenticator\",\"xy\":\"770 100\"}],\"linkDataArray\":[{\"category\":\"Mapping\",\"visible\":true,\"from\":\"source:AddHardwareAuthenticator:UserId:\",\"to\":\"target:UserId:\",\"fromPort\":\"source:AddHardwareAuthenticator:UserId:\",\"toPort\":\"target:UserId:\"},{\"category\":\"Mapping\",\"visible\":true,\"from\":\"source:AddHardwareAuthenticator:AuthenticatorType:\",\"to\":\"target:AuthenticatorType:\",\"fromPort\":\"source:AddHardwareAuthenticator:AuthenticatorType:\",\"toPort\":\"target:AuthenticatorType:\"},{\"from\":\"source\",\"to\":\"source:AddHardwareAuthenticator\",\"fromPort\":\"source\",\"toPort\":\"source:AddHardwareAuthenticator\",\"visible\":true,\"common\":false},{\"from\":\"source:AddHardwareAuthenticator\",\"to\":\"source:AddHardwareAuthenticator:t_p_fields\",\"fromPort\":\"source:AddHardwareAuthenticator\",\"toPort\":\"source:AddHardwareAuthenticator:t_p_fields\",\"visible\":true,\"common\":false},{\"from\":\"source:AddHardwareAuthenticator:t_p_fields\",\"to\":\"source:AddHardwareAuthenticator:active:\",\"fromPort\":\"source:AddHardwareAuthenticator:t_p_fields\",\"toPort\":\"source:AddHardwareAuthenticator:active:\",\"visible\":true,\"common\":false},{\"from\":\"source:AddHardwareAuthenticator:t_p_fields\",\"to\":\"source:AddHardwareAuthenticator:AuthenticatorType:\",\"fromPort\":\"source:AddHardwareAuthenticator:t_p_fields\",\"toPort\":\"source:AddHardwareAuthenticator:AuthenticatorType:\",\"visible\":true,\"common\":false},{\"from\":\"source:AddHardwareAuthenticator:t_p_fields\",\"to\":\"source:AddHardwareAuthenticator:UserId:\",\"fromPort\":\"source:AddHardwareAuthenticator:t_p_fields\",\"toPort\":\"source:AddHardwareAuthenticator:UserId:\",\"visible\":true,\"common\":false},{\"from\":\"source:AddHardwareAuthenticator:t_p_fields\",\"to\":\"source:AddHardwareAuthenticator:correlationId:\",\"fromPort\":\"source:AddHardwareAuthenticator:t_p_fields\",\"toPort\":\"source:AddHardwareAuthenticator:correlationId:\",\"visible\":true,\"common\":false},{\"from\":\"target\",\"to\":\"target:t_p_parameters\",\"fromPort\":\"target\",\"toPort\":\"target:t_p_parameters\",\"visible\":true,\"common\":false},{\"from\":\"target:t_p_parameters\",\"to\":\"target:AuthenticatorType:\",\"fromPort\":\"target:t_p_parameters\",\"toPort\":\"target:AuthenticatorType:\",\"visible\":true,\"common\":false},{\"from\":\"target:t_p_parameters\",\"to\":\"target:correlationId:\",\"fromPort\":\"target:t_p_parameters\",\"toPort\":\"target:correlationId:\",\"visible\":true,\"common\":false},{\"from\":\"target:t_p_parameters\",\"to\":\"target:UserId:\",\"fromPort\":\"target:t_p_parameters\",\"toPort\":\"target:UserId:\",\"visible\":true,\"common\":false},{\"category\":\"Mapping\",\"visible\":true,\"from\":\"source:AddHardwareAuthenticator:correlationId:\",\"to\":\"target:correlationId:\",\"fromPort\":\"source:AddHardwareAuthenticator:correlationId:\",\"toPort\":\"target:correlationId:\"}],\"blockCount\":{\"variableCount\":0},\"variableMap\":{},\"xmlMappingOverride\":false}",
      "oVisualMappingData" : "{\"nodeDataArray\":[{\"isGroup\":true,\"key\":\"response_out\",\"text\":\"AddHardwareAuthenticator\",\"xy\":\"770 100\"},{\"isGroup\":true,\"key\":\"response_in\",\"text\":\"ScimAPIsOrg (1.0).addHardwareAuthenticator\",\"xy\":\"150 100\"}],\"linkDataArray\":[{\"category\":\"Mapping\",\"visible\":true,\"from\":\"source:active:\",\"to\":\"target:AddHardwareAuthenticator:active:\",\"fromPort\":\"source:active:\",\"toPort\":\"target:AddHardwareAuthenticator:active:\"}],\"blockCount\":{\"variableCount\":0},\"variableMap\":{},\"xmlMappingOverride\":false}",
      "requestXmlMappingOverride" : false,
      "responseXmlMappingOverride" : false,
      "disabled" : false,
      "applyCommonMapping" : false,
      "applyRequestCommonMapping" : false,
      "applyResponseCommonMapping" : false
    } ]
  },
  "enableFrontendUrl" : false,
  "customVerb" : false
}