[ {
  "name" : "active",
  "sourceFieldname" : "active",
  "description" : "active",
  "dataType" : "string",
  "hasIndex" : false,
  "unique" : false,
  "primarykey" : false,
  "namefield" : false,
  "nullable" : true,
  "custom" : false,
  "createable" : true,
  "updateable" : true,
  "audit" : false,
  "customizable" : false,
  "fieldOrder" : 0,
  "fieldProperties" : {
    "autoGenerated" : "false"
  },
  "etag" : "a7b4bda3-e867-42df-a2f9-a21f7d13155d",
  "isExtended" : false
}, {
  "name" : "filter",
  "sourceFieldname" : "filter",
  "description" : "filter",
  "dataType" : "string",
  "hasIndex" : false,
  "unique" : false,
  "primarykey" : false,
  "namefield" : false,
  "nullable" : true,
  "custom" : false,
  "createable" : true,
  "updateable" : true,
  "audit" : false,
  "customizable" : false,
  "fieldOrder" : 0,
  "fieldProperties" : {
    "autoGenerated" : "false"
  },
  "etag" : "03ace4be-7a22-4f87-8cf7-4d1c4a82a113",
  "isExtended" : false
}, {
  "name" : "totalResults",
  "sourceFieldname" : "totalResults",
  "description" : "totalResults",
  "dataType" : "string",
  "hasIndex" : false,
  "unique" : false,
  "primarykey" : false,
  "namefield" : false,
  "nullable" : true,
  "custom" : false,
  "createable" : true,
  "updateable" : true,
  "audit" : false,
  "customizable" : false,
  "fieldOrder" : 0,
  "fieldProperties" : {
    "autoGenerated" : "false"
  },
  "etag" : "177b7e57-980d-4509-9a66-44aceb3434ea",
  "isExtended" : false
}, {
  "name" : "userId",
  "sourceFieldname" : "userId",
  "description" : "userId",
  "dataType" : "string",
  "hasIndex" : false,
  "unique" : false,
  "primarykey" : false,
  "namefield" : false,
  "nullable" : true,
  "custom" : false,
  "createable" : true,
  "updateable" : true,
  "audit" : false,
  "customizable" : false,
  "fieldOrder" : 0,
  "fieldProperties" : {
    "autoGenerated" : "false"
  },
  "etag" : "e1d5ce50-0fa5-4bc0-90de-daf781c6e33d",
  "isExtended" : false
} ]