{
  "operationConfig" : {
    "name" : "sendLinkWithEmail3187",
    "type" : "MappedToBackend",
    "cachable" : false,
    "smsEnabled" : false,
    "security" : "authorized_app",
    "responseEncoding" : "UTF-8",
    "httpMethod" : "GET",
    "decodeResponseBody" : false,
    "iMapping" : "<?xml version=\"1.0\" encoding=\"UTF-8\" standalone=\"yes\"?>\n<mapper xmlns=\"http://www.kony.com/ns/mapper\">\n    <map inputpath=\"request_in\" outputpath=\"request_out\">\n        <set-param inputpath=\"AccountCode\" outputpath=\"AccountCode\"/>\n        <set-param inputpath=\"email\" outputpath=\"email\"/>\n        <set-param inputpath=\"uid\" outputpath=\"uid\"/>\n    </map>\n</mapper>\n",
    "oMapping" : "<?xml version=\"1.0\" encoding=\"UTF-8\" standalone=\"yes\"?>\n<mapper xmlns=\"http://www.kony.com/ns/mapper\">\n    <map inputpath=\"response_in\" outputpath=\"response_out\">\n        <map inputpath=\"\" outputpath=\"SendLinkWithEmail\">\n            <set-param inputpath=\"requestID\" outputpath=\"requestID\"/>\n        </map>\n    </map>\n</mapper>\n",
    "iVisualMappingData" : "{\"nodeDataArray\":[{\"isGroup\":true,\"key\":\"request_in\",\"text\":\"SendLinkWithEmail\",\"xy\":\"150 100\"},{\"isGroup\":true,\"key\":\"request_out\",\"text\":\"HID_IDV_Service (1.0).sendLinkWithEmail\",\"xy\":\"770 100\"}],\"linkDataArray\":[{\"category\":\"Mapping\",\"from\":\"source:SendLinkWithEmail:email:\",\"to\":\"target:email:\",\"fromPort\":\"source:SendLinkWithEmail:email:\",\"toPort\":\"target:email:\",\"visible\":true,\"common\":true},{\"category\":\"Mapping\",\"from\":\"source:SendLinkWithEmail:AccountCode:\",\"to\":\"target:AccountCode:\",\"fromPort\":\"source:SendLinkWithEmail:AccountCode:\",\"toPort\":\"target:AccountCode:\",\"visible\":true,\"common\":true},{\"category\":\"Mapping\",\"visible\":true,\"from\":\"source:SendLinkWithEmail:uid:\",\"to\":\"target:uid:\",\"fromPort\":\"source:SendLinkWithEmail:uid:\",\"toPort\":\"target:uid:\"}],\"blockCount\":{\"variableCount\":0},\"variableMap\":{},\"xmlMappingOverride\":false}",
    "oVisualMappingData" : "{\"nodeDataArray\":[{\"isGroup\":true,\"key\":\"response_out\",\"text\":\"SendLinkWithEmail\",\"xy\":\"770 100\"},{\"isGroup\":true,\"key\":\"response_in\",\"text\":\"HID_IDV_Service (1.0).sendLinkWithEmail\",\"xy\":\"150 100\"}],\"linkDataArray\":[{\"category\":\"Mapping\",\"from\":\"source:requestID:\",\"to\":\"target:SendLinkWithEmail:requestID:\",\"fromPort\":\"source:requestID:\",\"toPort\":\"target:SendLinkWithEmail:requestID:\",\"visible\":true,\"common\":true}]}",
    "applyCommonMapping" : false,
    "applyRequestCommonMapping" : false,
    "applyResponseCommonMapping" : false,
    "backendMeta" : {
      "serviceName" : "HID_IDV_Service",
      "serviceVersion" : "1.0",
      "operationName" : "sendLinkWithEmail"
    },
    "relationshipHierarchyMapping" : {
      "name" : "SendLinkWithEmail",
      "children" : [ ],
      "actions" : { },
      "selected" : true
    },
    "requestXmlMappingOverride" : false,
    "responseXmlMappingOverride" : false,
    "mapperData" : [ {
      "name" : "base mapper1",
      "order" : 1,
      "iMapping" : "<?xml version=\"1.0\" encoding=\"UTF-8\" standalone=\"yes\"?>\n<mapper xmlns=\"http://www.kony.com/ns/mapper\">\n    <map inputpath=\"request_in\" outputpath=\"request_out\">\n        <set-param inputpath=\"AccountCode\" outputpath=\"AccountCode\"/>\n        <set-param inputpath=\"email\" outputpath=\"email\"/>\n        <set-param inputpath=\"uid\" outputpath=\"uid\"/>\n    </map>\n</mapper>\n",
      "oMapping" : "<?xml version=\"1.0\" encoding=\"UTF-8\" standalone=\"yes\"?>\n<mapper xmlns=\"http://www.kony.com/ns/mapper\">\n    <map inputpath=\"response_in\" outputpath=\"response_out\">\n        <map inputpath=\"\" outputpath=\"SendLinkWithEmail\">\n            <set-param inputpath=\"requestID\" outputpath=\"requestID\"/>\n        </map>\n    </map>\n</mapper>\n",
      "iVisualMappingData" : "{\"nodeDataArray\":[{\"isGroup\":true,\"key\":\"request_in\",\"text\":\"SendLinkWithEmail\",\"xy\":\"150 100\"},{\"isGroup\":true,\"key\":\"request_out\",\"text\":\"HID_IDV_Service (1.0).sendLinkWithEmail\",\"xy\":\"770 100\"}],\"linkDataArray\":[{\"category\":\"Mapping\",\"from\":\"source:SendLinkWithEmail:email:\",\"to\":\"target:email:\",\"fromPort\":\"source:SendLinkWithEmail:email:\",\"toPort\":\"target:email:\",\"visible\":true,\"common\":true},{\"category\":\"Mapping\",\"from\":\"source:SendLinkWithEmail:AccountCode:\",\"to\":\"target:AccountCode:\",\"fromPort\":\"source:SendLinkWithEmail:AccountCode:\",\"toPort\":\"target:AccountCode:\",\"visible\":true,\"common\":true},{\"category\":\"Mapping\",\"visible\":true,\"from\":\"source:SendLinkWithEmail:uid:\",\"to\":\"target:uid:\",\"fromPort\":\"source:SendLinkWithEmail:uid:\",\"toPort\":\"target:uid:\"}],\"blockCount\":{\"variableCount\":0},\"variableMap\":{},\"xmlMappingOverride\":false}",
      "oVisualMappingData" : "{\"nodeDataArray\":[{\"isGroup\":true,\"key\":\"response_out\",\"text\":\"SendLinkWithEmail\",\"xy\":\"770 100\"},{\"isGroup\":true,\"key\":\"response_in\",\"text\":\"HID_IDV_Service (1.0).sendLinkWithEmail\",\"xy\":\"150 100\"}],\"linkDataArray\":[{\"category\":\"Mapping\",\"from\":\"source:requestID:\",\"to\":\"target:SendLinkWithEmail:requestID:\",\"fromPort\":\"source:requestID:\",\"toPort\":\"target:SendLinkWithEmail:requestID:\",\"visible\":true,\"common\":true}]}",
      "requestXmlMappingOverride" : false,
      "responseXmlMappingOverride" : false,
      "disabled" : false,
      "applyCommonMapping" : false,
      "applyRequestCommonMapping" : false,
      "applyResponseCommonMapping" : false
    } ]
  },
  "enableFrontendUrl" : false,
  "customVerb" : false
}