{
  "operationConfig" : {
    "name" : "getDevices4298",
    "type" : "MappedToBackend",
    "cachable" : false,
    "smsEnabled" : false,
    "security" : "authorized_app_user",
    "responseEncoding" : "UTF-8",
    "httpMethod" : "GET",
    "decodeResponseBody" : false,
    "iMapping" : "<?xml version=\"1.0\" encoding=\"UTF-8\" standalone=\"yes\"?><mapper xmlns=\"http://www.kony.com/ns/mapper\">  <map inputpath=\"request_in\" outputpath=\"request_out\">    <exec-function name=\"kony.string:concat\" output=\"$vars\" outputpath=\"result1\">      <set-arg name=\"input1\" input=\"userName eq \"/>      <set-arg inputpath=\"username\"/>    </exec-function>    <set-param inputpath=\"$vars/result1\" outputpath=\"filter\"/>    <set-param inputpath=\"userId\" outputpath=\"id\"/>  </map></mapper>",
    "oMapping" : "<?xml version=\"1.0\" encoding=\"UTF-8\" standalone=\"yes\"?>\n<mapper xmlns=\"http://www.kony.com/ns/mapper\">\n    <map inputpath=\"response_in\" outputpath=\"response_out\">\n        <map inputpath=\"devices\" outputpath=\"Devices\">\n            <set-param inputpath=\"deviceId\" outputpath=\"deviceId\"/>\n            <set-param inputpath=\"friendlyName\" outputpath=\"friendlyName\"/>\n            <set-param inputpath=\"type\" outputpath=\"type\"/>\n            <set-param inputpath=\"status\" outputpath=\"status\"/>\n            <set-param inputpath=\"active\" outputpath=\"active\"/>\n            <set-param inputpath=\"owner\" outputpath=\"owner\"/>\n        </map>\n    </map>\n</mapper>\n",
    "iVisualMappingData" : "{\"nodeDataArray\":[{\"isGroup\":true,\"key\":\"request_in\",\"text\":\"Devices\",\"xy\":\"150 100\"},{\"isGroup\":true,\"key\":\"request_out\",\"text\":\"SearchDevices (1.0).searchDevices\",\"xy\":\"770 100\"},{\"key\":\"block:kony.util:constant:1\",\"name\":\"kony.basic:constant\",\"text\":\"Constant\",\"category\":\"functionTemplateConstant\",\"outPortId\":\"userName eq \",\"outPortText\":\"value\",\"loc\":\"451 134\",\"visible\":true},{\"key\":\"block:kony.string:concat:1\",\"name\":\"kony.string:stringConcatenate\",\"text\":\"String Concatenate\",\"category\":\"functionTemplateNTo1\",\"outPortId\":\"result1\",\"outPortText\":\"result\",\"valueArray\":[{\"inPortId\":\"input1\",\"inPortText\":\"value\",\"__gohashid\":4934},{\"inPortId\":\"input2\",\"inPortText\":\"value\",\"__gohashid\":5034}],\"loc\":\"610 125\",\"visible\":true}],\"linkDataArray\":[{\"category\":\"Mapping\",\"visible\":true,\"from\":\"block:kony.util:constant:1\",\"to\":\"block:kony.string:concat:1\",\"fromPort\":\"userName eq \",\"toPort\":\"input1\"},{\"category\":\"Mapping\",\"visible\":true,\"from\":\"source:Devices:username:\",\"to\":\"block:kony.string:concat:1\",\"fromPort\":\"source:Devices:username:\",\"toPort\":\"input2\"},{\"category\":\"Mapping\",\"visible\":true,\"from\":\"block:kony.string:concat:1\",\"to\":\"target:filter:\",\"fromPort\":\"result1\",\"toPort\":\"target:filter:\",\"common\":false},{\"category\":\"Mapping\",\"visible\":true,\"from\":\"source:Devices:userId:\",\"to\":\"target:id:\",\"fromPort\":\"source:Devices:userId:\",\"toPort\":\"target:id:\",\"common\":false},{\"from\":\"source\",\"to\":\"source:Devices\",\"fromPort\":\"source\",\"toPort\":\"source:Devices\",\"visible\":true,\"common\":false},{\"from\":\"source:Devices\",\"to\":\"source:Devices:t_p_fields\",\"fromPort\":\"source:Devices\",\"toPort\":\"source:Devices:t_p_fields\",\"visible\":true,\"common\":false},{\"from\":\"source:Devices:t_p_fields\",\"to\":\"source:Devices:deviceId:\",\"fromPort\":\"source:Devices:t_p_fields\",\"toPort\":\"source:Devices:deviceId:\",\"visible\":true,\"common\":false},{\"from\":\"source:Devices:t_p_fields\",\"to\":\"source:Devices:friendlyName:\",\"fromPort\":\"source:Devices:t_p_fields\",\"toPort\":\"source:Devices:friendlyName:\",\"visible\":true,\"common\":false},{\"from\":\"source:Devices:t_p_fields\",\"to\":\"source:Devices:type:\",\"fromPort\":\"source:Devices:t_p_fields\",\"toPort\":\"source:Devices:type:\",\"visible\":true,\"common\":false},{\"from\":\"source:Devices:t_p_fields\",\"to\":\"source:Devices:status:\",\"fromPort\":\"source:Devices:t_p_fields\",\"toPort\":\"source:Devices:status:\",\"visible\":true,\"common\":false},{\"from\":\"source:Devices:t_p_fields\",\"to\":\"source:Devices:active:\",\"fromPort\":\"source:Devices:t_p_fields\",\"toPort\":\"source:Devices:active:\",\"visible\":true,\"common\":false},{\"from\":\"source:Devices:t_p_fields\",\"to\":\"source:Devices:owner:\",\"fromPort\":\"source:Devices:t_p_fields\",\"toPort\":\"source:Devices:owner:\",\"visible\":true,\"common\":false},{\"from\":\"source:Devices:t_p_fields\",\"to\":\"source:Devices:userId:\",\"fromPort\":\"source:Devices:t_p_fields\",\"toPort\":\"source:Devices:userId:\",\"visible\":true,\"common\":false},{\"from\":\"source:Devices:t_p_fields\",\"to\":\"source:Devices:username:\",\"fromPort\":\"source:Devices:t_p_fields\",\"toPort\":\"source:Devices:username:\",\"visible\":true,\"common\":false},{\"from\":\"target\",\"to\":\"target:t_p_parameters\",\"fromPort\":\"target\",\"toPort\":\"target:t_p_parameters\",\"visible\":true,\"common\":false},{\"from\":\"target:t_p_parameters\",\"to\":\"target:count:\",\"fromPort\":\"target:t_p_parameters\",\"toPort\":\"target:count:\",\"visible\":true,\"common\":false},{\"from\":\"target:t_p_parameters\",\"to\":\"target:filter:\",\"fromPort\":\"target:t_p_parameters\",\"toPort\":\"target:filter:\",\"visible\":true,\"common\":false},{\"from\":\"target:t_p_parameters\",\"to\":\"target:id:\",\"fromPort\":\"target:t_p_parameters\",\"toPort\":\"target:id:\",\"visible\":true,\"common\":false},{\"from\":\"target:t_p_parameters\",\"to\":\"target:msgId:\",\"fromPort\":\"target:t_p_parameters\",\"toPort\":\"target:msgId:\",\"visible\":true,\"common\":false},{\"from\":\"target:t_p_parameters\",\"to\":\"target:schemaString:\",\"fromPort\":\"target:t_p_parameters\",\"toPort\":\"target:schemaString:\",\"visible\":true,\"common\":false},{\"from\":\"target:t_p_parameters\",\"to\":\"target:sortBy:\",\"fromPort\":\"target:t_p_parameters\",\"toPort\":\"target:sortBy:\",\"visible\":true,\"common\":false},{\"from\":\"target:t_p_parameters\",\"to\":\"target:sortOrder:\",\"fromPort\":\"target:t_p_parameters\",\"toPort\":\"target:sortOrder:\",\"visible\":true,\"common\":false},{\"from\":\"target:t_p_parameters\",\"to\":\"target:startIndex:\",\"fromPort\":\"target:t_p_parameters\",\"toPort\":\"target:startIndex:\",\"visible\":true,\"common\":false}],\"blockCount\":{\"variableCount\":0},\"variableMap\":{},\"xmlMappingOverride\":false}",
    "oVisualMappingData" : "{\"nodeDataArray\":[{\"isGroup\":true,\"key\":\"response_out\",\"text\":\"Devices\",\"xy\":\"770 100\"},{\"isGroup\":true,\"key\":\"response_in\",\"text\":\"SearchDevices (1.0).searchDevices\",\"xy\":\"150 100\"}],\"linkDataArray\":[{\"from\":\"target\",\"to\":\"target:Devices\",\"fromPort\":\"target\",\"toPort\":\"target:Devices\",\"visible\":true,\"common\":false},{\"from\":\"target:Devices\",\"to\":\"target:Devices:t_p_fields\",\"fromPort\":\"target:Devices\",\"toPort\":\"target:Devices:t_p_fields\",\"visible\":true,\"common\":false},{\"from\":\"target:Devices:t_p_fields\",\"to\":\"target:Devices:deviceId:\",\"fromPort\":\"target:Devices:t_p_fields\",\"toPort\":\"target:Devices:deviceId:\",\"visible\":true,\"common\":false},{\"from\":\"target:Devices:t_p_fields\",\"to\":\"target:Devices:friendlyName:\",\"fromPort\":\"target:Devices:t_p_fields\",\"toPort\":\"target:Devices:friendlyName:\",\"visible\":true,\"common\":false},{\"from\":\"target:Devices:t_p_fields\",\"to\":\"target:Devices:type:\",\"fromPort\":\"target:Devices:t_p_fields\",\"toPort\":\"target:Devices:type:\",\"visible\":true,\"common\":false},{\"from\":\"target:Devices:t_p_fields\",\"to\":\"target:Devices:status:\",\"fromPort\":\"target:Devices:t_p_fields\",\"toPort\":\"target:Devices:status:\",\"visible\":true,\"common\":false},{\"from\":\"target:Devices:t_p_fields\",\"to\":\"target:Devices:active:\",\"fromPort\":\"target:Devices:t_p_fields\",\"toPort\":\"target:Devices:active:\",\"visible\":true,\"common\":false},{\"from\":\"target:Devices:t_p_fields\",\"to\":\"target:Devices:owner:\",\"fromPort\":\"target:Devices:t_p_fields\",\"toPort\":\"target:Devices:owner:\",\"visible\":true,\"common\":false},{\"from\":\"target:Devices:t_p_fields\",\"to\":\"target:Devices:userId:\",\"fromPort\":\"target:Devices:t_p_fields\",\"toPort\":\"target:Devices:userId:\",\"visible\":true,\"common\":false},{\"from\":\"target:Devices:t_p_fields\",\"to\":\"target:Devices:username:\",\"fromPort\":\"target:Devices:t_p_fields\",\"toPort\":\"target:Devices:username:\",\"visible\":true,\"common\":false},{\"from\":\"source\",\"to\":\"source:t_p_parameters\",\"fromPort\":\"source\",\"toPort\":\"source:t_p_parameters\",\"visible\":true,\"common\":false},{\"from\":\"source:t_p_parameters\",\"to\":\"source:externalId:\",\"fromPort\":\"source:t_p_parameters\",\"toPort\":\"source:externalId:\",\"visible\":true,\"common\":false},{\"from\":\"source:t_p_parameters\",\"to\":\"source:id:\",\"fromPort\":\"source:t_p_parameters\",\"toPort\":\"source:id:\",\"visible\":true,\"common\":false},{\"from\":\"source:t_p_parameters\",\"to\":\"source:searchDevicesServiceError:\",\"fromPort\":\"source:t_p_parameters\",\"toPort\":\"source:searchDevicesServiceError:\",\"visible\":true,\"common\":false},{\"from\":\"source:t_p_parameters\",\"to\":\"source:totalResults:\",\"fromPort\":\"source:t_p_parameters\",\"toPort\":\"source:totalResults:\",\"visible\":true,\"common\":false},{\"from\":\"source\",\"to\":\"source:devices\",\"fromPort\":\"source\",\"toPort\":\"source:devices\",\"visible\":true,\"common\":false},{\"from\":\"source:devices\",\"to\":\"source:devices:t_p_parameters\",\"fromPort\":\"source:devices\",\"toPort\":\"source:devices:t_p_parameters\",\"visible\":true,\"common\":false},{\"from\":\"source:devices:t_p_parameters\",\"to\":\"source:devices:active:\",\"fromPort\":\"source:devices:t_p_parameters\",\"toPort\":\"source:devices:active:\",\"visible\":true,\"common\":false},{\"from\":\"source:devices:t_p_parameters\",\"to\":\"source:devices:deviceId:\",\"fromPort\":\"source:devices:t_p_parameters\",\"toPort\":\"source:devices:deviceId:\",\"visible\":true,\"common\":false},{\"from\":\"source:devices:t_p_parameters\",\"to\":\"source:devices:expiryDate:\",\"fromPort\":\"source:devices:t_p_parameters\",\"toPort\":\"source:devices:expiryDate:\",\"visible\":true,\"common\":false},{\"from\":\"source:devices:t_p_parameters\",\"to\":\"source:devices:friendlyName:\",\"fromPort\":\"source:devices:t_p_parameters\",\"toPort\":\"source:devices:friendlyName:\",\"visible\":true,\"common\":false},{\"from\":\"source:devices:t_p_parameters\",\"to\":\"source:devices:owner:\",\"fromPort\":\"source:devices:t_p_parameters\",\"toPort\":\"source:devices:owner:\",\"visible\":true,\"common\":false},{\"from\":\"source:devices:t_p_parameters\",\"to\":\"source:devices:startDate:\",\"fromPort\":\"source:devices:t_p_parameters\",\"toPort\":\"source:devices:startDate:\",\"visible\":true,\"common\":false},{\"from\":\"source:devices:t_p_parameters\",\"to\":\"source:devices:status:\",\"fromPort\":\"source:devices:t_p_parameters\",\"toPort\":\"source:devices:status:\",\"visible\":true,\"common\":false},{\"from\":\"source:devices:t_p_parameters\",\"to\":\"source:devices:type:\",\"fromPort\":\"source:devices:t_p_parameters\",\"toPort\":\"source:devices:type:\",\"visible\":true,\"common\":false},{\"category\":\"Mapping\",\"from\":\"source:devices:deviceId:\",\"to\":\"target:Devices:deviceId:\",\"fromPort\":\"source:devices:deviceId:\",\"toPort\":\"target:Devices:deviceId:\",\"visible\":true,\"common\":false},{\"category\":\"Mapping\",\"from\":\"source:devices:friendlyName:\",\"to\":\"target:Devices:friendlyName:\",\"fromPort\":\"source:devices:friendlyName:\",\"toPort\":\"target:Devices:friendlyName:\",\"visible\":true,\"common\":false},{\"category\":\"Mapping\",\"from\":\"source:devices:type:\",\"to\":\"target:Devices:type:\",\"fromPort\":\"source:devices:type:\",\"toPort\":\"target:Devices:type:\",\"visible\":true,\"common\":false},{\"category\":\"Mapping\",\"from\":\"source:devices:status:\",\"to\":\"target:Devices:status:\",\"fromPort\":\"source:devices:status:\",\"toPort\":\"target:Devices:status:\",\"visible\":true,\"common\":false},{\"category\":\"Mapping\",\"from\":\"source:devices:active:\",\"to\":\"target:Devices:active:\",\"fromPort\":\"source:devices:active:\",\"toPort\":\"target:Devices:active:\",\"visible\":true,\"common\":false},{\"category\":\"Mapping\",\"from\":\"source:devices:owner:\",\"to\":\"target:Devices:owner:\",\"fromPort\":\"source:devices:owner:\",\"toPort\":\"target:Devices:owner:\",\"visible\":true,\"common\":false}],\"blockCount\":{\"variableCount\":0},\"variableMap\":{},\"xmlMappingOverride\":false}",
    "applyCommonMapping" : false,
    "applyRequestCommonMapping" : false,
    "applyResponseCommonMapping" : false,
    "backendMeta" : {
      "serviceName" : "SearchDevices",
      "serviceVersion" : "1.0",
      "operationName" : "searchDevices"
    },
    "relationshipHierarchyMapping" : {
      "children" : [ ],
      "name" : "Devices",
      "actions" : { },
      "selected" : true
    },
    "requestXmlMappingOverride" : false,
    "responseXmlMappingOverride" : false,
    "mapperData" : [ {
      "name" : "base mapper1",
      "order" : 1,
      "iMapping" : "<?xml version=\"1.0\" encoding=\"UTF-8\" standalone=\"yes\"?><mapper xmlns=\"http://www.kony.com/ns/mapper\">  <map inputpath=\"request_in\" outputpath=\"request_out\">    <exec-function name=\"kony.string:concat\" output=\"$vars\" outputpath=\"result1\">      <set-arg name=\"input1\" input=\"userName eq \"/>      <set-arg inputpath=\"username\"/>    </exec-function>    <set-param inputpath=\"$vars/result1\" outputpath=\"filter\"/>    <set-param inputpath=\"userId\" outputpath=\"id\"/>  </map></mapper>",
      "oMapping" : "<?xml version=\"1.0\" encoding=\"UTF-8\" standalone=\"yes\"?>\n<mapper xmlns=\"http://www.kony.com/ns/mapper\">\n    <map inputpath=\"response_in\" outputpath=\"response_out\">\n        <map inputpath=\"devices\" outputpath=\"Devices\">\n            <set-param inputpath=\"deviceId\" outputpath=\"deviceId\"/>\n            <set-param inputpath=\"friendlyName\" outputpath=\"friendlyName\"/>\n            <set-param inputpath=\"type\" outputpath=\"type\"/>\n            <set-param inputpath=\"status\" outputpath=\"status\"/>\n            <set-param inputpath=\"active\" outputpath=\"active\"/>\n            <set-param inputpath=\"owner\" outputpath=\"owner\"/>\n        </map>\n    </map>\n</mapper>\n",
      "iVisualMappingData" : "{\"nodeDataArray\":[{\"isGroup\":true,\"key\":\"request_in\",\"text\":\"Devices\",\"xy\":\"150 100\"},{\"isGroup\":true,\"key\":\"request_out\",\"text\":\"SearchDevices (1.0).searchDevices\",\"xy\":\"770 100\"},{\"key\":\"block:kony.util:constant:1\",\"name\":\"kony.basic:constant\",\"text\":\"Constant\",\"category\":\"functionTemplateConstant\",\"outPortId\":\"userName eq \",\"outPortText\":\"value\",\"loc\":\"451 134\",\"visible\":true},{\"key\":\"block:kony.string:concat:1\",\"name\":\"kony.string:stringConcatenate\",\"text\":\"String Concatenate\",\"category\":\"functionTemplateNTo1\",\"outPortId\":\"result1\",\"outPortText\":\"result\",\"valueArray\":[{\"inPortId\":\"input1\",\"inPortText\":\"value\",\"__gohashid\":4934},{\"inPortId\":\"input2\",\"inPortText\":\"value\",\"__gohashid\":5034}],\"loc\":\"610 125\",\"visible\":true}],\"linkDataArray\":[{\"category\":\"Mapping\",\"visible\":true,\"from\":\"block:kony.util:constant:1\",\"to\":\"block:kony.string:concat:1\",\"fromPort\":\"userName eq \",\"toPort\":\"input1\"},{\"category\":\"Mapping\",\"visible\":true,\"from\":\"source:Devices:username:\",\"to\":\"block:kony.string:concat:1\",\"fromPort\":\"source:Devices:username:\",\"toPort\":\"input2\"},{\"category\":\"Mapping\",\"visible\":true,\"from\":\"block:kony.string:concat:1\",\"to\":\"target:filter:\",\"fromPort\":\"result1\",\"toPort\":\"target:filter:\",\"common\":false},{\"category\":\"Mapping\",\"visible\":true,\"from\":\"source:Devices:userId:\",\"to\":\"target:id:\",\"fromPort\":\"source:Devices:userId:\",\"toPort\":\"target:id:\",\"common\":false},{\"from\":\"source\",\"to\":\"source:Devices\",\"fromPort\":\"source\",\"toPort\":\"source:Devices\",\"visible\":true,\"common\":false},{\"from\":\"source:Devices\",\"to\":\"source:Devices:t_p_fields\",\"fromPort\":\"source:Devices\",\"toPort\":\"source:Devices:t_p_fields\",\"visible\":true,\"common\":false},{\"from\":\"source:Devices:t_p_fields\",\"to\":\"source:Devices:deviceId:\",\"fromPort\":\"source:Devices:t_p_fields\",\"toPort\":\"source:Devices:deviceId:\",\"visible\":true,\"common\":false},{\"from\":\"source:Devices:t_p_fields\",\"to\":\"source:Devices:friendlyName:\",\"fromPort\":\"source:Devices:t_p_fields\",\"toPort\":\"source:Devices:friendlyName:\",\"visible\":true,\"common\":false},{\"from\":\"source:Devices:t_p_fields\",\"to\":\"source:Devices:type:\",\"fromPort\":\"source:Devices:t_p_fields\",\"toPort\":\"source:Devices:type:\",\"visible\":true,\"common\":false},{\"from\":\"source:Devices:t_p_fields\",\"to\":\"source:Devices:status:\",\"fromPort\":\"source:Devices:t_p_fields\",\"toPort\":\"source:Devices:status:\",\"visible\":true,\"common\":false},{\"from\":\"source:Devices:t_p_fields\",\"to\":\"source:Devices:active:\",\"fromPort\":\"source:Devices:t_p_fields\",\"toPort\":\"source:Devices:active:\",\"visible\":true,\"common\":false},{\"from\":\"source:Devices:t_p_fields\",\"to\":\"source:Devices:owner:\",\"fromPort\":\"source:Devices:t_p_fields\",\"toPort\":\"source:Devices:owner:\",\"visible\":true,\"common\":false},{\"from\":\"source:Devices:t_p_fields\",\"to\":\"source:Devices:userId:\",\"fromPort\":\"source:Devices:t_p_fields\",\"toPort\":\"source:Devices:userId:\",\"visible\":true,\"common\":false},{\"from\":\"source:Devices:t_p_fields\",\"to\":\"source:Devices:username:\",\"fromPort\":\"source:Devices:t_p_fields\",\"toPort\":\"source:Devices:username:\",\"visible\":true,\"common\":false},{\"from\":\"target\",\"to\":\"target:t_p_parameters\",\"fromPort\":\"target\",\"toPort\":\"target:t_p_parameters\",\"visible\":true,\"common\":false},{\"from\":\"target:t_p_parameters\",\"to\":\"target:count:\",\"fromPort\":\"target:t_p_parameters\",\"toPort\":\"target:count:\",\"visible\":true,\"common\":false},{\"from\":\"target:t_p_parameters\",\"to\":\"target:filter:\",\"fromPort\":\"target:t_p_parameters\",\"toPort\":\"target:filter:\",\"visible\":true,\"common\":false},{\"from\":\"target:t_p_parameters\",\"to\":\"target:id:\",\"fromPort\":\"target:t_p_parameters\",\"toPort\":\"target:id:\",\"visible\":true,\"common\":false},{\"from\":\"target:t_p_parameters\",\"to\":\"target:msgId:\",\"fromPort\":\"target:t_p_parameters\",\"toPort\":\"target:msgId:\",\"visible\":true,\"common\":false},{\"from\":\"target:t_p_parameters\",\"to\":\"target:schemaString:\",\"fromPort\":\"target:t_p_parameters\",\"toPort\":\"target:schemaString:\",\"visible\":true,\"common\":false},{\"from\":\"target:t_p_parameters\",\"to\":\"target:sortBy:\",\"fromPort\":\"target:t_p_parameters\",\"toPort\":\"target:sortBy:\",\"visible\":true,\"common\":false},{\"from\":\"target:t_p_parameters\",\"to\":\"target:sortOrder:\",\"fromPort\":\"target:t_p_parameters\",\"toPort\":\"target:sortOrder:\",\"visible\":true,\"common\":false},{\"from\":\"target:t_p_parameters\",\"to\":\"target:startIndex:\",\"fromPort\":\"target:t_p_parameters\",\"toPort\":\"target:startIndex:\",\"visible\":true,\"common\":false}],\"blockCount\":{\"variableCount\":0},\"variableMap\":{},\"xmlMappingOverride\":false}",
      "oVisualMappingData" : "{\"nodeDataArray\":[{\"isGroup\":true,\"key\":\"response_out\",\"text\":\"Devices\",\"xy\":\"770 100\"},{\"isGroup\":true,\"key\":\"response_in\",\"text\":\"SearchDevices (1.0).searchDevices\",\"xy\":\"150 100\"}],\"linkDataArray\":[{\"from\":\"target\",\"to\":\"target:Devices\",\"fromPort\":\"target\",\"toPort\":\"target:Devices\",\"visible\":true,\"common\":false},{\"from\":\"target:Devices\",\"to\":\"target:Devices:t_p_fields\",\"fromPort\":\"target:Devices\",\"toPort\":\"target:Devices:t_p_fields\",\"visible\":true,\"common\":false},{\"from\":\"target:Devices:t_p_fields\",\"to\":\"target:Devices:deviceId:\",\"fromPort\":\"target:Devices:t_p_fields\",\"toPort\":\"target:Devices:deviceId:\",\"visible\":true,\"common\":false},{\"from\":\"target:Devices:t_p_fields\",\"to\":\"target:Devices:friendlyName:\",\"fromPort\":\"target:Devices:t_p_fields\",\"toPort\":\"target:Devices:friendlyName:\",\"visible\":true,\"common\":false},{\"from\":\"target:Devices:t_p_fields\",\"to\":\"target:Devices:type:\",\"fromPort\":\"target:Devices:t_p_fields\",\"toPort\":\"target:Devices:type:\",\"visible\":true,\"common\":false},{\"from\":\"target:Devices:t_p_fields\",\"to\":\"target:Devices:status:\",\"fromPort\":\"target:Devices:t_p_fields\",\"toPort\":\"target:Devices:status:\",\"visible\":true,\"common\":false},{\"from\":\"target:Devices:t_p_fields\",\"to\":\"target:Devices:active:\",\"fromPort\":\"target:Devices:t_p_fields\",\"toPort\":\"target:Devices:active:\",\"visible\":true,\"common\":false},{\"from\":\"target:Devices:t_p_fields\",\"to\":\"target:Devices:owner:\",\"fromPort\":\"target:Devices:t_p_fields\",\"toPort\":\"target:Devices:owner:\",\"visible\":true,\"common\":false},{\"from\":\"target:Devices:t_p_fields\",\"to\":\"target:Devices:userId:\",\"fromPort\":\"target:Devices:t_p_fields\",\"toPort\":\"target:Devices:userId:\",\"visible\":true,\"common\":false},{\"from\":\"target:Devices:t_p_fields\",\"to\":\"target:Devices:username:\",\"fromPort\":\"target:Devices:t_p_fields\",\"toPort\":\"target:Devices:username:\",\"visible\":true,\"common\":false},{\"from\":\"source\",\"to\":\"source:t_p_parameters\",\"fromPort\":\"source\",\"toPort\":\"source:t_p_parameters\",\"visible\":true,\"common\":false},{\"from\":\"source:t_p_parameters\",\"to\":\"source:externalId:\",\"fromPort\":\"source:t_p_parameters\",\"toPort\":\"source:externalId:\",\"visible\":true,\"common\":false},{\"from\":\"source:t_p_parameters\",\"to\":\"source:id:\",\"fromPort\":\"source:t_p_parameters\",\"toPort\":\"source:id:\",\"visible\":true,\"common\":false},{\"from\":\"source:t_p_parameters\",\"to\":\"source:searchDevicesServiceError:\",\"fromPort\":\"source:t_p_parameters\",\"toPort\":\"source:searchDevicesServiceError:\",\"visible\":true,\"common\":false},{\"from\":\"source:t_p_parameters\",\"to\":\"source:totalResults:\",\"fromPort\":\"source:t_p_parameters\",\"toPort\":\"source:totalResults:\",\"visible\":true,\"common\":false},{\"from\":\"source\",\"to\":\"source:devices\",\"fromPort\":\"source\",\"toPort\":\"source:devices\",\"visible\":true,\"common\":false},{\"from\":\"source:devices\",\"to\":\"source:devices:t_p_parameters\",\"fromPort\":\"source:devices\",\"toPort\":\"source:devices:t_p_parameters\",\"visible\":true,\"common\":false},{\"from\":\"source:devices:t_p_parameters\",\"to\":\"source:devices:active:\",\"fromPort\":\"source:devices:t_p_parameters\",\"toPort\":\"source:devices:active:\",\"visible\":true,\"common\":false},{\"from\":\"source:devices:t_p_parameters\",\"to\":\"source:devices:deviceId:\",\"fromPort\":\"source:devices:t_p_parameters\",\"toPort\":\"source:devices:deviceId:\",\"visible\":true,\"common\":false},{\"from\":\"source:devices:t_p_parameters\",\"to\":\"source:devices:expiryDate:\",\"fromPort\":\"source:devices:t_p_parameters\",\"toPort\":\"source:devices:expiryDate:\",\"visible\":true,\"common\":false},{\"from\":\"source:devices:t_p_parameters\",\"to\":\"source:devices:friendlyName:\",\"fromPort\":\"source:devices:t_p_parameters\",\"toPort\":\"source:devices:friendlyName:\",\"visible\":true,\"common\":false},{\"from\":\"source:devices:t_p_parameters\",\"to\":\"source:devices:owner:\",\"fromPort\":\"source:devices:t_p_parameters\",\"toPort\":\"source:devices:owner:\",\"visible\":true,\"common\":false},{\"from\":\"source:devices:t_p_parameters\",\"to\":\"source:devices:startDate:\",\"fromPort\":\"source:devices:t_p_parameters\",\"toPort\":\"source:devices:startDate:\",\"visible\":true,\"common\":false},{\"from\":\"source:devices:t_p_parameters\",\"to\":\"source:devices:status:\",\"fromPort\":\"source:devices:t_p_parameters\",\"toPort\":\"source:devices:status:\",\"visible\":true,\"common\":false},{\"from\":\"source:devices:t_p_parameters\",\"to\":\"source:devices:type:\",\"fromPort\":\"source:devices:t_p_parameters\",\"toPort\":\"source:devices:type:\",\"visible\":true,\"common\":false},{\"category\":\"Mapping\",\"from\":\"source:devices:deviceId:\",\"to\":\"target:Devices:deviceId:\",\"fromPort\":\"source:devices:deviceId:\",\"toPort\":\"target:Devices:deviceId:\",\"visible\":true,\"common\":false},{\"category\":\"Mapping\",\"from\":\"source:devices:friendlyName:\",\"to\":\"target:Devices:friendlyName:\",\"fromPort\":\"source:devices:friendlyName:\",\"toPort\":\"target:Devices:friendlyName:\",\"visible\":true,\"common\":false},{\"category\":\"Mapping\",\"from\":\"source:devices:type:\",\"to\":\"target:Devices:type:\",\"fromPort\":\"source:devices:type:\",\"toPort\":\"target:Devices:type:\",\"visible\":true,\"common\":false},{\"category\":\"Mapping\",\"from\":\"source:devices:status:\",\"to\":\"target:Devices:status:\",\"fromPort\":\"source:devices:status:\",\"toPort\":\"target:Devices:status:\",\"visible\":true,\"common\":false},{\"category\":\"Mapping\",\"from\":\"source:devices:active:\",\"to\":\"target:Devices:active:\",\"fromPort\":\"source:devices:active:\",\"toPort\":\"target:Devices:active:\",\"visible\":true,\"common\":false},{\"category\":\"Mapping\",\"from\":\"source:devices:owner:\",\"to\":\"target:Devices:owner:\",\"fromPort\":\"source:devices:owner:\",\"toPort\":\"target:Devices:owner:\",\"visible\":true,\"common\":false}],\"blockCount\":{\"variableCount\":0},\"variableMap\":{},\"xmlMappingOverride\":false}",
      "requestXmlMappingOverride" : false,
      "responseXmlMappingOverride" : false,
      "disabled" : false,
      "applyCommonMapping" : false,
      "applyRequestCommonMapping" : false,
      "applyResponseCommonMapping" : false
    } ]
  },
  "enableFrontendUrl" : false,
  "customVerb" : false
}