{
  "operationConfig" : {
    "name" : "actionCreate2329",
    "type" : "MappedToBackend",
    "cachable" : false,
    "smsEnabled" : false,
    "security" : "authorized_app",
    "responseEncoding" : "UTF-8",
    "httpMethod" : "GET",
    "decodeResponseBody" : false,
    "iMapping" : "<?xml version=\"1.0\" encoding=\"UTF-8\" standalone=\"yes\"?>\n<mapper xmlns=\"http://www.kony.com/ns/mapper\">\n    <map inputpath=\"request_in\" outputpath=\"request_out\">\n        <set-param inputpath=\"action_type\" outputpath=\"action_type\"/>\n        <set-param inputpath=\"app_session_id\" outputpath=\"app_session_id\"/>\n        <set-param inputpath=\"app_user_id\" outputpath=\"app_user_id\"/>\n        <set-param inputpath=\"client_ip\" outputpath=\"client_ip\"/>\n        <set-param inputpath=\"platform\" outputpath=\"platform\"/>\n        <set-param inputpath=\"tm_device_tag\" outputpath=\"tm_device_tag\"/>\n        <set-param inputpath=\"tm_session_sid\" outputpath=\"tm_session_sid\"/>\n    </map>\n</mapper>\n",
    "oMapping" : "<?xml version=\"1.0\" encoding=\"UTF-8\" standalone=\"yes\"?>\n<mapper xmlns=\"http://www.kony.com/ns/mapper\">\n    <map inputpath=\"response_in\" outputpath=\"response_out\">\n        <map inputpath=\"\" outputpath=\"RMSActionCreate\">\n            <set-param inputpath=\"app_action_id\" outputpath=\"app_action_id\"/>\n            <set-param inputpath=\"risk\" outputpath=\"risk\"/>\n            <set-param inputpath=\"tags\" outputpath=\"tags\"/>\n            <set-param inputpath=\"error_code\" outputpath=\"error_code\"/>\n            <set-param inputpath=\"currentThreat\" outputpath=\"currentThreat\"/>\n            <set-param inputpath=\"tm_action_id\" outputpath=\"tm_action_id\"/>\n        </map>\n    </map>\n</mapper>\n",
    "iVisualMappingData" : "{\"nodeDataArray\":[{\"isGroup\":true,\"key\":\"request_in\",\"text\":\"RMSActionCreate\",\"xy\":\"150 100\"},{\"isGroup\":true,\"key\":\"request_out\",\"text\":\"RMSThreatMarkAPI (1.0).actionCreate\",\"xy\":\"770 100\"}],\"linkDataArray\":[{\"category\":\"Mapping\",\"from\":\"source:RMSActionCreate:action_type:\",\"to\":\"target:action_type:\",\"fromPort\":\"source:RMSActionCreate:action_type:\",\"toPort\":\"target:action_type:\",\"visible\":true,\"common\":true},{\"category\":\"Mapping\",\"from\":\"source:RMSActionCreate:app_session_id:\",\"to\":\"target:app_session_id:\",\"fromPort\":\"source:RMSActionCreate:app_session_id:\",\"toPort\":\"target:app_session_id:\",\"visible\":true,\"common\":true},{\"category\":\"Mapping\",\"from\":\"source:RMSActionCreate:app_user_id:\",\"to\":\"target:app_user_id:\",\"fromPort\":\"source:RMSActionCreate:app_user_id:\",\"toPort\":\"target:app_user_id:\",\"visible\":true,\"common\":true},{\"category\":\"Mapping\",\"from\":\"source:RMSActionCreate:client_ip:\",\"to\":\"target:client_ip:\",\"fromPort\":\"source:RMSActionCreate:client_ip:\",\"toPort\":\"target:client_ip:\",\"visible\":true,\"common\":true},{\"category\":\"Mapping\",\"from\":\"source:RMSActionCreate:tm_device_tag:\",\"to\":\"target:tm_device_tag:\",\"fromPort\":\"source:RMSActionCreate:tm_device_tag:\",\"toPort\":\"target:tm_device_tag:\",\"visible\":true,\"common\":true},{\"category\":\"Mapping\",\"from\":\"source:RMSActionCreate:tm_session_sid:\",\"to\":\"target:tm_session_sid:\",\"fromPort\":\"source:RMSActionCreate:tm_session_sid:\",\"toPort\":\"target:tm_session_sid:\",\"visible\":true,\"common\":true},{\"category\":\"Mapping\",\"visible\":true,\"from\":\"source:RMSActionCreate:platform:\",\"to\":\"target:platform:\",\"fromPort\":\"source:RMSActionCreate:platform:\",\"toPort\":\"target:platform:\"}],\"blockCount\":{\"variableCount\":0},\"variableMap\":{},\"xmlMappingOverride\":false}",
    "oVisualMappingData" : "{\"nodeDataArray\":[{\"isGroup\":true,\"key\":\"response_out\",\"text\":\"RMSActionCreate\",\"xy\":\"770 100\"},{\"isGroup\":true,\"key\":\"response_in\",\"text\":\"RMSThreatMarkAPI (1.0).actionCreate\",\"xy\":\"150 100\"}],\"linkDataArray\":[{\"category\":\"Mapping\",\"from\":\"source:risk:\",\"to\":\"target:RMSActionCreate:risk:\",\"fromPort\":\"source:risk:\",\"toPort\":\"target:RMSActionCreate:risk:\",\"visible\":true,\"common\":true},{\"category\":\"Mapping\",\"from\":\"source:tags:\",\"to\":\"target:RMSActionCreate:tags:\",\"fromPort\":\"source:tags:\",\"toPort\":\"target:RMSActionCreate:tags:\",\"visible\":true,\"common\":true},{\"category\":\"Mapping\",\"from\":\"source:error_code:\",\"to\":\"target:RMSActionCreate:error_code:\",\"fromPort\":\"source:error_code:\",\"toPort\":\"target:RMSActionCreate:error_code:\",\"visible\":true,\"common\":true},{\"category\":\"Mapping\",\"from\":\"source:currentThreat:\",\"to\":\"target:RMSActionCreate:currentThreat:\",\"fromPort\":\"source:currentThreat:\",\"toPort\":\"target:RMSActionCreate:currentThreat:\",\"visible\":true,\"common\":true},{\"category\":\"Mapping\",\"from\":\"source:tm_action_id:\",\"to\":\"target:RMSActionCreate:tm_action_id:\",\"fromPort\":\"source:tm_action_id:\",\"toPort\":\"target:RMSActionCreate:tm_action_id:\",\"visible\":true,\"common\":true},{\"category\":\"Mapping\",\"visible\":true,\"from\":\"source:app_action_id:\",\"to\":\"target:RMSActionCreate:app_action_id:\",\"fromPort\":\"source:app_action_id:\",\"toPort\":\"target:RMSActionCreate:app_action_id:\"}],\"blockCount\":{\"variableCount\":0},\"variableMap\":{},\"xmlMappingOverride\":false}",
    "applyCommonMapping" : false,
    "applyRequestCommonMapping" : false,
    "applyResponseCommonMapping" : false,
    "backendMeta" : {
      "serviceName" : "RMSThreatMarkAPI",
      "serviceVersion" : "1.0",
      "operationName" : "actionCreate"
    },
    "relationshipHierarchyMapping" : {
      "name" : "RMSActionCreate",
      "children" : [ ],
      "actions" : { },
      "selected" : true
    },
    "requestXmlMappingOverride" : false,
    "responseXmlMappingOverride" : false,
    "mapperData" : [ {
      "name" : "base mapper1",
      "order" : 1,
      "iMapping" : "<?xml version=\"1.0\" encoding=\"UTF-8\" standalone=\"yes\"?><mapper xmlns=\"http://www.kony.com/ns/mapper\">  <map inputpath=\"request_in\" outputpath=\"request_out\">    <set-param inputpath=\"action_type\" outputpath=\"action_type\"/>    <set-param inputpath=\"app_session_id\" outputpath=\"app_session_id\"/>    <set-param inputpath=\"app_user_id\" outputpath=\"app_user_id\"/>    <set-param inputpath=\"client_ip\" outputpath=\"client_ip\"/>    <set-param inputpath=\"platform\" outputpath=\"platform\"/>    <set-param inputpath=\"tm_device_tag\" outputpath=\"tm_device_tag\"/>    <set-param inputpath=\"tm_session_sid\" outputpath=\"tm_session_sid\"/>  </map></mapper>",
      "oMapping" : "<?xml version=\"1.0\" encoding=\"UTF-8\" standalone=\"yes\"?>\n<mapper xmlns=\"http://www.kony.com/ns/mapper\">\n    <map inputpath=\"response_in\" outputpath=\"response_out\">\n        <map inputpath=\"\" outputpath=\"RMSActionCreate\">\n            <set-param inputpath=\"app_action_id\" outputpath=\"app_action_id\"/>\n            <set-param inputpath=\"risk\" outputpath=\"risk\"/>\n            <set-param inputpath=\"tags\" outputpath=\"tags\"/>\n            <set-param inputpath=\"error_code\" outputpath=\"error_code\"/>\n            <set-param inputpath=\"currentThreat\" outputpath=\"currentThreat\"/>\n            <set-param inputpath=\"tm_action_id\" outputpath=\"tm_action_id\"/>\n        </map>\n    </map>\n</mapper>\n",
      "iVisualMappingData" : "{\"nodeDataArray\":[{\"isGroup\":true,\"key\":\"request_in\",\"text\":\"RMSActionCreate\",\"xy\":\"150 100\"},{\"isGroup\":true,\"key\":\"request_out\",\"text\":\"RMSThreatMarkAPI (1.0).actionCreate\",\"xy\":\"770 100\"}],\"linkDataArray\":[{\"category\":\"Mapping\",\"from\":\"source:RMSActionCreate:action_type:\",\"to\":\"target:action_type:\",\"fromPort\":\"source:RMSActionCreate:action_type:\",\"toPort\":\"target:action_type:\",\"visible\":true,\"common\":true},{\"category\":\"Mapping\",\"from\":\"source:RMSActionCreate:app_session_id:\",\"to\":\"target:app_session_id:\",\"fromPort\":\"source:RMSActionCreate:app_session_id:\",\"toPort\":\"target:app_session_id:\",\"visible\":true,\"common\":true},{\"category\":\"Mapping\",\"from\":\"source:RMSActionCreate:app_user_id:\",\"to\":\"target:app_user_id:\",\"fromPort\":\"source:RMSActionCreate:app_user_id:\",\"toPort\":\"target:app_user_id:\",\"visible\":true,\"common\":true},{\"category\":\"Mapping\",\"from\":\"source:RMSActionCreate:client_ip:\",\"to\":\"target:client_ip:\",\"fromPort\":\"source:RMSActionCreate:client_ip:\",\"toPort\":\"target:client_ip:\",\"visible\":true,\"common\":true},{\"category\":\"Mapping\",\"from\":\"source:RMSActionCreate:tm_device_tag:\",\"to\":\"target:tm_device_tag:\",\"fromPort\":\"source:RMSActionCreate:tm_device_tag:\",\"toPort\":\"target:tm_device_tag:\",\"visible\":true,\"common\":true},{\"category\":\"Mapping\",\"from\":\"source:RMSActionCreate:tm_session_sid:\",\"to\":\"target:tm_session_sid:\",\"fromPort\":\"source:RMSActionCreate:tm_session_sid:\",\"toPort\":\"target:tm_session_sid:\",\"visible\":true,\"common\":true},{\"from\":\"source\",\"to\":\"source:RMSActionCreate\",\"fromPort\":\"source\",\"toPort\":\"source:RMSActionCreate\",\"visible\":true,\"common\":false},{\"from\":\"source:RMSActionCreate\",\"to\":\"source:RMSActionCreate:t_p_fields\",\"fromPort\":\"source:RMSActionCreate\",\"toPort\":\"source:RMSActionCreate:t_p_fields\",\"visible\":true,\"common\":false},{\"from\":\"source:RMSActionCreate:t_p_fields\",\"to\":\"source:RMSActionCreate:action_type:\",\"fromPort\":\"source:RMSActionCreate:t_p_fields\",\"toPort\":\"source:RMSActionCreate:action_type:\",\"visible\":true,\"common\":false},{\"from\":\"source:RMSActionCreate:t_p_fields\",\"to\":\"source:RMSActionCreate:application_id:\",\"fromPort\":\"source:RMSActionCreate:t_p_fields\",\"toPort\":\"source:RMSActionCreate:application_id:\",\"visible\":true,\"common\":false},{\"from\":\"source:RMSActionCreate:t_p_fields\",\"to\":\"source:RMSActionCreate:app_action_id:\",\"fromPort\":\"source:RMSActionCreate:t_p_fields\",\"toPort\":\"source:RMSActionCreate:app_action_id:\",\"visible\":true,\"common\":false},{\"from\":\"source:RMSActionCreate:t_p_fields\",\"to\":\"source:RMSActionCreate:app_session_id:\",\"fromPort\":\"source:RMSActionCreate:t_p_fields\",\"toPort\":\"source:RMSActionCreate:app_session_id:\",\"visible\":true,\"common\":false},{\"from\":\"source:RMSActionCreate:t_p_fields\",\"to\":\"source:RMSActionCreate:app_user_id:\",\"fromPort\":\"source:RMSActionCreate:t_p_fields\",\"toPort\":\"source:RMSActionCreate:app_user_id:\",\"visible\":true,\"common\":false},{\"from\":\"source:RMSActionCreate:t_p_fields\",\"to\":\"source:RMSActionCreate:channel_id:\",\"fromPort\":\"source:RMSActionCreate:t_p_fields\",\"toPort\":\"source:RMSActionCreate:channel_id:\",\"visible\":true,\"common\":false},{\"from\":\"source:RMSActionCreate:t_p_fields\",\"to\":\"source:RMSActionCreate:client_ip:\",\"fromPort\":\"source:RMSActionCreate:t_p_fields\",\"toPort\":\"source:RMSActionCreate:client_ip:\",\"visible\":true,\"common\":false},{\"from\":\"source:RMSActionCreate:t_p_fields\",\"to\":\"source:RMSActionCreate:risk:\",\"fromPort\":\"source:RMSActionCreate:t_p_fields\",\"toPort\":\"source:RMSActionCreate:risk:\",\"visible\":true,\"common\":false},{\"from\":\"source:RMSActionCreate:t_p_fields\",\"to\":\"source:RMSActionCreate:tags:\",\"fromPort\":\"source:RMSActionCreate:t_p_fields\",\"toPort\":\"source:RMSActionCreate:tags:\",\"visible\":true,\"common\":false},{\"from\":\"source:RMSActionCreate:t_p_fields\",\"to\":\"source:RMSActionCreate:tm_device_tag:\",\"fromPort\":\"source:RMSActionCreate:t_p_fields\",\"toPort\":\"source:RMSActionCreate:tm_device_tag:\",\"visible\":true,\"common\":false},{\"from\":\"source:RMSActionCreate:t_p_fields\",\"to\":\"source:RMSActionCreate:tm_session_sid:\",\"fromPort\":\"source:RMSActionCreate:t_p_fields\",\"toPort\":\"source:RMSActionCreate:tm_session_sid:\",\"visible\":true,\"common\":false},{\"from\":\"source:RMSActionCreate:t_p_fields\",\"to\":\"source:RMSActionCreate:error_message:\",\"fromPort\":\"source:RMSActionCreate:t_p_fields\",\"toPort\":\"source:RMSActionCreate:error_message:\",\"visible\":true,\"common\":false},{\"from\":\"source:RMSActionCreate:t_p_fields\",\"to\":\"source:RMSActionCreate:error_code:\",\"fromPort\":\"source:RMSActionCreate:t_p_fields\",\"toPort\":\"source:RMSActionCreate:error_code:\",\"visible\":true,\"common\":false},{\"from\":\"source:RMSActionCreate:t_p_fields\",\"to\":\"source:RMSActionCreate:currentThreat:\",\"fromPort\":\"source:RMSActionCreate:t_p_fields\",\"toPort\":\"source:RMSActionCreate:currentThreat:\",\"visible\":true,\"common\":false},{\"from\":\"source:RMSActionCreate:t_p_fields\",\"to\":\"source:RMSActionCreate:tm_action_id:\",\"fromPort\":\"source:RMSActionCreate:t_p_fields\",\"toPort\":\"source:RMSActionCreate:tm_action_id:\",\"visible\":true,\"common\":false},{\"from\":\"source:RMSActionCreate:t_p_fields\",\"to\":\"source:RMSActionCreate:platform:\",\"fromPort\":\"source:RMSActionCreate:t_p_fields\",\"toPort\":\"source:RMSActionCreate:platform:\",\"visible\":true,\"common\":false},{\"from\":\"target\",\"to\":\"target:t_p_parameters\",\"fromPort\":\"target\",\"toPort\":\"target:t_p_parameters\",\"visible\":true,\"common\":false},{\"from\":\"target:t_p_parameters\",\"to\":\"target:action_type:\",\"fromPort\":\"target:t_p_parameters\",\"toPort\":\"target:action_type:\",\"visible\":true,\"common\":false},{\"from\":\"target:t_p_parameters\",\"to\":\"target:app_action_id:\",\"fromPort\":\"target:t_p_parameters\",\"toPort\":\"target:app_action_id:\",\"visible\":true,\"common\":false},{\"from\":\"target:t_p_parameters\",\"to\":\"target:app_session_id:\",\"fromPort\":\"target:t_p_parameters\",\"toPort\":\"target:app_session_id:\",\"visible\":true,\"common\":false},{\"from\":\"target:t_p_parameters\",\"to\":\"target:app_user_id:\",\"fromPort\":\"target:t_p_parameters\",\"toPort\":\"target:app_user_id:\",\"visible\":true,\"common\":false},{\"from\":\"target:t_p_parameters\",\"to\":\"target:application_id:\",\"fromPort\":\"target:t_p_parameters\",\"toPort\":\"target:application_id:\",\"visible\":true,\"common\":false},{\"from\":\"target:t_p_parameters\",\"to\":\"target:channel_id:\",\"fromPort\":\"target:t_p_parameters\",\"toPort\":\"target:channel_id:\",\"visible\":true,\"common\":false},{\"from\":\"target:t_p_parameters\",\"to\":\"target:client_ip:\",\"fromPort\":\"target:t_p_parameters\",\"toPort\":\"target:client_ip:\",\"visible\":true,\"common\":false},{\"from\":\"target:t_p_parameters\",\"to\":\"target:environment_id:\",\"fromPort\":\"target:t_p_parameters\",\"toPort\":\"target:environment_id:\",\"visible\":true,\"common\":false},{\"from\":\"target:t_p_parameters\",\"to\":\"target:platform:\",\"fromPort\":\"target:t_p_parameters\",\"toPort\":\"target:platform:\",\"visible\":true,\"common\":false},{\"from\":\"target:t_p_parameters\",\"to\":\"target:tm_device_tag:\",\"fromPort\":\"target:t_p_parameters\",\"toPort\":\"target:tm_device_tag:\",\"visible\":true,\"common\":false},{\"from\":\"target:t_p_parameters\",\"to\":\"target:tm_session_sid:\",\"fromPort\":\"target:t_p_parameters\",\"toPort\":\"target:tm_session_sid:\",\"visible\":true,\"common\":false},{\"category\":\"Mapping\",\"visible\":true,\"from\":\"source:RMSActionCreate:platform:\",\"to\":\"target:platform:\",\"fromPort\":\"source:RMSActionCreate:platform:\",\"toPort\":\"target:platform:\"}],\"blockCount\":{\"variableCount\":0},\"variableMap\":{},\"xmlMappingOverride\":false}",
      "oVisualMappingData" : "{\"nodeDataArray\":[{\"isGroup\":true,\"key\":\"response_out\",\"text\":\"RMSActionCreate\",\"xy\":\"770 100\"},{\"isGroup\":true,\"key\":\"response_in\",\"text\":\"RMSThreatMarkAPI (1.0).actionCreate\",\"xy\":\"150 100\"}],\"linkDataArray\":[{\"category\":\"Mapping\",\"from\":\"source:risk:\",\"to\":\"target:RMSActionCreate:risk:\",\"fromPort\":\"source:risk:\",\"toPort\":\"target:RMSActionCreate:risk:\",\"visible\":true,\"common\":true},{\"category\":\"Mapping\",\"from\":\"source:tags:\",\"to\":\"target:RMSActionCreate:tags:\",\"fromPort\":\"source:tags:\",\"toPort\":\"target:RMSActionCreate:tags:\",\"visible\":true,\"common\":true},{\"category\":\"Mapping\",\"from\":\"source:error_code:\",\"to\":\"target:RMSActionCreate:error_code:\",\"fromPort\":\"source:error_code:\",\"toPort\":\"target:RMSActionCreate:error_code:\",\"visible\":true,\"common\":true},{\"category\":\"Mapping\",\"from\":\"source:currentThreat:\",\"to\":\"target:RMSActionCreate:currentThreat:\",\"fromPort\":\"source:currentThreat:\",\"toPort\":\"target:RMSActionCreate:currentThreat:\",\"visible\":true,\"common\":true},{\"category\":\"Mapping\",\"from\":\"source:tm_action_id:\",\"to\":\"target:RMSActionCreate:tm_action_id:\",\"fromPort\":\"source:tm_action_id:\",\"toPort\":\"target:RMSActionCreate:tm_action_id:\",\"visible\":true,\"common\":true},{\"category\":\"Mapping\",\"visible\":true,\"from\":\"source:app_action_id:\",\"to\":\"target:RMSActionCreate:app_action_id:\",\"fromPort\":\"source:app_action_id:\",\"toPort\":\"target:RMSActionCreate:app_action_id:\"}],\"blockCount\":{\"variableCount\":0},\"variableMap\":{},\"xmlMappingOverride\":false}",
      "requestXmlMappingOverride" : false,
      "responseXmlMappingOverride" : false,
      "disabled" : false,
      "applyCommonMapping" : false,
      "applyRequestCommonMapping" : false,
      "applyResponseCommonMapping" : false
    } ]
  },
  "enableFrontendUrl" : false,
  "customVerb" : false
}