{
  "version" : "1.0",
  "intSvcs" : [ {
    "name" : "ActivationCodeService",
    "version" : "2.0",
    "etag" : "b8e57ff7-a463-4ddb-9a12-ffe0a52c7f7f"
  }, {
    "name" : "ClientAuthIdentityWrapper",
    "version" : "1.0",
    "etag" : "4024f1d0-9db0-4d40-81f3-5177755d3142"
  }, {
    "name" : "ClientIdentityWrapperInternal",
    "version" : "1.0",
    "etag" : "9cfabb88-dd66-4efa-9804-834600a42f77"
  }, {
    "name" : "CustomFactorValidation",
    "version" : "1.0",
    "etag" : "a4f9258e-3e13-4dd2-8aa2-1b95df3eb5c1"
  }, {
    "name" : "CustomMFASelector",
    "version" : "1.0",
    "etag" : "02422288-5d19-4bd3-a10e-374155df2a4b"
  }, {
    "name" : "DependencyManager",
    "version" : "1.0",
    "etag" : "95a4bed2-4030-41cb-9fbb-ef72d5127581"
  }, {
    "name" : "DeviceProvisionJava",
    "version" : "1.0",
    "etag" : "5973dc01-2629-46c4-92e3-b18de37c5bc1"
  }, {
    "name" : "GetClientIp",
    "version" : "1.0",
    "etag" : "863a6efd-cd1d-4ac3-b8c3-848c156fc6af"
  }, {
    "name" : "HIDApproveInitiation",
    "version" : "1.0",
    "etag" : "e178e294-cb99-4f71-825e-cc7fa01742f8"
  }, {
    "name" : "HIDPollConsensus",
    "version" : "1.0",
    "etag" : "6a133e21-7cd6-4e79-a6cc-63accc2a31d4"
  }, {
    "name" : "HIDRMS",
    "version" : "1.0",
    "etag" : "6d324224-38c0-49f9-862f-a3792e9c7b34"
  }, {
    "name" : "OTPAuthServices",
    "version" : "1.0",
    "etag" : "69d397b3-4612-4f7f-8a9a-3dedfe7f7b60"
  }, {
    "name" : "OTPServices",
    "version" : "1.0",
    "etag" : "d22ff0a9-5f2c-4b9c-90c0-f34250f0c963"
  }, {
    "name" : "PasswordAuthServices",
    "version" : "1.0",
    "etag" : "deaa64c0-bf16-4a0a-b039-566264a5b901"
  }, {
    "name" : "RMSThreatMarkAPI",
    "version" : "1.0",
    "etag" : "863925ee-aef6-49b4-9edf-832ac149c66d"
  }, {
    "name" : "ScimAPIs",
    "version" : "1.0",
    "etag" : "d52ab803-e1d2-41f5-8f89-8182cd7bfc8c"
  }, {
    "name" : "ScimAPIsOrg",
    "version" : "1.0",
    "etag" : "0ef3ee7b-15a4-403c-81c4-7fed0d00ced3"
  }, {
    "name" : "SearchServices",
    "version" : "1.0",
    "etag" : "1cd313c6-1bbc-43c2-aaf5-f00c5fd92389"
  }, {
    "name" : "SoftTokenValidation",
    "version" : "1.0",
    "etag" : "68c53e3d-e10a-403f-a0e3-5e95993b56aa"
  }, {
    "name" : "TransactionAuthServices",
    "version" : "1.0",
    "etag" : "4a41ee4a-9f11-4ee4-98c2-1477f624b20d"
  }, {
    "name" : "UserIdentityAttributes",
    "version" : "1.0",
    "etag" : "230e3768-1c63-4ae8-8021-5645937c74d8"
  } ],
  "orchSvcs" : [ {
    "name" : "ScimApisOrch",
    "version" : "1.0",
    "etag" : "30775233-8cf5-4e7e-a697-ccb2643e4078"
  }, {
    "name" : "SearchPushDevicesOrch",
    "version" : "1.0",
    "etag" : "2bf28251-ac0f-46a5-b7d7-e9cf10082119"
  }, {
    "name" : "SearchHardwareDevice",
    "version" : "1.0",
    "etag" : "8a4450ad-f927-42d2-b254-564da3fd3220"
  }, {
    "name" : "PushDeviceRegistrationOrch",
    "version" : "2.0",
    "etag" : "454bc05e-269b-4414-afb9-247bb72c46db"
  }, {
    "name" : "SearchDevices",
    "version" : "1.0",
    "etag" : "c7c23be1-31fe-428c-ad68-4a7df5404676"
  }, {
    "name" : "LoginValidation",
    "version" : "1.0",
    "etag" : "285f3002-6198-420a-bd01-22e12292fd3e"
  }, {
    "name" : "SearchAndAddHWDevice",
    "version" : "1.0",
    "etag" : "da2460de-7e19-49f1-8f35-f38d72d0d17f"
  }, {
    "name" : "AssignDevice",
    "version" : "1.0",
    "etag" : "8aa36d54-391c-4e76-802b-3c5b62689796"
  }, {
    "name" : "OnbaordingValidation",
    "version" : "2.0",
    "etag" : "058e5084-3f94-40e2-b35e-0c3b635d870c"
  } ],
  "objectSvcs" : [ {
    "name" : "HIDAuthService",
    "version" : "1.0",
    "etag" : "e25afe72-c96e-476e-bf01-2270af083b27"
  }, {
    "name" : "HIDObjects",
    "version" : "1.0",
    "etag" : "a1ab7faf-8eaa-417b-a091-44aae9451fd0"
  }, {
    "name" : "HIDRMSService",
    "version" : "1.0",
    "etag" : "46e8029b-3ef3-40c3-b0bd-c0d733d773ca"
  } ],
  "identity" : [ "ClientIdentity", "customHIDLogin", "OrgAdminScim" ]
}