{
  "version" : "1.0",
  "intSvcs" : [ {
    "name" : "Authenticator",
    "version" : "1.0",
    "etag" : "2bc6ef39-8679-42bd-abc6-98b3f2bf896f"
  }, {
    "name" : "ClientAuthIdentityWrapper",
    "version" : "1.0",
    "etag" : "08820ef0-6a8b-498e-a7a2-b3a4c90bdf45"
  }, {
    "name" : "ClientIdentityWrapperInternal",
    "version" : "1.0",
    "etag" : "81954033-53b4-4edf-b0aa-92fe2b4af576"
  }, {
    "name" : "CustomFactorValidation",
    "version" : "1.0",
    "etag" : "992d5f95-6951-41b1-a973-b2100c7872b4"
  }, {
    "name" : "CustomMFASelector",
    "version" : "1.0",
    "etag" : "3ea437b0-e374-4348-a700-d59cecf03f1e"
  }, {
    "name" : "DependencyManager",
    "version" : "1.0",
    "etag" : "95a4bed2-4030-41cb-9fbb-ef72d5127581"
  }, {
    "name" : "DeviceProvisionJava",
    "version" : "1.0",
    "etag" : "c9d6c162-69c3-4f12-84e9-881bc4b6e31d"
  }, {
    "name" : "HIDApproveInitiation",
    "version" : "1.0",
    "etag" : "3f5737de-3f7e-4acf-ac8f-f85e4f47a9a3"
  }, {
    "name" : "HIDPollConsensus",
    "version" : "1.0",
    "etag" : "14c31e5b-7e06-4dff-a373-1c8efd7e3575"
  }, {
    "name" : "HIDPollConsensusWrapper",
    "version" : "1.0",
    "etag" : "3c789de5-483f-41d0-8bac-a38a68efdfb8"
  }, {
    "name" : "OTPAuthServices",
    "version" : "1.0",
    "etag" : "4a1eb2e6-05af-4a2f-8c46-5d73d3774544"
  }, {
    "name" : "PasswordAuthServices",
    "version" : "1.0",
    "etag" : "deaa64c0-bf16-4a0a-b039-566264a5b901"
  }, {
    "name" : "ScimAPIs",
    "version" : "1.0",
    "etag" : "ced1dd2b-7933-4810-bc8c-110aa0d84d13"
  }, {
    "name" : "ScimAPIsOrg",
    "version" : "1.0",
    "etag" : "babf5747-4e67-4052-b01e-c6f9f7b22b69"
  }, {
    "name" : "SearchServices",
    "version" : "1.0",
    "etag" : "63b20783-accb-4584-9f51-a000b6b2cfed"
  }, {
    "name" : "SendOTPService",
    "version" : "1.0",
    "etag" : "a87b1bb8-53a5-4202-863a-9fdb99515b76"
  }, {
    "name" : "SMSAuthService",
    "version" : "1.0",
    "etag" : "4cc656be-b800-4d3b-be60-c7c3b2615b34"
  }, {
    "name" : "UserIdentityAttributes",
    "version" : "1.0",
    "etag" : "230e3768-1c63-4ae8-8021-5645937c74d8"
  }, {
    "name" : "UserScimAPIs",
    "version" : "1.0",
    "etag" : "03e6647c-5cca-4526-b1df-b9b4d4040919"
  } ],
  "orchSvcs" : [ {
    "name" : "SendOOBSms",
    "version" : "1.0",
    "etag" : "b05a6075-60a9-4e9d-941c-934c24885f4c"
  }, {
    "name" : "SearchPushDevicesOrch",
    "version" : "1.0",
    "etag" : "2bf28251-ac0f-46a5-b7d7-e9cf10082119"
  }, {
    "name" : "LoginValidation",
    "version" : "1.0",
    "etag" : "d8d50b93-ffb7-4c03-b0f7-6075b4277085"
  } ],
  "objectSvcs" : [ {
    "name" : "HIDAuthService",
    "version" : "1.0",
    "etag" : "a8a75e05-1f3b-4f31-905b-7393bbfecf00"
  } ],
  "identity" : [ "ClientIdentity", "customHIDLogin" ]
}