{
  "version" : "1.0",
  "intSvcs" : [ {
    "name" : "ClientAuthIdentityWrapper",
    "version" : "1.0",
    "etag" : "385d5ccd-bdd8-43d6-8b1f-1351b28a6f21"
  }, {
    "name" : "CustomFactorValidation",
    "version" : "1.0",
    "etag" : "a4f9258e-3e13-4dd2-8aa2-1b95df3eb5c1"
  }, {
    "name" : "DependencyManager",
    "version" : "1.0",
    "etag" : "95a4bed2-4030-41cb-9fbb-ef72d5127581"
  }, {
    "name" : "FIDO",
    "version" : "1.0",
    "etag" : "b7ad35e2-ebcb-4204-a030-4f18bfa4c805"
  }, {
    "name" : "GetClientIp",
    "version" : "1.0",
    "etag" : "863a6efd-cd1d-4ac3-b8c3-848c156fc6af"
  }, {
    "name" : "GetScanToApproveQrData",
    "version" : "1.0",
    "etag" : "951ed04f-89a4-42e8-aca1-d5e16f34df9d"
  }, {
    "name" : "HIDApproveInitiation",
    "version" : "1.0",
    "etag" : "c6b0d8e0-c4d4-4cca-8b4c-ee487ec4beca"
  }, {
    "name" : "HIDIdentityService",
    "version" : "1.0",
    "etag" : "9a5e2fc9-1731-498f-937d-72ce6a960cc4"
  }, {
    "name" : "HIDPollConsensus",
    "version" : "1.0",
    "etag" : "dca76ca1-1142-40f1-ac93-ca346c06aa3d"
  }, {
    "name" : "HIDRMS",
    "version" : "1.0",
    "etag" : "77f4b32d-3ee8-4d98-8136-12f7b26e8bae"
  }, {
    "name" : "HIDRMSAndroid",
    "version" : "1.0",
    "etag" : "f515ccb2-cf71-430f-9613-b5ad2a2ddb68"
  }, {
    "name" : "HIDRMSIOS",
    "version" : "1.0",
    "etag" : "df2b009e-5df7-44b1-b7b2-b364a1bd6920"
  }, {
    "name" : "OTPAuthServices",
    "version" : "1.0",
    "etag" : "1ff43d00-2171-4b22-939f-e8061a1d3dac"
  }, {
    "name" : "OTPServices",
    "version" : "1.0",
    "etag" : "13362964-4151-4a6b-9ea6-c3f18b9f01ac"
  }, {
    "name" : "PasswordAuthServices",
    "version" : "1.0",
    "etag" : "f35965d4-b7d3-42cb-a47d-38f1382f7f22"
  }, {
    "name" : "PushedAuthorizationRequest",
    "version" : "1.0",
    "etag" : "52063083-b38e-4d09-adfc-cefa55d2187f"
  }, {
    "name" : "RMSThreatMarkAPI",
    "version" : "1.0",
    "etag" : "15975e04-2b47-4966-aab0-b9c048909307"
  }, {
    "name" : "SearchServices",
    "version" : "1.0",
    "etag" : "f0b04fad-78af-489d-ae4c-e118277a980a"
  }, {
    "name" : "SoftTokenValidation",
    "version" : "1.0",
    "etag" : "68c53e3d-e10a-403f-a0e3-5e95993b56aa"
  } ],
  "orchSvcs" : [ {
    "name" : "SearchPushDevicesOrch",
    "version" : "1.0",
    "etag" : "8932e9e3-21ce-4c53-96a6-044e095f4c1c"
  }, {
    "name" : "FIDOOrch",
    "version" : "1.0",
    "etag" : "97320eb2-c5e6-4458-afe5-cd1464644d86"
  } ],
  "objectSvcs" : [ {
    "name" : "HIDAuthService",
    "version" : "1.0",
    "etag" : "e95b0816-e4f7-43a3-8bb1-3f217a4baa62"
  }, {
    "name" : "HIDRMSService",
    "version" : "1.0",
    "etag" : "46e8029b-3ef3-40c3-b0bd-c0d733d773ca"
  } ],
  "identity" : [ "ClientIdentity", "customHIDLogin", "OrgAdminScim" ]
}