{
  "version" : "1.0",
  "intSvcs" : [ {
    "name" : "ClientAuthIdentityWrapper",
    "version" : "1.0",
    "etag" : "6e8bdb10-6051-46f8-9fc2-e76c5eb6dc5d"
  }, {
    "name" : "DependencyManager",
    "version" : "1.0",
    "etag" : "95a4bed2-4030-41cb-9fbb-ef72d5127581"
  }, {
    "name" : "FIDO",
    "version" : "1.0",
    "etag" : "476cf464-7acc-44ee-bf75-cf8632d8a1a4"
  }, {
    "name" : "GetClientIp",
    "version" : "1.0",
    "etag" : "863a6efd-cd1d-4ac3-b8c3-848c156fc6af"
  }, {
    "name" : "GetScanToApproveQrData",
    "version" : "1.0",
    "etag" : "fee2fe48-7bb7-4053-9b7b-da634db7c89b"
  }, {
    "name" : "HIDApproveInitiation",
    "version" : "1.0",
    "etag" : "e73d9579-c769-4aad-9692-7307d22fb8fe"
  }, {
    "name" : "HIDIdentityService",
    "version" : "1.0",
    "etag" : "015ce77c-93bd-4229-ab33-d48e839c0cd2"
  }, {
    "name" : "HIDPollConsensus",
    "version" : "1.0",
    "etag" : "dca76ca1-1142-40f1-ac93-ca346c06aa3d"
  }, {
    "name" : "HIDRMS",
    "version" : "1.0",
    "etag" : "77f4b32d-3ee8-4d98-8136-12f7b26e8bae"
  }, {
    "name" : "OTPAuthServices",
    "version" : "1.0",
    "etag" : "00a78346-f483-4aaf-8382-b9786b5d1963"
  }, {
    "name" : "OTPServices",
    "version" : "1.0",
    "etag" : "c454d284-15d1-49f8-989f-dbbd849c226a"
  }, {
    "name" : "PasswordAuthServices",
    "version" : "1.0",
    "etag" : "8e334989-b45c-4a8e-8878-b2714ecf48c2"
  }, {
    "name" : "PushedAuthorizationRequest",
    "version" : "1.0",
    "etag" : "949c45a0-71c8-416b-ac4a-bf28d829745a"
  }, {
    "name" : "RMSThreatMarkAPI",
    "version" : "1.0",
    "etag" : "15975e04-2b47-4966-aab0-b9c048909307"
  }, {
    "name" : "SearchServices",
    "version" : "1.0",
    "etag" : "28a70b33-8200-4393-a36b-68fae056e606"
  }, {
    "name" : "SoftTokenValidation",
    "version" : "1.0",
    "etag" : "68c53e3d-e10a-403f-a0e3-5e95993b56aa"
  } ],
  "orchSvcs" : [ {
    "name" : "SearchPushDevicesOrch",
    "version" : "1.0",
    "etag" : "42e67ff5-7a48-4440-b582-61980250af18"
  }, {
    "name" : "FIDOOrch",
    "version" : "1.0",
    "etag" : "c5a647ee-c80f-4db4-9641-6f1ceb60f6cc"
  } ],
  "objectSvcs" : [ {
    "name" : "HIDAuthService",
    "version" : "1.0",
    "etag" : "63a57446-83b6-4ebc-936c-8e41fa68b070"
  }, {
    "name" : "HIDRMSService",
    "version" : "1.0",
    "etag" : "a9a82a5d-28b4-4b19-a026-e3cb105c0122"
  } ],
  "identity" : [ "ClientIdentity", "customHIDLogin" ]
}